seg. ago. 17 17:13:48 2026 1786997628531 Debug: main.cpp int main(int, char **) "version " "2.21.6"
seg. ago. 17 17:13:48 2026 1786997628534 Debug: main.cpp int main(int, char **) "QZ fork release" "2.21.6-qz.1"
seg. ago. 17 17:13:48 2026 1786997628536 Debug: main.cpp int main(int, char **) "QZ build" "29415ea" "Qt" 5.15.0 "on" "Android  (16.0)"
seg. ago. 17 17:13:48 2026 1786997628537 Debug: androidqlog.cpp void Java_org_cagnulen_qdomyoszwift_QLog_sendToQt(JNIEnv *, jclass, jint, jstring, jstring) [VERBOSE: "WearableMessageListenerService" ] "onConnectionFailed"
seg. ago. 17 17:13:48 2026 1786997628544 Debug: main.cpp int main(int, char **) "age" QVariant(QString, "35")
seg. ago. 17 17:13:48 2026 1786997628552 Debug: main.cpp int main(int, char **) "android_antbike" QVariant(QString, "false")
seg. ago. 17 17:13:48 2026 1786997628553 Debug: main.cpp int main(int, char **) "android_documents_folder" QVariant(QString, "true")
seg. ago. 17 17:13:48 2026 1786997628555 Debug: main.cpp int main(int, char **) "android_notification" QVariant(QString, "false")
seg. ago. 17 17:13:48 2026 1786997628557 Debug: main.cpp int main(int, char **) "android_wakelock" QVariant(QString, "true")
seg. ago. 17 17:13:48 2026 1786997628559 Debug: main.cpp int main(int, char **) "ant_bike_device_number" QVariant(QString, "0")
seg. ago. 17 17:13:48 2026 1786997628565 Debug: main.cpp int main(int, char **) "ant_cadence" QVariant(QString, "false")
seg. ago. 17 17:13:48 2026 1786997628566 Debug: main.cpp int main(int, char **) "ant_garmin" QVariant(QString, "false")
seg. ago. 17 17:13:48 2026 1786997628568 Debug: main.cpp int main(int, char **) "ant_heart" QVariant(QString, "false")
seg. ago. 17 17:13:48 2026 1786997628569 Debug: main.cpp int main(int, char **) "ant_heart_device_number" QVariant(QString, "0")
seg. ago. 17 17:13:48 2026 1786997628572 Debug: main.cpp int main(int, char **) "ant_speed_gain" QVariant(QString, "1")
seg. ago. 17 17:13:48 2026 1786997628574 Debug: main.cpp int main(int, char **) "ant_speed_offset" QVariant(QString, "0")
seg. ago. 17 17:13:48 2026 1786997628575 Debug: main.cpp int main(int, char **) "antbike" QVariant(QString, "false")
seg. ago. 17 17:13:48 2026 1786997628577 Debug: main.cpp int main(int, char **) "app_language" QVariant(QString, "auto")
seg. ago. 17 17:13:48 2026 1786997628579 Debug: main.cpp int main(int, char **) "app_opening" QVariant(QString, "4")
seg. ago. 17 17:13:48 2026 1786997628581 Debug: main.cpp int main(int, char **) "applewatch_as_treadmill_speed" QVariant(QString, "false")
seg. ago. 17 17:13:48 2026 1786997628584 Debug: main.cpp int main(int, char **) "applewatch_fakedevice" QVariant(QString, "false")
seg. ago. 17 17:13:48 2026 1786997628586 Debug: main.cpp int main(int, char **) "asviva_bike" QVariant(QString, "false")
seg. ago. 17 17:13:48 2026 1786997628587 Debug: main.cpp int main(int, char **) "atletica_lightspeed_treadmill" QVariant(QString, "false")
seg. ago. 17 17:13:48 2026 1786997628588 Debug: main.cpp int main(int, char **) "autolap_distance" QVariant(QString, "0")
seg. ago. 17 17:13:48 2026 1786997628590 Debug: main.cpp int main(int, char **) "automatic_virtual_shifting_climb_gear_down_cadence" QVariant(QString, "65")
seg. ago. 17 17:13:48 2026 1786997628592 Debug: main.cpp int main(int, char **) "automatic_virtual_shifting_climb_gear_down_time" QVariant(QString, "2")
seg. ago. 17 17:13:48 2026 1786997628593 Debug: main.cpp int main(int, char **) "automatic_virtual_shifting_climb_gear_up_cadence" QVariant(QString, "95")
seg. ago. 17 17:13:48 2026 1786997628597 Debug: main.cpp int main(int, char **) "automatic_virtual_shifting_climb_gear_up_time" QVariant(QString, "2")
seg. ago. 17 17:13:48 2026 1786997628597 Debug: main.cpp int main(int, char **) "automatic_virtual_shifting_enabled" QVariant(QString, "false")
seg. ago. 17 17:13:48 2026 1786997628599 Debug: main.cpp int main(int, char **) "automatic_virtual_shifting_gear_down_cadence" QVariant(QString, "65")
seg. ago. 17 17:13:48 2026 1786997628603 Debug: main.cpp int main(int, char **) "automatic_virtual_shifting_gear_down_time" QVariant(QString, "2")
seg. ago. 17 17:13:48 2026 1786997628610 Debug: main.cpp int main(int, char **) "automatic_virtual_shifting_gear_up_cadence" QVariant(QString, "95")
seg. ago. 17 17:13:48 2026 1786997628615 Debug: main.cpp int main(int, char **) "automatic_virtual_shifting_gear_up_time" QVariant(QString, "2")
seg. ago. 17 17:13:48 2026 1786997628616 Debug: main.cpp int main(int, char **) "automatic_virtual_shifting_profile" QVariant(QString, "0")
seg. ago. 17 17:13:48 2026 1786997628617 Debug: main.cpp int main(int, char **) "automatic_virtual_shifting_sprint_gear_down_cadence" QVariant(QString, "65")
seg. ago. 17 17:13:48 2026 1786997628618 Debug: main.cpp int main(int, char **) "automatic_virtual_shifting_sprint_gear_down_time" QVariant(QString, "2")
seg. ago. 17 17:13:48 2026 1786997628619 Debug: main.cpp int main(int, char **) "automatic_virtual_shifting_sprint_gear_up_cadence" QVariant(QString, "95")
seg. ago. 17 17:13:48 2026 1786997628620 Debug: main.cpp int main(int, char **) "automatic_virtual_shifting_sprint_gear_up_time" QVariant(QString, "2")
seg. ago. 17 17:13:48 2026 1786997628627 Debug: main.cpp int main(int, char **) "battery_service" QVariant(QString, "false")
seg. ago. 17 17:13:48 2026 1786997628637 Debug: main.cpp int main(int, char **) "bh_spada_2" QVariant(QString, "false")
seg. ago. 17 17:13:48 2026 1786997628638 Debug: main.cpp int main(int, char **) "bh_spada_2_watt" QVariant(QString, "false")
seg. ago. 17 17:13:48 2026 1786997628639 Debug: main.cpp int main(int, char **) "bike_cadence_sensor" QVariant(QString, "false")
seg. ago. 17 17:13:48 2026 1786997628640 Debug: main.cpp int main(int, char **) "bike_heartrate_service" QVariant(QString, "false")
seg. ago. 17 17:13:48 2026 1786997628640 Debug: main.cpp int main(int, char **) "bike_power_offset" QVariant(QString, "0")
seg. ago. 17 17:13:48 2026 1786997628641 Debug: main.cpp int main(int, char **) "bike_power_sensor" QVariant(QString, "false")
seg. ago. 17 17:13:48 2026 1786997628641 Debug: main.cpp int main(int, char **) "bike_resistance_gain_f" QVariant(QString, "1")
seg. ago. 17 17:13:48 2026 1786997628642 Debug: main.cpp int main(int, char **) "bike_resistance_offset" QVariant(QString, "4")
seg. ago. 17 17:13:48 2026 1786997628643 Debug: main.cpp int main(int, char **) "bike_resistance_start" QVariant(QString, "1")
seg. ago. 17 17:13:48 2026 1786997628644 Debug: main.cpp int main(int, char **) "bike_weight" QVariant(QString, "0")
seg. ago. 17 17:13:48 2026 1786997628645 Debug: main.cpp int main(int, char **) "bluetooth_30m_hangs" QVariant(QString, "false")
seg. ago. 17 17:13:48 2026 1786997628646 Debug: main.cpp int main(int, char **) "bluetooth_relaxed" QVariant(QString, "false")
seg. ago. 17 17:13:48 2026 1786997628647 Debug: main.cpp int main(int, char **) "cadence_gain" QVariant(QString, "1")
seg. ago. 17 17:13:48 2026 1786997628647 Debug: main.cpp int main(int, char **) "cadence_offset" QVariant(QString, "0")
seg. ago. 17 17:13:48 2026 1786997628648 Debug: main.cpp int main(int, char **) "cadence_sensor_as_bike" QVariant(QString, "false")
seg. ago. 17 17:13:48 2026 1786997628650 Debug: main.cpp int main(int, char **) "cadence_sensor_as_treadmill" QVariant(QString, "false")
seg. ago. 17 17:13:48 2026 1786997628651 Debug: main.cpp int main(int, char **) "cadence_sensor_name" QVariant(QString, "Disabled")
seg. ago. 17 17:13:48 2026 1786997628654 Debug: main.cpp int main(int, char **) "cadence_sensor_speed_ratio" QVariant(QString, "0.33")
seg. ago. 17 17:13:48 2026 1786997628654 Debug: main.cpp int main(int, char **) "calories_active_only" QVariant(QString, "false")
seg. ago. 17 17:13:48 2026 1786997628656 Debug: main.cpp int main(int, char **) "calories_from_hr" QVariant(QString, "false")
seg. ago. 17 17:13:48 2026 1786997628657 Debug: main.cpp int main(int, char **) "chart_display_mode" QVariant(QString, "0")
seg. ago. 17 17:13:48 2026 1786997628660 Debug: main.cpp int main(int, char **) "computrainer_serialport" QVariant(QString, "")
seg. ago. 17 17:13:48 2026 1786997628660 Debug: main.cpp int main(int, char **) "confirm_stop_workout" QVariant(QString, "false")
seg. ago. 17 17:13:48 2026 1786997628661 Debug: main.cpp int main(int, char **) "continuous_moving" QVariant(QString, "false")
seg. ago. 17 17:13:48 2026 1786997628664 Debug: main.cpp int main(int, char **) "crrGain" QVariant(QString, "0")
seg. ago. 17 17:13:48 2026 1786997628667 Debug: main.cpp int main(int, char **) "csafe_elliptical_port" QVariant(QString, "")
seg. ago. 17 17:13:48 2026 1786997628668 Debug: main.cpp int main(int, char **) "csafe_rower" QVariant(QString, "")
seg. ago. 17 17:13:48 2026 1786997628668 Debug: main.cpp int main(int, char **) "cscbike_custom_resistance_level_1" QVariant(QString, "1")
seg. ago. 17 17:13:48 2026 1786997628669 Debug: main.cpp int main(int, char **) "cscbike_custom_resistance_level_2" QVariant(QString, "15")
seg. ago. 17 17:13:48 2026 1786997628674 Debug: main.cpp int main(int, char **) "cscbike_custom_resistance_power_table" QVariant(QString, "false")
seg. ago. 17 17:13:48 2026 1786997628678 Debug: main.cpp int main(int, char **) "cscbike_custom_watt_1" QVariant(QString, "100")
seg. ago. 17 17:13:48 2026 1786997628679 Debug: main.cpp int main(int, char **) "cscbike_custom_watt_2" QVariant(QString, "300")
seg. ago. 17 17:13:48 2026 1786997628679 Debug: main.cpp int main(int, char **) "cwGain" QVariant(QString, "0")
seg. ago. 17 17:13:48 2026 1786997628680 Debug: main.cpp int main(int, char **) "cycplus_bc2_controller" QVariant(QString, "false")
seg. ago. 17 17:13:48 2026 1786997628681 Debug: main.cpp int main(int, char **) "dircon_id" QVariant(QString, "0")
seg. ago. 17 17:13:48 2026 1786997628682 Debug: main.cpp int main(int, char **) "dircon_server_base_port" QVariant(QString, "36866")
seg. ago. 17 17:13:48 2026 1786997628684 Debug: main.cpp int main(int, char **) "dircon_yes" QVariant(QString, "true")
seg. ago. 17 17:13:48 2026 1786997628685 Debug: main.cpp int main(int, char **) "dkn_endurun_treadmill" QVariant(QString, "false")
seg. ago. 17 17:13:48 2026 1786997628686 Debug: main.cpp int main(int, char **) "domyos_bike_500_profile_v1" QVariant(QString, "false")
seg. ago. 17 17:13:48 2026 1786997628687 Debug: main.cpp int main(int, char **) "domyos_bike_500_profile_v2" QVariant(QString, "false")
seg. ago. 17 17:13:48 2026 1786997628688 Debug: main.cpp int main(int, char **) "domyos_bike_cadence_filter" QVariant(QString, "0")
seg. ago. 17 17:13:48 2026 1786997628688 Debug: main.cpp int main(int, char **) "domyos_bike_display_calories" QVariant(QString, "true")
seg. ago. 17 17:13:48 2026 1786997628690 Debug: main.cpp int main(int, char **) "domyos_elliptical_fmts" QVariant(QString, "false")
seg. ago. 17 17:13:48 2026 1786997628692 Debug: main.cpp int main(int, char **) "domyos_elliptical_inclination" QVariant(QString, "true")
seg. ago. 17 17:13:48 2026 1786997628694 Debug: main.cpp int main(int, char **) "domyos_elliptical_speed_ratio" QVariant(QString, "1")
seg. ago. 17 17:13:48 2026 1786997628699 Debug: main.cpp int main(int, char **) "domyos_run100e" QVariant(QString, "false")
seg. ago. 17 17:13:48 2026 1786997628702 Debug: main.cpp int main(int, char **) "domyos_treadmill_button_10kmh" QVariant(QString, "10")
seg. ago. 17 17:13:48 2026 1786997628703 Debug: main.cpp int main(int, char **) "domyos_treadmill_button_16kmh" QVariant(QString, "16")
seg. ago. 17 17:13:48 2026 1786997628703 Debug: main.cpp int main(int, char **) "domyos_treadmill_button_22kmh" QVariant(QString, "22")
seg. ago. 17 17:13:48 2026 1786997628704 Debug: main.cpp int main(int, char **) "domyos_treadmill_button_5kmh" QVariant(QString, "5")
seg. ago. 17 17:13:48 2026 1786997628705 Debug: main.cpp int main(int, char **) "domyos_treadmill_buttons" QVariant(QString, "false")
seg. ago. 17 17:13:48 2026 1786997628706 Debug: main.cpp int main(int, char **) "domyos_treadmill_display_invert" QVariant(QString, "false")
seg. ago. 17 17:13:48 2026 1786997628707 Debug: main.cpp int main(int, char **) "domyos_treadmill_distance_display" QVariant(QString, "true")
seg. ago. 17 17:13:48 2026 1786997628708 Debug: main.cpp int main(int, char **) "domyos_treadmill_sync_start" QVariant(QString, "false")
seg. ago. 17 17:13:48 2026 1786997628709 Debug: main.cpp int main(int, char **) "domyos_treadmill_t900a" QVariant(QString, "false")
seg. ago. 17 17:13:48 2026 1786997628709 Debug: main.cpp int main(int, char **) "domyos_treadmill_ts100" QVariant(QString, "false")
seg. ago. 17 17:13:48 2026 1786997628710 Debug: main.cpp int main(int, char **) "domyosbike_notfmts" QVariant(QString, "false")
seg. ago. 17 17:13:48 2026 1786997628711 Debug: main.cpp int main(int, char **) "domyostreadmill_notfmts" QVariant(QString, "false")
seg. ago. 17 17:13:48 2026 1786997628712 Debug: main.cpp int main(int, char **) "echelon_resistance_gain" QVariant(QString, "1")
seg. ago. 17 17:13:48 2026 1786997628712 Debug: main.cpp int main(int, char **) "echelon_resistance_offset" QVariant(QString, "0")
seg. ago. 17 17:13:48 2026 1786997628713 Debug: main.cpp int main(int, char **) "echelon_watttable" QVariant(QString, "Echelon")
seg. ago. 17 17:13:48 2026 1786997628714 Debug: main.cpp int main(int, char **) "elite_rizer_gain" QVariant(QString, "1")
seg. ago. 17 17:13:48 2026 1786997628714 Debug: main.cpp int main(int, char **) "elite_rizer_name" QVariant(QString, "Disabled")
seg. ago. 17 17:13:48 2026 1786997628715 Debug: main.cpp int main(int, char **) "elite_sterzo_smart_name" QVariant(QString, "Disabled")
seg. ago. 17 17:13:48 2026 1786997628715 Debug: main.cpp int main(int, char **) "enerfit_SPX_9500" QVariant(QString, "false")
seg. ago. 17 17:13:48 2026 1786997628716 Debug: main.cpp int main(int, char **) "ergDataPoints" QVariant(QString, "85|150|12")
seg. ago. 17 17:13:48 2026 1786997628716 Debug: main.cpp int main(int, char **) "eslinker_cadenza" QVariant(QString, "true")
seg. ago. 17 17:13:48 2026 1786997628717 Debug: main.cpp int main(int, char **) "eslinker_costaway" QVariant(QString, "false")
seg. ago. 17 17:13:48 2026 1786997628717 Debug: main.cpp int main(int, char **) "eslinker_ypoo" QVariant(QString, "false")
seg. ago. 17 17:13:48 2026 1786997628718 Debug: main.cpp int main(int, char **) "fakedevice_elliptical" QVariant(QString, "false")
seg. ago. 17 17:13:48 2026 1786997628719 Debug: main.cpp int main(int, char **) "fakedevice_rower" QVariant(QString, "false")
seg. ago. 17 17:13:48 2026 1786997628720 Debug: main.cpp int main(int, char **) "fakedevice_treadmill" QVariant(QString, "false")
seg. ago. 17 17:13:48 2026 1786997628720 Debug: main.cpp int main(int, char **) "filter_device" QVariant(QString, "Disabled")
seg. ago. 17 17:13:48 2026 1786997628721 Debug: main.cpp int main(int, char **) "fit_file_garmin_device_training_effect" QVariant(QString, "false")
seg. ago. 17 17:13:48 2026 1786997628722 Debug: main.cpp int main(int, char **) "fit_file_garmin_device_training_effect_device" QVariant(QString, "3122")
seg. ago. 17 17:13:48 2026 1786997628724 Debug: main.cpp int main(int, char **) "fitfiu_mc_v460" QVariant(QString, "false")
seg. ago. 17 17:13:48 2026 1786997628725 Debug: main.cpp int main(int, char **) "fitmetria_fanfit_enable" QVariant(QString, "false")
seg. ago. 17 17:13:48 2026 1786997628726 Debug: main.cpp int main(int, char **) "fitmetria_fanfit_max" QVariant(QString, "100")
seg. ago. 17 17:13:48 2026 1786997628726 Debug: main.cpp int main(int, char **) "fitmetria_fanfit_min" QVariant(QString, "0")
seg. ago. 17 17:13:48 2026 1786997628727 Debug: main.cpp int main(int, char **) "fitmetria_fanfit_mode" QVariant(QString, "Heart")
seg. ago. 17 17:13:48 2026 1786997628728 Debug: main.cpp int main(int, char **) "fitplus_bike" QVariant(QString, "false")
seg. ago. 17 17:13:48 2026 1786997628728 Debug: main.cpp int main(int, char **) "fitshow_anyrun" QVariant(QString, "false")
seg. ago. 17 17:13:48 2026 1786997628729 Debug: main.cpp int main(int, char **) "fitshow_treadmill_miles" QVariant(QString, "false")
seg. ago. 17 17:13:48 2026 1786997628729 Debug: main.cpp int main(int, char **) "fitshow_truetimer" QVariant(QString, "false")
seg. ago. 17 17:13:48 2026 1786997628730 Debug: main.cpp int main(int, char **) "fitshow_user_id" QVariant(QString, "5034")
seg. ago. 17 17:13:48 2026 1786997628730 Debug: main.cpp int main(int, char **) "floating_height" QVariant(QString, "210")
seg. ago. 17 17:13:48 2026 1786997628731 Debug: main.cpp int main(int, char **) "floating_startup" QVariant(QString, "false")
seg. ago. 17 17:13:48 2026 1786997628732 Debug: main.cpp int main(int, char **) "floating_transparency" QVariant(QString, "80")
seg. ago. 17 17:13:48 2026 1786997628733 Debug: main.cpp int main(int, char **) "floating_width" QVariant(QString, "370")
seg. ago. 17 17:13:48 2026 1786997628735 Debug: main.cpp int main(int, char **) "floatingwindow_type" QVariant(QString, "0")
seg. ago. 17 17:13:48 2026 1786997628736 Debug: main.cpp int main(int, char **) "flywheel_filter" QVariant(QString, "2")
seg. ago. 17 17:13:48 2026 1786997628737 Debug: main.cpp int main(int, char **) "flywheel_life_fitness_ic8" QVariant(QString, "false")
seg. ago. 17 17:13:48 2026 1786997628738 Debug: main.cpp int main(int, char **) "force_resistance_instead_inclination" QVariant(QString, "false")
seg. ago. 17 17:13:48 2026 1786997628739 Debug: main.cpp int main(int, char **) "freebeat_serialport" QVariant(QString, "")
seg. ago. 17 17:13:48 2026 1786997628739 Debug: main.cpp int main(int, char **) "freemotion_coachbike_b22_7" QVariant(QString, "false")
seg. ago. 17 17:13:48 2026 1786997628740 Debug: main.cpp int main(int, char **) "ftms_accessory_name" QVariant(QString, "Disabled")
seg. ago. 17 17:13:48 2026 1786997628741 Debug: main.cpp int main(int, char **) "ftms_bike" QVariant(QString, "Disabled")
seg. ago. 17 17:13:48 2026 1786997628742 Debug: main.cpp int main(int, char **) "ftms_elliptical" QVariant(QString, "Disabled")
seg. ago. 17 17:13:48 2026 1786997628744 Debug: main.cpp int main(int, char **) "ftms_rower" QVariant(QString, "Disabled")
seg. ago. 17 17:13:48 2026 1786997628744 Debug: main.cpp int main(int, char **) "ftms_treadmill" QVariant(QString, "Disabled")
seg. ago. 17 17:13:48 2026 1786997628745 Debug: main.cpp int main(int, char **) "ftp" QVariant(QString, "200")
seg. ago. 17 17:13:48 2026 1786997628747 Debug: main.cpp int main(int, char **) "ftp_run" QVariant(QString, "200")
seg. ago. 17 17:13:48 2026 1786997628747 Debug: main.cpp int main(int, char **) "fytter_ri08_bike" QVariant(QString, "false")
seg. ago. 17 17:13:48 2026 1786997628748 Debug: main.cpp int main(int, char **) "gamepad_enabled" QVariant(QString, "false")
seg. ago. 17 17:13:48 2026 1786997628749 Debug: main.cpp int main(int, char **) "gamepad_erg_mode" QVariant(QString, "y")
seg. ago. 17 17:13:48 2026 1786997628750 Debug: main.cpp int main(int, char **) "gamepad_gear_down" QVariant(QString, "rb,lb")
seg. ago. 17 17:13:48 2026 1786997628751 Debug: main.cpp int main(int, char **) "gamepad_gear_up" QVariant(QString, "rt,lt")
seg. ago. 17 17:13:48 2026 1786997628752 Debug: main.cpp int main(int, char **) "gamepad_repeat_delay" QVariant(QString, "400")
seg. ago. 17 17:13:48 2026 1786997628753 Debug: main.cpp int main(int, char **) "gamepad_repeat_rate" QVariant(QString, "150")
seg. ago. 17 17:13:48 2026 1786997628758 Debug: main.cpp int main(int, char **) "garmin_bluetooth_compatibility" QVariant(QString, "false")
seg. ago. 17 17:13:48 2026 1786997628759 Debug: main.cpp int main(int, char **) "garmin_companion" QVariant(QString, "false")
seg. ago. 17 17:13:48 2026 1786997628760 Debug: main.cpp int main(int, char **) "garmin_domain" QVariant(QString, "garmin.com")
seg. ago. 17 17:13:48 2026 1786997628760 Debug: main.cpp int main(int, char **) "garmin_download_workouts_on_start" QVariant(QString, "true")
seg. ago. 17 17:13:48 2026 1786997628762 Debug: main.cpp int main(int, char **) "garmin_expires_at" QVariant(QString, "0")
seg. ago. 17 17:13:48 2026 1786997628763 Debug: main.cpp int main(int, char **) "garmin_last_refresh" QVariant(QString, "")
seg. ago. 17 17:13:48 2026 1786997628765 Debug: main.cpp int main(int, char **) "garmin_last_seen_cycling_ftp_create_time" QVariant(QString, "")
seg. ago. 17 17:13:48 2026 1786997628767 Debug: main.cpp int main(int, char **) "garmin_last_seen_running_ftp_create_time" QVariant(QString, "")
seg. ago. 17 17:13:48 2026 1786997628769 Debug: main.cpp int main(int, char **) "garmin_upload_enabled" QVariant(QString, "false")
seg. ago. 17 17:13:48 2026 1786997628770 Debug: main.cpp int main(int, char **) "gear_circumference" QVariant(QString, "2070")
seg. ago. 17 17:13:48 2026 1786997628770 Debug: main.cpp int main(int, char **) "gear_cog_size" QVariant(QString, "14")
seg. ago. 17 17:13:48 2026 1786997628771 Debug: main.cpp int main(int, char **) "gear_configuration" QVariant(QString, "1|38|44|true\n2|38|38|true\n3|38|32|true\n4|38|28|true\n5|38|24|true\n6|38|21|true\n7|38|19|true\n8|38|17|true\n9|38|15|true\n10|38|13|true\n11|38|11|true\n12|38|10|true")
seg. ago. 17 17:13:48 2026 1786997628772 Debug: main.cpp int main(int, char **) "gear_crankset_size" QVariant(QString, "42")
seg. ago. 17 17:13:48 2026 1786997628773 Debug: main.cpp int main(int, char **) "gear_wheel_size" QVariant(QString, "700 x 18C")
seg. ago. 17 17:13:48 2026 1786997628774 Debug: main.cpp int main(int, char **) "gears_current_value" QVariant(QString, "0")
seg. ago. 17 17:13:48 2026 1786997628775 Debug: main.cpp int main(int, char **) "gears_current_value_f" QVariant(QString, "0")
seg. ago. 17 17:13:48 2026 1786997628776 Debug: main.cpp int main(int, char **) "gears_custom_table" QVariant(QString, "1|1\n2|2\n3|3\n4|4\n5|5\n6|6\n7|7\n8|8\n9|9\n10|10\n11|11\n12|12\n13|13\n14|14\n15|15\n16|16\n17|17\n18|18\n19|19\n20|20\n21|21\n22|22\n23|23\n24|24")
seg. ago. 17 17:13:48 2026 1786997628776 Debug: main.cpp int main(int, char **) "gears_custom_table_enabled" QVariant(QString, "false")
seg. ago. 17 17:13:48 2026 1786997628777 Debug: main.cpp int main(int, char **) "gears_from_bike" QVariant(QString, "false")
seg. ago. 17 17:13:48 2026 1786997628777 Debug: main.cpp int main(int, char **) "gears_gain" QVariant(QString, "1")
seg. ago. 17 17:13:48 2026 1786997628778 Debug: main.cpp int main(int, char **) "gears_neutral_gear" QVariant(QString, "0")
seg. ago. 17 17:13:48 2026 1786997628778 Debug: main.cpp int main(int, char **) "gears_offset" QVariant(QString, "0")
seg. ago. 17 17:13:48 2026 1786997628779 Debug: main.cpp int main(int, char **) "gears_restore_value" QVariant(QString, "false")
seg. ago. 17 17:13:48 2026 1786997628780 Debug: main.cpp int main(int, char **) "gears_volume_debouncing" QVariant(QString, "false")
seg. ago. 17 17:13:48 2026 1786997628780 Debug: main.cpp int main(int, char **) "gears_zwift_ratio" QVariant(QString, "false")
seg. ago. 17 17:13:48 2026 1786997628781 Debug: main.cpp int main(int, char **) "gem_module_inclination" QVariant(QString, "false")
seg. ago. 17 17:13:48 2026 1786997628782 Debug: main.cpp int main(int, char **) "gpx_loop" QVariant(QString, "false")
seg. ago. 17 17:13:48 2026 1786997628783 Debug: main.cpp int main(int, char **) "gym_mode" QVariant(QString, "false")
seg. ago. 17 17:13:48 2026 1786997628784 Debug: main.cpp int main(int, char **) "gymstick_gx6_0_elliptical" QVariant(QString, "false")
seg. ago. 17 17:13:48 2026 1786997628784 Debug: main.cpp int main(int, char **) "hammer_racer_s" QVariant(QString, "false")
seg. ago. 17 17:13:48 2026 1786997628785 Debug: main.cpp int main(int, char **) "heart_ignore_builtin" QVariant(QString, "false")
seg. ago. 17 17:13:48 2026 1786997628786 Debug: main.cpp int main(int, char **) "heart_max_override_enable" QVariant(QString, "false")
seg. ago. 17 17:13:48 2026 1786997628787 Debug: main.cpp int main(int, char **) "heart_max_override_value" QVariant(QString, "195")
seg. ago. 17 17:13:48 2026 1786997628788 Debug: main.cpp int main(int, char **) "heart_rate_belt_name" QVariant(QString, "Disabled")
seg. ago. 17 17:13:48 2026 1786997628790 Debug: main.cpp int main(int, char **) "heart_rate_resting" QVariant(QString, "60")
seg. ago. 17 17:13:48 2026 1786997628791 Debug: main.cpp int main(int, char **) "heart_rate_zone1" QVariant(QString, "70")
seg. ago. 17 17:13:48 2026 1786997628794 Debug: main.cpp int main(int, char **) "heart_rate_zone2" QVariant(QString, "80")
seg. ago. 17 17:13:48 2026 1786997628795 Debug: main.cpp int main(int, char **) "heart_rate_zone3" QVariant(QString, "90")
seg. ago. 17 17:13:48 2026 1786997628795 Debug: main.cpp int main(int, char **) "heart_rate_zone4" QVariant(QString, "100")
seg. ago. 17 17:13:48 2026 1786997628796 Debug: main.cpp int main(int, char **) "height" QVariant(QString, "175")
seg. ago. 17 17:13:48 2026 1786997628797 Debug: main.cpp int main(int, char **) "hertz_xr_770" QVariant(QString, "false")
seg. ago. 17 17:13:48 2026 1786997628798 Debug: main.cpp int main(int, char **) "hop_sport_hs_090h_bike" QVariant(QString, "false")
seg. ago. 17 17:13:48 2026 1786997628798 Debug: main.cpp int main(int, char **) "horizon_gr7_cadence_multiplier" QVariant(QString, "1")
seg. ago. 17 17:13:48 2026 1786997628799 Debug: main.cpp int main(int, char **) "horizon_paragon_x" QVariant(QString, "false")
seg. ago. 17 17:13:48 2026 1786997628799 Debug: main.cpp int main(int, char **) "horizon_treadmill_7_0_at_24" QVariant(QString, "false")
seg. ago. 17 17:13:48 2026 1786997628800 Debug: main.cpp int main(int, char **) "horizon_treadmill_7_8" QVariant(QString, "false")
seg. ago. 17 17:13:48 2026 1786997628801 Debug: main.cpp int main(int, char **) "horizon_treadmill_disable_pause" QVariant(QString, "false")
seg. ago. 17 17:13:48 2026 1786997628801 Debug: main.cpp int main(int, char **) "horizon_treadmill_force_ftms" QVariant(QString, "false")
seg. ago. 17 17:13:48 2026 1786997628803 Debug: main.cpp int main(int, char **) "horizon_treadmill_omega_z" QVariant(QString, "false")
seg. ago. 17 17:13:48 2026 1786997628804 Debug: main.cpp int main(int, char **) "horizon_treadmill_profile_user1" QVariant(QString, "user1")
seg. ago. 17 17:13:48 2026 1786997628805 Debug: main.cpp int main(int, char **) "horizon_treadmill_profile_user2" QVariant(QString, "user2")
seg. ago. 17 17:13:48 2026 1786997628805 Debug: main.cpp int main(int, char **) "horizon_treadmill_profile_user3" QVariant(QString, "user3")
seg. ago. 17 17:13:48 2026 1786997628806 Debug: main.cpp int main(int, char **) "horizon_treadmill_profile_user4" QVariant(QString, "user4")
seg. ago. 17 17:13:48 2026 1786997628807 Debug: main.cpp int main(int, char **) "horizon_treadmill_profile_user5" QVariant(QString, "user5")
seg. ago. 17 17:13:48 2026 1786997628807 Debug: main.cpp int main(int, char **) "horizon_treadmill_suspend_stats_pause" QVariant(QString, "false")
seg. ago. 17 17:13:48 2026 1786997628808 Debug: main.cpp int main(int, char **) "iconcept_elliptical" QVariant(QString, "false")
seg. ago. 17 17:13:48 2026 1786997628808 Debug: main.cpp int main(int, char **) "iconcept_ftms_treadmill_inclination_table" QVariant(QString, "false")
seg. ago. 17 17:13:48 2026 1786997628809 Debug: main.cpp int main(int, char **) "iconsole_elliptical" QVariant(QString, "false")
seg. ago. 17 17:13:48 2026 1786997628810 Debug: main.cpp int main(int, char **) "iconsole_rower" QVariant(QString, "false")
seg. ago. 17 17:13:48 2026 1786997628811 Debug: main.cpp int main(int, char **) "inclinationResistancePoints" QVariant(QString, "")
seg. ago. 17 17:13:48 2026 1786997628811 Debug: main.cpp int main(int, char **) "inclination_delay_seconds" QVariant(QString, "0")
seg. ago. 17 17:13:48 2026 1786997628811 Debug: main.cpp int main(int, char **) "inspire_peloton_formula" QVariant(QString, "false")
seg. ago. 17 17:13:48 2026 1786997628812 Debug: main.cpp int main(int, char **) "inspire_peloton_formula2" QVariant(QString, "false")
seg. ago. 17 17:13:48 2026 1786997628812 Debug: main.cpp int main(int, char **) "instant_power_on_pause" QVariant(QString, "false")
seg. ago. 17 17:13:48 2026 1786997628813 Debug: main.cpp int main(int, char **) "intervalsicu_athlete_id" QVariant(QString, "")
seg. ago. 17 17:13:48 2026 1786997628814 Debug: main.cpp int main(int, char **) "intervalsicu_date_prefix" QVariant(QString, "false")
seg. ago. 17 17:13:48 2026 1786997628814 Debug: main.cpp int main(int, char **) "intervalsicu_suffix" QVariant(QString, "#QZ")
seg. ago. 17 17:13:48 2026 1786997628815 Debug: main.cpp int main(int, char **) "intervalsicu_upload_enabled" QVariant(QString, "true")
seg. ago. 17 17:13:48 2026 1786997628816 Debug: main.cpp int main(int, char **) "ios_btdevice_native" QVariant(QString, "false")
seg. ago. 17 17:13:48 2026 1786997628816 Debug: main.cpp int main(int, char **) "ios_cache_heart_device" QVariant(QString, "true")
seg. ago. 17 17:13:48 2026 1786997628817 Debug: main.cpp int main(int, char **) "ios_live_activity_compact_leading_metric" QVariant(QString, "Heart Rate")
seg. ago. 17 17:13:48 2026 1786997628817 Debug: main.cpp int main(int, char **) "ios_live_activity_compact_trailing_metric" QVariant(QString, "Watt")
seg. ago. 17 17:13:48 2026 1786997628817 Debug: main.cpp int main(int, char **) "ios_peloton_workaround" QVariant(QString, "true")
seg. ago. 17 17:13:48 2026 1786997628818 Debug: main.cpp int main(int, char **) "jll_IC400_bike" QVariant(QString, "false")
seg. ago. 17 17:13:48 2026 1786997628819 Debug: main.cpp int main(int, char **) "jtx_fitness_sprint_treadmill" QVariant(QString, "false")
seg. ago. 17 17:13:48 2026 1786997628819 Debug: main.cpp int main(int, char **) "kcal_ignore_builtin" QVariant(QString, "false")
seg. ago. 17 17:13:48 2026 1786997628820 Debug: main.cpp int main(int, char **) "kettler_usb_baudrate" QVariant(QString, "9600")
seg. ago. 17 17:13:48 2026 1786997628820 Debug: main.cpp int main(int, char **) "kettler_usb_serialport" QVariant(QString, "")
seg. ago. 17 17:13:48 2026 1786997628821 Debug: main.cpp int main(int, char **) "kingsmith_encrypt_g1_walking_pad" QVariant(QString, "false")
seg. ago. 17 17:13:48 2026 1786997628822 Debug: main.cpp int main(int, char **) "kingsmith_encrypt_v2" QVariant(QString, "false")
seg. ago. 17 17:13:48 2026 1786997628822 Debug: main.cpp int main(int, char **) "kingsmith_encrypt_v3" QVariant(QString, "false")
seg. ago. 17 17:13:48 2026 1786997628823 Debug: main.cpp int main(int, char **) "kingsmith_encrypt_v4" QVariant(QString, "false")
seg. ago. 17 17:13:48 2026 1786997628824 Debug: main.cpp int main(int, char **) "kingsmith_encrypt_v5" QVariant(QString, "false")
seg. ago. 17 17:13:48 2026 1786997628824 Debug: main.cpp int main(int, char **) "kingsmith_r2_enable_hw_buttons" QVariant(QString, "false")
seg. ago. 17 17:13:48 2026 1786997628825 Debug: main.cpp int main(int, char **) "life_fitness_ic5" QVariant(QString, "false")
seg. ago. 17 17:13:48 2026 1786997628826 Debug: main.cpp int main(int, char **) "lifespan_bike" QVariant(QString, "false")
seg. ago. 17 17:13:48 2026 1786997628826 Debug: main.cpp int main(int, char **) "log_debug" QVariant(QString, "true")
seg. ago. 17 17:13:48 2026 1786997628827 Debug: main.cpp int main(int, char **) "m3i_bike_id" QVariant(QString, "256")
seg. ago. 17 17:13:48 2026 1786997628828 Debug: main.cpp int main(int, char **) "m3i_bike_kcal" QVariant(QString, "true")
seg. ago. 17 17:13:48 2026 1786997628828 Debug: main.cpp int main(int, char **) "m3i_bike_qt_search" QVariant(QString, "false")
seg. ago. 17 17:13:48 2026 1786997628829 Debug: main.cpp int main(int, char **) "m3i_bike_speed_buffsize" QVariant(QString, "90")
seg. ago. 17 17:13:48 2026 1786997628829 Debug: main.cpp int main(int, char **) "maps_type" QVariant(QString, "3D")
seg. ago. 17 17:13:48 2026 1786997628830 Debug: main.cpp int main(int, char **) "miles_unit" QVariant(QString, "false")
seg. ago. 17 17:13:48 2026 1786997628830 Debug: main.cpp int main(int, char **) "min_inclination" QVariant(QString, "-999")
seg. ago. 17 17:13:48 2026 1786997628831 Debug: main.cpp int main(int, char **) "mqtt_deviceid" QVariant(QString, "default")
seg. ago. 17 17:13:48 2026 1786997628832 Debug: main.cpp int main(int, char **) "mqtt_host" QVariant(QString, "")
seg. ago. 17 17:13:48 2026 1786997628832 Debug: main.cpp int main(int, char **) "mqtt_port" QVariant(QString, "1883")
seg. ago. 17 17:13:48 2026 1786997628833 Debug: main.cpp int main(int, char **) "mywhoosh_link_camera_value" QVariant(QString, "1")
seg. ago. 17 17:13:48 2026 1786997628833 Debug: main.cpp int main(int, char **) "mywhoosh_link_emote_value" QVariant(QString, "1")
seg. ago. 17 17:13:48 2026 1786997628833 Debug: main.cpp int main(int, char **) "mywhoosh_link_enabled" QVariant(QString, "false")
seg. ago. 17 17:13:48 2026 1786997628834 Debug: main.cpp int main(int, char **) "mywhoosh_link_left_down" QVariant(QString, "2")
seg. ago. 17 17:13:48 2026 1786997628834 Debug: main.cpp int main(int, char **) "mywhoosh_link_left_left" QVariant(QString, "0")
seg. ago. 17 17:13:48 2026 1786997628835 Debug: main.cpp int main(int, char **) "mywhoosh_link_left_power" QVariant(QString, "0")
seg. ago. 17 17:13:48 2026 1786997628835 Debug: main.cpp int main(int, char **) "mywhoosh_link_left_right" QVariant(QString, "0")
seg. ago. 17 17:13:48 2026 1786997628836 Debug: main.cpp int main(int, char **) "mywhoosh_link_left_shoulder" QVariant(QString, "5")
seg. ago. 17 17:13:48 2026 1786997628836 Debug: main.cpp int main(int, char **) "mywhoosh_link_left_up" QVariant(QString, "1")
seg. ago. 17 17:13:48 2026 1786997628837 Debug: main.cpp int main(int, char **) "mywhoosh_link_override_gears" QVariant(QString, "false")
seg. ago. 17 17:13:48 2026 1786997628837 Debug: main.cpp int main(int, char **) "mywhoosh_link_right_a" QVariant(QString, "0")
seg. ago. 17 17:13:48 2026 1786997628838 Debug: main.cpp int main(int, char **) "mywhoosh_link_right_b" QVariant(QString, "7")
seg. ago. 17 17:13:48 2026 1786997628839 Debug: main.cpp int main(int, char **) "mywhoosh_link_right_power" QVariant(QString, "0")
seg. ago. 17 17:13:48 2026 1786997628839 Debug: main.cpp int main(int, char **) "mywhoosh_link_right_shoulder" QVariant(QString, "0")
seg. ago. 17 17:13:48 2026 1786997628840 Debug: main.cpp int main(int, char **) "mywhoosh_link_right_y" QVariant(QString, "6")
seg. ago. 17 17:13:48 2026 1786997628841 Debug: main.cpp int main(int, char **) "mywhoosh_link_right_z" QVariant(QString, "0")
seg. ago. 17 17:13:48 2026 1786997628842 Debug: main.cpp int main(int, char **) "nordictrack_10_treadmill" QVariant(QString, "true")
seg. ago. 17 17:13:48 2026 1786997628843 Debug: main.cpp int main(int, char **) "nordictrack_2950_ip" QVariant(QString, "")
seg. ago. 17 17:13:48 2026 1786997628844 Debug: main.cpp int main(int, char **) "nordictrack_GX4_5_bike" QVariant(QString, "false")
seg. ago. 17 17:13:48 2026 1786997628845 Debug: main.cpp int main(int, char **) "nordictrack_elite_800" QVariant(QString, "false")
seg. ago. 17 17:13:48 2026 1786997628846 Debug: main.cpp int main(int, char **) "nordictrack_elliptical_c7_5" QVariant(QString, "false")
seg. ago. 17 17:13:48 2026 1786997628847 Debug: main.cpp int main(int, char **) "nordictrack_fs5i_treadmill" QVariant(QString, "false")
seg. ago. 17 17:13:48 2026 1786997628848 Debug: main.cpp int main(int, char **) "nordictrack_gx_2_7" QVariant(QString, "false")
seg. ago. 17 17:13:48 2026 1786997628850 Debug: main.cpp int main(int, char **) "nordictrack_gx_44_pro" QVariant(QString, "false")
seg. ago. 17 17:13:48 2026 1786997628851 Debug: main.cpp int main(int, char **) "nordictrack_gx_4_5_pro" QVariant(QString, "false")
seg. ago. 17 17:13:48 2026 1786997628851 Debug: main.cpp int main(int, char **) "nordictrack_ifit_adb_remote" QVariant(QString, "false")
seg. ago. 17 17:13:48 2026 1786997628852 Debug: main.cpp int main(int, char **) "nordictrack_incline_trainer_x7i" QVariant(QString, "false")
seg. ago. 17 17:13:48 2026 1786997628854 Debug: main.cpp int main(int, char **) "nordictrack_s20_treadmill" QVariant(QString, "false")
seg. ago. 17 17:13:48 2026 1786997628855 Debug: main.cpp int main(int, char **) "nordictrack_s20i_treadmill" QVariant(QString, "false")
seg. ago. 17 17:13:48 2026 1786997628855 Debug: main.cpp int main(int, char **) "nordictrack_s30_treadmill" QVariant(QString, "false")
seg. ago. 17 17:13:48 2026 1786997628856 Debug: main.cpp int main(int, char **) "nordictrack_se7i" QVariant(QString, "false")
seg. ago. 17 17:13:48 2026 1786997628856 Debug: main.cpp int main(int, char **) "nordictrack_series_7" QVariant(QString, "false")
seg. ago. 17 17:13:48 2026 1786997628857 Debug: main.cpp int main(int, char **) "nordictrack_t65s_83_treadmill" QVariant(QString, "false")
seg. ago. 17 17:13:48 2026 1786997628858 Debug: main.cpp int main(int, char **) "nordictrack_t65s_treadmill" QVariant(QString, "false")
seg. ago. 17 17:13:48 2026 1786997628859 Debug: main.cpp int main(int, char **) "nordictrack_t65s_treadmill_81_miles" QVariant(QString, "false")
seg. ago. 17 17:13:48 2026 1786997628860 Debug: main.cpp int main(int, char **) "nordictrack_t70_treadmill" QVariant(QString, "false")
seg. ago. 17 17:13:48 2026 1786997628861 Debug: main.cpp int main(int, char **) "nordictrack_treadmill_1750_adb" QVariant(QString, "false")
seg. ago. 17 17:13:48 2026 1786997628863 Debug: main.cpp int main(int, char **) "nordictrack_treadmill_commercial_le" QVariant(QString, "false")
seg. ago. 17 17:13:48 2026 1786997628863 Debug: main.cpp int main(int, char **) "nordictrack_treadmill_exp_5i" QVariant(QString, "false")
seg. ago. 17 17:13:48 2026 1786997628864 Debug: main.cpp int main(int, char **) "nordictrack_treadmill_t8_5s" QVariant(QString, "false")
seg. ago. 17 17:13:48 2026 1786997628865 Debug: main.cpp int main(int, char **) "nordictrack_treadmill_ultra_le" QVariant(QString, "false")
seg. ago. 17 17:13:48 2026 1786997628866 Debug: main.cpp int main(int, char **) "nordictrack_treadmill_x14i" QVariant(QString, "false")
seg. ago. 17 17:13:48 2026 1786997628867 Debug: main.cpp int main(int, char **) "nordictrack_tseries5_treadmill" QVariant(QString, "false")
seg. ago. 17 17:13:48 2026 1786997628868 Debug: main.cpp int main(int, char **) "nordictrack_vr21" QVariant(QString, "false")
seg. ago. 17 17:13:48 2026 1786997628869 Debug: main.cpp int main(int, char **) "nordictrack_x22i" QVariant(QString, "false")
seg. ago. 17 17:13:48 2026 1786997628870 Debug: main.cpp int main(int, char **) "nordictrackadbbike_resistance" QVariant(QString, "false")
seg. ago. 17 17:13:48 2026 1786997628871 Debug: main.cpp int main(int, char **) "norditrack_s25_treadmill" QVariant(QString, "false")
seg. ago. 17 17:13:48 2026 1786997628872 Debug: main.cpp int main(int, char **) "norditrack_s25i_treadmill" QVariant(QString, "false")
seg. ago. 17 17:13:48 2026 1786997628873 Debug: main.cpp int main(int, char **) "osc_ip" QVariant(QString, "")
seg. ago. 17 17:13:48 2026 1786997628873 Debug: main.cpp int main(int, char **) "osc_port" QVariant(QString, "9000")
seg. ago. 17 17:13:48 2026 1786997628874 Debug: main.cpp int main(int, char **) "pace_default" QVariant(QString, "Half Marathon")
seg. ago. 17 17:13:48 2026 1786997628875 Debug: main.cpp int main(int, char **) "pacef_10km" QVariant(QString, "320")
seg. ago. 17 17:13:48 2026 1786997628876 Debug: main.cpp int main(int, char **) "pacef_1mile" QVariant(QString, "250")
seg. ago. 17 17:13:48 2026 1786997628877 Debug: main.cpp int main(int, char **) "pacef_5km" QVariant(QString, "300")
seg. ago. 17 17:13:48 2026 1786997628878 Debug: main.cpp int main(int, char **) "pacef_halfmarathon" QVariant(QString, "340")
seg. ago. 17 17:13:48 2026 1786997628879 Debug: main.cpp int main(int, char **) "pacef_marathon" QVariant(QString, "360")
seg. ago. 17 17:13:48 2026 1786997628880 Debug: main.cpp int main(int, char **) "pafers_treadmill" QVariant(QString, "false")
seg. ago. 17 17:13:48 2026 1786997628880 Debug: main.cpp int main(int, char **) "pafers_treadmill_bh_iboxster_plus" QVariant(QString, "false")
seg. ago. 17 17:13:48 2026 1786997628881 Debug: main.cpp int main(int, char **) "pause_on_start" QVariant(QString, "false")
seg. ago. 17 17:13:48 2026 1786997628881 Debug: main.cpp int main(int, char **) "pause_on_start_treadmill" QVariant(QString, "false")
seg. ago. 17 17:13:48 2026 1786997628882 Debug: main.cpp int main(int, char **) "peloton_auto_start_with_intro" QVariant(QString, "false")
seg. ago. 17 17:13:48 2026 1786997628882 Debug: main.cpp int main(int, char **) "peloton_auto_start_without_intro" QVariant(QString, "false")
seg. ago. 17 17:13:48 2026 1786997628883 Debug: main.cpp int main(int, char **) "peloton_bike_ocr" QVariant(QString, "false")
seg. ago. 17 17:13:48 2026 1786997628883 Debug: main.cpp int main(int, char **) "peloton_cadence_metric" QVariant(QString, "Cadence")
seg. ago. 17 17:13:48 2026 1786997628884 Debug: main.cpp int main(int, char **) "peloton_code" QVariant(QString, "")
seg. ago. 17 17:13:48 2026 1786997628885 Debug: main.cpp int main(int, char **) "peloton_companion_workout_ocr" QVariant(QString, "false")
seg. ago. 17 17:13:48 2026 1786997628886 Debug: main.cpp int main(int, char **) "peloton_current_user_id" QVariant(QString, "")
seg. ago. 17 17:13:48 2026 1786997628887 Debug: main.cpp int main(int, char **) "peloton_date" QVariant(QString, "Before Title")
seg. ago. 17 17:13:48 2026 1786997628888 Debug: main.cpp int main(int, char **) "peloton_date_format" QVariant(QString, "MM/dd/yy")
seg. ago. 17 17:13:48 2026 1786997628889 Debug: main.cpp int main(int, char **) "peloton_description_link" QVariant(QString, "true")
seg. ago. 17 17:13:48 2026 1786997628890 Debug: main.cpp int main(int, char **) "peloton_difficulty" QVariant(QString, "lower")
seg. ago. 17 17:13:48 2026 1786997628891 Debug: main.cpp int main(int, char **) "peloton_expires" QVariant(QString, "")
seg. ago. 17 17:13:48 2026 1786997628891 Debug: main.cpp int main(int, char **) "peloton_gain" QVariant(QString, "1")
seg. ago. 17 17:13:48 2026 1786997628892 Debug: main.cpp int main(int, char **) "peloton_heartrate_metric" QVariant(QString, "Heart Rate")
seg. ago. 17 17:13:48 2026 1786997628893 Debug: main.cpp int main(int, char **) "peloton_lastrefresh" QVariant(QString, "")
seg. ago. 17 17:13:48 2026 1786997628893 Debug: main.cpp int main(int, char **) "peloton_offset" QVariant(QString, "0")
seg. ago. 17 17:13:48 2026 1786997628893 Debug: main.cpp int main(int, char **) "peloton_rower_level" QVariant(QString, "1")
seg. ago. 17 17:13:48 2026 1786997628894 Debug: main.cpp int main(int, char **) "peloton_spinups_autoresistance" QVariant(QString, "true")
seg. ago. 17 17:13:48 2026 1786997628894 Debug: main.cpp int main(int, char **) "peloton_treadmill_level" QVariant(QString, "1")
seg. ago. 17 17:13:48 2026 1786997628895 Debug: main.cpp int main(int, char **) "peloton_treadmill_running_min_speed" QVariant(QString, "0")
seg. ago. 17 17:13:48 2026 1786997628895 Debug: main.cpp int main(int, char **) "peloton_treadmill_walk_level" QVariant(QString, "1")
seg. ago. 17 17:13:48 2026 1786997628896 Debug: main.cpp int main(int, char **) "peloton_treadmill_walking_min_speed" QVariant(QString, "0")
seg. ago. 17 17:13:48 2026 1786997628896 Debug: main.cpp int main(int, char **) "peloton_workout_ocr" QVariant(QString, "false")
seg. ago. 17 17:13:48 2026 1786997628897 Debug: main.cpp int main(int, char **) "pid_heart_zone_erg_mode_watt_step" QVariant(QString, "5")
seg. ago. 17 17:13:48 2026 1786997628897 Debug: main.cpp int main(int, char **) "poll_device_time" QVariant(QString, "200")
seg. ago. 17 17:13:48 2026 1786997628898 Debug: main.cpp int main(int, char **) "power_avg_3s" QVariant(QString, "false")
seg. ago. 17 17:13:48 2026 1786997628899 Debug: main.cpp int main(int, char **) "power_avg_5s" QVariant(QString, "false")
seg. ago. 17 17:13:48 2026 1786997628899 Debug: main.cpp int main(int, char **) "power_hr_hr1" QVariant(QString, "150")
seg. ago. 17 17:13:48 2026 1786997628900 Debug: main.cpp int main(int, char **) "power_hr_hr2" QVariant(QString, "170")
seg. ago. 17 17:13:48 2026 1786997628900 Debug: main.cpp int main(int, char **) "power_hr_pwr1" QVariant(QString, "200")
seg. ago. 17 17:13:48 2026 1786997628901 Debug: main.cpp int main(int, char **) "power_hr_pwr2" QVariant(QString, "230")
seg. ago. 17 17:13:48 2026 1786997628901 Debug: main.cpp int main(int, char **) "power_sensor_as_bike" QVariant(QString, "false")
seg. ago. 17 17:13:48 2026 1786997628902 Debug: main.cpp int main(int, char **) "power_sensor_as_treadmill" QVariant(QString, "false")
seg. ago. 17 17:13:48 2026 1786997628902 Debug: main.cpp int main(int, char **) "power_sensor_cadence_instead_treadmill" QVariant(QString, "false")
seg. ago. 17 17:13:48 2026 1786997628902 Debug: main.cpp int main(int, char **) "power_sensor_name" QVariant(QString, "Disabled")
seg. ago. 17 17:13:48 2026 1786997628903 Debug: main.cpp int main(int, char **) "power_sensor_speed_inclination_coeff_a" QVariant(QString, "0")
seg. ago. 17 17:13:48 2026 1786997628903 Debug: main.cpp int main(int, char **) "power_sensor_speed_inclination_coeff_b" QVariant(QString, "0")
seg. ago. 17 17:13:48 2026 1786997628904 Debug: main.cpp int main(int, char **) "powr_sensor_running_cadence_double" QVariant(QString, "false")
seg. ago. 17 17:13:48 2026 1786997628904 Debug: main.cpp int main(int, char **) "powr_sensor_running_cadence_half_on_strava" QVariant(QString, "false")
seg. ago. 17 17:13:48 2026 1786997628905 Debug: main.cpp int main(int, char **) "profile_name" QVariant(QString, "default")
seg. ago. 17 17:13:48 2026 1786997628905 Debug: main.cpp int main(int, char **) "proform_2000_treadmill" QVariant(QString, "false")
seg. ago. 17 17:13:48 2026 1786997628906 Debug: main.cpp int main(int, char **) "proform_225_csx_PFEX32925_INT_0" QVariant(QString, "false")
seg. ago. 17 17:13:48 2026 1786997628906 Debug: main.cpp int main(int, char **) "proform_505_cst_80_44" QVariant(QString, "false")
seg. ago. 17 17:13:48 2026 1786997628907 Debug: main.cpp int main(int, char **) "proform_595i_proshox2" QVariant(QString, "false")
seg. ago. 17 17:13:48 2026 1786997628908 Debug: main.cpp int main(int, char **) "proform_8_5_treadmill" QVariant(QString, "false")
seg. ago. 17 17:13:48 2026 1786997628908 Debug: main.cpp int main(int, char **) "proform_bike_225_csx" QVariant(QString, "false")
seg. ago. 17 17:13:48 2026 1786997628909 Debug: main.cpp int main(int, char **) "proform_bike_325_csx" QVariant(QString, "false")
seg. ago. 17 17:13:48 2026 1786997628909 Debug: main.cpp int main(int, char **) "proform_bike_325_csx_PFEX439210INT_0" QVariant(QString, "false")
seg. ago. 17 17:13:48 2026 1786997628909 Debug: main.cpp int main(int, char **) "proform_bike_PFEVEX71316_0" QVariant(QString, "false")
seg. ago. 17 17:13:48 2026 1786997628910 Debug: main.cpp int main(int, char **) "proform_bike_PFEVEX71316_1" QVariant(QString, "false")
seg. ago. 17 17:13:48 2026 1786997628910 Debug: main.cpp int main(int, char **) "proform_bike_sb" QVariant(QString, "false")
seg. ago. 17 17:13:48 2026 1786997628911 Debug: main.cpp int main(int, char **) "proform_carbon_tl" QVariant(QString, "false")
seg. ago. 17 17:13:48 2026 1786997628912 Debug: main.cpp int main(int, char **) "proform_carbon_tl_PFTL59720" QVariant(QString, "false")
seg. ago. 17 17:13:48 2026 1786997628912 Debug: main.cpp int main(int, char **) "proform_carbon_tl_PFTL59722c" QVariant(QString, "false")
seg. ago. 17 17:13:48 2026 1786997628913 Debug: main.cpp int main(int, char **) "proform_carbon_tl_PFTL59723_6" QVariant(QString, "false")
seg. ago. 17 17:13:48 2026 1786997628914 Debug: main.cpp int main(int, char **) "proform_carbon_tlx_treadmill" QVariant(QString, "false")
seg. ago. 17 17:13:48 2026 1786997628915 Debug: main.cpp int main(int, char **) "proform_carbon_tlx_v84_314_treadmill" QVariant(QString, "false")
seg. ago. 17 17:13:48 2026 1786997628916 Debug: main.cpp int main(int, char **) "proform_csx210" QVariant(QString, "false")
seg. ago. 17 17:13:48 2026 1786997628916 Debug: main.cpp int main(int, char **) "proform_cycle_trainer_300_ci" QVariant(QString, "false")
seg. ago. 17 17:13:48 2026 1786997628917 Debug: main.cpp int main(int, char **) "proform_cycle_trainer_400" QVariant(QString, "false")
seg. ago. 17 17:13:48 2026 1786997628917 Debug: main.cpp int main(int, char **) "proform_elliptical_ip" QVariant(QString, "")
seg. ago. 17 17:13:48 2026 1786997628918 Debug: main.cpp int main(int, char **) "proform_hybrid_trainer_PFEL03815" QVariant(QString, "false")
seg. ago. 17 17:13:48 2026 1786997628918 Debug: main.cpp int main(int, char **) "proform_hybrid_trainer_xt" QVariant(QString, "false")
seg. ago. 17 17:13:48 2026 1786997628919 Debug: main.cpp int main(int, char **) "proform_performance_300i" QVariant(QString, "false")
seg. ago. 17 17:13:48 2026 1786997628920 Debug: main.cpp int main(int, char **) "proform_performance_400i" QVariant(QString, "false")
seg. ago. 17 17:13:48 2026 1786997628920 Debug: main.cpp int main(int, char **) "proform_pro_1000_treadmill" QVariant(QString, "false")
seg. ago. 17 17:13:48 2026 1786997628921 Debug: main.cpp int main(int, char **) "proform_proshox2" QVariant(QString, "false")
seg. ago. 17 17:13:48 2026 1786997628921 Debug: main.cpp int main(int, char **) "proform_rower_750r" QVariant(QString, "false")
seg. ago. 17 17:13:48 2026 1786997628922 Debug: main.cpp int main(int, char **) "proform_rower_ip" QVariant(QString, "")
seg. ago. 17 17:13:48 2026 1786997628922 Debug: main.cpp int main(int, char **) "proform_rower_sport_rl" QVariant(QString, "false")
seg. ago. 17 17:13:48 2026 1786997628922 Debug: main.cpp int main(int, char **) "proform_studio" QVariant(QString, "false")
seg. ago. 17 17:13:48 2026 1786997628923 Debug: main.cpp int main(int, char **) "proform_studio_NTEX71021" QVariant(QString, "false")
seg. ago. 17 17:13:48 2026 1786997628923 Debug: main.cpp int main(int, char **) "proform_tdf_10" QVariant(QString, "false")
seg. ago. 17 17:13:48 2026 1786997628924 Debug: main.cpp int main(int, char **) "proform_tdf_10_0" QVariant(QString, "false")
seg. ago. 17 17:13:48 2026 1786997628925 Debug: main.cpp int main(int, char **) "proform_tdf_jonseed_watt" QVariant(QString, "false")
seg. ago. 17 17:13:48 2026 1786997628926 Debug: main.cpp int main(int, char **) "proform_tour_de_france_clc" QVariant(QString, "false")
seg. ago. 17 17:13:48 2026 1786997628927 Debug: main.cpp int main(int, char **) "proform_trainer_8_0" QVariant(QString, "false")
seg. ago. 17 17:13:48 2026 1786997628928 Debug: main.cpp int main(int, char **) "proform_trainer_8_0_pftl59721_int_0" QVariant(QString, "false")
seg. ago. 17 17:13:48 2026 1786997628929 Debug: main.cpp int main(int, char **) "proform_trainer_9_0" QVariant(QString, "false")
seg. ago. 17 17:13:48 2026 1786997628930 Debug: main.cpp int main(int, char **) "proform_treadmill_105_cst" QVariant(QString, "false")
seg. ago. 17 17:13:48 2026 1786997628932 Debug: main.cpp int main(int, char **) "proform_treadmill_1500_pro" QVariant(QString, "false")
seg. ago. 17 17:13:48 2026 1786997628932 Debug: main.cpp int main(int, char **) "proform_treadmill_1800i" QVariant(QString, "false")
seg. ago. 17 17:13:48 2026 1786997628934 Debug: main.cpp int main(int, char **) "proform_treadmill_505_cst" QVariant(QString, "false")
seg. ago. 17 17:13:48 2026 1786997628935 Debug: main.cpp int main(int, char **) "proform_treadmill_575i" QVariant(QString, "false")
seg. ago. 17 17:13:48 2026 1786997628936 Debug: main.cpp int main(int, char **) "proform_treadmill_705_cst" QVariant(QString, "false")
seg. ago. 17 17:13:48 2026 1786997628938 Debug: main.cpp int main(int, char **) "proform_treadmill_705_cst_V78_239" QVariant(QString, "false")
seg. ago. 17 17:13:48 2026 1786997628939 Debug: main.cpp int main(int, char **) "proform_treadmill_705_cst_V80_44" QVariant(QString, "false")
seg. ago. 17 17:13:48 2026 1786997628939 Debug: main.cpp int main(int, char **) "proform_treadmill_8_0" QVariant(QString, "false")
seg. ago. 17 17:13:48 2026 1786997628940 Debug: main.cpp int main(int, char **) "proform_treadmill_8_7" QVariant(QString, "false")
seg. ago. 17 17:13:48 2026 1786997628940 Debug: main.cpp int main(int, char **) "proform_treadmill_995i" QVariant(QString, "false")
seg. ago. 17 17:13:48 2026 1786997628941 Debug: main.cpp int main(int, char **) "proform_treadmill_9_0" QVariant(QString, "false")
seg. ago. 17 17:13:48 2026 1786997628942 Debug: main.cpp int main(int, char **) "proform_treadmill_c700" QVariant(QString, "false")
seg. ago. 17 17:13:48 2026 1786997628942 Debug: main.cpp int main(int, char **) "proform_treadmill_c960i" QVariant(QString, "false")
seg. ago. 17 17:13:48 2026 1786997628943 Debug: main.cpp int main(int, char **) "proform_treadmill_cadence_lt" QVariant(QString, "false")
seg. ago. 17 17:13:48 2026 1786997628944 Debug: main.cpp int main(int, char **) "proform_treadmill_carbon_t7" QVariant(QString, "false")
seg. ago. 17 17:13:48 2026 1786997628945 Debug: main.cpp int main(int, char **) "proform_treadmill_carbon_tls" QVariant(QString, "false")
seg. ago. 17 17:13:48 2026 1786997628946 Debug: main.cpp int main(int, char **) "proform_treadmill_cst_505_pftl59420_0" QVariant(QString, "false")
seg. ago. 17 17:13:48 2026 1786997628947 Debug: main.cpp int main(int, char **) "proform_treadmill_l6_0s" QVariant(QString, "false")
seg. ago. 17 17:13:48 2026 1786997628948 Debug: main.cpp int main(int, char **) "proform_treadmill_se" QVariant(QString, "false")
seg. ago. 17 17:13:48 2026 1786997628948 Debug: main.cpp int main(int, char **) "proform_treadmill_sport_3_0" QVariant(QString, "false")
seg. ago. 17 17:13:48 2026 1786997628949 Debug: main.cpp int main(int, char **) "proform_treadmill_sport_70" QVariant(QString, "false")
seg. ago. 17 17:13:48 2026 1786997628950 Debug: main.cpp int main(int, char **) "proform_treadmill_sport_8_5" QVariant(QString, "false")
seg. ago. 17 17:13:48 2026 1786997628950 Debug: main.cpp int main(int, char **) "proform_treadmill_z1300i" QVariant(QString, "false")
seg. ago. 17 17:13:48 2026 1786997628951 Debug: main.cpp int main(int, char **) "proform_wheel_ratio" QVariant(QString, "0.33")
seg. ago. 17 17:13:48 2026 1786997628952 Debug: main.cpp int main(int, char **) "proform_xbike" QVariant(QString, "false")
seg. ago. 17 17:13:48 2026 1786997628952 Debug: main.cpp int main(int, char **) "proformtdf1ip" QVariant(QString, "")
seg. ago. 17 17:13:48 2026 1786997628953 Debug: main.cpp int main(int, char **) "proformtdf4ip" QVariant(QString, "")
seg. ago. 17 17:13:48 2026 1786997628954 Debug: main.cpp int main(int, char **) "proformtreadmillip" QVariant(QString, "")
seg. ago. 17 17:13:48 2026 1786997628954 Debug: main.cpp int main(int, char **) "race_mode" QVariant(QString, "false")
seg. ago. 17 17:13:48 2026 1786997628955 Debug: main.cpp int main(int, char **) "real_inclination_to_virtual_treamill_bridge" QVariant(QString, "false")
seg. ago. 17 17:13:48 2026 1786997628956 Debug: main.cpp int main(int, char **) "reebok_fr30_treadmill" QVariant(QString, "false")
seg. ago. 17 17:13:48 2026 1786997628956 Debug: main.cpp int main(int, char **) "renpho_bike_double_resistance" QVariant(QString, "false")
seg. ago. 17 17:13:48 2026 1786997628957 Debug: main.cpp int main(int, char **) "renpho_peloton_conversion_v2" QVariant(QString, "false")
seg. ago. 17 17:13:48 2026 1786997628957 Debug: main.cpp int main(int, char **) "resistance_slew_down" QVariant(QString, "0")
seg. ago. 17 17:13:48 2026 1786997628958 Debug: main.cpp int main(int, char **) "resistance_slew_up" QVariant(QString, "0")
seg. ago. 17 17:13:48 2026 1786997628959 Debug: main.cpp int main(int, char **) "restore_specific_gear" QVariant(QString, "false")
seg. ago. 17 17:13:48 2026 1786997628960 Debug: main.cpp int main(int, char **) "rogue_echo_bike" QVariant(QString, "false")
seg. ago. 17 17:13:48 2026 1786997628960 Debug: main.cpp int main(int, char **) "rolling_resistance" QVariant(QString, "0.005")
seg. ago. 17 17:13:48 2026 1786997628962 Debug: main.cpp int main(int, char **) "rouvy_compatibility" QVariant(QString, "false")
seg. ago. 17 17:13:48 2026 1786997628963 Debug: main.cpp int main(int, char **) "rpe_feel_popup_enabled" QVariant(QString, "false")
seg. ago. 17 17:13:48 2026 1786997628964 Debug: main.cpp int main(int, char **) "run_cadence_sensor" QVariant(QString, "false")
seg. ago. 17 17:13:48 2026 1786997628965 Debug: main.cpp int main(int, char **) "saris_trainer" QVariant(QString, "false")
seg. ago. 17 17:13:48 2026 1786997628966 Debug: main.cpp int main(int, char **) "schwinn_bike_resistance" QVariant(QString, "false")
seg. ago. 17 17:13:48 2026 1786997628967 Debug: main.cpp int main(int, char **) "schwinn_bike_resistance_v2" QVariant(QString, "true")
seg. ago. 17 17:13:48 2026 1786997628968 Debug: main.cpp int main(int, char **) "schwinn_bike_resistance_v3" QVariant(QString, "false")
seg. ago. 17 17:13:48 2026 1786997628968 Debug: main.cpp int main(int, char **) "schwinn_resistance_smooth" QVariant(QString, "0")
seg. ago. 17 17:13:48 2026 1786997628969 Debug: main.cpp int main(int, char **) "service_changed" QVariant(QString, "false")
seg. ago. 17 17:13:48 2026 1786997628970 Debug: main.cpp int main(int, char **) "sex" QVariant(QString, "Male")
seg. ago. 17 17:13:48 2026 1786997628971 Debug: main.cpp int main(int, char **) "shortcut_auto_resistance" QVariant(QString, "")
seg. ago. 17 17:13:48 2026 1786997628972 Debug: main.cpp int main(int, char **) "shortcut_avs_climb" QVariant(QString, "")
seg. ago. 17 17:13:48 2026 1786997628973 Debug: main.cpp int main(int, char **) "shortcut_avs_cruise" QVariant(QString, "")
seg. ago. 17 17:13:48 2026 1786997628974 Debug: main.cpp int main(int, char **) "shortcut_avs_sprint" QVariant(QString, "")
seg. ago. 17 17:13:48 2026 1786997628974 Debug: main.cpp int main(int, char **) "shortcut_biggears_minus" QVariant(QString, "")
seg. ago. 17 17:13:48 2026 1786997628975 Debug: main.cpp int main(int, char **) "shortcut_biggears_plus" QVariant(QString, "")
seg. ago. 17 17:13:48 2026 1786997628976 Debug: main.cpp int main(int, char **) "shortcut_erg_mode" QVariant(QString, "")
seg. ago. 17 17:13:48 2026 1786997628976 Debug: main.cpp int main(int, char **) "shortcut_ext_incline_minus" QVariant(QString, "")
seg. ago. 17 17:13:48 2026 1786997628977 Debug: main.cpp int main(int, char **) "shortcut_ext_incline_plus" QVariant(QString, "")
seg. ago. 17 17:13:48 2026 1786997628978 Debug: main.cpp int main(int, char **) "shortcut_fan_minus" QVariant(QString, "")
seg. ago. 17 17:13:48 2026 1786997628978 Debug: main.cpp int main(int, char **) "shortcut_fan_plus" QVariant(QString, "")
seg. ago. 17 17:13:48 2026 1786997628979 Debug: main.cpp int main(int, char **) "shortcut_gears_minus" QVariant(QString, "")
seg. ago. 17 17:13:48 2026 1786997628980 Debug: main.cpp int main(int, char **) "shortcut_gears_plus" QVariant(QString, "")
seg. ago. 17 17:13:48 2026 1786997628980 Debug: main.cpp int main(int, char **) "shortcut_inclination_minus" QVariant(QString, "")
seg. ago. 17 17:13:48 2026 1786997628981 Debug: main.cpp int main(int, char **) "shortcut_inclination_plus" QVariant(QString, "")
seg. ago. 17 17:13:48 2026 1786997628981 Debug: main.cpp int main(int, char **) "shortcut_lap" QVariant(QString, "")
seg. ago. 17 17:13:48 2026 1786997628982 Debug: main.cpp int main(int, char **) "shortcut_peloton_offset_minus" QVariant(QString, "")
seg. ago. 17 17:13:48 2026 1786997628982 Debug: main.cpp int main(int, char **) "shortcut_peloton_offset_plus" QVariant(QString, "")
seg. ago. 17 17:13:48 2026 1786997628983 Debug: main.cpp int main(int, char **) "shortcut_peloton_remaining_minus" QVariant(QString, "")
seg. ago. 17 17:13:48 2026 1786997628983 Debug: main.cpp int main(int, char **) "shortcut_peloton_remaining_plus" QVariant(QString, "")
seg. ago. 17 17:13:48 2026 1786997628984 Debug: main.cpp int main(int, char **) "shortcut_peloton_resistance_minus" QVariant(QString, "")
seg. ago. 17 17:13:48 2026 1786997628984 Debug: main.cpp int main(int, char **) "shortcut_peloton_resistance_plus" QVariant(QString, "")
seg. ago. 17 17:13:48 2026 1786997628985 Debug: main.cpp int main(int, char **) "shortcut_pid_hr_minus" QVariant(QString, "")
seg. ago. 17 17:13:48 2026 1786997628986 Debug: main.cpp int main(int, char **) "shortcut_pid_hr_plus" QVariant(QString, "")
seg. ago. 17 17:13:48 2026 1786997628986 Debug: main.cpp int main(int, char **) "shortcut_power_avg" QVariant(QString, "")
seg. ago. 17 17:13:48 2026 1786997628987 Debug: main.cpp int main(int, char **) "shortcut_preset_inclination_1" QVariant(QString, "")
seg. ago. 17 17:13:48 2026 1786997628988 Debug: main.cpp int main(int, char **) "shortcut_preset_inclination_2" QVariant(QString, "")
seg. ago. 17 17:13:48 2026 1786997628988 Debug: main.cpp int main(int, char **) "shortcut_preset_inclination_3" QVariant(QString, "")
seg. ago. 17 17:13:48 2026 1786997628989 Debug: main.cpp int main(int, char **) "shortcut_preset_inclination_4" QVariant(QString, "")
seg. ago. 17 17:13:48 2026 1786997628990 Debug: main.cpp int main(int, char **) "shortcut_preset_inclination_5" QVariant(QString, "")
seg. ago. 17 17:13:48 2026 1786997628991 Debug: main.cpp int main(int, char **) "shortcut_preset_powerzone_1" QVariant(QString, "")
seg. ago. 17 17:13:48 2026 1786997628992 Debug: main.cpp int main(int, char **) "shortcut_preset_powerzone_2" QVariant(QString, "")
seg. ago. 17 17:13:48 2026 1786997628992 Debug: main.cpp int main(int, char **) "shortcut_preset_powerzone_3" QVariant(QString, "")
seg. ago. 17 17:13:48 2026 1786997628992 Debug: main.cpp int main(int, char **) "shortcut_preset_powerzone_4" QVariant(QString, "")
seg. ago. 17 17:13:48 2026 1786997628993 Debug: main.cpp int main(int, char **) "shortcut_preset_powerzone_5" QVariant(QString, "")
seg. ago. 17 17:13:48 2026 1786997628994 Debug: main.cpp int main(int, char **) "shortcut_preset_powerzone_6" QVariant(QString, "")
seg. ago. 17 17:13:48 2026 1786997628995 Debug: main.cpp int main(int, char **) "shortcut_preset_powerzone_7" QVariant(QString, "")
seg. ago. 17 17:13:48 2026 1786997628996 Debug: main.cpp int main(int, char **) "shortcut_preset_resistance_1" QVariant(QString, "")
seg. ago. 17 17:13:48 2026 1786997628996 Debug: main.cpp int main(int, char **) "shortcut_preset_resistance_2" QVariant(QString, "")
seg. ago. 17 17:13:48 2026 1786997628997 Debug: main.cpp int main(int, char **) "shortcut_preset_resistance_3" QVariant(QString, "")
seg. ago. 17 17:13:48 2026 1786997628998 Debug: main.cpp int main(int, char **) "shortcut_preset_resistance_4" QVariant(QString, "")
seg. ago. 17 17:13:48 2026 1786997628998 Debug: main.cpp int main(int, char **) "shortcut_preset_resistance_5" QVariant(QString, "")
seg. ago. 17 17:13:48 2026 1786997628999 Debug: main.cpp int main(int, char **) "shortcut_preset_speed_1" QVariant(QString, "")
seg. ago. 17 17:13:49 2026 1786997629000 Debug: main.cpp int main(int, char **) "shortcut_preset_speed_2" QVariant(QString, "")
seg. ago. 17 17:13:49 2026 1786997629000 Debug: main.cpp int main(int, char **) "shortcut_preset_speed_3" QVariant(QString, "")
seg. ago. 17 17:13:49 2026 1786997629000 Debug: main.cpp int main(int, char **) "shortcut_preset_speed_4" QVariant(QString, "")
seg. ago. 17 17:13:49 2026 1786997629001 Debug: main.cpp int main(int, char **) "shortcut_preset_speed_5" QVariant(QString, "")
seg. ago. 17 17:13:49 2026 1786997629002 Debug: main.cpp int main(int, char **) "shortcut_remaining_time_minus" QVariant(QString, "")
seg. ago. 17 17:13:49 2026 1786997629002 Debug: main.cpp int main(int, char **) "shortcut_remaining_time_plus" QVariant(QString, "")
seg. ago. 17 17:13:49 2026 1786997629003 Debug: main.cpp int main(int, char **) "shortcut_resistance_minus" QVariant(QString, "")
seg. ago. 17 17:13:49 2026 1786997629003 Debug: main.cpp int main(int, char **) "shortcut_resistance_plus" QVariant(QString, "")
seg. ago. 17 17:13:49 2026 1786997629004 Debug: main.cpp int main(int, char **) "shortcut_speed_minus" QVariant(QString, "")
seg. ago. 17 17:13:49 2026 1786997629005 Debug: main.cpp int main(int, char **) "shortcut_speed_plus" QVariant(QString, "")
seg. ago. 17 17:13:49 2026 1786997629005 Debug: main.cpp int main(int, char **) "shortcut_start_stop" QVariant(QString, "")
seg. ago. 17 17:13:49 2026 1786997629006 Debug: main.cpp int main(int, char **) "shortcut_stop" QVariant(QString, "")
seg. ago. 17 17:13:49 2026 1786997629007 Debug: main.cpp int main(int, char **) "shortcut_target_incline_minus" QVariant(QString, "")
seg. ago. 17 17:13:49 2026 1786997629007 Debug: main.cpp int main(int, char **) "shortcut_target_incline_plus" QVariant(QString, "")
seg. ago. 17 17:13:49 2026 1786997629008 Debug: main.cpp int main(int, char **) "shortcut_target_power_minus" QVariant(QString, "")
seg. ago. 17 17:13:49 2026 1786997629009 Debug: main.cpp int main(int, char **) "shortcut_target_power_plus" QVariant(QString, "")
seg. ago. 17 17:13:49 2026 1786997629010 Debug: main.cpp int main(int, char **) "shortcut_target_resistance_minus" QVariant(QString, "")
seg. ago. 17 17:13:49 2026 1786997629011 Debug: main.cpp int main(int, char **) "shortcut_target_resistance_plus" QVariant(QString, "")
seg. ago. 17 17:13:49 2026 1786997629011 Debug: main.cpp int main(int, char **) "shortcut_target_speed_minus" QVariant(QString, "")
seg. ago. 17 17:13:49 2026 1786997629012 Debug: main.cpp int main(int, char **) "shortcut_target_speed_plus" QVariant(QString, "")
seg. ago. 17 17:13:49 2026 1786997629013 Debug: main.cpp int main(int, char **) "shortcut_target_zone_minus" QVariant(QString, "")
seg. ago. 17 17:13:49 2026 1786997629013 Debug: main.cpp int main(int, char **) "shortcut_target_zone_plus" QVariant(QString, "")
seg. ago. 17 17:13:49 2026 1786997629014 Debug: main.cpp int main(int, char **) "shortcuts_enabled" QVariant(QString, "false")
seg. ago. 17 17:13:49 2026 1786997629014 Debug: main.cpp int main(int, char **) "simulated_bike" QVariant(QString, "true")
seg. ago. 17 17:13:49 2026 1786997629015 Debug: main.cpp int main(int, char **) "simulated_bike_ride" QVariant(QString, "")
seg. ago. 17 17:13:49 2026 1786997629015 Debug: main.cpp int main(int, char **) "skandika_wiri_x2000_protocol" QVariant(QString, "true")
seg. ago. 17 17:13:49 2026 1786997629016 Debug: main.cpp int main(int, char **) "skipLocationServicesDialog" QVariant(QString, "false")
seg. ago. 17 17:13:49 2026 1786997629016 Debug: main.cpp int main(int, char **) "snode_bike" QVariant(QString, "false")
seg. ago. 17 17:13:49 2026 1786997629016 Debug: main.cpp int main(int, char **) "sole_elliptical_e55" QVariant(QString, "false")
seg. ago. 17 17:13:49 2026 1786997629017 Debug: main.cpp int main(int, char **) "sole_elliptical_inclination" QVariant(QString, "false")
seg. ago. 17 17:13:49 2026 1786997629018 Debug: main.cpp int main(int, char **) "sole_treadmill_f63" QVariant(QString, "false")
seg. ago. 17 17:13:49 2026 1786997629019 Debug: main.cpp int main(int, char **) "sole_treadmill_f65" QVariant(QString, "false")
seg. ago. 17 17:13:49 2026 1786997629019 Debug: main.cpp int main(int, char **) "sole_treadmill_inclination" QVariant(QString, "false")
seg. ago. 17 17:13:49 2026 1786997629020 Debug: main.cpp int main(int, char **) "sole_treadmill_inclination_fast" QVariant(QString, "false")
seg. ago. 17 17:13:49 2026 1786997629020 Debug: main.cpp int main(int, char **) "sole_treadmill_miles" QVariant(QString, "true")
seg. ago. 17 17:13:49 2026 1786997629021 Debug: main.cpp int main(int, char **) "sole_treadmill_tt8" QVariant(QString, "false")
seg. ago. 17 17:13:49 2026 1786997629022 Debug: main.cpp int main(int, char **) "sp_ht_9600ie" QVariant(QString, "false")
seg. ago. 17 17:13:49 2026 1786997629022 Debug: main.cpp int main(int, char **) "speed_gain" QVariant(QString, "1")
seg. ago. 17 17:13:49 2026 1786997629023 Debug: main.cpp int main(int, char **) "speed_offset" QVariant(QString, "0")
seg. ago. 17 17:13:49 2026 1786997629023 Debug: main.cpp int main(int, char **) "speed_power_based" QVariant(QString, "false")
seg. ago. 17 17:13:49 2026 1786997629024 Debug: main.cpp int main(int, char **) "sportstech_esx500" QVariant(QString, "false")
seg. ago. 17 17:13:49 2026 1786997629025 Debug: main.cpp int main(int, char **) "sportstech_sx600" QVariant(QString, "false")
seg. ago. 17 17:13:49 2026 1786997629026 Debug: main.cpp int main(int, char **) "sram_axs_controller" QVariant(QString, "false")
seg. ago. 17 17:13:49 2026 1786997629026 Debug: main.cpp int main(int, char **) "ss2k_max_resistance" QVariant(QString, "100")
seg. ago. 17 17:13:49 2026 1786997629027 Debug: main.cpp int main(int, char **) "ss2k_min_resistance" QVariant(QString, "0")
seg. ago. 17 17:13:49 2026 1786997629028 Debug: main.cpp int main(int, char **) "ss2k_peloton" QVariant(QString, "false")
seg. ago. 17 17:13:49 2026 1786997629029 Debug: main.cpp int main(int, char **) "ss2k_resistance_sample_1" QVariant(QString, "20")
seg. ago. 17 17:13:49 2026 1786997629030 Debug: main.cpp int main(int, char **) "ss2k_resistance_sample_2" QVariant(QString, "30")
seg. ago. 17 17:13:49 2026 1786997629031 Debug: main.cpp int main(int, char **) "ss2k_resistance_sample_3" QVariant(QString, "40")
seg. ago. 17 17:13:49 2026 1786997629032 Debug: main.cpp int main(int, char **) "ss2k_resistance_sample_4" QVariant(QString, "50")
seg. ago. 17 17:13:49 2026 1786997629032 Debug: main.cpp int main(int, char **) "ss2k_shift_step" QVariant(QString, "900")
seg. ago. 17 17:13:49 2026 1786997629034 Debug: main.cpp int main(int, char **) "ss2k_shift_step_sample_1" QVariant(QString, "0")
seg. ago. 17 17:13:49 2026 1786997629035 Debug: main.cpp int main(int, char **) "ss2k_shift_step_sample_2" QVariant(QString, "0")
seg. ago. 17 17:13:49 2026 1786997629035 Debug: main.cpp int main(int, char **) "ss2k_shift_step_sample_3" QVariant(QString, "0")
seg. ago. 17 17:13:49 2026 1786997629036 Debug: main.cpp int main(int, char **) "ss2k_shift_step_sample_4" QVariant(QString, "0")
seg. ago. 17 17:13:49 2026 1786997629037 Debug: main.cpp int main(int, char **) "step_gain" QVariant(QString, "1")
seg. ago. 17 17:13:49 2026 1786997629038 Debug: main.cpp int main(int, char **) "strava_auth_external_webbrowser" QVariant(QString, "false")
seg. ago. 17 17:13:49 2026 1786997629039 Debug: main.cpp int main(int, char **) "strava_date_prefix" QVariant(QString, "false")
seg. ago. 17 17:13:49 2026 1786997629040 Debug: main.cpp int main(int, char **) "strava_suffix" QVariant(QString, "#QZ")
seg. ago. 17 17:13:49 2026 1786997629041 Debug: main.cpp int main(int, char **) "strava_treadmill" QVariant(QString, "true")
seg. ago. 17 17:13:49 2026 1786997629041 Debug: main.cpp int main(int, char **) "strava_upload_mode" QVariant(QString, "Always")
seg. ago. 17 17:13:49 2026 1786997629042 Debug: main.cpp int main(int, char **) "strava_virtual_activity" QVariant(QString, "true")
seg. ago. 17 17:13:49 2026 1786997629042 Debug: main.cpp int main(int, char **) "stryd_add_inclination_gain" QVariant(QString, "false")
seg. ago. 17 17:13:49 2026 1786997629043 Debug: main.cpp int main(int, char **) "stryd_inclination_instead_treadmill" QVariant(QString, "false")
seg. ago. 17 17:13:49 2026 1786997629044 Debug: main.cpp int main(int, char **) "stryd_speed_instead_treadmill" QVariant(QString, "false")
seg. ago. 17 17:13:49 2026 1786997629045 Debug: main.cpp int main(int, char **) "tacx_neo2_peloton" QVariant(QString, "false")
seg. ago. 17 17:13:49 2026 1786997629046 Debug: main.cpp int main(int, char **) "tacxneo2_disable_negative_inclination" QVariant(QString, "false")
seg. ago. 17 17:13:49 2026 1786997629047 Debug: main.cpp int main(int, char **) "taurua_ic90" QVariant(QString, "false")
seg. ago. 17 17:13:49 2026 1786997629048 Debug: main.cpp int main(int, char **) "tdf_10_ip" QVariant(QString, "")
seg. ago. 17 17:13:49 2026 1786997629050 Debug: main.cpp int main(int, char **) "technogym_bike" QVariant(QString, "false")
seg. ago. 17 17:13:49 2026 1786997629051 Debug: main.cpp int main(int, char **) "technogym_group_cycle" QVariant(QString, "false")
seg. ago. 17 17:13:49 2026 1786997629051 Debug: main.cpp int main(int, char **) "technogym_myrun_treadmill_experimental" QVariant(QString, "false")
seg. ago. 17 17:13:49 2026 1786997629052 Debug: main.cpp int main(int, char **) "template_inner_QZWS_enabled" QVariant(QString, "true")
seg. ago. 17 17:13:49 2026 1786997629053 Debug: main.cpp int main(int, char **) "template_inner_QZWS_folders" QVariant(QStringList, (":/inner_templates//i18n", ":/inner_templates//previewchart", ":/inner_templates//floating", ":/inner_templates//workouteditor", ":/inner_templates//maps2d", ":/inner_templates//trainingbrowser", ":/inner_templates//chartjs", ":/inner_templates//workoutpreview", ":/inner_templates//googlemaps"))
seg. ago. 17 17:13:49 2026 1786997629054 Debug: main.cpp int main(int, char **) "template_inner_QZWS_ips" QVariant(Invalid)
seg. ago. 17 17:13:49 2026 1786997629054 Debug: main.cpp int main(int, char **) "template_inner_QZWS_port" QVariant(QString, "35619")
seg. ago. 17 17:13:49 2026 1786997629055 Debug: main.cpp int main(int, char **) "template_inner_QZWS_type" QVariant(QString, "WebServer")
seg. ago. 17 17:13:49 2026 1786997629056 Debug: main.cpp int main(int, char **) "template_inner_ids" QVariant(QString, "inner_QZWS")
seg. ago. 17 17:13:49 2026 1786997629057 Debug: main.cpp int main(int, char **) "template_user_QZWS_enabled" QVariant(QString, "false")
seg. ago. 17 17:13:49 2026 1786997629058 Debug: main.cpp int main(int, char **) "template_user_QZWS_folders" QVariant(QStringList, (":/templates//debug", ":/templates//example"))
seg. ago. 17 17:13:49 2026 1786997629059 Debug: main.cpp int main(int, char **) "template_user_QZWS_ips" QVariant(Invalid)
seg. ago. 17 17:13:49 2026 1786997629059 Debug: main.cpp int main(int, char **) "template_user_QZWS_type" QVariant(QString, "WebServer")
seg. ago. 17 17:13:49 2026 1786997629060 Debug: main.cpp int main(int, char **) "template_user_ids" QVariant(QStringList, ("user_vlc", "user_qz", "user_QZWS"))
seg. ago. 17 17:13:49 2026 1786997629061 Debug: main.cpp int main(int, char **) "template_user_qz_enabled" QVariant(QString, "false")
seg. ago. 17 17:13:49 2026 1786997629062 Debug: main.cpp int main(int, char **) "template_user_qz_type" QVariant(QString, "TcpClient")
seg. ago. 17 17:13:49 2026 1786997629063 Debug: main.cpp int main(int, char **) "template_user_vlc_enabled" QVariant(QString, "false")
seg. ago. 17 17:13:49 2026 1786997629063 Debug: main.cpp int main(int, char **) "template_user_vlc_type" QVariant(QString, "TcpClient")
seg. ago. 17 17:13:49 2026 1786997629064 Debug: main.cpp int main(int, char **) "theme_background_color" QVariant(QString, "#303030")
seg. ago. 17 17:13:49 2026 1786997629065 Debug: main.cpp int main(int, char **) "theme_status_bar_background_color" QVariant(QString, "#800080")
seg. ago. 17 17:13:49 2026 1786997629065 Debug: main.cpp int main(int, char **) "theme_tile_background_color" QVariant(QString, "#303030")
seg. ago. 17 17:13:49 2026 1786997629066 Debug: main.cpp int main(int, char **) "theme_tile_icon_enabled" QVariant(QString, "true")
seg. ago. 17 17:13:49 2026 1786997629066 Debug: main.cpp int main(int, char **) "theme_tile_secondline_textsize" QVariant(QString, "12")
seg. ago. 17 17:13:49 2026 1786997629067 Debug: main.cpp int main(int, char **) "theme_tile_shadow_color" QVariant(QString, "#9C27B0")
seg. ago. 17 17:13:49 2026 1786997629068 Debug: main.cpp int main(int, char **) "theme_tile_shadow_enabled" QVariant(QString, "true")
seg. ago. 17 17:13:49 2026 1786997629068 Debug: main.cpp int main(int, char **) "thinkrider_controller" QVariant(QString, "false")
seg. ago. 17 17:13:49 2026 1786997629069 Debug: main.cpp int main(int, char **) "tile_auto_virtual_shifting_climb_enabled" QVariant(QString, "false")
seg. ago. 17 17:13:49 2026 1786997629070 Debug: main.cpp int main(int, char **) "tile_auto_virtual_shifting_climb_order" QVariant(QString, "56")
seg. ago. 17 17:13:49 2026 1786997629071 Debug: main.cpp int main(int, char **) "tile_auto_virtual_shifting_cruise_enabled" QVariant(QString, "false")
seg. ago. 17 17:13:49 2026 1786997629072 Debug: main.cpp int main(int, char **) "tile_auto_virtual_shifting_cruise_order" QVariant(QString, "55")
seg. ago. 17 17:13:49 2026 1786997629073 Debug: main.cpp int main(int, char **) "tile_auto_virtual_shifting_sprint_enabled" QVariant(QString, "false")
seg. ago. 17 17:13:49 2026 1786997629075 Debug: main.cpp int main(int, char **) "tile_auto_virtual_shifting_sprint_order" QVariant(QString, "57")
seg. ago. 17 17:13:49 2026 1786997629076 Debug: main.cpp int main(int, char **) "tile_avg_pace_enabled" QVariant(QString, "false")
seg. ago. 17 17:13:49 2026 1786997629077 Debug: main.cpp int main(int, char **) "tile_avg_pace_order" QVariant(QString, "76")
seg. ago. 17 17:13:49 2026 1786997629078 Debug: main.cpp int main(int, char **) "tile_avg_watt_lap_enabled" QVariant(QString, "false")
seg. ago. 17 17:13:49 2026 1786997629079 Debug: main.cpp int main(int, char **) "tile_avg_watt_lap_order" QVariant(QString, "48")
seg. ago. 17 17:13:49 2026 1786997629080 Debug: main.cpp int main(int, char **) "tile_avgwatt_enabled" QVariant(QString, "true")
seg. ago. 17 17:13:49 2026 1786997629081 Debug: main.cpp int main(int, char **) "tile_avgwatt_order" QVariant(QString, "9")
seg. ago. 17 17:13:49 2026 1786997629082 Debug: main.cpp int main(int, char **) "tile_biggears_enabled" QVariant(QString, "false")
seg. ago. 17 17:13:49 2026 1786997629083 Debug: main.cpp int main(int, char **) "tile_biggears_order" QVariant(QString, "54")
seg. ago. 17 17:13:49 2026 1786997629084 Debug: main.cpp int main(int, char **) "tile_biggears_swap" QVariant(QString, "false")
seg. ago. 17 17:13:49 2026 1786997629085 Debug: main.cpp int main(int, char **) "tile_cadence_color_enabled" QVariant(QString, "false")
seg. ago. 17 17:13:49 2026 1786997629086 Debug: main.cpp int main(int, char **) "tile_cadence_enabled" QVariant(QString, "true")
seg. ago. 17 17:13:49 2026 1786997629087 Debug: main.cpp int main(int, char **) "tile_cadence_order" QVariant(QString, "2")
seg. ago. 17 17:13:49 2026 1786997629088 Debug: main.cpp int main(int, char **) "tile_calories_enabled" QVariant(QString, "true")
seg. ago. 17 17:13:49 2026 1786997629089 Debug: main.cpp int main(int, char **) "tile_calories_order" QVariant(QString, "4")
seg. ago. 17 17:13:49 2026 1786997629090 Debug: main.cpp int main(int, char **) "tile_coretemperature_enabled" QVariant(QString, "false")
seg. ago. 17 17:13:49 2026 1786997629092 Debug: main.cpp int main(int, char **) "tile_coretemperature_order" QVariant(QString, "67")
seg. ago. 17 17:13:49 2026 1786997629093 Debug: main.cpp int main(int, char **) "tile_datetime_enabled" QVariant(QString, "true")
seg. ago. 17 17:13:49 2026 1786997629094 Debug: main.cpp int main(int, char **) "tile_datetime_order" QVariant(QString, "16")
seg. ago. 17 17:13:49 2026 1786997629095 Debug: main.cpp int main(int, char **) "tile_elapsed_enabled" QVariant(QString, "true")
seg. ago. 17 17:13:49 2026 1786997629096 Debug: main.cpp int main(int, char **) "tile_elapsed_order" QVariant(QString, "14")
seg. ago. 17 17:13:49 2026 1786997629097 Debug: main.cpp int main(int, char **) "tile_elevation_enabled" QVariant(QString, "true")
seg. ago. 17 17:13:49 2026 1786997629098 Debug: main.cpp int main(int, char **) "tile_elevation_order" QVariant(QString, "3")
seg. ago. 17 17:13:49 2026 1786997629099 Debug: main.cpp int main(int, char **) "tile_erg_mode_enabled" QVariant(QString, "false")
seg. ago. 17 17:13:49 2026 1786997629100 Debug: main.cpp int main(int, char **) "tile_erg_mode_order" QVariant(QString, "52")
seg. ago. 17 17:13:49 2026 1786997629101 Debug: main.cpp int main(int, char **) "tile_ext_incline_enabled" QVariant(QString, "false")
seg. ago. 17 17:13:49 2026 1786997629103 Debug: main.cpp int main(int, char **) "tile_ext_incline_order" QVariant(QString, "32")
seg. ago. 17 17:13:49 2026 1786997629104 Debug: main.cpp int main(int, char **) "tile_fan_enabled" QVariant(QString, "true")
seg. ago. 17 17:13:49 2026 1786997629105 Debug: main.cpp int main(int, char **) "tile_fan_order" QVariant(QString, "12")
seg. ago. 17 17:13:49 2026 1786997629106 Debug: main.cpp int main(int, char **) "tile_ftp_enabled" QVariant(QString, "true")
seg. ago. 17 17:13:49 2026 1786997629107 Debug: main.cpp int main(int, char **) "tile_ftp_order" QVariant(QString, "10")
seg. ago. 17 17:13:49 2026 1786997629107 Debug: main.cpp int main(int, char **) "tile_gears_enabled" QVariant(QString, "false")
seg. ago. 17 17:13:49 2026 1786997629108 Debug: main.cpp int main(int, char **) "tile_gears_order" QVariant(QString, "26")
seg. ago. 17 17:13:49 2026 1786997629108 Debug: main.cpp int main(int, char **) "tile_grade_adjusted_pace_enabled" QVariant(QString, "false")
seg. ago. 17 17:13:49 2026 1786997629109 Debug: main.cpp int main(int, char **) "tile_grade_adjusted_pace_order" QVariant(QString, "79")
seg. ago. 17 17:13:49 2026 1786997629109 Debug: main.cpp int main(int, char **) "tile_ground_contact_enabled" QVariant(QString, "false")
seg. ago. 17 17:13:49 2026 1786997629110 Debug: main.cpp int main(int, char **) "tile_ground_contact_order" QVariant(QString, "33")
seg. ago. 17 17:13:49 2026 1786997629111 Debug: main.cpp int main(int, char **) "tile_heart_enabled" QVariant(QString, "true")
seg. ago. 17 17:13:49 2026 1786997629111 Debug: main.cpp int main(int, char **) "tile_heart_order" QVariant(QString, "11")
seg. ago. 17 17:13:49 2026 1786997629112 Debug: main.cpp int main(int, char **) "tile_heart_show_as_percent" QVariant(QString, "false")
seg. ago. 17 17:13:49 2026 1786997629113 Debug: main.cpp int main(int, char **) "tile_heat_time_in_zone_1_enabled" QVariant(QString, "false")
seg. ago. 17 17:13:49 2026 1786997629114 Debug: main.cpp int main(int, char **) "tile_heat_time_in_zone_1_order" QVariant(QString, "68")
seg. ago. 17 17:13:49 2026 1786997629114 Debug: main.cpp int main(int, char **) "tile_heat_time_in_zone_2_enabled" QVariant(QString, "false")
seg. ago. 17 17:13:49 2026 1786997629115 Debug: main.cpp int main(int, char **) "tile_heat_time_in_zone_2_order" QVariant(QString, "69")
seg. ago. 17 17:13:49 2026 1786997629115 Debug: main.cpp int main(int, char **) "tile_heat_time_in_zone_3_enabled" QVariant(QString, "false")
seg. ago. 17 17:13:49 2026 1786997629116 Debug: main.cpp int main(int, char **) "tile_heat_time_in_zone_3_order" QVariant(QString, "70")
seg. ago. 17 17:13:49 2026 1786997629116 Debug: main.cpp int main(int, char **) "tile_heat_time_in_zone_4_enabled" QVariant(QString, "false")
seg. ago. 17 17:13:49 2026 1786997629117 Debug: main.cpp int main(int, char **) "tile_heat_time_in_zone_4_order" QVariant(QString, "71")
seg. ago. 17 17:13:49 2026 1786997629117 Debug: main.cpp int main(int, char **) "tile_hr_time_in_zone_1_enabled" QVariant(QString, "false")
seg. ago. 17 17:13:49 2026 1786997629117 Debug: main.cpp int main(int, char **) "tile_hr_time_in_zone_1_order" QVariant(QString, "62")
seg. ago. 17 17:13:49 2026 1786997629118 Debug: main.cpp int main(int, char **) "tile_hr_time_in_zone_2_enabled" QVariant(QString, "false")
seg. ago. 17 17:13:49 2026 1786997629119 Debug: main.cpp int main(int, char **) "tile_hr_time_in_zone_2_order" QVariant(QString, "63")
seg. ago. 17 17:13:49 2026 1786997629119 Debug: main.cpp int main(int, char **) "tile_hr_time_in_zone_3_enabled" QVariant(QString, "false")
seg. ago. 17 17:13:49 2026 1786997629120 Debug: main.cpp int main(int, char **) "tile_hr_time_in_zone_3_order" QVariant(QString, "64")
seg. ago. 17 17:13:49 2026 1786997629121 Debug: main.cpp int main(int, char **) "tile_hr_time_in_zone_4_enabled" QVariant(QString, "false")
seg. ago. 17 17:13:49 2026 1786997629122 Debug: main.cpp int main(int, char **) "tile_hr_time_in_zone_4_order" QVariant(QString, "65")
seg. ago. 17 17:13:49 2026 1786997629123 Debug: main.cpp int main(int, char **) "tile_hr_time_in_zone_5_enabled" QVariant(QString, "false")
seg. ago. 17 17:13:49 2026 1786997629123 Debug: main.cpp int main(int, char **) "tile_hr_time_in_zone_5_order" QVariant(QString, "66")
seg. ago. 17 17:13:49 2026 1786997629124 Debug: main.cpp int main(int, char **) "tile_hr_time_in_zone_individual_mode" QVariant(QString, "false")
seg. ago. 17 17:13:49 2026 1786997629124 Debug: main.cpp int main(int, char **) "tile_hrv_enabled" QVariant(QString, "false")
seg. ago. 17 17:13:49 2026 1786997629125 Debug: main.cpp int main(int, char **) "tile_hrv_order" QVariant(QString, "78")
seg. ago. 17 17:13:49 2026 1786997629125 Debug: main.cpp int main(int, char **) "tile_inclination_enabled" QVariant(QString, "true")
seg. ago. 17 17:13:49 2026 1786997629126 Debug: main.cpp int main(int, char **) "tile_inclination_order" QVariant(QString, "1")
seg. ago. 17 17:13:49 2026 1786997629127 Debug: main.cpp int main(int, char **) "tile_instantaneous_stride_length_enabled" QVariant(QString, "false")
seg. ago. 17 17:13:49 2026 1786997629128 Debug: main.cpp int main(int, char **) "tile_instantaneous_stride_length_order" QVariant(QString, "32")
seg. ago. 17 17:13:49 2026 1786997629128 Debug: main.cpp int main(int, char **) "tile_jouls_enabled" QVariant(QString, "true")
seg. ago. 17 17:13:49 2026 1786997629129 Debug: main.cpp int main(int, char **) "tile_jouls_order" QVariant(QString, "13")
seg. ago. 17 17:13:49 2026 1786997629129 Debug: main.cpp int main(int, char **) "tile_lapelapsed_enabled" QVariant(QString, "false")
seg. ago. 17 17:13:49 2026 1786997629130 Debug: main.cpp int main(int, char **) "tile_lapelapsed_order" QVariant(QString, "17")
seg. ago. 17 17:13:49 2026 1786997629130 Debug: main.cpp int main(int, char **) "tile_mets_enabled" QVariant(QString, "false")
seg. ago. 17 17:13:49 2026 1786997629131 Debug: main.cpp int main(int, char **) "tile_mets_order" QVariant(QString, "28")
seg. ago. 17 17:13:49 2026 1786997629131 Debug: main.cpp int main(int, char **) "tile_moving_time_enabled" QVariant(QString, "false")
seg. ago. 17 17:13:49 2026 1786997629131 Debug: main.cpp int main(int, char **) "tile_moving_time_order" QVariant(QString, "21")
seg. ago. 17 17:13:49 2026 1786997629132 Debug: main.cpp int main(int, char **) "tile_negative_inclination_enabled" QVariant(QString, "false")
seg. ago. 17 17:13:49 2026 1786997629132 Debug: main.cpp int main(int, char **) "tile_negative_inclination_order" QVariant(QString, "75")
seg. ago. 17 17:13:49 2026 1786997629133 Debug: main.cpp int main(int, char **) "tile_nextrowstrainprogram_enabled" QVariant(QString, "false")
seg. ago. 17 17:13:49 2026 1786997629133 Debug: main.cpp int main(int, char **) "tile_nextrowstrainprogram_order" QVariant(QString, "31")
seg. ago. 17 17:13:49 2026 1786997629133 Debug: main.cpp int main(int, char **) "tile_odometer_enabled" QVariant(QString, "true")
seg. ago. 17 17:13:49 2026 1786997629134 Debug: main.cpp int main(int, char **) "tile_odometer_order" QVariant(QString, "5")
seg. ago. 17 17:13:49 2026 1786997629134 Debug: main.cpp int main(int, char **) "tile_pace_color_enabled" QVariant(QString, "true")
seg. ago. 17 17:13:49 2026 1786997629134 Debug: main.cpp int main(int, char **) "tile_pace_enabled" QVariant(QString, "true")
seg. ago. 17 17:13:49 2026 1786997629135 Debug: main.cpp int main(int, char **) "tile_pace_last500m_enabled" QVariant(QString, "true")
seg. ago. 17 17:13:49 2026 1786997629135 Debug: main.cpp int main(int, char **) "tile_pace_last500m_order" QVariant(QString, "49")
seg. ago. 17 17:13:49 2026 1786997629136 Debug: main.cpp int main(int, char **) "tile_pace_order" QVariant(QString, "6")
seg. ago. 17 17:13:49 2026 1786997629136 Debug: main.cpp int main(int, char **) "tile_peloton_difficulty_enabled" QVariant(QString, "false")
seg. ago. 17 17:13:49 2026 1786997629136 Debug: main.cpp int main(int, char **) "tile_peloton_difficulty_order" QVariant(QString, "32")
seg. ago. 17 17:13:49 2026 1786997629137 Debug: main.cpp int main(int, char **) "tile_peloton_offset_enabled" QVariant(QString, "false")
seg. ago. 17 17:13:49 2026 1786997629138 Debug: main.cpp int main(int, char **) "tile_peloton_offset_order" QVariant(QString, "22")
seg. ago. 17 17:13:49 2026 1786997629138 Debug: main.cpp int main(int, char **) "tile_peloton_remaining_enabled" QVariant(QString, "false")
seg. ago. 17 17:13:49 2026 1786997629139 Debug: main.cpp int main(int, char **) "tile_peloton_remaining_order" QVariant(QString, "22")
seg. ago. 17 17:13:49 2026 1786997629140 Debug: main.cpp int main(int, char **) "tile_peloton_resistance_color_enabled" QVariant(QString, "false")
seg. ago. 17 17:13:49 2026 1786997629141 Debug: main.cpp int main(int, char **) "tile_peloton_resistance_enabled" QVariant(QString, "true")
seg. ago. 17 17:13:49 2026 1786997629141 Debug: main.cpp int main(int, char **) "tile_peloton_resistance_order" QVariant(QString, "15")
seg. ago. 17 17:13:49 2026 1786997629142 Debug: main.cpp int main(int, char **) "tile_pid_hr_enabled" QVariant(QString, "false")
seg. ago. 17 17:13:49 2026 1786997629142 Debug: main.cpp int main(int, char **) "tile_pid_hr_order" QVariant(QString, "31")
seg. ago. 17 17:13:49 2026 1786997629143 Debug: main.cpp int main(int, char **) "tile_power_avg_enabled" QVariant(QString, "false")
seg. ago. 17 17:13:49 2026 1786997629144 Debug: main.cpp int main(int, char **) "tile_power_avg_order" QVariant(QString, "77")
seg. ago. 17 17:13:49 2026 1786997629144 Debug: main.cpp int main(int, char **) "tile_preset_inclination_1_color" QVariant(QString, "grey")
seg. ago. 17 17:13:49 2026 1786997629145 Debug: main.cpp int main(int, char **) "tile_preset_inclination_1_enabled" QVariant(QString, "false")
seg. ago. 17 17:13:49 2026 1786997629146 Debug: main.cpp int main(int, char **) "tile_preset_inclination_1_label" QVariant(QString, "0%")
seg. ago. 17 17:13:49 2026 1786997629146 Debug: main.cpp int main(int, char **) "tile_preset_inclination_1_order" QVariant(QString, "43")
seg. ago. 17 17:13:49 2026 1786997629147 Debug: main.cpp int main(int, char **) "tile_preset_inclination_1_value" QVariant(QString, "0")
seg. ago. 17 17:13:49 2026 1786997629147 Debug: main.cpp int main(int, char **) "tile_preset_inclination_2_color" QVariant(QString, "grey")
seg. ago. 17 17:13:49 2026 1786997629148 Debug: main.cpp int main(int, char **) "tile_preset_inclination_2_enabled" QVariant(QString, "false")
seg. ago. 17 17:13:49 2026 1786997629148 Debug: main.cpp int main(int, char **) "tile_preset_inclination_2_label" QVariant(QString, "1%")
seg. ago. 17 17:13:49 2026 1786997629149 Debug: main.cpp int main(int, char **) "tile_preset_inclination_2_order" QVariant(QString, "44")
seg. ago. 17 17:13:49 2026 1786997629150 Debug: main.cpp int main(int, char **) "tile_preset_inclination_2_value" QVariant(QString, "1")
seg. ago. 17 17:13:49 2026 1786997629150 Debug: main.cpp int main(int, char **) "tile_preset_inclination_3_color" QVariant(QString, "grey")
seg. ago. 17 17:13:49 2026 1786997629150 Debug: main.cpp int main(int, char **) "tile_preset_inclination_3_enabled" QVariant(QString, "false")
seg. ago. 17 17:13:49 2026 1786997629151 Debug: main.cpp int main(int, char **) "tile_preset_inclination_3_label" QVariant(QString, "2%")
seg. ago. 17 17:13:49 2026 1786997629151 Debug: main.cpp int main(int, char **) "tile_preset_inclination_3_order" QVariant(QString, "45")
seg. ago. 17 17:13:49 2026 1786997629152 Debug: main.cpp int main(int, char **) "tile_preset_inclination_3_value" QVariant(QString, "2")
seg. ago. 17 17:13:49 2026 1786997629152 Debug: main.cpp int main(int, char **) "tile_preset_inclination_4_color" QVariant(QString, "grey")
seg. ago. 17 17:13:49 2026 1786997629153 Debug: main.cpp int main(int, char **) "tile_preset_inclination_4_enabled" QVariant(QString, "false")
seg. ago. 17 17:13:49 2026 1786997629153 Debug: main.cpp int main(int, char **) "tile_preset_inclination_4_label" QVariant(QString, "3%")
seg. ago. 17 17:13:49 2026 1786997629154 Debug: main.cpp int main(int, char **) "tile_preset_inclination_4_order" QVariant(QString, "46")
seg. ago. 17 17:13:49 2026 1786997629154 Debug: main.cpp int main(int, char **) "tile_preset_inclination_4_value" QVariant(QString, "3")
seg. ago. 17 17:13:49 2026 1786997629155 Debug: main.cpp int main(int, char **) "tile_preset_inclination_5_color" QVariant(QString, "grey")
seg. ago. 17 17:13:49 2026 1786997629156 Debug: main.cpp int main(int, char **) "tile_preset_inclination_5_enabled" QVariant(QString, "false")
seg. ago. 17 17:13:49 2026 1786997629156 Debug: main.cpp int main(int, char **) "tile_preset_inclination_5_label" QVariant(QString, "4%")
seg. ago. 17 17:13:49 2026 1786997629157 Debug: main.cpp int main(int, char **) "tile_preset_inclination_5_order" QVariant(QString, "47")
seg. ago. 17 17:13:49 2026 1786997629157 Debug: main.cpp int main(int, char **) "tile_preset_inclination_5_value" QVariant(QString, "4")
seg. ago. 17 17:13:49 2026 1786997629158 Debug: main.cpp int main(int, char **) "tile_preset_powerzone_1_color" QVariant(QString, "white")
seg. ago. 17 17:13:49 2026 1786997629159 Debug: main.cpp int main(int, char **) "tile_preset_powerzone_1_enabled" QVariant(QString, "false")
seg. ago. 17 17:13:49 2026 1786997629160 Debug: main.cpp int main(int, char **) "tile_preset_powerzone_1_label" QVariant(QString, "Zone 1")
seg. ago. 17 17:13:49 2026 1786997629161 Debug: main.cpp int main(int, char **) "tile_preset_powerzone_1_order" QVariant(QString, "55")
seg. ago. 17 17:13:49 2026 1786997629162 Debug: main.cpp int main(int, char **) "tile_preset_powerzone_1_value" QVariant(QString, "1")
seg. ago. 17 17:13:49 2026 1786997629162 Debug: main.cpp int main(int, char **) "tile_preset_powerzone_2_color" QVariant(QString, "limegreen")
seg. ago. 17 17:13:49 2026 1786997629163 Debug: main.cpp int main(int, char **) "tile_preset_powerzone_2_enabled" QVariant(QString, "false")
seg. ago. 17 17:13:49 2026 1786997629163 Debug: main.cpp int main(int, char **) "tile_preset_powerzone_2_label" QVariant(QString, "Zone 2")
seg. ago. 17 17:13:49 2026 1786997629164 Debug: main.cpp int main(int, char **) "tile_preset_powerzone_2_order" QVariant(QString, "56")
seg. ago. 17 17:13:49 2026 1786997629165 Debug: main.cpp int main(int, char **) "tile_preset_powerzone_2_value" QVariant(QString, "2")
seg. ago. 17 17:13:49 2026 1786997629166 Debug: main.cpp int main(int, char **) "tile_preset_powerzone_3_color" QVariant(QString, "gold")
seg. ago. 17 17:13:49 2026 1786997629167 Debug: main.cpp int main(int, char **) "tile_preset_powerzone_3_enabled" QVariant(QString, "false")
seg. ago. 17 17:13:49 2026 1786997629167 Debug: main.cpp int main(int, char **) "tile_preset_powerzone_3_label" QVariant(QString, "Zone 3")
seg. ago. 17 17:13:49 2026 1786997629168 Debug: main.cpp int main(int, char **) "tile_preset_powerzone_3_order" QVariant(QString, "57")
seg. ago. 17 17:13:49 2026 1786997629168 Debug: main.cpp int main(int, char **) "tile_preset_powerzone_3_value" QVariant(QString, "3")
seg. ago. 17 17:13:49 2026 1786997629169 Debug: main.cpp int main(int, char **) "tile_preset_powerzone_4_color" QVariant(QString, "orange")
seg. ago. 17 17:13:49 2026 1786997629170 Debug: main.cpp int main(int, char **) "tile_preset_powerzone_4_enabled" QVariant(QString, "false")
seg. ago. 17 17:13:49 2026 1786997629171 Debug: main.cpp int main(int, char **) "tile_preset_powerzone_4_label" QVariant(QString, "Zone 4")
seg. ago. 17 17:13:49 2026 1786997629172 Debug: main.cpp int main(int, char **) "tile_preset_powerzone_4_order" QVariant(QString, "58")
seg. ago. 17 17:13:49 2026 1786997629173 Debug: main.cpp int main(int, char **) "tile_preset_powerzone_4_value" QVariant(QString, "4")
seg. ago. 17 17:13:49 2026 1786997629174 Debug: main.cpp int main(int, char **) "tile_preset_powerzone_5_color" QVariant(QString, "darkorange")
seg. ago. 17 17:13:49 2026 1786997629175 Debug: main.cpp int main(int, char **) "tile_preset_powerzone_5_enabled" QVariant(QString, "false")
seg. ago. 17 17:13:49 2026 1786997629175 Debug: main.cpp int main(int, char **) "tile_preset_powerzone_5_label" QVariant(QString, "Zone 5")
seg. ago. 17 17:13:49 2026 1786997629176 Debug: main.cpp int main(int, char **) "tile_preset_powerzone_5_order" QVariant(QString, "59")
seg. ago. 17 17:13:49 2026 1786997629177 Debug: main.cpp int main(int, char **) "tile_preset_powerzone_5_value" QVariant(QString, "5")
seg. ago. 17 17:13:49 2026 1786997629177 Debug: main.cpp int main(int, char **) "tile_preset_powerzone_6_color" QVariant(QString, "orangered")
seg. ago. 17 17:13:49 2026 1786997629178 Debug: main.cpp int main(int, char **) "tile_preset_powerzone_6_enabled" QVariant(QString, "false")
seg. ago. 17 17:13:49 2026 1786997629179 Debug: main.cpp int main(int, char **) "tile_preset_powerzone_6_label" QVariant(QString, "Zone 6")
seg. ago. 17 17:13:49 2026 1786997629179 Debug: main.cpp int main(int, char **) "tile_preset_powerzone_6_order" QVariant(QString, "60")
seg. ago. 17 17:13:49 2026 1786997629180 Debug: main.cpp int main(int, char **) "tile_preset_powerzone_6_value" QVariant(QString, "6")
seg. ago. 17 17:13:49 2026 1786997629180 Debug: main.cpp int main(int, char **) "tile_preset_powerzone_7_color" QVariant(QString, "red")
seg. ago. 17 17:13:49 2026 1786997629181 Debug: main.cpp int main(int, char **) "tile_preset_powerzone_7_enabled" QVariant(QString, "false")
seg. ago. 17 17:13:49 2026 1786997629183 Debug: main.cpp int main(int, char **) "tile_preset_powerzone_7_label" QVariant(QString, "Zone 7")
seg. ago. 17 17:13:49 2026 1786997629184 Debug: main.cpp int main(int, char **) "tile_preset_powerzone_7_order" QVariant(QString, "61")
seg. ago. 17 17:13:49 2026 1786997629184 Debug: main.cpp int main(int, char **) "tile_preset_powerzone_7_value" QVariant(QString, "7")
seg. ago. 17 17:13:49 2026 1786997629185 Debug: main.cpp int main(int, char **) "tile_preset_resistance_1_color" QVariant(QString, "grey")
seg. ago. 17 17:13:49 2026 1786997629186 Debug: main.cpp int main(int, char **) "tile_preset_resistance_1_enabled" QVariant(QString, "false")
seg. ago. 17 17:13:49 2026 1786997629187 Debug: main.cpp int main(int, char **) "tile_preset_resistance_1_label" QVariant(QString, "Res. 1")
seg. ago. 17 17:13:49 2026 1786997629188 Debug: main.cpp int main(int, char **) "tile_preset_resistance_1_order" QVariant(QString, "33")
seg. ago. 17 17:13:49 2026 1786997629189 Debug: main.cpp int main(int, char **) "tile_preset_resistance_1_value" QVariant(QString, "1")
seg. ago. 17 17:13:49 2026 1786997629190 Debug: main.cpp int main(int, char **) "tile_preset_resistance_2_color" QVariant(QString, "grey")
seg. ago. 17 17:13:49 2026 1786997629191 Debug: main.cpp int main(int, char **) "tile_preset_resistance_2_enabled" QVariant(QString, "false")
seg. ago. 17 17:13:49 2026 1786997629192 Debug: main.cpp int main(int, char **) "tile_preset_resistance_2_label" QVariant(QString, "Res. 10")
seg. ago. 17 17:13:49 2026 1786997629193 Debug: main.cpp int main(int, char **) "tile_preset_resistance_2_order" QVariant(QString, "34")
seg. ago. 17 17:13:49 2026 1786997629194 Debug: main.cpp int main(int, char **) "tile_preset_resistance_2_value" QVariant(QString, "10")
seg. ago. 17 17:13:49 2026 1786997629194 Debug: main.cpp int main(int, char **) "tile_preset_resistance_3_color" QVariant(QString, "grey")
seg. ago. 17 17:13:49 2026 1786997629195 Debug: main.cpp int main(int, char **) "tile_preset_resistance_3_enabled" QVariant(QString, "false")
seg. ago. 17 17:13:49 2026 1786997629196 Debug: main.cpp int main(int, char **) "tile_preset_resistance_3_label" QVariant(QString, "Res. 20")
seg. ago. 17 17:13:49 2026 1786997629196 Debug: main.cpp int main(int, char **) "tile_preset_resistance_3_order" QVariant(QString, "35")
seg. ago. 17 17:13:49 2026 1786997629197 Debug: main.cpp int main(int, char **) "tile_preset_resistance_3_value" QVariant(QString, "20")
seg. ago. 17 17:13:49 2026 1786997629197 Debug: main.cpp int main(int, char **) "tile_preset_resistance_4_color" QVariant(QString, "grey")
seg. ago. 17 17:13:49 2026 1786997629198 Debug: main.cpp int main(int, char **) "tile_preset_resistance_4_enabled" QVariant(QString, "false")
seg. ago. 17 17:13:49 2026 1786997629198 Debug: main.cpp int main(int, char **) "tile_preset_resistance_4_label" QVariant(QString, "Res. 25")
seg. ago. 17 17:13:49 2026 1786997629199 Debug: main.cpp int main(int, char **) "tile_preset_resistance_4_order" QVariant(QString, "36")
seg. ago. 17 17:13:49 2026 1786997629200 Debug: main.cpp int main(int, char **) "tile_preset_resistance_4_value" QVariant(QString, "25")
seg. ago. 17 17:13:49 2026 1786997629200 Debug: main.cpp int main(int, char **) "tile_preset_resistance_5_color" QVariant(QString, "grey")
seg. ago. 17 17:13:49 2026 1786997629201 Debug: main.cpp int main(int, char **) "tile_preset_resistance_5_enabled" QVariant(QString, "false")
seg. ago. 17 17:13:49 2026 1786997629202 Debug: main.cpp int main(int, char **) "tile_preset_resistance_5_label" QVariant(QString, "Res. 30")
seg. ago. 17 17:13:49 2026 1786997629202 Debug: main.cpp int main(int, char **) "tile_preset_resistance_5_order" QVariant(QString, "37")
seg. ago. 17 17:13:49 2026 1786997629203 Debug: main.cpp int main(int, char **) "tile_preset_resistance_5_value" QVariant(QString, "30")
seg. ago. 17 17:13:49 2026 1786997629203 Debug: main.cpp int main(int, char **) "tile_preset_speed_1_color" QVariant(QString, "grey")
seg. ago. 17 17:13:49 2026 1786997629204 Debug: main.cpp int main(int, char **) "tile_preset_speed_1_enabled" QVariant(QString, "false")
seg. ago. 17 17:13:49 2026 1786997629204 Debug: main.cpp int main(int, char **) "tile_preset_speed_1_label" QVariant(QString, "5 km/h")
seg. ago. 17 17:13:49 2026 1786997629205 Debug: main.cpp int main(int, char **) "tile_preset_speed_1_order" QVariant(QString, "38")
seg. ago. 17 17:13:49 2026 1786997629205 Debug: main.cpp int main(int, char **) "tile_preset_speed_1_value" QVariant(QString, "5")
seg. ago. 17 17:13:49 2026 1786997629206 Debug: main.cpp int main(int, char **) "tile_preset_speed_2_color" QVariant(QString, "grey")
seg. ago. 17 17:13:49 2026 1786997629206 Debug: main.cpp int main(int, char **) "tile_preset_speed_2_enabled" QVariant(QString, "false")
seg. ago. 17 17:13:49 2026 1786997629206 Debug: main.cpp int main(int, char **) "tile_preset_speed_2_label" QVariant(QString, "7 km/h")
seg. ago. 17 17:13:49 2026 1786997629207 Debug: main.cpp int main(int, char **) "tile_preset_speed_2_order" QVariant(QString, "39")
seg. ago. 17 17:13:49 2026 1786997629207 Debug: main.cpp int main(int, char **) "tile_preset_speed_2_value" QVariant(QString, "7")
seg. ago. 17 17:13:49 2026 1786997629208 Debug: main.cpp int main(int, char **) "tile_preset_speed_3_color" QVariant(QString, "grey")
seg. ago. 17 17:13:49 2026 1786997629208 Debug: main.cpp int main(int, char **) "tile_preset_speed_3_enabled" QVariant(QString, "false")
seg. ago. 17 17:13:49 2026 1786997629208 Debug: main.cpp int main(int, char **) "tile_preset_speed_3_label" QVariant(QString, "10 km/h")
seg. ago. 17 17:13:49 2026 1786997629209 Debug: main.cpp int main(int, char **) "tile_preset_speed_3_order" QVariant(QString, "40")
seg. ago. 17 17:13:49 2026 1786997629209 Debug: main.cpp int main(int, char **) "tile_preset_speed_3_value" QVariant(QString, "10")
seg. ago. 17 17:13:49 2026 1786997629210 Debug: main.cpp int main(int, char **) "tile_preset_speed_4_color" QVariant(QString, "grey")
seg. ago. 17 17:13:49 2026 1786997629210 Debug: main.cpp int main(int, char **) "tile_preset_speed_4_enabled" QVariant(QString, "false")
seg. ago. 17 17:13:49 2026 1786997629211 Debug: main.cpp int main(int, char **) "tile_preset_speed_4_label" QVariant(QString, "11 km/h")
seg. ago. 17 17:13:49 2026 1786997629212 Debug: main.cpp int main(int, char **) "tile_preset_speed_4_order" QVariant(QString, "41")
seg. ago. 17 17:13:49 2026 1786997629212 Debug: main.cpp int main(int, char **) "tile_preset_speed_4_value" QVariant(QString, "11")
seg. ago. 17 17:13:49 2026 1786997629213 Debug: main.cpp int main(int, char **) "tile_preset_speed_5_color" QVariant(QString, "grey")
seg. ago. 17 17:13:49 2026 1786997629214 Debug: main.cpp int main(int, char **) "tile_preset_speed_5_enabled" QVariant(QString, "false")
seg. ago. 17 17:13:49 2026 1786997629215 Debug: main.cpp int main(int, char **) "tile_preset_speed_5_label" QVariant(QString, "12 km/h")
seg. ago. 17 17:13:49 2026 1786997629215 Debug: main.cpp int main(int, char **) "tile_preset_speed_5_order" QVariant(QString, "42")
seg. ago. 17 17:13:49 2026 1786997629216 Debug: main.cpp int main(int, char **) "tile_preset_speed_5_value" QVariant(QString, "12")
seg. ago. 17 17:13:49 2026 1786997629217 Debug: main.cpp int main(int, char **) "tile_remainingtimetrainprogramrow_enabled" QVariant(QString, "false")
seg. ago. 17 17:13:49 2026 1786997629218 Debug: main.cpp int main(int, char **) "tile_remainingtimetrainprogramrow_order" QVariant(QString, "27")
seg. ago. 17 17:13:49 2026 1786997629218 Debug: main.cpp int main(int, char **) "tile_resistance_enabled" QVariant(QString, "true")
seg. ago. 17 17:13:49 2026 1786997629219 Debug: main.cpp int main(int, char **) "tile_resistance_order" QVariant(QString, "7")
seg. ago. 17 17:13:49 2026 1786997629220 Debug: main.cpp int main(int, char **) "tile_rss_enabled" QVariant(QString, "false")
seg. ago. 17 17:13:49 2026 1786997629220 Debug: main.cpp int main(int, char **) "tile_rss_order" QVariant(QString, "53")
seg. ago. 17 17:13:49 2026 1786997629221 Debug: main.cpp int main(int, char **) "tile_speed_enabled" QVariant(QString, "true")
seg. ago. 17 17:13:49 2026 1786997629221 Debug: main.cpp int main(int, char **) "tile_speed_order" QVariant(QString, "0")
seg. ago. 17 17:13:49 2026 1786997629222 Debug: main.cpp int main(int, char **) "tile_steering_angle_enabled" QVariant(QString, "false")
seg. ago. 17 17:13:49 2026 1786997629222 Debug: main.cpp int main(int, char **) "tile_steering_angle_order" QVariant(QString, "30")
seg. ago. 17 17:13:49 2026 1786997629223 Debug: main.cpp int main(int, char **) "tile_step_count_enabled" QVariant(QString, "false")
seg. ago. 17 17:13:49 2026 1786997629223 Debug: main.cpp int main(int, char **) "tile_step_count_order" QVariant(QString, "51")
seg. ago. 17 17:13:49 2026 1786997629224 Debug: main.cpp int main(int, char **) "tile_strokes_count_enabled" QVariant(QString, "false")
seg. ago. 17 17:13:49 2026 1786997629224 Debug: main.cpp int main(int, char **) "tile_strokes_count_order" QVariant(QString, "22")
seg. ago. 17 17:13:49 2026 1786997629225 Debug: main.cpp int main(int, char **) "tile_strokes_length_enabled" QVariant(QString, "false")
seg. ago. 17 17:13:49 2026 1786997629225 Debug: main.cpp int main(int, char **) "tile_strokes_length_order" QVariant(QString, "23")
seg. ago. 17 17:13:49 2026 1786997629226 Debug: main.cpp int main(int, char **) "tile_target_cadence_enabled" QVariant(QString, "false")
seg. ago. 17 17:13:49 2026 1786997629226 Debug: main.cpp int main(int, char **) "tile_target_cadence_order" QVariant(QString, "19")
seg. ago. 17 17:13:49 2026 1786997629227 Debug: main.cpp int main(int, char **) "tile_target_incline_enabled" QVariant(QString, "false")
seg. ago. 17 17:13:49 2026 1786997629227 Debug: main.cpp int main(int, char **) "tile_target_incline_order" QVariant(QString, "28")
seg. ago. 17 17:13:49 2026 1786997629228 Debug: main.cpp int main(int, char **) "tile_target_pace_enabled" QVariant(QString, "false")
seg. ago. 17 17:13:49 2026 1786997629228 Debug: main.cpp int main(int, char **) "tile_target_pace_order" QVariant(QString, "50")
seg. ago. 17 17:13:49 2026 1786997629229 Debug: main.cpp int main(int, char **) "tile_target_peloton_resistance_enabled" QVariant(QString, "false")
seg. ago. 17 17:13:49 2026 1786997629229 Debug: main.cpp int main(int, char **) "tile_target_peloton_resistance_order" QVariant(QString, "21")
seg. ago. 17 17:13:49 2026 1786997629230 Debug: main.cpp int main(int, char **) "tile_target_power_enabled" QVariant(QString, "false")
seg. ago. 17 17:13:49 2026 1786997629230 Debug: main.cpp int main(int, char **) "tile_target_power_order" QVariant(QString, "20")
seg. ago. 17 17:13:49 2026 1786997629230 Debug: main.cpp int main(int, char **) "tile_target_resistance_enabled" QVariant(QString, "true")
seg. ago. 17 17:13:49 2026 1786997629231 Debug: main.cpp int main(int, char **) "tile_target_resistance_order" QVariant(QString, "15")
seg. ago. 17 17:13:49 2026 1786997629231 Debug: main.cpp int main(int, char **) "tile_target_speed_enabled" QVariant(QString, "false")
seg. ago. 17 17:13:49 2026 1786997629232 Debug: main.cpp int main(int, char **) "tile_target_speed_order" QVariant(QString, "27")
seg. ago. 17 17:13:49 2026 1786997629232 Debug: main.cpp int main(int, char **) "tile_target_zone_enabled" QVariant(QString, "false")
seg. ago. 17 17:13:49 2026 1786997629232 Debug: main.cpp int main(int, char **) "tile_target_zone_order" QVariant(QString, "24")
seg. ago. 17 17:13:49 2026 1786997629233 Debug: main.cpp int main(int, char **) "tile_targetmets_enabled" QVariant(QString, "false")
seg. ago. 17 17:13:49 2026 1786997629233 Debug: main.cpp int main(int, char **) "tile_targetmets_order" QVariant(QString, "29")
seg. ago. 17 17:13:49 2026 1786997629234 Debug: main.cpp int main(int, char **) "tile_vertical_oscillation_enabled" QVariant(QString, "false")
seg. ago. 17 17:13:49 2026 1786997629234 Debug: main.cpp int main(int, char **) "tile_vertical_oscillation_order" QVariant(QString, "34")
seg. ago. 17 17:13:49 2026 1786997629235 Debug: main.cpp int main(int, char **) "tile_watt_color_enabled" QVariant(QString, "true")
seg. ago. 17 17:13:49 2026 1786997629235 Debug: main.cpp int main(int, char **) "tile_watt_enabled" QVariant(QString, "true")
seg. ago. 17 17:13:49 2026 1786997629237 Debug: main.cpp int main(int, char **) "tile_watt_kg_enabled" QVariant(QString, "false")
seg. ago. 17 17:13:49 2026 1786997629237 Debug: main.cpp int main(int, char **) "tile_watt_kg_order" QVariant(QString, "25")
seg. ago. 17 17:13:49 2026 1786997629238 Debug: main.cpp int main(int, char **) "tile_watt_order" QVariant(QString, "8")
seg. ago. 17 17:13:49 2026 1786997629238 Debug: main.cpp int main(int, char **) "tile_weight_loss_enabled" QVariant(QString, "false")
seg. ago. 17 17:13:49 2026 1786997629239 Debug: main.cpp int main(int, char **) "tile_weight_loss_order" QVariant(QString, "24")
seg. ago. 17 17:13:49 2026 1786997629240 Debug: main.cpp int main(int, char **) "toorx_3_0" QVariant(QString, "false")
seg. ago. 17 17:13:49 2026 1786997629240 Debug: main.cpp int main(int, char **) "toorx_65s_evo" QVariant(QString, "false")
seg. ago. 17 17:13:49 2026 1786997629241 Debug: main.cpp int main(int, char **) "toorx_bike" QVariant(QString, "false")
seg. ago. 17 17:13:49 2026 1786997629242 Debug: main.cpp int main(int, char **) "toorx_bike_srx_500" QVariant(QString, "false")
seg. ago. 17 17:13:49 2026 1786997629242 Debug: main.cpp int main(int, char **) "toorx_ftms" QVariant(QString, "false")
seg. ago. 17 17:13:49 2026 1786997629243 Debug: main.cpp int main(int, char **) "toorx_ftms_treadmill" QVariant(QString, "false")
seg. ago. 17 17:13:49 2026 1786997629243 Debug: main.cpp int main(int, char **) "toorx_srx_3500" QVariant(QString, "false")
seg. ago. 17 17:13:49 2026 1786997629244 Debug: main.cpp int main(int, char **) "toorxtreadmill_discovery_completed" QVariant(QString, "false")
seg. ago. 17 17:13:49 2026 1786997629244 Debug: main.cpp int main(int, char **) "top_bar_enabled" QVariant(QString, "true")
seg. ago. 17 17:13:49 2026 1786997629245 Debug: main.cpp int main(int, char **) "toputure_teb1" QVariant(QString, "false")
seg. ago. 17 17:13:49 2026 1786997629246 Debug: main.cpp int main(int, char **) "trainprogram_auto_lap_on_segment" QVariant(QString, "false")
seg. ago. 17 17:13:49 2026 1786997629246 Debug: main.cpp int main(int, char **) "trainprogram_clipboard_workout_enabled" QVariant(QString, "false")
seg. ago. 17 17:13:49 2026 1786997629247 Debug: main.cpp int main(int, char **) "trainprogram_cooldown_speed" QVariant(QString, "420")
seg. ago. 17 17:13:49 2026 1786997629248 Debug: main.cpp int main(int, char **) "trainprogram_incline_max" QVariant(QString, "15")
seg. ago. 17 17:13:49 2026 1786997629248 Debug: main.cpp int main(int, char **) "trainprogram_incline_min" QVariant(QString, "0")
seg. ago. 17 17:13:49 2026 1786997629248 Debug: main.cpp int main(int, char **) "trainprogram_period_seconds" QVariant(QString, "60")
seg. ago. 17 17:13:49 2026 1786997629249 Debug: main.cpp int main(int, char **) "trainprogram_pid_hr_pushy_zone_limit" QVariant(QString, "0.8")
seg. ago. 17 17:13:49 2026 1786997629250 Debug: main.cpp int main(int, char **) "trainprogram_pid_hr_recovery_zone_limit" QVariant(QString, "60")
seg. ago. 17 17:13:49 2026 1786997629251 Debug: main.cpp int main(int, char **) "trainprogram_pid_ignore_inclination" QVariant(QString, "false")
seg. ago. 17 17:13:49 2026 1786997629252 Debug: main.cpp int main(int, char **) "trainprogram_pid_pushy" QVariant(QString, "true")
seg. ago. 17 17:13:49 2026 1786997629252 Debug: main.cpp int main(int, char **) "trainprogram_random" QVariant(QString, "false")
seg. ago. 17 17:13:49 2026 1786997629253 Debug: main.cpp int main(int, char **) "trainprogram_resistance_max" QVariant(QString, "32")
seg. ago. 17 17:13:49 2026 1786997629254 Debug: main.cpp int main(int, char **) "trainprogram_resistance_min" QVariant(QString, "1")
seg. ago. 17 17:13:49 2026 1786997629255 Debug: main.cpp int main(int, char **) "trainprogram_rest_speed" QVariant(QString, "420")
seg. ago. 17 17:13:49 2026 1786997629255 Debug: main.cpp int main(int, char **) "trainprogram_sound_on_segment" QVariant(QString, "false")
seg. ago. 17 17:13:49 2026 1786997629256 Debug: main.cpp int main(int, char **) "trainprogram_speed_max" QVariant(QString, "16")
seg. ago. 17 17:13:49 2026 1786997629256 Debug: main.cpp int main(int, char **) "trainprogram_speed_min" QVariant(QString, "8")
seg. ago. 17 17:13:49 2026 1786997629257 Debug: main.cpp int main(int, char **) "trainprogram_stop_at_end" QVariant(QString, "false")
seg. ago. 17 17:13:49 2026 1786997629257 Debug: main.cpp int main(int, char **) "trainprogram_total" QVariant(QString, "60")
seg. ago. 17 17:13:49 2026 1786997629258 Debug: main.cpp int main(int, char **) "trainprogram_warmup_speed" QVariant(QString, "420")
seg. ago. 17 17:13:49 2026 1786997629258 Debug: main.cpp int main(int, char **) "treadmillDataPoints" QVariant(QString, "")
seg. ago. 17 17:13:49 2026 1786997629259 Debug: main.cpp int main(int, char **) "treadmill_difficulty_gain_or_offset" QVariant(QString, "false")
seg. ago. 17 17:13:49 2026 1786997629260 Debug: main.cpp int main(int, char **) "treadmill_direct_distance" QVariant(QString, "false")
seg. ago. 17 17:13:49 2026 1786997629261 Debug: main.cpp int main(int, char **) "treadmill_follow_wattage" QVariant(QString, "false")
seg. ago. 17 17:13:49 2026 1786997629261 Debug: main.cpp int main(int, char **) "treadmill_force_running_activity" QVariant(QString, "false")
seg. ago. 17 17:13:49 2026 1786997629262 Debug: main.cpp int main(int, char **) "treadmill_force_speed" QVariant(QString, "false")
seg. ago. 17 17:13:49 2026 1786997629263 Debug: main.cpp int main(int, char **) "treadmill_inclination_override_0" QVariant(QString, "0")
seg. ago. 17 17:13:49 2026 1786997629264 Debug: main.cpp int main(int, char **) "treadmill_inclination_override_05" QVariant(QString, "0.5")
seg. ago. 17 17:13:49 2026 1786997629265 Debug: main.cpp int main(int, char **) "treadmill_inclination_override_10" QVariant(QString, "1")
seg. ago. 17 17:13:49 2026 1786997629266 Debug: main.cpp int main(int, char **) "treadmill_inclination_override_100" QVariant(QString, "10")
seg. ago. 17 17:13:49 2026 1786997629266 Debug: main.cpp int main(int, char **) "treadmill_inclination_override_105" QVariant(QString, "10.5")
seg. ago. 17 17:13:49 2026 1786997629267 Debug: main.cpp int main(int, char **) "treadmill_inclination_override_110" QVariant(QString, "11")
seg. ago. 17 17:13:49 2026 1786997629268 Debug: main.cpp int main(int, char **) "treadmill_inclination_override_115" QVariant(QString, "11.5")
seg. ago. 17 17:13:49 2026 1786997629269 Debug: main.cpp int main(int, char **) "treadmill_inclination_override_120" QVariant(QString, "12")
seg. ago. 17 17:13:49 2026 1786997629270 Debug: main.cpp int main(int, char **) "treadmill_inclination_override_125" QVariant(QString, "12.5")
seg. ago. 17 17:13:49 2026 1786997629270 Debug: main.cpp int main(int, char **) "treadmill_inclination_override_130" QVariant(QString, "13")
seg. ago. 17 17:13:49 2026 1786997629271 Debug: main.cpp int main(int, char **) "treadmill_inclination_override_135" QVariant(QString, "13.5")
seg. ago. 17 17:13:49 2026 1786997629272 Debug: main.cpp int main(int, char **) "treadmill_inclination_override_140" QVariant(QString, "14")
seg. ago. 17 17:13:49 2026 1786997629272 Debug: main.cpp int main(int, char **) "treadmill_inclination_override_145" QVariant(QString, "14.5")
seg. ago. 17 17:13:49 2026 1786997629273 Debug: main.cpp int main(int, char **) "treadmill_inclination_override_15" QVariant(QString, "1.5")
seg. ago. 17 17:13:49 2026 1786997629273 Debug: main.cpp int main(int, char **) "treadmill_inclination_override_150" QVariant(QString, "15")
seg. ago. 17 17:13:49 2026 1786997629274 Debug: main.cpp int main(int, char **) "treadmill_inclination_override_20" QVariant(QString, "2")
seg. ago. 17 17:13:49 2026 1786997629274 Debug: main.cpp int main(int, char **) "treadmill_inclination_override_25" QVariant(QString, "2.5")
seg. ago. 17 17:13:49 2026 1786997629275 Debug: main.cpp int main(int, char **) "treadmill_inclination_override_30" QVariant(QString, "3")
seg. ago. 17 17:13:49 2026 1786997629276 Debug: main.cpp int main(int, char **) "treadmill_inclination_override_35" QVariant(QString, "3.5")
seg. ago. 17 17:13:49 2026 1786997629277 Debug: main.cpp int main(int, char **) "treadmill_inclination_override_40" QVariant(QString, "4")
seg. ago. 17 17:13:49 2026 1786997629277 Debug: main.cpp int main(int, char **) "treadmill_inclination_override_45" QVariant(QString, "4.5")
seg. ago. 17 17:13:49 2026 1786997629278 Debug: main.cpp int main(int, char **) "treadmill_inclination_override_50" QVariant(QString, "5")
seg. ago. 17 17:13:49 2026 1786997629278 Debug: main.cpp int main(int, char **) "treadmill_inclination_override_55" QVariant(QString, "5.5")
seg. ago. 17 17:13:49 2026 1786997629279 Debug: main.cpp int main(int, char **) "treadmill_inclination_override_60" QVariant(QString, "6")
seg. ago. 17 17:13:49 2026 1786997629280 Debug: main.cpp int main(int, char **) "treadmill_inclination_override_65" QVariant(QString, "6.5")
seg. ago. 17 17:13:49 2026 1786997629281 Debug: main.cpp int main(int, char **) "treadmill_inclination_override_70" QVariant(QString, "7")
seg. ago. 17 17:13:49 2026 1786997629282 Debug: main.cpp int main(int, char **) "treadmill_inclination_override_75" QVariant(QString, "7.5")
seg. ago. 17 17:13:49 2026 1786997629283 Debug: main.cpp int main(int, char **) "treadmill_inclination_override_80" QVariant(QString, "8")
seg. ago. 17 17:13:49 2026 1786997629284 Debug: main.cpp int main(int, char **) "treadmill_inclination_override_85" QVariant(QString, "8.5")
seg. ago. 17 17:13:49 2026 1786997629285 Debug: main.cpp int main(int, char **) "treadmill_inclination_override_90" QVariant(QString, "9")
seg. ago. 17 17:13:49 2026 1786997629285 Debug: main.cpp int main(int, char **) "treadmill_inclination_override_95" QVariant(QString, "9.5")
seg. ago. 17 17:13:49 2026 1786997629286 Debug: main.cpp int main(int, char **) "treadmill_inclination_ovveride_gain" QVariant(QString, "1")
seg. ago. 17 17:13:49 2026 1786997629286 Debug: main.cpp int main(int, char **) "treadmill_inclination_ovveride_offset" QVariant(QString, "0")
seg. ago. 17 17:13:49 2026 1786997629287 Debug: main.cpp int main(int, char **) "treadmill_incline_max" QVariant(QString, "100")
seg. ago. 17 17:13:49 2026 1786997629288 Debug: main.cpp int main(int, char **) "treadmill_incline_min" QVariant(QString, "-100")
seg. ago. 17 17:13:49 2026 1786997629288 Debug: main.cpp int main(int, char **) "treadmill_pid_heart_max" QVariant(QString, "0")
seg. ago. 17 17:13:49 2026 1786997629289 Debug: main.cpp int main(int, char **) "treadmill_pid_heart_min" QVariant(QString, "0")
seg. ago. 17 17:13:49 2026 1786997629289 Debug: main.cpp int main(int, char **) "treadmill_pid_heart_zone" QVariant(QString, "Disabled")
seg. ago. 17 17:13:49 2026 1786997629290 Debug: main.cpp int main(int, char **) "treadmill_simulate_inclination_with_speed" QVariant(QString, "false")
seg. ago. 17 17:13:49 2026 1786997629291 Debug: main.cpp int main(int, char **) "treadmill_speed_max" QVariant(QString, "100")
seg. ago. 17 17:13:49 2026 1786997629291 Debug: main.cpp int main(int, char **) "treadmill_speed_min" QVariant(QString, "0")
seg. ago. 17 17:13:49 2026 1786997629292 Debug: main.cpp int main(int, char **) "treadmill_step_incline" QVariant(QString, "0.5")
seg. ago. 17 17:13:49 2026 1786997629293 Debug: main.cpp int main(int, char **) "treadmill_step_speed" QVariant(QString, "0.5")
seg. ago. 17 17:13:49 2026 1786997629294 Debug: main.cpp int main(int, char **) "trx_route_key" QVariant(QString, "false")
seg. ago. 17 17:13:49 2026 1786997629295 Debug: main.cpp int main(int, char **) "tts_act_cadence" QVariant(QString, "false")
seg. ago. 17 17:13:49 2026 1786997629296 Debug: main.cpp int main(int, char **) "tts_act_calories" QVariant(QString, "true")
seg. ago. 17 17:13:49 2026 1786997629296 Debug: main.cpp int main(int, char **) "tts_act_elapsed" QVariant(QString, "true")
seg. ago. 17 17:13:49 2026 1786997629297 Debug: main.cpp int main(int, char **) "tts_act_elevation" QVariant(QString, "true")
seg. ago. 17 17:13:49 2026 1786997629298 Debug: main.cpp int main(int, char **) "tts_act_ftp" QVariant(QString, "false")
seg. ago. 17 17:13:49 2026 1786997629298 Debug: main.cpp int main(int, char **) "tts_act_heart" QVariant(QString, "true")
seg. ago. 17 17:13:49 2026 1786997629299 Debug: main.cpp int main(int, char **) "tts_act_inclination" QVariant(QString, "false")
seg. ago. 17 17:13:49 2026 1786997629299 Debug: main.cpp int main(int, char **) "tts_act_jouls" QVariant(QString, "true")
seg. ago. 17 17:13:49 2026 1786997629300 Debug: main.cpp int main(int, char **) "tts_act_odometer" QVariant(QString, "true")
seg. ago. 17 17:13:49 2026 1786997629300 Debug: main.cpp int main(int, char **) "tts_act_pace" QVariant(QString, "false")
seg. ago. 17 17:13:49 2026 1786997629301 Debug: main.cpp int main(int, char **) "tts_act_peloton_resistance" QVariant(QString, "false")
seg. ago. 17 17:13:49 2026 1786997629302 Debug: main.cpp int main(int, char **) "tts_act_resistance" QVariant(QString, "true")
seg. ago. 17 17:13:49 2026 1786997629302 Debug: main.cpp int main(int, char **) "tts_act_speed" QVariant(QString, "false")
seg. ago. 17 17:13:49 2026 1786997629303 Debug: main.cpp int main(int, char **) "tts_act_target_cadence" QVariant(QString, "true")
seg. ago. 17 17:13:49 2026 1786997629303 Debug: main.cpp int main(int, char **) "tts_act_target_incline" QVariant(QString, "true")
seg. ago. 17 17:13:49 2026 1786997629304 Debug: main.cpp int main(int, char **) "tts_act_target_pace" QVariant(QString, "false")
seg. ago. 17 17:13:49 2026 1786997629304 Debug: main.cpp int main(int, char **) "tts_act_target_peloton_resistance" QVariant(QString, "true")
seg. ago. 17 17:13:49 2026 1786997629305 Debug: main.cpp int main(int, char **) "tts_act_target_power" QVariant(QString, "true")
seg. ago. 17 17:13:49 2026 1786997629305 Debug: main.cpp int main(int, char **) "tts_act_target_speed" QVariant(QString, "true")
seg. ago. 17 17:13:49 2026 1786997629306 Debug: main.cpp int main(int, char **) "tts_act_target_zone" QVariant(QString, "true")
seg. ago. 17 17:13:49 2026 1786997629307 Debug: main.cpp int main(int, char **) "tts_act_watt" QVariant(QString, "false")
seg. ago. 17 17:13:49 2026 1786997629308 Debug: main.cpp int main(int, char **) "tts_act_watt_kg" QVariant(QString, "false")
seg. ago. 17 17:13:49 2026 1786997629309 Debug: main.cpp int main(int, char **) "tts_avg_cadence" QVariant(QString, "true")
seg. ago. 17 17:13:49 2026 1786997629310 Debug: main.cpp int main(int, char **) "tts_avg_ftp" QVariant(QString, "true")
seg. ago. 17 17:13:49 2026 1786997629311 Debug: main.cpp int main(int, char **) "tts_avg_heart" QVariant(QString, "true")
seg. ago. 17 17:13:49 2026 1786997629312 Debug: main.cpp int main(int, char **) "tts_avg_pace" QVariant(QString, "true")
seg. ago. 17 17:13:49 2026 1786997629313 Debug: main.cpp int main(int, char **) "tts_avg_peloton_resistance" QVariant(QString, "false")
seg. ago. 17 17:13:49 2026 1786997629313 Debug: main.cpp int main(int, char **) "tts_avg_resistance" QVariant(QString, "true")
seg. ago. 17 17:13:49 2026 1786997629314 Debug: main.cpp int main(int, char **) "tts_avg_speed" QVariant(QString, "true")
seg. ago. 17 17:13:49 2026 1786997629315 Debug: main.cpp int main(int, char **) "tts_avg_watt" QVariant(QString, "true")
seg. ago. 17 17:13:49 2026 1786997629316 Debug: main.cpp int main(int, char **) "tts_avg_watt_kg" QVariant(QString, "false")
seg. ago. 17 17:13:49 2026 1786997629317 Debug: main.cpp int main(int, char **) "tts_description_enabled" QVariant(QString, "true")
seg. ago. 17 17:13:49 2026 1786997629318 Debug: main.cpp int main(int, char **) "tts_enabled" QVariant(QString, "false")
seg. ago. 17 17:13:49 2026 1786997629318 Debug: main.cpp int main(int, char **) "tts_max_cadence" QVariant(QString, "false")
seg. ago. 17 17:13:49 2026 1786997629319 Debug: main.cpp int main(int, char **) "tts_max_ftp" QVariant(QString, "false")
seg. ago. 17 17:13:49 2026 1786997629320 Debug: main.cpp int main(int, char **) "tts_max_heart" QVariant(QString, "false")
seg. ago. 17 17:13:49 2026 1786997629320 Debug: main.cpp int main(int, char **) "tts_max_pace" QVariant(QString, "false")
seg. ago. 17 17:13:49 2026 1786997629320 Debug: main.cpp int main(int, char **) "tts_max_peloton_resistance" QVariant(QString, "false")
seg. ago. 17 17:13:49 2026 1786997629321 Debug: main.cpp int main(int, char **) "tts_max_resistance" QVariant(QString, "false")
seg. ago. 17 17:13:49 2026 1786997629321 Debug: main.cpp int main(int, char **) "tts_max_speed" QVariant(QString, "false")
seg. ago. 17 17:13:49 2026 1786997629322 Debug: main.cpp int main(int, char **) "tts_max_watt" QVariant(QString, "true")
seg. ago. 17 17:13:49 2026 1786997629322 Debug: main.cpp int main(int, char **) "tts_max_watt_kg" QVariant(QString, "false")
seg. ago. 17 17:13:49 2026 1786997629323 Debug: main.cpp int main(int, char **) "tts_summary_sec" QVariant(QString, "120")
seg. ago. 17 17:13:49 2026 1786997629323 Debug: main.cpp int main(int, char **) "ui_zoom" QVariant(QString, "100")
seg. ago. 17 17:13:49 2026 1786997629324 Debug: main.cpp int main(int, char **) "umay_s100_treadmill" QVariant(QString, "false")
seg. ago. 17 17:13:49 2026 1786997629324 Debug: main.cpp int main(int, char **) "user_nickname" QVariant(QString, "")
seg. ago. 17 17:13:49 2026 1786997629325 Debug: main.cpp int main(int, char **) "video_playback_window_s" QVariant(QString, "12")
seg. ago. 17 17:13:49 2026 1786997629325 Debug: main.cpp int main(int, char **) "virtual_device_bluetooth" QVariant(QString, "true")
seg. ago. 17 17:13:49 2026 1786997629326 Debug: main.cpp int main(int, char **) "virtual_device_echelon" QVariant(QString, "false")
seg. ago. 17 17:13:49 2026 1786997629326 Debug: main.cpp int main(int, char **) "virtual_device_enabled" QVariant(QString, "true")
seg. ago. 17 17:13:49 2026 1786997629327 Debug: main.cpp int main(int, char **) "virtual_device_force_bike" QVariant(QString, "false")
seg. ago. 17 17:13:49 2026 1786997629328 Debug: main.cpp int main(int, char **) "virtual_device_force_treadmill" QVariant(QString, "false")
seg. ago. 17 17:13:49 2026 1786997629328 Debug: main.cpp int main(int, char **) "virtual_device_ifit" QVariant(QString, "false")
seg. ago. 17 17:13:49 2026 1786997629329 Debug: main.cpp int main(int, char **) "virtual_device_onlyheart" QVariant(QString, "false")
seg. ago. 17 17:13:49 2026 1786997629329 Debug: main.cpp int main(int, char **) "virtual_device_rower" QVariant(QString, "false")
seg. ago. 17 17:13:49 2026 1786997629330 Debug: main.cpp int main(int, char **) "virtual_device_rower_pm5" QVariant(QString, "false")
seg. ago. 17 17:13:49 2026 1786997629330 Debug: main.cpp int main(int, char **) "virtualbike_forceresistance" QVariant(QString, "true")
seg. ago. 17 17:13:49 2026 1786997629331 Debug: main.cpp int main(int, char **) "virtufit_etappe" QVariant(QString, "false")
seg. ago. 17 17:13:49 2026 1786997629332 Debug: main.cpp int main(int, char **) "volume_change_gears" QVariant(QString, "false")
seg. ago. 17 17:13:49 2026 1786997629332 Debug: main.cpp int main(int, char **) "wahoo_rgt_dircon" QVariant(QString, "false")
seg. ago. 17 17:13:49 2026 1786997629333 Debug: main.cpp int main(int, char **) "wahoo_without_wheel_diameter" QVariant(QString, "false")
seg. ago. 17 17:13:49 2026 1786997629333 Debug: main.cpp int main(int, char **) "waterrower_usb" QVariant(QString, "false")
seg. ago. 17 17:13:49 2026 1786997629334 Debug: main.cpp int main(int, char **) "watt_bike_emulator" QVariant(QString, "false")
seg. ago. 17 17:13:49 2026 1786997629335 Debug: main.cpp int main(int, char **) "watt_gain" QVariant(QString, "1")
seg. ago. 17 17:13:49 2026 1786997629336 Debug: main.cpp int main(int, char **) "watt_ignore_builtin" QVariant(QString, "true")
seg. ago. 17 17:13:49 2026 1786997629337 Debug: main.cpp int main(int, char **) "watt_offset" QVariant(QString, "0")
seg. ago. 17 17:13:49 2026 1786997629338 Debug: main.cpp int main(int, char **) "weight" QVariant(QString, "75")
seg. ago. 17 17:13:49 2026 1786997629339 Debug: main.cpp int main(int, char **) "weight_kg_unit" QVariant(QString, "false")
seg. ago. 17 17:13:49 2026 1786997629341 Debug: main.cpp int main(int, char **) "yesoul_peloton_formula" QVariant(QString, "false")
seg. ago. 17 17:13:49 2026 1786997629341 Debug: main.cpp int main(int, char **) "zero_zt2500_treadmill" QVariant(QString, "false")
seg. ago. 17 17:13:49 2026 1786997629342 Debug: main.cpp int main(int, char **) "zwift_api_autoinclination" QVariant(QString, "true")
seg. ago. 17 17:13:49 2026 1786997629343 Debug: main.cpp int main(int, char **) "zwift_api_poll" QVariant(QString, "5")
seg. ago. 17 17:13:49 2026 1786997629343 Debug: main.cpp int main(int, char **) "zwift_click" QVariant(QString, "false")
seg. ago. 17 17:13:49 2026 1786997629344 Debug: main.cpp int main(int, char **) "zwift_erg" QVariant(QString, "false")
seg. ago. 17 17:13:49 2026 1786997629345 Debug: main.cpp int main(int, char **) "zwift_erg_filter" QVariant(QString, "10")
seg. ago. 17 17:13:49 2026 1786997629346 Debug: main.cpp int main(int, char **) "zwift_erg_filter_down" QVariant(QString, "10")
seg. ago. 17 17:13:49 2026 1786997629347 Debug: main.cpp int main(int, char **) "zwift_erg_resistance_down" QVariant(QString, "0")
seg. ago. 17 17:13:49 2026 1786997629347 Debug: main.cpp int main(int, char **) "zwift_erg_resistance_up" QVariant(QString, "999")
seg. ago. 17 17:13:49 2026 1786997629348 Debug: main.cpp int main(int, char **) "zwift_gear_ui_aligned" QVariant(QString, "false")
seg. ago. 17 17:13:49 2026 1786997629349 Debug: main.cpp int main(int, char **) "zwift_inclination_gain" QVariant(QString, "1")
seg. ago. 17 17:13:49 2026 1786997629350 Debug: main.cpp int main(int, char **) "zwift_inclination_offset" QVariant(QString, "0")
seg. ago. 17 17:13:49 2026 1786997629350 Debug: main.cpp int main(int, char **) "zwift_negative_inclination_x2" QVariant(QString, "false")
seg. ago. 17 17:13:49 2026 1786997629351 Debug: main.cpp int main(int, char **) "zwift_ocr" QVariant(QString, "false")
seg. ago. 17 17:13:49 2026 1786997629352 Debug: main.cpp int main(int, char **) "zwift_ocr_climb_portal" QVariant(QString, "false")
seg. ago. 17 17:13:49 2026 1786997629353 Debug: main.cpp int main(int, char **) "zwift_play" QVariant(QString, "false")
seg. ago. 17 17:13:49 2026 1786997629354 Debug: main.cpp int main(int, char **) "zwift_play_emulator" QVariant(QString, "false")
seg. ago. 17 17:13:49 2026 1786997629354 Debug: main.cpp int main(int, char **) "zwift_play_vibration" QVariant(QString, "true")
seg. ago. 17 17:13:49 2026 1786997629355 Debug: main.cpp int main(int, char **) "zwift_workout_ocr" QVariant(QString, "false")
seg. ago. 17 17:13:49 2026 1786997629356 Debug: main.cpp int main(int, char **) "zwiftplay_gear_lb" QVariant(QString, "0")
seg. ago. 17 17:13:49 2026 1786997629356 Debug: main.cpp int main(int, char **) "zwiftplay_gear_ls1" QVariant(QString, "2")
seg. ago. 17 17:13:49 2026 1786997629357 Debug: main.cpp int main(int, char **) "zwiftplay_gear_ls2" QVariant(QString, "2")
seg. ago. 17 17:13:49 2026 1786997629358 Debug: main.cpp int main(int, char **) "zwiftplay_gear_paddle_left" QVariant(QString, "2")
seg. ago. 17 17:13:49 2026 1786997629359 Debug: main.cpp int main(int, char **) "zwiftplay_gear_paddle_right" QVariant(QString, "1")
seg. ago. 17 17:13:49 2026 1786997629359 Debug: main.cpp int main(int, char **) "zwiftplay_gear_rb" QVariant(QString, "0")
seg. ago. 17 17:13:49 2026 1786997629360 Debug: main.cpp int main(int, char **) "zwiftplay_gear_rs1" QVariant(QString, "1")
seg. ago. 17 17:13:49 2026 1786997629361 Debug: main.cpp int main(int, char **) "zwiftplay_gear_rs2" QVariant(QString, "1")
seg. ago. 17 17:13:49 2026 1786997629362 Debug: main.cpp int main(int, char **) "zwiftplay_swap" QVariant(QString, "false")
seg. ago. 17 17:13:49 2026 1786997629495 Debug: main.cpp int main(int, char **) READ_EXTERNAL_STORAGE denied!
seg. ago. 17 17:13:49 2026 1786997629501 Debug: devices/bluetooth.cpp void bluetooth::debug(const QString &) "simulated bike enabled, skipping discovery"
seg. ago. 17 17:13:49 2026 1786997629518 Warning:   QNetworkInterface/AF_NETLINK: found unknown interface with index 1
seg. ago. 17 17:13:49 2026 1786997629522 Warning:   QNetworkInterface/AF_NETLINK: found unknown interface with index 59
seg. ago. 17 17:13:49 2026 1786997629527 Warning:   QNetworkInterface/AF_NETLINK: found unknown interface with index 1
seg. ago. 17 17:13:49 2026 1786997629530 Warning:   QNetworkInterface/AF_NETLINK: found unknown interface with index 2
seg. ago. 17 17:13:49 2026 1786997629544 Warning:   QNetworkInterface/AF_NETLINK: found unknown interface with index 14
seg. ago. 17 17:13:49 2026 1786997629546 Warning:   QNetworkInterface/AF_NETLINK: found unknown interface with index 16
seg. ago. 17 17:13:49 2026 1786997629553 Warning:   QNetworkInterface/AF_NETLINK: found unknown interface with index 1
seg. ago. 17 17:13:49 2026 1786997629557 Warning:   QNetworkInterface/AF_NETLINK: found unknown interface with index 59
seg. ago. 17 17:13:49 2026 1786997629558 Warning:   QNetworkInterface/AF_NETLINK: found unknown interface with index 1
seg. ago. 17 17:13:49 2026 1786997629560 Warning:   QNetworkInterface/AF_NETLINK: found unknown interface with index 2
seg. ago. 17 17:13:49 2026 1786997629563 Warning:   QNetworkInterface/AF_NETLINK: found unknown interface with index 14
seg. ago. 17 17:13:49 2026 1786997629565 Warning:   QNetworkInterface/AF_NETLINK: found unknown interface with index 16
seg. ago. 17 17:13:49 2026 1786997629575 Debug: fontmanager.cpp void FontManager::loadLocalEmojiFont() Font file path: "/data/user/0/org.cagnulen.qdomyoszwift/cache/fonts/NotoColorEmoji.ttf"
seg. ago. 17 17:13:49 2026 1786997629576 Debug: fontmanager.cpp void FontManager::loadLocalEmojiFont() Font file exists: true
seg. ago. 17 17:13:49 2026 1786997629577 Warning:   QNetworkInterface/AF_NETLINK: found unknown interface with index 1
seg. ago. 17 17:13:49 2026 1786997629577 Debug: fontmanager.cpp void FontManager::loadLocalEmojiFont() Font file size: 10673480 bytes
seg. ago. 17 17:13:49 2026 1786997629578 Warning:   QNetworkInterface/AF_NETLINK: found unknown interface with index 59
seg. ago. 17 17:13:49 2026 1786997629579 Debug: fontmanager.cpp void FontManager::loadLocalEmojiFont() Font file readable: true
seg. ago. 17 17:13:49 2026 1786997629580 Warning:   QNetworkInterface/AF_NETLINK: found unknown interface with index 1
seg. ago. 17 17:13:49 2026 1786997629581 Warning:   QNetworkInterface/AF_NETLINK: found unknown interface with index 2
seg. ago. 17 17:13:49 2026 1786997629583 Debug: fontmanager.cpp void FontManager::loadLocalEmojiFont() Font file header (hex): "00010000000d00800003005043424454"
seg. ago. 17 17:13:49 2026 1786997629585 Debug: fontmanager.cpp void FontManager::loadLocalEmojiFont() Font file header (text): "\x00\x01\x00\x00\x00\r\x00\x80\x00\x03\x00PCBDT"
seg. ago. 17 17:13:49 2026 1786997629583 Warning:   QNetworkInterface/AF_NETLINK: found unknown interface with index 14
seg. ago. 17 17:13:49 2026 1786997629586 Debug: fontmanager.cpp void FontManager::loadLocalEmojiFont() QFontDatabase::addApplicationFont returned: 0
seg. ago. 17 17:13:49 2026 1786997629588 Debug: fontmanager.cpp void FontManager::loadLocalEmojiFont() Available font families: ("Noto Color Emoji")
seg. ago. 17 17:13:49 2026 1786997629586 Warning:   QNetworkInterface/AF_NETLINK: found unknown interface with index 16
seg. ago. 17 17:13:49 2026 1786997629588 Debug: fontmanager.cpp void FontManager::loadLocalEmojiFont() Cached emoji font loaded: "Noto Color Emoji"
seg. ago. 17 17:13:49 2026 1786997629589 Warning:   QNetworkInterface/AF_NETLINK: found unknown interface with index 1
seg. ago. 17 17:13:49 2026 1786997629590 Debug: main.cpp auto main(int, char **)::(anonymous class)::operator()(const QString &, const QString &) const Translation loaded successfully for "locale" : "pt_BR"
seg. ago. 17 17:13:49 2026 1786997629590 Warning:   QNetworkInterface/AF_NETLINK: found unknown interface with index 59
seg. ago. 17 17:13:49 2026 1786997629592 Warning:   QNetworkInterface/AF_NETLINK: found unknown interface with index 1
seg. ago. 17 17:13:49 2026 1786997629594 Warning:   QNetworkInterface/AF_NETLINK: found unknown interface with index 2
seg. ago. 17 17:13:49 2026 1786997629596 Warning:   QNetworkInterface/AF_NETLINK: found unknown interface with index 14
seg. ago. 17 17:13:49 2026 1786997629597 Warning:   QNetworkInterface/AF_NETLINK: found unknown interface with index 16
seg. ago. 17 17:13:49 2026 1786997629597 Warning:   Ignoring duplicate QML module registration for QtQuick 2
seg. ago. 17 17:13:49 2026 1786997629668 Warning:   Could not attach Keys property to:  ApplicationWindow_QMLTYPE_26_QML_53(0xb400007dcf92c710, name = "stack")  is not an Item
seg. ago. 17 17:13:49 2026 1786997629677 Warning: androidqlog.cpp void Java_org_cagnulen_qdomyoszwift_QLog_sendToQt(JNIEnv *, jclass, jint, jstring, jstring) [WARN: "InAppPurchase" ] "initializeConnection start"
seg. ago. 17 17:13:49 2026 1786997629695 Debug: qrc:/main.qml onCurrentOrientationChanged Orientation changed to: 1
seg. ago. 17 17:13:49 2026 1786997629712 Warning:   QQmlComponent: Component is not ready
seg. ago. 17 17:13:49 2026 1786997629713 Warning: qrc:/main.qml  qrc:/main.qml:1420:9: QML StackView: initialItem: qrc:/Home.qml:625 Cannot assign to non-existent property "onErrorOccurred"
seg. ago. 17 17:13:49 2026 1786997629740 Warning: androidqlog.cpp void Java_org_cagnulen_qdomyoszwift_QLog_sendToQt(JNIEnv *, jclass, jint, jstring, jstring) [WARN: "InAppPurchase" ] "onBillingSetupFinished"
seg. ago. 17 17:13:50 2026 1786997630018 Warning: qrc:/main.qml  qrc:/main.qml:924: ReferenceError: rootItem is not defined
seg. ago. 17 17:13:50 2026 1786997630020 Warning: qrc:/main.qml  qrc:/main.qml:1038: ReferenceError: rootItem is not defined
seg. ago. 17 17:13:50 2026 1786997630023 Warning: qrc:/main.qml  qrc:/main.qml:1055: ReferenceError: rootItem is not defined
seg. ago. 17 17:13:50 2026 1786997630024 Warning: qrc:/main.qml  qrc:/main.qml:1063: ReferenceError: rootItem is not defined
seg. ago. 17 17:13:50 2026 1786997630027 Warning: qrc:/main.qml  qrc:/main.qml:1076: ReferenceError: rootItem is not defined
seg. ago. 17 17:13:50 2026 1786997630028 Warning: qrc:/main.qml  qrc:/main.qml:1084: TypeError: Cannot read property 'title' of null
seg. ago. 17 17:13:50 2026 1786997630030 Warning: qrc:/main.qml  qrc:/main.qml:314: ReferenceError: rootItem is not defined
seg. ago. 17 17:13:50 2026 1786997630032 Warning: qrc:/main.qml  qrc:/main.qml:512: ReferenceError: rootItem is not defined
seg. ago. 17 17:13:50 2026 1786997630034 Warning: qrc:/main.qml  qrc:/main.qml:653: ReferenceError: rootItem is not defined
seg. ago. 17 17:13:50 2026 1786997630036 Warning: qrc:/main.qml  qrc:/main.qml:687: ReferenceError: rootItem is not defined
seg. ago. 17 17:13:50 2026 1786997630038 Warning: qrc:/main.qml  qrc:/main.qml:720: ReferenceError: rootItem is not defined
seg. ago. 17 17:13:50 2026 1786997630040 Warning: qrc:/main.qml  qrc:/main.qml:727: ReferenceError: rootItem is not defined
seg. ago. 17 17:13:50 2026 1786997630042 Warning: qrc:/main.qml  qrc:/main.qml:774: ReferenceError: rootItem is not defined
seg. ago. 17 17:13:50 2026 1786997630044 Warning: qrc:/main.qml  qrc:/main.qml:785: ReferenceError: rootItem is not defined
seg. ago. 17 17:13:50 2026 1786997630046 Warning: qrc:/main.qml  qrc:/main.qml:779: ReferenceError: rootItem is not defined
seg. ago. 17 17:13:50 2026 1786997630055 Warning: qrc:/main.qml  qrc:/main.qml:794: ReferenceError: rootItem is not defined
seg. ago. 17 17:13:50 2026 1786997630064 Warning: qrc:/main.qml  qrc:/main.qml:790: ReferenceError: rootItem is not defined
seg. ago. 17 17:13:50 2026 1786997630068 Warning: qrc:/main.qml  qrc:/main.qml:819: ReferenceError: rootItem is not defined
seg. ago. 17 17:13:50 2026 1786997630071 Warning: qrc:/main.qml  qrc:/main.qml:799: ReferenceError: rootItem is not defined
seg. ago. 17 17:13:50 2026 1786997630073 Warning: qrc:/main.qml  qrc:/main.qml:828: ReferenceError: rootItem is not defined
seg. ago. 17 17:13:50 2026 1786997630075 Warning: qrc:/main.qml  qrc:/main.qml:1399: ReferenceError: rootItem is not defined
seg. ago. 17 17:13:50 2026 1786997630141 Debug: PathController.cpp PathController::PathController(QObject *) Found QGeoPositionInfoSource: sourceName: "android" , objectName: ""
seg. ago. 17 17:13:50 2026 1786997630153 Warning:   QNetworkInterface/AF_NETLINK: found unknown interface with index 1
seg. ago. 17 17:13:50 2026 1786997630155 Warning:   QNetworkInterface/AF_NETLINK: found unknown interface with index 59
seg. ago. 17 17:13:50 2026 1786997630158 Warning:   QNetworkInterface/AF_NETLINK: found unknown interface with index 1
seg. ago. 17 17:13:50 2026 1786997630159 Warning:   QNetworkInterface/AF_NETLINK: found unknown interface with index 2
seg. ago. 17 17:13:50 2026 1786997630159 Warning:   QNetworkInterface/AF_NETLINK: found unknown interface with index 14
seg. ago. 17 17:13:50 2026 1786997630161 Warning:   QNetworkInterface/AF_NETLINK: found unknown interface with index 16
seg. ago. 17 17:13:50 2026 1786997630163 Debug: androidqlog.cpp void Java_org_cagnulen_qdomyoszwift_QLog_sendToQt(JNIEnv *, jclass, jint, jstring, jstring) [DEBUG: "LocationHelper" ] "Starting LocationHelper check..."
seg. ago. 17 17:13:50 2026 1786997630201 Debug: templateinfosenderbuilder.cpp void TemplateInfoSenderBuilder::load(const QString &, const QStringList &) "Load start from" "/storage/emulated/0/Documents/QZ/QZTemplates"
seg. ago. 17 17:13:50 2026 1786997630203 Debug: templateinfosenderbuilder.cpp void TemplateInfoSenderBuilder::load(const QString &, const QStringList &) "Load start from" ":/templates/"
seg. ago. 17 17:13:50 2026 1786997630206 Debug: templateinfosenderbuilder.cpp void TemplateInfoSenderBuilder::createTemplatesFromFolder(const QString &, const QString &, QStringList &) "Template Dir Found" ":/templates/debug"
seg. ago. 17 17:13:50 2026 1786997630208 Debug: templateinfosenderbuilder.cpp void TemplateInfoSenderBuilder::createTemplatesFromFolder(const QString &, const QString &, QStringList &) "Template File Found" ":/templates/vlc-TcpClient.qzt"
seg. ago. 17 17:13:50 2026 1786997630209 Debug: templateinfosenderbuilder.cpp void TemplateInfoSenderBuilder::createTemplatesFromFolder(const QString &, const QString &, QStringList &) "Template type" "TcpClient" " id" "user_vlc"
seg. ago. 17 17:13:50 2026 1786997630211 Debug: templateinfosenderbuilder.cpp void TemplateInfoSenderBuilder::createTemplatesFromFolder(const QString &, const QString &, QStringList &) "Template" "user_vlc" " is disabled: not created"
seg. ago. 17 17:13:50 2026 1786997630213 Debug: templateinfosenderbuilder.cpp void TemplateInfoSenderBuilder::createTemplatesFromFolder(const QString &, const QString &, QStringList &) "Template File Found" ":/templates/qz-TcpClient.qzt"
seg. ago. 17 17:13:50 2026 1786997630214 Debug: templateinfosenderbuilder.cpp void TemplateInfoSenderBuilder::createTemplatesFromFolder(const QString &, const QString &, QStringList &) "Template type" "TcpClient" " id" "user_qz"
seg. ago. 17 17:13:50 2026 1786997630217 Debug: templateinfosenderbuilder.cpp void TemplateInfoSenderBuilder::createTemplatesFromFolder(const QString &, const QString &, QStringList &) "Template" "user_qz" " is disabled: not created"
seg. ago. 17 17:13:50 2026 1786997630218 Debug: templateinfosenderbuilder.cpp void TemplateInfoSenderBuilder::createTemplatesFromFolder(const QString &, const QString &, QStringList &) "Template Dir Found" ":/templates/example"
seg. ago. 17 17:13:50 2026 1786997630220 Debug: templateinfosenderbuilder.cpp void TemplateInfoSenderBuilder::load(const QString &, const QStringList &) "Folder List" (":/templates//debug", ":/templates//example")
seg. ago. 17 17:13:50 2026 1786997630221 Warning:   QNetworkInterface/AF_NETLINK: found unknown interface with index 1
seg. ago. 17 17:13:50 2026 1786997630223 Warning:   QNetworkInterface/AF_NETLINK: found unknown interface with index 59
seg. ago. 17 17:13:50 2026 1786997630224 Warning:   QNetworkInterface/AF_NETLINK: found unknown interface with index 1
seg. ago. 17 17:13:50 2026 1786997630227 Warning:   QNetworkInterface/AF_NETLINK: found unknown interface with index 2
seg. ago. 17 17:13:50 2026 1786997630228 Warning:   QNetworkInterface/AF_NETLINK: found unknown interface with index 14
seg. ago. 17 17:13:50 2026 1786997630230 Warning:   QNetworkInterface/AF_NETLINK: found unknown interface with index 16
seg. ago. 17 17:13:50 2026 1786997630232 Debug: templateinfosenderbuilder.cpp void TemplateInfoSenderBuilder::load(const QString &, const QStringList &) "addressList " ()
seg. ago. 17 17:13:50 2026 1786997630286 Debug: templateinfosenderbuilder.cpp void TemplateInfoSenderBuilder::load(const QString &, const QStringList &) "Template" "user_QZWS" " is disabled: not created"
seg. ago. 17 17:13:50 2026 1786997630287 Debug: templateinfosenderbuilder.cpp void TemplateInfoSenderBuilder::load(const QString &, const QStringList &) "Setting template_ids" ("user_qz", "user_vlc", "user_QZWS")
seg. ago. 17 17:13:50 2026 1786997630298 Debug: templateinfosenderbuilder.cpp void TemplateInfoSenderBuilder::load(const QString &, const QStringList &) "Load start from" ":/inner_templates/"
seg. ago. 17 17:13:50 2026 1786997630300 Debug: templateinfosenderbuilder.cpp void TemplateInfoSenderBuilder::createTemplatesFromFolder(const QString &, const QString &, QStringList &) "Template Dir Found" ":/inner_templates/i18n"
seg. ago. 17 17:13:50 2026 1786997630301 Debug: templateinfosenderbuilder.cpp void TemplateInfoSenderBuilder::createTemplatesFromFolder(const QString &, const QString &, QStringList &) "Template Dir Found" ":/inner_templates/previewchart"
seg. ago. 17 17:13:50 2026 1786997630302 Debug: templateinfosenderbuilder.cpp void TemplateInfoSenderBuilder::createTemplatesFromFolder(const QString &, const QString &, QStringList &) "Template Dir Found" ":/inner_templates/floating"
seg. ago. 17 17:13:50 2026 1786997630303 Debug: templateinfosenderbuilder.cpp void TemplateInfoSenderBuilder::createTemplatesFromFolder(const QString &, const QString &, QStringList &) "Template Dir Found" ":/inner_templates/workouteditor"
seg. ago. 17 17:13:50 2026 1786997630307 Debug: templateinfosenderbuilder.cpp void TemplateInfoSenderBuilder::createTemplatesFromFolder(const QString &, const QString &, QStringList &) "Template Dir Found" ":/inner_templates/maps2d"
seg. ago. 17 17:13:50 2026 1786997630308 Debug: templateinfosenderbuilder.cpp void TemplateInfoSenderBuilder::createTemplatesFromFolder(const QString &, const QString &, QStringList &) "Template Dir Found" ":/inner_templates/trainingbrowser"
seg. ago. 17 17:13:50 2026 1786997630310 Debug: templateinfosenderbuilder.cpp void TemplateInfoSenderBuilder::createTemplatesFromFolder(const QString &, const QString &, QStringList &) "Template Dir Found" ":/inner_templates/chartjs"
seg. ago. 17 17:13:50 2026 1786997630312 Debug: templateinfosenderbuilder.cpp void TemplateInfoSenderBuilder::createTemplatesFromFolder(const QString &, const QString &, QStringList &) "Template Dir Found" ":/inner_templates/workoutpreview"
seg. ago. 17 17:13:50 2026 1786997630313 Debug: templateinfosenderbuilder.cpp void TemplateInfoSenderBuilder::createTemplatesFromFolder(const QString &, const QString &, QStringList &) "Template Dir Found" ":/inner_templates/googlemaps"
seg. ago. 17 17:13:50 2026 1786997630316 Debug: templateinfosenderbuilder.cpp void TemplateInfoSenderBuilder::load(const QString &, const QStringList &) "Folder List" (":/inner_templates//i18n", ":/inner_templates//previewchart", ":/inner_templates//floating", ":/inner_templates//workouteditor", ":/inner_templates//maps2d", ":/inner_templates//trainingbrowser", ":/inner_templates//chartjs", ":/inner_templates//workoutpreview", ":/inner_templates//googlemaps")
seg. ago. 17 17:13:50 2026 1786997630320 Warning:   QNetworkInterface/AF_NETLINK: found unknown interface with index 1
seg. ago. 17 17:13:50 2026 1786997630322 Warning:   QNetworkInterface/AF_NETLINK: found unknown interface with index 59
seg. ago. 17 17:13:50 2026 1786997630323 Warning:   QNetworkInterface/AF_NETLINK: found unknown interface with index 1
seg. ago. 17 17:13:50 2026 1786997630325 Warning:   QNetworkInterface/AF_NETLINK: found unknown interface with index 2
seg. ago. 17 17:13:50 2026 1786997630327 Warning:   QNetworkInterface/AF_NETLINK: found unknown interface with index 14
seg. ago. 17 17:13:50 2026 1786997630327 Warning:   QNetworkInterface/AF_NETLINK: found unknown interface with index 16
seg. ago. 17 17:13:50 2026 1786997630328 Debug: templateinfosenderbuilder.cpp void TemplateInfoSenderBuilder::load(const QString &, const QStringList &) "addressList " ()
seg. ago. 17 17:13:50 2026 1786997630335 Debug: templateinfosenderbuilder.cpp TemplateInfoSender *TemplateInfoSenderBuilder::newTemplate(const QString &, const QString &, const QString &) "Template Registered" "inner_QZWS" " type" "WebServer" " Template" "JSON.stringify({msg: \"workout\", content: this.workout})"
seg. ago. 17 17:13:50 2026 1786997630766 Debug: webserverinfosender.cpp virtual bool WebServerInfoSender::init() "Folder" ":/inner_templates//i18n"
seg. ago. 17 17:13:50 2026 1786997630767 Debug: webserverinfosender.cpp virtual bool WebServerInfoSender::init() "Relative" "i18n"
seg. ago. 17 17:13:50 2026 1786997630768 Debug: webserverinfosender.cpp virtual bool WebServerInfoSender::init() "Folder" ":/inner_templates//previewchart"
seg. ago. 17 17:13:50 2026 1786997630770 Debug: webserverinfosender.cpp virtual bool WebServerInfoSender::init() "Relative" "previewchart"
seg. ago. 17 17:13:50 2026 1786997630771 Debug: webserverinfosender.cpp virtual bool WebServerInfoSender::init() "Folder" ":/inner_templates//floating"
seg. ago. 17 17:13:50 2026 1786997630772 Debug: webserverinfosender.cpp virtual bool WebServerInfoSender::init() "Relative" "floating"
seg. ago. 17 17:13:50 2026 1786997630774 Debug: webserverinfosender.cpp virtual bool WebServerInfoSender::init() "Folder" ":/inner_templates//workouteditor"
seg. ago. 17 17:13:50 2026 1786997630777 Debug: webserverinfosender.cpp virtual bool WebServerInfoSender::init() "Relative" "workouteditor"
seg. ago. 17 17:13:50 2026 1786997630779 Debug: webserverinfosender.cpp virtual bool WebServerInfoSender::init() "Folder" ":/inner_templates//maps2d"
seg. ago. 17 17:13:50 2026 1786997630780 Debug: webserverinfosender.cpp virtual bool WebServerInfoSender::init() "Relative" "maps2d"
seg. ago. 17 17:13:50 2026 1786997630781 Debug: webserverinfosender.cpp virtual bool WebServerInfoSender::init() "Folder" ":/inner_templates//trainingbrowser"
seg. ago. 17 17:13:50 2026 1786997630782 Debug: webserverinfosender.cpp virtual bool WebServerInfoSender::init() "Relative" "trainingbrowser"
seg. ago. 17 17:13:50 2026 1786997630785 Debug: webserverinfosender.cpp virtual bool WebServerInfoSender::init() "Folder" ":/inner_templates//chartjs"
seg. ago. 17 17:13:50 2026 1786997630786 Debug: webserverinfosender.cpp virtual bool WebServerInfoSender::init() "Relative" "chartjs"
seg. ago. 17 17:13:50 2026 1786997630788 Debug: webserverinfosender.cpp virtual bool WebServerInfoSender::init() "Folder" ":/inner_templates//workoutpreview"
seg. ago. 17 17:13:50 2026 1786997630789 Debug: webserverinfosender.cpp virtual bool WebServerInfoSender::init() "Relative" "workoutpreview"
seg. ago. 17 17:13:50 2026 1786997630791 Debug: webserverinfosender.cpp virtual bool WebServerInfoSender::init() "Folder" ":/inner_templates//googlemaps"
seg. ago. 17 17:13:50 2026 1786997630792 Debug: webserverinfosender.cpp virtual bool WebServerInfoSender::init() "Relative" "googlemaps"
seg. ago. 17 17:13:50 2026 1786997630841 Debug: webserverinfosender.cpp virtual bool WebServerInfoSender::init() "WebServer listening on port" 37289 " " QHash(("workoutpreview", ":/inner_templates//workoutpreview")("googlemaps", ":/inner_templates//googlemaps")("trainingbrowser", ":/inner_templates//trainingbrowser")("i18n", ":/inner_templates//i18n")("floating", ":/inner_templates//floating")("chartjs", ":/inner_templates//chartjs")("previewchart", ":/inner_templates//previewchart")("workouteditor", ":/inner_templates//workouteditor")("maps2d", ":/inner_templates//maps2d"))
seg. ago. 17 17:13:50 2026 1786997630842 Debug: templateinfosenderbuilder.cpp void TemplateInfoSenderBuilder::load(const QString &, const QStringList &) "Setting template_ids" ("inner_QZWS")
seg. ago. 17 17:13:50 2026 1786997630873 Warning: qrc:/main.qml  qrc:/main.qml:1084: TypeError: Cannot read property 'title' of null
seg. ago. 17 17:13:50 2026 1786997630889 Warning: qrc:/main.qml  qrc:/main.qml:1084: TypeError: Cannot read property 'title' of null
seg. ago. 17 17:13:50 2026 1786997630900 Warning:   QObject::connect: Cannot connect (nullptr)::start_clicked() to homeform::Start()
seg. ago. 17 17:13:50 2026 1786997630903 Warning:   QObject::connect: Cannot connect (nullptr)::stop_clicked() to homeform::Stop()
seg. ago. 17 17:13:50 2026 1786997630905 Warning:   QObject::connect: Cannot connect (nullptr)::lap_clicked() to homeform::Lap()
seg. ago. 17 17:13:50 2026 1786997630908 Warning:   QObject::connect: Cannot connect (nullptr)::peloton_start_workout() to homeform::peloton_start_workout()
seg. ago. 17 17:13:50 2026 1786997630911 Warning:   QObject::connect: Cannot connect (nullptr)::peloton_abort_workout() to homeform::peloton_abort_workout()
seg. ago. 17 17:13:50 2026 1786997630914 Warning:   QObject::connect: No such signal ApplicationWindow_QMLTYPE_26_QML_53::intervalsicu_upload_file_prepare() in homeform.cpp:1013
seg. ago. 17 17:13:50 2026 1786997630915 Warning:   QObject::connect:  (sender name:   'stack')
seg. ago. 17 17:13:50 2026 1786997630917 Debug: homeform.cpp homeform::homeform(QQmlApplicationEngine *, bluetooth *) homeform constructor events linked
seg. ago. 17 17:13:50 2026 1786997630931 Debug: powerzonepack.cpp powerzonepack::powerzonepack(bluetooth *, QObject *) "invalid peloton credentials"
seg. ago. 17 17:13:50 2026 1786997630935 Debug: homefitnessbuddy.cpp homefitnessbuddy::homefitnessbuddy(bluetooth *, QObject *) "invalid peloton credentials"
seg. ago. 17 17:13:50 2026 1786997630937 Debug: peloton.cpp peloton::peloton(bluetooth *, QObject *) userId ""
seg. ago. 17 17:13:50 2026 1786997630938 Debug: ./peloton.h QString peloton::getPelotonSettingKey(const QString &, const QString &) ERROR: userid is empty!
seg. ago. 17 17:13:50 2026 1786997630940 Debug: peloton.cpp peloton::peloton(bluetooth *, QObject *) "invalid peloton credentials"
seg. ago. 17 17:13:50 2026 1786997630947 Debug: homeform.cpp homeform::homeform(QQmlApplicationEngine *, bluetooth *) ":/zwo/VO2max with sweet spot.zwo" "VO2max with sweet spot.zwo"
seg. ago. 17 17:13:50 2026 1786997630956 Debug: homeform.cpp homeform::homeform(QQmlApplicationEngine *, bluetooth *) ":/zwo/Tempo and endurance.zwo" "Tempo and endurance.zwo"
seg. ago. 17 17:13:50 2026 1786997630960 Debug: homeform.cpp homeform::homeform(QQmlApplicationEngine *, bluetooth *) ":/zwo/HIIT Aerobic.zwo" "HIIT Aerobic.zwo"
seg. ago. 17 17:13:50 2026 1786997630964 Debug: homeform.cpp homeform::homeform(QQmlApplicationEngine *, bluetooth *) ":/zwo/Easy intervals.zwo" "Easy intervals.zwo"
seg. ago. 17 17:13:50 2026 1786997630968 Debug: homeform.cpp homeform::homeform(QQmlApplicationEngine *, bluetooth *) ":/zwo/HIIT Neuromuscular.zwo" "HIIT Neuromuscular.zwo"
seg. ago. 17 17:13:50 2026 1786997630971 Debug: homeform.cpp homeform::homeform(QQmlApplicationEngine *, bluetooth *) ":/zwo/VO2max with recovery.zwo" "VO2max with recovery.zwo"
seg. ago. 17 17:13:50 2026 1786997630977 Debug: homeform.cpp homeform::homeform(QQmlApplicationEngine *, bluetooth *) ":/zwo/Tabata with sweet spot.zwo" "Tabata with sweet spot.zwo"
seg. ago. 17 17:13:50 2026 1786997630982 Debug: homeform.cpp homeform::homeform(QQmlApplicationEngine *, bluetooth *) ":/zwo/Tabata plus 2 with sweet spot and threshold.zwo" "Tabata plus 2 with sweet spot and threshold.zwo"
seg. ago. 17 17:13:50 2026 1786997630986 Debug: homeform.cpp homeform::homeform(QQmlApplicationEngine *, bluetooth *) ":/zwo/HIIT Anaerobic Sprint.zwo" "HIIT Anaerobic Sprint.zwo"
seg. ago. 17 17:13:50 2026 1786997630990 Debug: homeform.cpp homeform::homeform(QQmlApplicationEngine *, bluetooth *) ":/zwo/HIIT Anaerobic.zwo" "HIIT Anaerobic.zwo"
seg. ago. 17 17:13:50 2026 1786997630995 Debug: homeform.cpp homeform::homeform(QQmlApplicationEngine *, bluetooth *) ":/zwo/Short Mix by Jonathan.zwo" "Short Mix by Jonathan.zwo"
seg. ago. 17 17:13:51 2026 1786997631002 Debug: homeform.cpp homeform::homeform(QQmlApplicationEngine *, bluetooth *) ":/gpx/Richmond Park.gpx" "Richmond Park.gpx"
seg. ago. 17 17:13:51 2026 1786997631006 Debug: homeform.cpp homeform::homeform(QQmlApplicationEngine *, bluetooth *) ":/gpx/Butterfield Canyon Road.gpx" "Butterfield Canyon Road.gpx"
seg. ago. 17 17:13:51 2026 1786997631010 Debug: homeform.cpp homeform::homeform(QQmlApplicationEngine *, bluetooth *) ":/gpx/Govi to Hood.gpx" "Govi to Hood.gpx"
seg. ago. 17 17:13:51 2026 1786997631014 Debug: homeform.cpp homeform::homeform(QQmlApplicationEngine *, bluetooth *) ":/gpx/Box Hill.gpx" "Box Hill.gpx"
seg. ago. 17 17:13:51 2026 1786997631019 Debug: homeform.cpp homeform::homeform(QQmlApplicationEngine *, bluetooth *) ":/gpx/Crater Lake.gpx" "Crater Lake.gpx"
seg. ago. 17 17:13:51 2026 1786997631023 Debug: homeform.cpp homeform::homeform(QQmlApplicationEngine *, bluetooth *) ":/gpx/Italy - Passo dello Stelvio.gpx" "Italy - Passo dello Stelvio.gpx"
seg. ago. 17 17:13:51 2026 1786997631028 Debug: homeform.cpp homeform::homeform(QQmlApplicationEngine *, bluetooth *) ":/gpx/Pittenweem to St Andrews.gpx" "Pittenweem to St Andrews.gpx"
seg. ago. 17 17:13:51 2026 1786997631032 Debug: homeform.cpp homeform::homeform(QQmlApplicationEngine *, bluetooth *) ":/gpx/St Andrews to Pittenweem.gpx" "St Andrews to Pittenweem.gpx"
seg. ago. 17 17:13:52 2026 1786997632740 Warning: androidqlog.cpp void Java_org_cagnulen_qdomyoszwift_QLog_sendToQt(JNIEnv *, jclass, jint, jstring, jstring) [WARN: "InAppPurchase" ] "Billing service disconnected"
seg. ago. 17 17:13:53 2026 1786997633032 Debug: homeform.cpp homeform::homeform(QQmlApplicationEngine *, bluetooth *) "/storage/emulated/0/Documents/QZ/"
seg. ago. 17 17:13:53 2026 1786997633034 Debug: homeform.cpp homeform::homeform(QQmlApplicationEngine *, bluetooth *) "" "" ""
seg. ago. 17 17:13:53 2026 1786997633037 Debug: homeform.cpp homeform::homeform(QQmlApplicationEngine *, bluetooth *) getBluetoothName() "A34"
seg. ago. 17 17:13:53 2026 1786997633047 Debug: homeform.cpp homeform::homeform(QQmlApplicationEngine *, bluetooth *) "" "" ""
seg. ago. 17 17:13:53 2026 1786997633048 Debug: homeform.cpp homeform::homeform(QQmlApplicationEngine *, bluetooth *) "/storage/emulated/0/Android/data/org.cagnulen.qdomyoszwift/files/." "." "/."
seg. ago. 17 17:13:53 2026 1786997633062 Debug: workoutmodel.cpp WorkoutModel::WorkoutModel(const QString &, QObject *) Failed to open database in main thread: "unable to open database file Error opening database"
seg. ago. 17 17:13:53 2026 1786997633067 Warning: qrc:/main.qml  qrc:/main.qml:1084: TypeError: Cannot read property 'title' of null
seg. ago. 17 17:13:53 2026 1786997633370 Warning:   QNetworkInterface/AF_NETLINK: found unknown interface with index 1
seg. ago. 17 17:13:53 2026 1786997633371 Warning:   QNetworkInterface/AF_NETLINK: found unknown interface with index 59
seg. ago. 17 17:13:53 2026 1786997633372 Warning:   QNetworkInterface/AF_NETLINK: found unknown interface with index 1
seg. ago. 17 17:13:53 2026 1786997633372 Warning:   QNetworkInterface/AF_NETLINK: found unknown interface with index 2
seg. ago. 17 17:13:53 2026 1786997633373 Warning:   QNetworkInterface/AF_NETLINK: found unknown interface with index 14
seg. ago. 17 17:13:53 2026 1786997633374 Warning:   QNetworkInterface/AF_NETLINK: found unknown interface with index 16
seg. ago. 17 17:13:53 2026 1786997633376 Warning:   QNetworkInterface/AF_NETLINK: found unknown interface with index 1
seg. ago. 17 17:13:53 2026 1786997633377 Warning:   QNetworkInterface/AF_NETLINK: found unknown interface with index 59
seg. ago. 17 17:13:53 2026 1786997633378 Warning:   QNetworkInterface/AF_NETLINK: found unknown interface with index 1
seg. ago. 17 17:13:53 2026 1786997633378 Warning:   QNetworkInterface/AF_NETLINK: found unknown interface with index 2
seg. ago. 17 17:13:53 2026 1786997633379 Warning:   QNetworkInterface/AF_NETLINK: found unknown interface with index 14
seg. ago. 17 17:13:53 2026 1786997633380 Warning:   QNetworkInterface/AF_NETLINK: found unknown interface with index 16
seg. ago. 17 17:13:53 2026 1786997633381 Warning:   QNetworkInterface/AF_NETLINK: found unknown interface with index 1
seg. ago. 17 17:13:53 2026 1786997633382 Warning:   QNetworkInterface/AF_NETLINK: found unknown interface with index 59
seg. ago. 17 17:13:53 2026 1786997633383 Warning:   QNetworkInterface/AF_NETLINK: found unknown interface with index 1
seg. ago. 17 17:13:53 2026 1786997633384 Warning:   QNetworkInterface/AF_NETLINK: found unknown interface with index 2
seg. ago. 17 17:13:53 2026 1786997633385 Warning:   QNetworkInterface/AF_NETLINK: found unknown interface with index 14
seg. ago. 17 17:13:53 2026 1786997633386 Warning:   QNetworkInterface/AF_NETLINK: found unknown interface with index 16
seg. ago. 17 17:13:53 2026 1786997633387 Debug: homeform.cpp homeform::homeform(QQmlApplicationEngine *, bluetooth *) SSL supported
seg. ago. 17 17:13:53 2026 1786997633390 Debug: androidqlog.cpp void Java_org_cagnulen_qdomyoszwift_QLog_sendToQt(JNIEnv *, jclass, jint, jstring, jstring) [DEBUG: "Shortcuts" ] "/storage/emulated/0/Documents/QZ/"
seg. ago. 17 17:13:53 2026 1786997633463 Debug: devices/dircon/dirconmanager.cpp static void DirconManager::startIdleEndpoint() Starting the Dircon endpoint at launch, with no device attached yet
seg. ago. 17 17:13:53 2026 1786997633464 Debug: devices/dircon/dirconmanager.cpp DirconManager::DirconManager(bluetoothdevice *, int8_t, double, QObject *) Building Dircom Manager
seg. ago. 17 17:13:53 2026 1786997633467 Warning:   QNetworkInterface/AF_NETLINK: found unknown interface with index 1
seg. ago. 17 17:13:53 2026 1786997633468 Warning:   QNetworkInterface/AF_NETLINK: found unknown interface with index 59
seg. ago. 17 17:13:53 2026 1786997633469 Warning:   QNetworkInterface/AF_NETLINK: found unknown interface with index 1
seg. ago. 17 17:13:53 2026 1786997633470 Warning:   QNetworkInterface/AF_NETLINK: found unknown interface with index 2
seg. ago. 17 17:13:53 2026 1786997633471 Warning:   QNetworkInterface/AF_NETLINK: found unknown interface with index 14
seg. ago. 17 17:13:53 2026 1786997633472 Warning:   QNetworkInterface/AF_NETLINK: found unknown interface with index 16
seg. ago. 17 17:13:53 2026 1786997633474 Debug: devices/dircon/dirconprocessor.cpp DirconProcessor::DirconProcessor(const QList<DirconProcessorService *> &, const QString &, quint16, const QString &, const QString &, QObject *) In the constructor of dircon processor for "Wahoo KICKR 0000"
seg. ago. 17 17:13:53 2026 1786997633476 Debug: devices/dircon/dirconmanager.cpp DirconManager::DirconManager(bluetoothdevice *, int8_t, double, QObject *) Initializing dircon for "Wahoo KICKR $uuid_hex$" with serv "servname=FITNESS_MACHINE_CYCLE uuid=1826 machine=0 [uuid=2acc read=835400000ce00000 type=1,uuid=2ad6 read=0a0096000a00 type=1,uuid=2ad9 read=00 type=10,uuid=e005 read=00 type=2,uuid=2ad2 read=00 type=4,uuid=2ad3 read=0001 type=1,],servname=CYCLING_POWER uuid=1818 machine=0 [uuid=2a65 read=08000000 type=1,uuid=2a5d read=0d type=1,uuid=2a63 read=00 type=4,],servname=CYCLING_SPEED_AND_CADENCE uuid=1816 machine=0 [uuid=2a5c read=0200 type=1,uuid=2a5d read=0d type=1,uuid=2a5b read=00 type=4,uuid=2a55 read=00 type=2,],"
seg. ago. 17 17:13:53 2026 1786997633477 Debug: devices/dircon/dirconprocessor.cpp bool DirconProcessor::init() Dircon Processor init for "Wahoo KICKR 0000"
seg. ago. 17 17:13:53 2026 1786997633478 Debug: devices/dircon/dirconprocessor.cpp bool DirconProcessor::initServer() Initializing dircon tcp server for "Wahoo KICKR 0000"
seg. ago. 17 17:13:53 2026 1786997633479 Debug: devices/dircon/dirconprocessor.cpp bool DirconProcessor::initServer() Dircon TCP Server built "Wahoo KICKR 0000"
seg. ago. 17 17:13:53 2026 1786997633479 Debug: devices/dircon/dirconprocessor.cpp bool DirconProcessor::initServer() Dircon TCP Server trying to listen 36866
seg. ago. 17 17:13:53 2026 1786997633481 Debug: devices/dircon/dirconprocessor.cpp bool DirconProcessor::init() Dircon TCP Server RV true
seg. ago. 17 17:13:53 2026 1786997633482 Debug: devices/dircon/dirconprocessor.cpp void DirconProcessor::initAdvertising() Dircon Adv init for "Wahoo KICKR 0000"
seg. ago. 17 17:13:53 2026 1786997633483 Warning:   QNetworkInterface/AF_NETLINK: found unknown interface with index 1
seg. ago. 17 17:13:53 2026 1786997633484 Warning:   QNetworkInterface/AF_NETLINK: found unknown interface with index 59
seg. ago. 17 17:13:53 2026 1786997633485 Warning:   QNetworkInterface/AF_NETLINK: found unknown interface with index 1
seg. ago. 17 17:13:53 2026 1786997633486 Warning:   QNetworkInterface/AF_NETLINK: found unknown interface with index 2
seg. ago. 17 17:13:53 2026 1786997633486 Warning:   QNetworkInterface/AF_NETLINK: found unknown interface with index 14
seg. ago. 17 17:13:53 2026 1786997633487 Warning:   QNetworkInterface/AF_NETLINK: found unknown interface with index 16
seg. ago. 17 17:13:53 2026 1786997633489 Warning:   QNetworkInterface/AF_NETLINK: found unknown interface with index 1
seg. ago. 17 17:13:53 2026 1786997633490 Warning:   QNetworkInterface/AF_NETLINK: found unknown interface with index 59
seg. ago. 17 17:13:53 2026 1786997633491 Warning:   QNetworkInterface/AF_NETLINK: found unknown interface with index 1
seg. ago. 17 17:13:53 2026 1786997633492 Warning:   QNetworkInterface/AF_NETLINK: found unknown interface with index 2
seg. ago. 17 17:13:53 2026 1786997633492 Warning:   QNetworkInterface/AF_NETLINK: found unknown interface with index 14
seg. ago. 17 17:13:53 2026 1786997633494 Warning:   QNetworkInterface/AF_NETLINK: found unknown interface with index 16
seg. ago. 17 17:13:53 2026 1786997633495 Warning:   QNetworkInterface/AF_NETLINK: found unknown interface with index 1
seg. ago. 17 17:13:53 2026 1786997633497 Warning:   QNetworkInterface/AF_NETLINK: found unknown interface with index 59
seg. ago. 17 17:13:53 2026 1786997633500 Warning:   QNetworkInterface/AF_NETLINK: found unknown interface with index 1
seg. ago. 17 17:13:53 2026 1786997633501 Warning:   QNetworkInterface/AF_NETLINK: found unknown interface with index 2
seg. ago. 17 17:13:53 2026 1786997633502 Warning:   QNetworkInterface/AF_NETLINK: found unknown interface with index 14
seg. ago. 17 17:13:53 2026 1786997633502 Warning:   QNetworkInterface/AF_NETLINK: found unknown interface with index 16
seg. ago. 17 17:13:53 2026 1786997633503 Warning:   QNetworkInterface/AF_NETLINK: found unknown interface with index 1
seg. ago. 17 17:13:53 2026 1786997633504 Warning:   QNetworkInterface/AF_NETLINK: found unknown interface with index 59
seg. ago. 17 17:13:53 2026 1786997633505 Warning:   QNetworkInterface/AF_NETLINK: found unknown interface with index 1
seg. ago. 17 17:13:53 2026 1786997633506 Warning:   QNetworkInterface/AF_NETLINK: found unknown interface with index 2
seg. ago. 17 17:13:53 2026 1786997633506 Warning:   QNetworkInterface/AF_NETLINK: found unknown interface with index 14
seg. ago. 17 17:13:53 2026 1786997633507 Warning:   QNetworkInterface/AF_NETLINK: found unknown interface with index 16
seg. ago. 17 17:13:53 2026 1786997633508 Debug: devices/dircon/dirconprocessor.cpp void DirconProcessor::initAdvertising() Dircon Adv init for "Wahoo KICKR 0000"  end
seg. ago. 17 17:13:53 2026 1786997633510 Debug: devices/dircon/dirconprocessor.cpp DirconProcessor::DirconProcessor(const QList<DirconProcessorService *> &, const QString &, quint16, const QString &, const QString &, QObject *) In the constructor of dircon processor for "Wahoo HRM"
seg. ago. 17 17:13:53 2026 1786997633511 Debug: devices/dircon/dirconmanager.cpp DirconManager::DirconManager(bluetoothdevice *, int8_t, double, QObject *) Initializing dircon for "Wahoo HRM" with serv "servname=HEART_RATE uuid=180d machine=1 [uuid=2a37 read=00 type=4,],"
seg. ago. 17 17:13:53 2026 1786997633511 Debug: devices/dircon/dirconprocessor.cpp bool DirconProcessor::init() Dircon Processor init for "Wahoo HRM"
seg. ago. 17 17:13:53 2026 1786997633512 Debug: devices/dircon/dirconprocessor.cpp bool DirconProcessor::initServer() Initializing dircon tcp server for "Wahoo HRM"
seg. ago. 17 17:13:53 2026 1786997633513 Debug: devices/dircon/dirconprocessor.cpp bool DirconProcessor::initServer() Dircon TCP Server built "Wahoo HRM"
seg. ago. 17 17:13:53 2026 1786997633514 Debug: devices/dircon/dirconprocessor.cpp bool DirconProcessor::initServer() Dircon TCP Server trying to listen 36867
seg. ago. 17 17:13:53 2026 1786997633515 Debug: devices/dircon/dirconprocessor.cpp bool DirconProcessor::init() Dircon TCP Server RV true
seg. ago. 17 17:13:53 2026 1786997633516 Debug: devices/dircon/dirconprocessor.cpp void DirconProcessor::initAdvertising() Dircon Adv init for "Wahoo HRM"
seg. ago. 17 17:13:53 2026 1786997633517 Warning:   QNetworkInterface/AF_NETLINK: found unknown interface with index 1
seg. ago. 17 17:13:53 2026 1786997633518 Warning:   QNetworkInterface/AF_NETLINK: found unknown interface with index 59
seg. ago. 17 17:13:53 2026 1786997633519 Warning:   QNetworkInterface/AF_NETLINK: found unknown interface with index 1
seg. ago. 17 17:13:53 2026 1786997633519 Warning:   QNetworkInterface/AF_NETLINK: found unknown interface with index 2
seg. ago. 17 17:13:53 2026 1786997633520 Warning:   QNetworkInterface/AF_NETLINK: found unknown interface with index 14
seg. ago. 17 17:13:53 2026 1786997633521 Warning:   QNetworkInterface/AF_NETLINK: found unknown interface with index 16
seg. ago. 17 17:13:53 2026 1786997633522 Warning:   QNetworkInterface/AF_NETLINK: found unknown interface with index 1
seg. ago. 17 17:13:53 2026 1786997633523 Warning:   QNetworkInterface/AF_NETLINK: found unknown interface with index 59
seg. ago. 17 17:13:53 2026 1786997633524 Warning:   QNetworkInterface/AF_NETLINK: found unknown interface with index 1
seg. ago. 17 17:13:53 2026 1786997633525 Warning:   QNetworkInterface/AF_NETLINK: found unknown interface with index 2
seg. ago. 17 17:13:53 2026 1786997633526 Warning:   QNetworkInterface/AF_NETLINK: found unknown interface with index 14
seg. ago. 17 17:13:53 2026 1786997633527 Warning:   QNetworkInterface/AF_NETLINK: found unknown interface with index 16
seg. ago. 17 17:13:53 2026 1786997633528 Warning:   QNetworkInterface/AF_NETLINK: found unknown interface with index 1
seg. ago. 17 17:13:53 2026 1786997633529 Warning:   QNetworkInterface/AF_NETLINK: found unknown interface with index 59
seg. ago. 17 17:13:53 2026 1786997633530 Warning:   QNetworkInterface/AF_NETLINK: found unknown interface with index 1
seg. ago. 17 17:13:53 2026 1786997633530 Warning:   QNetworkInterface/AF_NETLINK: found unknown interface with index 2
seg. ago. 17 17:13:53 2026 1786997633531 Warning:   QNetworkInterface/AF_NETLINK: found unknown interface with index 14
seg. ago. 17 17:13:53 2026 1786997633532 Warning:   QNetworkInterface/AF_NETLINK: found unknown interface with index 16
seg. ago. 17 17:13:53 2026 1786997633533 Warning:   QNetworkInterface/AF_NETLINK: found unknown interface with index 1
seg. ago. 17 17:13:53 2026 1786997633534 Warning:   QNetworkInterface/AF_NETLINK: found unknown interface with index 59
seg. ago. 17 17:13:53 2026 1786997633535 Warning:   QNetworkInterface/AF_NETLINK: found unknown interface with index 1
seg. ago. 17 17:13:53 2026 1786997633536 Warning:   QNetworkInterface/AF_NETLINK: found unknown interface with index 2
seg. ago. 17 17:13:53 2026 1786997633536 Warning:   QNetworkInterface/AF_NETLINK: found unknown interface with index 14
seg. ago. 17 17:13:53 2026 1786997633537 Warning:   QNetworkInterface/AF_NETLINK: found unknown interface with index 16
seg. ago. 17 17:13:53 2026 1786997633539 Debug: devices/dircon/dirconprocessor.cpp void DirconProcessor::initAdvertising() Dircon Adv init for "Wahoo HRM"  end
seg. ago. 17 17:13:53 2026 1786997633544 Debug: keepawakehelper.cpp KeepAwakeHelper::KeepAwakeHelper() Locked device, can't go to standby anymore
seg. ago. 17 17:13:53 2026 1786997633547 Debug: homeform.cpp void homeform::deviceConnected(QBluetoothDeviceInfo) deviceConnected bluetooth(0x7bc523bb68) QQmlApplicationEngine(0x7bc523b380)
seg. ago. 17 17:13:53 2026 1786997633548 Debug: homeform.cpp void homeform::deviceConnected(QBluetoothDeviceInfo) simulatedbike(0xb400007d0f91eff0)
seg. ago. 17 17:13:53 2026 1786997633569 Warning: qrc:/main.qml  qrc:/main.qml:1084: TypeError: Cannot read property 'title' of null
seg. ago. 17 17:13:53 2026 1786997633574 Warning:   QObject::connect: Cannot connect (nullptr)::plus_clicked(QString) to homeform::Plus(QString)
seg. ago. 17 17:13:53 2026 1786997633575 Warning:   QObject::connect: Cannot connect (nullptr)::minus_clicked(QString) to homeform::Minus(QString)
seg. ago. 17 17:13:53 2026 1786997633576 Warning:   QObject::connect: Cannot connect (nullptr)::largeButton_clicked(QString) to homeform::LargeButton(QString)
seg. ago. 17 17:13:53 2026 1786997633579 Debug: androidqlog.cpp void Java_org_cagnulen_qdomyoszwift_QLog_sendToQt(JNIEnv *, jclass, jint, jstring, jstring) [VERBOSE: "WearableController" ] "started"
seg. ago. 17 17:13:53 2026 1786997633581 Debug: homeform.cpp void homeform::trainProgramSignals() "trainProgram associated to a device"
seg. ago. 17 17:13:53 2026 1786997633581 Debug: androidqlog.cpp void Java_org_cagnulen_qdomyoszwift_QLog_sendToQt(JNIEnv *, jclass, jint, jstring, jstring) [VERBOSE: "WearableMessageListenerService" ] "onStartCommand"
seg. ago. 17 17:13:53 2026 1786997633597 Debug: androidqlog.cpp void Java_org_cagnulen_qdomyoszwift_QLog_sendToQt(JNIEnv *, jclass, jint, jstring, jstring) [DEBUG: "InAppPurchase" ] "queryDetails: start"
seg. ago. 17 17:13:53 2026 1786997633599 Debug: androidqlog.cpp void Java_org_cagnulen_qdomyoszwift_QLog_sendToQt(JNIEnv *, jclass, jint, jstring, jstring) [DEBUG: "InAppPurchase" ] "queryDetails: productIds.length 1"
seg. ago. 17 17:13:53 2026 1786997633604 Debug: homeform.cpp auto homeform::homeform(QQmlApplicationEngine *, bluetooth *)::(anonymous class)::operator()(const QString &) const FitDatabaseProcessor Error: "Failed to open database: unable to open database file Error opening database"
seg. ago. 17 17:13:53 2026 1786997633607 Debug: ./ergtable.h void ergTable::collectData(uint16_t, uint16_t, uint16_t, bool) resistance changed
seg. ago. 17 17:13:53 2026 1786997633609 Debug: ./ergtable.h void ergTable::collectData(uint16_t, uint16_t, uint16_t, bool) skipping collecting data due to resistance changing too fast
seg. ago. 17 17:13:53 2026 1786997633610 Debug: androidqlog.cpp void Java_org_cagnulen_qdomyoszwift_QLog_sendToQt(JNIEnv *, jclass, jint, jstring, jstring) [DEBUG: "InAppPurchase" ] "onProductDetailsResponse: responseCode -1"
seg. ago. 17 17:13:53 2026 1786997633611 Debug: devices/bluetooth.cpp void bluetooth::debug(const QString &) "creating virtual bike interface..."
seg. ago. 17 17:13:53 2026 1786997633611 Critical: androidqlog.cpp void Java_org_cagnulen_qdomyoszwift_QLog_sendToQt(JNIEnv *, jclass, jint, jstring, jstring) [ERROR: "InAppPurchase" ] "queryDetails: Couldn't retrieve product details."
seg. ago. 17 17:13:53 2026 1786997633612 Debug: devices/dircon/dirconmanager.cpp static DirconManager *DirconManager::shared(bluetoothdevice *, int8_t, double) Reusing the shared Dircon manager for a new virtual device
seg. ago. 17 17:13:53 2026 1786997633613 Debug: devices/dircon/dirconmanager.cpp void DirconManager::setDevice(bluetoothdevice *) DirconManager::setDevice rebinding from 0x0 to 0xb400007d0f91eff0
seg. ago. 17 17:13:53 2026 1786997633623 Debug: androidqlog.cpp void Java_org_cagnulen_qdomyoszwift_QLog_sendToQt(JNIEnv *, jclass, jint, jstring, jstring) [VERBOSE: "WearableMessageListenerService" ] "onConnectionFailed"
seg. ago. 17 17:13:53 2026 1786997633624 Debug:   Creating Android Peripheral/Server support for BTLE
seg. ago. 17 17:13:53 2026 1786997633742 Warning:   QObject::connect(QLowEnergyService, virtualbike): invalid nullptr parameter
seg. ago. 17 17:13:53 2026 1786997633743 Warning:   QObject::connect(QLowEnergyService, virtualbike): invalid nullptr parameter
seg. ago. 17 17:13:53 2026 1786997633755 Debug: devices/bluetooth.cpp void bluetooth::connectedAndDiscovered() bluetooth::connectedAndDiscovered()
seg. ago. 17 17:13:53 2026 1786997633757 Debug: devices/bluetoothdevice.cpp void bluetoothdevice::update_hr_from_external() WearOS Companion Heart: 0
seg. ago. 17 17:13:53 2026 1786997633759 Debug: homeform.cpp void homeform::update() homeform::update fired! elapsed: 3681 jitter: 2681
seg. ago. 17 17:13:53 2026 1786997633762 Warning:   QEGLPlatformContext: eglSwapBuffers failed: 300d
seg. ago. 17 17:13:53 2026 1786997633765 Debug: homeform.cpp void homeform::update() homeform::update tiles updated!
seg. ago. 17 17:13:53 2026 1786997633766 Debug: homeform.cpp void homeform::update() Current Distance 1s: 0.00793431 28.5635 0
seg. ago. 17 17:13:53 2026 1786997633778 Warning:   QEGLPlatformContext: eglSwapBuffers failed: 300d
seg. ago. 17 17:13:53 2026 1786997633782 Debug:   Connection updated: error: QLowEnergyController::NoError oldState: QLowEnergyController::AdvertisingState newState: QLowEnergyController::ConnectedState
seg. ago. 17 17:13:53 2026 1786997633819 Debug: ./ergtable.h void ergTable::collectData(uint16_t, uint16_t, uint16_t, bool) skipping collecting data due to resistance changing too fast
seg. ago. 17 17:13:53 2026 1786997633822 Debug: devices/bluetoothdevice.cpp void bluetoothdevice::update_hr_from_external() WearOS Companion Heart: 0
seg. ago. 17 17:13:54 2026 1786997634029 Debug: ./ergtable.h void ergTable::collectData(uint16_t, uint16_t, uint16_t, bool) skipping collecting data due to resistance changing too fast
seg. ago. 17 17:13:54 2026 1786997634035 Debug: devices/bluetoothdevice.cpp void bluetoothdevice::update_hr_from_external() WearOS Companion Heart: 0
seg. ago. 17 17:13:54 2026 1786997634189 Warning: androidqlog.cpp void Java_org_cagnulen_qdomyoszwift_QLog_sendToQt(JNIEnv *, jclass, jint, jstring, jstring) [WARN: "InAppPurchase" ] "onBillingSetupFinished"
seg. ago. 17 17:13:54 2026 1786997634238 Debug: ./ergtable.h void ergTable::collectData(uint16_t, uint16_t, uint16_t, bool) skipping collecting data due to resistance changing too fast
seg. ago. 17 17:13:54 2026 1786997634241 Debug: devices/bluetoothdevice.cpp void bluetoothdevice::update_hr_from_external() WearOS Companion Heart: 0
seg. ago. 17 17:13:54 2026 1786997634441 Debug: ./ergtable.h void ergTable::collectData(uint16_t, uint16_t, uint16_t, bool) skipping collecting data due to resistance changing too fast
seg. ago. 17 17:13:54 2026 1786997634444 Debug: devices/bluetoothdevice.cpp void bluetoothdevice::update_hr_from_external() WearOS Companion Heart: 0
seg. ago. 17 17:13:54 2026 1786997634643 Debug: templateinfosender.cpp bool TemplateInfoSender::update(QJSEngine *) "eval res " "{\"msg\":\"workout\",\"content\":{\"BIKE_TYPE\":2,\"ELLIPTICAL_TYPE\":4,\"ROWING_TYPE\":3,\"TREADMILL_TYPE\":1,\"UNKNOWN_TYPE\":0,\"deviceId\":\"00:00:00:00:00:00\",\"deviceName\":\"N/A\",\"deviceRSSI\":1,\"deviceType\":2,\"deviceConnected\":true,\"devicePaused\":false,\"elapsed_s\":0,\"elapsed_m\":0,\"elapsed_h\":0,\"lapelapsed_s\":0,\"lapelapsed_m\":0,\"lapelapsed_h\":0,\"pace_s\":6,\"pace_m\":2,\"pace_h\":0,\"pace_color\":\"white\",\"avgpace_s\":6,\"avgpace_m\":2,\"avgpace_h\":0,\"maxpace_s\":6,\"maxpace_m\":2,\"maxpace_h\":0,\"moving_s\":0,\"moving_m\":0,\"moving_h\":0,\"speed\":28.563479841239428,\"speed_avg\":28.56349722322936,\"speed_color\":\"white\",\"speed_lapavg\":28.56349722322936,\"speed_lapmax\":28.563517581678,\"calories\":0.9057267187500001,\"distance\":0.03915581615892441,\"heart\":0,\"heart_color\":\"lightsteelblue\",\"heart_avg\":119.0549,\"heart_lapavg\":119.0549,\"heart_max\":119.1515,\"heart_lapmax\":119.1515,\"target_heart_above\":0,\"target_heart_below\":0,\"jouls\":124.95,\"elevation\":0,\"difficult\":1,\"watts\":150,\"watts_avg\":150,\"watts_color\":\"white\",\"watts_lapavg\":150,\"watts_max\":150,\"watts_lapmax\":150,\"kgwatts\":2,\"kgwatts_avg\":2,\"kgwatts_max\":2,\"workoutName\":\"Ride\",\"workoutStartDate\":\"seg. ago. 17 17:13:53 2026\",\"instructorName\":\"\",\"latitude\":null,\"longitude\":null,\"altitude\":null,\"peloton_offset\":0,\"peloton_ask_start\":false,\"autoresistance\":true,\"nextrow\":\"N/A\",\"training_row_index\":0,\"training_row_elapsed\":0,\"training_row_open_ended\":false,\"training_row_wait_for_lap\":false,\"row_remaining_time_s\":0,\"row_remaining_time_m\":0,\"row_remaining_time_h\":0,\"remaining_time_s\":0,\"remaining_time_m\":0,\"remaining_time_h\":0,\"nickName\":\"N/A\",\"gears\":0,\"target_resistance\":0,\"target_peloton_resistance\":0,\"target_cadence\":0,\"target_power\":0,\"power_zone\":1,\"power_zone_lapavg\":1,\"power_zone_lapmax\":1,\"target_power_zone\":1,\"power_zone_color\":\"white\",\"target_power_zone_color\":\"white\",\"peloton_resistance\":12,\"peloton_resistance_avg\":12,\"peloton_resistance_color\":\"white\",\"peloton_resistance_lapavg\":12,\"peloton_resistance_lapmax\":12,\"peloton_req_resistance\":0,\"cadence\":85,\"cadence_color\":\"white\",\"cadence_avg\":85,\"cadence_lapavg\":85,\"cadence_lapmax\":85,\"resistance\":12,\"resistance_avg\":12,\"resistance_lapavg\":12,\"resistance_lapmax\":12,\"cranks\":5,\"cranktime\":3610,\"req_power\":0,\"req_cadence\":0,\"req_resistance\":0,\"inclination\":0,\"inclination_avg\":0}}"
seg. ago. 17 17:13:54 2026 1786997634653 Debug: homeform.cpp void homeform::update() homeform::update fired! elapsed: 894 jitter: -106
seg. ago. 17 17:13:54 2026 1786997634658 Debug: homeform.cpp void homeform::update() homeform::update tiles updated!
seg. ago. 17 17:13:54 2026 1786997634660 Debug: homeform.cpp void homeform::update() Current Distance 1s: 0.0158686 28.5635 150
seg. ago. 17 17:13:54 2026 1786997634668 Debug: devices/bluetoothdevice.cpp void bluetoothdevice::update_hr_from_external() WearOS Companion Heart: 0
seg. ago. 17 17:13:54 2026 1786997634705 Debug: virtualdevices/virtualbike.cpp void virtualbike::bikeProvider() "bikeProvider" 0 2000 false
seg. ago. 17 17:13:54 2026 1786997634706 Debug: virtualdevices/virtualbike.cpp void virtualbike::bikeProvider() "virtual bike connected"
seg. ago. 17 17:13:54 2026 1786997634707 Debug: virtualdevices/virtualbike.cpp void virtualbike::writeCharacteristic(QLowEnergyService *, const QLowEnergyCharacteristic &, const QByteArray &) "virtualbike::writeCharacteristic Unknown Service  64 02 28 0b aa 00 0c 00 96 00 00 00"
seg. ago. 17 17:13:54 2026 1786997634708 Debug:   Write server characteristic with handle  9 "6402280baa000c0096000000" (service: "{00001826-0000-1000-8000-00805f9b34fb}"
seg. ago. 17 17:13:54 2026 1786997634710 Debug: virtualdevices/virtualbike.cpp void virtualbike::writeCharacteristic(QLowEnergyService *, const QLowEnergyCharacteristic &, const QByteArray &) "virtualbike::writeCharacteristic Heart Rate Heart Rate Measurement 00 00"
seg. ago. 17 17:13:54 2026 1786997634711 Debug:   Write server characteristic with handle  19 "0000" (service: "{0000180d-0000-1000-8000-00805f9b34fb}"
seg. ago. 17 17:13:54 2026 1786997634844 Debug: devices/bluetoothdevice.cpp void bluetoothdevice::update_hr_from_external() WearOS Companion Heart: 0
seg. ago. 17 17:13:55 2026 1786997635043 Debug: devices/bluetoothdevice.cpp void bluetoothdevice::update_hr_from_external() WearOS Companion Heart: 0
seg. ago. 17 17:13:55 2026 1786997635243 Debug: devices/bluetoothdevice.cpp void bluetoothdevice::update_hr_from_external() WearOS Companion Heart: 0
seg. ago. 17 17:13:55 2026 1786997635447 Debug: devices/bluetoothdevice.cpp void bluetoothdevice::update_hr_from_external() WearOS Companion Heart: 0
seg. ago. 17 17:13:55 2026 1786997635609 Debug: qmdnsengine/src/src/prober.cpp QMdnsEngine::ProberPrivate::ProberPrivate(QMdnsEngine::Prober *, QMdnsEngine::AbstractServer *, const QMdnsEngine::Record &) ProberPrivate::ProberPrivate() "Wahoo KICKR 0000._wahoo-fitness-tnp._tcp.local."
seg. ago. 17 17:13:55 2026 1786997635612 Warning:   QNetworkInterface/AF_NETLINK: found unknown interface with index 1
seg. ago. 17 17:13:55 2026 1786997635613 Warning:   QNetworkInterface/AF_NETLINK: found unknown interface with index 59
seg. ago. 17 17:13:55 2026 1786997635615 Warning:   QNetworkInterface/AF_NETLINK: found unknown interface with index 1
seg. ago. 17 17:13:55 2026 1786997635616 Warning:   QNetworkInterface/AF_NETLINK: found unknown interface with index 2
seg. ago. 17 17:13:55 2026 1786997635617 Warning:   QNetworkInterface/AF_NETLINK: found unknown interface with index 14
seg. ago. 17 17:13:55 2026 1786997635619 Warning:   QNetworkInterface/AF_NETLINK: found unknown interface with index 16
seg. ago. 17 17:13:55 2026 1786997635621 Warning:   QNetworkInterface/AF_NETLINK: found unknown interface with index 1
seg. ago. 17 17:13:55 2026 1786997635623 Warning:   QNetworkInterface/AF_NETLINK: found unknown interface with index 59
seg. ago. 17 17:13:55 2026 1786997635624 Warning:   QNetworkInterface/AF_NETLINK: found unknown interface with index 1
seg. ago. 17 17:13:55 2026 1786997635625 Warning:   QNetworkInterface/AF_NETLINK: found unknown interface with index 2
seg. ago. 17 17:13:55 2026 1786997635627 Warning:   QNetworkInterface/AF_NETLINK: found unknown interface with index 14
seg. ago. 17 17:13:55 2026 1786997635628 Warning:   QNetworkInterface/AF_NETLINK: found unknown interface with index 16
seg. ago. 17 17:13:55 2026 1786997635630 Warning:   QNetworkInterface/AF_NETLINK: found unknown interface with index 1
seg. ago. 17 17:13:55 2026 1786997635631 Warning:   QNetworkInterface/AF_NETLINK: found unknown interface with index 59
seg. ago. 17 17:13:55 2026 1786997635633 Warning:   QNetworkInterface/AF_NETLINK: found unknown interface with index 1
seg. ago. 17 17:13:55 2026 1786997635635 Warning:   QNetworkInterface/AF_NETLINK: found unknown interface with index 2
seg. ago. 17 17:13:55 2026 1786997635636 Warning:   QNetworkInterface/AF_NETLINK: found unknown interface with index 14
seg. ago. 17 17:13:55 2026 1786997635637 Warning:   QNetworkInterface/AF_NETLINK: found unknown interface with index 16
seg. ago. 17 17:13:55 2026 1786997635639 Debug: qmdnsengine/src/src/provider.cpp void QMdnsEngine::ProviderPrivate::confirm() ProviderPrivate::confirm()
seg. ago. 17 17:13:55 2026 1786997635640 Debug: qmdnsengine/src/src/prober.cpp QMdnsEngine::ProberPrivate::ProberPrivate(QMdnsEngine::Prober *, QMdnsEngine::AbstractServer *, const QMdnsEngine::Record &) ProberPrivate::ProberPrivate() "Wahoo HRM._wahoo-fitness-tnp._tcp.local."
seg. ago. 17 17:13:55 2026 1786997635642 Warning:   QNetworkInterface/AF_NETLINK: found unknown interface with index 1
seg. ago. 17 17:13:55 2026 1786997635643 Warning:   QNetworkInterface/AF_NETLINK: found unknown interface with index 59
seg. ago. 17 17:13:55 2026 1786997635644 Warning:   QNetworkInterface/AF_NETLINK: found unknown interface with index 1
seg. ago. 17 17:13:55 2026 1786997635645 Warning:   QNetworkInterface/AF_NETLINK: found unknown interface with index 2
seg. ago. 17 17:13:55 2026 1786997635646 Warning:   QNetworkInterface/AF_NETLINK: found unknown interface with index 14
seg. ago. 17 17:13:55 2026 1786997635647 Warning:   QNetworkInterface/AF_NETLINK: found unknown interface with index 16
seg. ago. 17 17:13:55 2026 1786997635648 Warning:   QNetworkInterface/AF_NETLINK: found unknown interface with index 1
seg. ago. 17 17:13:55 2026 1786997635649 Warning:   QNetworkInterface/AF_NETLINK: found unknown interface with index 59
seg. ago. 17 17:13:55 2026 1786997635650 Warning:   QNetworkInterface/AF_NETLINK: found unknown interface with index 1
seg. ago. 17 17:13:55 2026 1786997635651 Warning:   QNetworkInterface/AF_NETLINK: found unknown interface with index 2
seg. ago. 17 17:13:55 2026 1786997635651 Warning:   QNetworkInterface/AF_NETLINK: found unknown interface with index 14
seg. ago. 17 17:13:55 2026 1786997635652 Warning:   QNetworkInterface/AF_NETLINK: found unknown interface with index 16
seg. ago. 17 17:13:55 2026 1786997635653 Warning:   QNetworkInterface/AF_NETLINK: found unknown interface with index 1
seg. ago. 17 17:13:55 2026 1786997635654 Warning:   QNetworkInterface/AF_NETLINK: found unknown interface with index 59
seg. ago. 17 17:13:55 2026 1786997635655 Warning:   QNetworkInterface/AF_NETLINK: found unknown interface with index 1
seg. ago. 17 17:13:55 2026 1786997635656 Warning:   QNetworkInterface/AF_NETLINK: found unknown interface with index 2
seg. ago. 17 17:13:55 2026 1786997635657 Warning:   QNetworkInterface/AF_NETLINK: found unknown interface with index 14
seg. ago. 17 17:13:55 2026 1786997635657 Warning:   QNetworkInterface/AF_NETLINK: found unknown interface with index 16
seg. ago. 17 17:13:55 2026 1786997635659 Debug: qmdnsengine/src/src/provider.cpp void QMdnsEngine::ProviderPrivate::confirm() ProviderPrivate::confirm()
seg. ago. 17 17:13:55 2026 1786997635663 Debug: templateinfosender.cpp bool TemplateInfoSender::update(QJSEngine *) "eval res " "{\"msg\":\"workout\",\"content\":{\"BIKE_TYPE\":2,\"ELLIPTICAL_TYPE\":4,\"ROWING_TYPE\":3,\"TREADMILL_TYPE\":1,\"UNKNOWN_TYPE\":0,\"deviceId\":\"00:00:00:00:00:00\",\"deviceName\":\"N/A\",\"deviceRSSI\":1,\"deviceType\":2,\"deviceConnected\":true,\"devicePaused\":false,\"elapsed_s\":1,\"elapsed_m\":0,\"elapsed_h\":0,\"lapelapsed_s\":1,\"lapelapsed_m\":0,\"lapelapsed_h\":0,\"pace_s\":6,\"pace_m\":2,\"pace_h\":0,\"pace_color\":\"white\",\"avgpace_s\":6,\"avgpace_m\":2,\"avgpace_h\":0,\"maxpace_s\":6,\"maxpace_m\":2,\"maxpace_h\":0,\"moving_s\":1,\"moving_m\":0,\"moving_h\":0,\"speed\":28.563455908179264,\"speed_avg\":28.56348061243279,\"speed_color\":\"white\",\"speed_lapavg\":28.56348061243279,\"speed_lapmax\":28.563517581678,\"calories\":1.0894415,\"distance\":0.04709804604179845,\"heart\":0,\"heart_color\":\"lightsteelblue\",\"heart_avg\":119.17383,\"heart_lapavg\":119.17383,\"heart_max\":119.38506666666666,\"heart_lapmax\":119.38506666666666,\"target_heart_above\":0,\"target_heart_below\":0,\"jouls\":275.40000000000003,\"elevation\":0,\"difficult\":1,\"watts\":150,\"watts_avg\":150,\"watts_color\":\"limegreen\",\"watts_lapavg\":150,\"watts_max\":150,\"watts_lapmax\":150,\"kgwatts\":2,\"kgwatts_avg\":2,\"kgwatts_max\":2,\"workoutName\":\"Ride\",\"workoutStartDate\":\"seg. ago. 17 17:13:53 2026\",\"instructorName\":\"\",\"latitude\":null,\"longitude\":null,\"altitude\":null,\"peloton_offset\":0,\"peloton_ask_start\":false,\"autoresistance\":true,\"nextrow\":\"N/A\",\"training_row_index\":0,\"training_row_elapsed\":0,\"training_row_open_ended\":false,\"training_row_wait_for_lap\":false,\"row_remaining_time_s\":0,\"row_remaining_time_m\":0,\"row_remaining_time_h\":0,\"remaining_time_s\":0,\"remaining_time_m\":0,\"remaining_time_h\":0,\"nickName\":\"N/A\",\"gears\":0,\"target_resistance\":0,\"target_peloton_resistance\":0,\"target_cadence\":0,\"target_power\":0,\"power_zone\":2.9,\"power_zone_lapavg\":1.95,\"power_zone_lapmax\":2.9,\"target_power_zone\":1,\"power_zone_color\":\"limegreen\",\"target_power_zone_color\":\"white\",\"peloton_resistance\":12,\"peloton_resistance_avg\":12,\"peloton_resistance_color\":\"white\",\"peloton_resistance_lapavg\":12,\"peloton_resistance_lapmax\":12,\"peloton_req_resistance\":0,\"cadence\":85,\"cadence_color\":\"white\",\"cadence_avg\":85,\"cadence_lapavg\":85,\"cadence_lapmax\":85,\"resistance\":12,\"resistance_avg\":12,\"resistance_lapavg\":12,\"resistance_lapmax\":12,\"cranks\":10,\"cranktime\":7220,\"req_power\":0,\"req_cadence\":0,\"req_resistance\":0,\"inclination\":0,\"inclination_avg\":0}}"
seg. ago. 17 17:13:55 2026 1786997635670 Debug: homeform.cpp void homeform::update() homeform::update fired! elapsed: 1017 jitter: -89
seg. ago. 17 17:13:55 2026 1786997635674 Debug: homeform.cpp void homeform::update() homeform::update tiles updated!
seg. ago. 17 17:13:55 2026 1786997635676 Debug: homeform.cpp void homeform::update() Current Distance 1s: 0.0238029 28.5635 150
seg. ago. 17 17:13:55 2026 1786997635682 Debug: devices/bluetoothdevice.cpp void bluetoothdevice::update_hr_from_external() WearOS Companion Heart: 0
seg. ago. 17 17:13:55 2026 1786997635683 Debug: virtualdevices/virtualbike.cpp void virtualbike::bikeProvider() "bikeProvider" 0 2000 false
seg. ago. 17 17:13:55 2026 1786997635684 Debug: virtualdevices/virtualbike.cpp void virtualbike::bikeProvider() "virtual bike connected"
seg. ago. 17 17:13:55 2026 1786997635686 Debug: virtualdevices/virtualbike.cpp void virtualbike::writeCharacteristic(QLowEnergyService *, const QLowEnergyCharacteristic &, const QByteArray &) "virtualbike::writeCharacteristic Unknown Service  64 02 28 0b aa 00 0c 00 96 00 00 00"
seg. ago. 17 17:13:55 2026 1786997635687 Debug:   Write server characteristic with handle  9 "6402280baa000c0096000000" (service: "{00001826-0000-1000-8000-00805f9b34fb}"
seg. ago. 17 17:13:55 2026 1786997635688 Debug: virtualdevices/virtualbike.cpp void virtualbike::writeCharacteristic(QLowEnergyService *, const QLowEnergyCharacteristic &, const QByteArray &) "virtualbike::writeCharacteristic Heart Rate Heart Rate Measurement 00 00"
seg. ago. 17 17:13:55 2026 1786997635689 Debug:   Write server characteristic with handle  19 "0000" (service: "{0000180d-0000-1000-8000-00805f9b34fb}"
seg. ago. 17 17:13:55 2026 1786997635843 Debug: devices/bluetoothdevice.cpp void bluetoothdevice::update_hr_from_external() WearOS Companion Heart: 0
seg. ago. 17 17:13:56 2026 1786997636044 Debug: devices/bluetoothdevice.cpp void bluetoothdevice::update_hr_from_external() WearOS Companion Heart: 0
seg. ago. 17 17:13:56 2026 1786997636245 Debug: devices/bluetoothdevice.cpp void bluetoothdevice::update_hr_from_external() WearOS Companion Heart: 0
seg. ago. 17 17:13:56 2026 1786997636443 Debug: ./ergtable.h void ergTable::updateDataTable(const CadenceResistancePair &) Added/Updated point: C: 85 W: 150 R: 12
seg. ago. 17 17:13:56 2026 1786997636466 Debug: devices/bluetoothdevice.cpp void bluetoothdevice::update_hr_from_external() WearOS Companion Heart: 0
seg. ago. 17 17:13:56 2026 1786997636644 Debug: templateinfosender.cpp bool TemplateInfoSender::update(QJSEngine *) "eval res " "{\"msg\":\"workout\",\"content\":{\"BIKE_TYPE\":2,\"ELLIPTICAL_TYPE\":4,\"ROWING_TYPE\":3,\"TREADMILL_TYPE\":1,\"UNKNOWN_TYPE\":0,\"deviceId\":\"00:00:00:00:00:00\",\"deviceName\":\"N/A\",\"deviceRSSI\":1,\"deviceType\":2,\"deviceConnected\":true,\"devicePaused\":false,\"elapsed_s\":2,\"elapsed_m\":0,\"elapsed_h\":0,\"lapelapsed_s\":2,\"lapelapsed_m\":0,\"lapelapsed_h\":0,\"pace_s\":6,\"pace_m\":2,\"pace_h\":0,\"pace_color\":\"white\",\"avgpace_s\":6,\"avgpace_m\":2,\"avgpace_h\":0,\"maxpace_s\":6,\"maxpace_m\":2,\"maxpace_h\":0,\"moving_s\":2,\"moving_m\":0,\"moving_h\":0,\"speed\":28.563444036189278,\"speed_avg\":28.563469743505188,\"speed_color\":\"white\",\"speed_lapavg\":28.563469743505188,\"speed_lapmax\":28.563517581678,\"calories\":1.2729727499999997,\"distance\":0.055032337176707365,\"heart\":0,\"heart_color\":\"lightsteelblue\",\"heart_avg\":119.29149999999998,\"heart_lapavg\":119.29149999999998,\"heart_max\":119.6184,\"heart_lapmax\":119.6184,\"target_heart_above\":0,\"target_heart_below\":0,\"jouls\":425.25,\"elevation\":0,\"difficult\":1,\"watts\":150,\"watts_avg\":150,\"watts_color\":\"limegreen\",\"watts_lapavg\":150,\"watts_max\":150,\"watts_lapmax\":150,\"kgwatts\":2,\"kgwatts_avg\":2,\"kgwatts_max\":2,\"workoutName\":\"Ride\",\"workoutStartDate\":\"seg. ago. 17 17:13:53 2026\",\"instructorName\":\"\",\"latitude\":null,\"longitude\":null,\"altitude\":null,\"peloton_offset\":0,\"peloton_ask_start\":false,\"autoresistance\":true,\"nextrow\":\"N/A\",\"training_row_index\":0,\"training_row_elapsed\":0,\"training_row_open_ended\":false,\"training_row_wait_for_lap\":false,\"row_remaining_time_s\":0,\"row_remaining_time_m\":0,\"row_remaining_time_h\":0,\"remaining_time_s\":0,\"remaining_time_m\":0,\"remaining_time_h\":0,\"nickName\":\"N/A\",\"gears\":0,\"target_resistance\":0,\"target_peloton_resistance\":0,\"target_cadence\":0,\"target_power\":0,\"power_zone\":2.9,\"power_zone_lapavg\":2.2666666666666666,\"power_zone_lapmax\":2.9,\"target_power_zone\":1,\"power_zone_color\":\"limegreen\",\"target_power_zone_color\":\"white\",\"peloton_resistance\":12,\"peloton_resistance_avg\":12,\"peloton_resistance_color\":\"white\",\"peloton_resistance_lapavg\":12,\"peloton_resistance_lapmax\":12,\"peloton_req_resistance\":0,\"cadence\":85,\"cadence_color\":\"white\",\"cadence_avg\":85,\"cadence_lapavg\":85,\"cadence_lapmax\":85,\"resistance\":12,\"resistance_avg\":12,\"resistance_lapavg\":12,\"resistance_lapmax\":12,\"cranks\":15,\"cranktime\":10830,\"req_power\":0,\"req_cadence\":0,\"req_resistance\":0,\"inclination\":0,\"inclination_avg\":0}}"
seg. ago. 17 17:13:56 2026 1786997636655 Debug: homeform.cpp void homeform::update() homeform::update fired! elapsed: 984 jitter: -105
seg. ago. 17 17:13:56 2026 1786997636661 Debug: homeform.cpp void homeform::update() homeform::update tiles updated!
seg. ago. 17 17:13:56 2026 1786997636663 Debug: homeform.cpp void homeform::update() Current Distance 1s: 0.0317372 28.5634 150
seg. ago. 17 17:13:56 2026 1786997636666 Debug: virtualdevices/virtualbike.cpp void virtualbike::bikeProvider() "bikeProvider" 0 2000 false
seg. ago. 17 17:13:56 2026 1786997636668 Debug: virtualdevices/virtualbike.cpp void virtualbike::bikeProvider() "virtual bike connected"
seg. ago. 17 17:13:56 2026 1786997636670 Debug: virtualdevices/virtualbike.cpp void virtualbike::writeCharacteristic(QLowEnergyService *, const QLowEnergyCharacteristic &, const QByteArray &) "virtualbike::writeCharacteristic Unknown Service  64 02 28 0b aa 00 0c 00 96 00 00 00"
seg. ago. 17 17:13:56 2026 1786997636671 Debug:   Write server characteristic with handle  9 "6402280baa000c0096000000" (service: "{00001826-0000-1000-8000-00805f9b34fb}"
seg. ago. 17 17:13:56 2026 1786997636673 Debug: virtualdevices/virtualbike.cpp void virtualbike::writeCharacteristic(QLowEnergyService *, const QLowEnergyCharacteristic &, const QByteArray &) "virtualbike::writeCharacteristic Heart Rate Heart Rate Measurement 00 00"
seg. ago. 17 17:13:56 2026 1786997636675 Debug:   Write server characteristic with handle  19 "0000" (service: "{0000180d-0000-1000-8000-00805f9b34fb}"
seg. ago. 17 17:13:56 2026 1786997636680 Debug: ./ergtable.h void ergTable::updateDataTable(const CadenceResistancePair &) Added/Updated point: C: 85 W: 150 R: 12
seg. ago. 17 17:13:56 2026 1786997636700 Debug: devices/bluetoothdevice.cpp void bluetoothdevice::update_hr_from_external() WearOS Companion Heart: 0
seg. ago. 17 17:13:56 2026 1786997636845 Debug: ./ergtable.h void ergTable::updateDataTable(const CadenceResistancePair &) Added/Updated point: C: 85 W: 150 R: 12
seg. ago. 17 17:13:56 2026 1786997636866 Debug: devices/bluetoothdevice.cpp void bluetoothdevice::update_hr_from_external() WearOS Companion Heart: 0
seg. ago. 17 17:13:57 2026 1786997637043 Debug: ./ergtable.h void ergTable::updateDataTable(const CadenceResistancePair &) Added/Updated point: C: 85 W: 150 R: 12
seg. ago. 17 17:13:57 2026 1786997637066 Debug: devices/bluetoothdevice.cpp void bluetoothdevice::update_hr_from_external() WearOS Companion Heart: 0
seg. ago. 17 17:13:57 2026 1786997637241 Debug: ./ergtable.h void ergTable::updateDataTable(const CadenceResistancePair &) Added/Updated point: C: 85 W: 150 R: 12
seg. ago. 17 17:13:57 2026 1786997637257 Debug: devices/bluetoothdevice.cpp void bluetoothdevice::update_hr_from_external() WearOS Companion Heart: 0
seg. ago. 17 17:13:57 2026 1786997637443 Debug: ./ergtable.h void ergTable::updateDataTable(const CadenceResistancePair &) Added/Updated point: C: 85 W: 150 R: 12
seg. ago. 17 17:13:57 2026 1786997637464 Debug: devices/bluetoothdevice.cpp void bluetoothdevice::update_hr_from_external() WearOS Companion Heart: 0
seg. ago. 17 17:13:57 2026 1786997637639 Debug: qmdnsengine/src/src/prober.cpp void QMdnsEngine::ProberPrivate::onTimeout() ProberPrivate::onTimeout()
seg. ago. 17 17:13:57 2026 1786997637641 Debug: qmdnsengine/src/src/provider.cpp auto QMdnsEngine::ProviderPrivate::confirm()::(anonymous class)::operator()(const QByteArray &) const Prober::nameConfirmed false
seg. ago. 17 17:13:57 2026 1786997637642 Debug: localipaddress.cpp jobject getWifiManagerObj(JNIEnv *, jobject) gotWifiMangerObj 
seg. ago. 17 17:13:57 2026 1786997637650 Debug: localipaddress.cpp jobject getWifiInfoObj(JNIEnv *, jobject) getWifiInfoObj 
seg. ago. 17 17:13:57 2026 1786997637656 Debug: localipaddress.cpp int getIpAddress(JNIEnv *, jobject) getIpAddress.... 
seg. ago. 17 17:13:57 2026 1786997637657 Debug: localipaddress.cpp static QHostAddress localipaddress::getIP(const QHostAddress &) getIP from JNI QHostAddress("0.0.0.0")
seg. ago. 17 17:13:57 2026 1786997637660 Warning:   QNetworkInterface/AF_NETLINK: found unknown interface with index 1
seg. ago. 17 17:13:57 2026 1786997637661 Warning:   QNetworkInterface/AF_NETLINK: found unknown interface with index 59
seg. ago. 17 17:13:57 2026 1786997637663 Warning:   QNetworkInterface/AF_NETLINK: found unknown interface with index 1
seg. ago. 17 17:13:57 2026 1786997637664 Warning:   QNetworkInterface/AF_NETLINK: found unknown interface with index 2
seg. ago. 17 17:13:57 2026 1786997637666 Warning:   QNetworkInterface/AF_NETLINK: found unknown interface with index 14
seg. ago. 17 17:13:57 2026 1786997637669 Warning:   QNetworkInterface/AF_NETLINK: found unknown interface with index 16
seg. ago. 17 17:13:57 2026 1786997637670 Debug: localipaddress.cpp static QHostAddress localipaddress::getIP(const QHostAddress &) getIP fallback QHostAddress("")
seg. ago. 17 17:13:57 2026 1786997637671 Debug: qmdnsengine/src/src/provider.cpp void QMdnsEngine::ProviderPrivate::publish() ProviderPrivate::publish QHostAddress("")
seg. ago. 17 17:13:57 2026 1786997637673 Warning:   QNetworkInterface/AF_NETLINK: found unknown interface with index 1
seg. ago. 17 17:13:57 2026 1786997637674 Warning:   QNetworkInterface/AF_NETLINK: found unknown interface with index 59
seg. ago. 17 17:13:57 2026 1786997637675 Warning:   QNetworkInterface/AF_NETLINK: found unknown interface with index 1
seg. ago. 17 17:13:57 2026 1786997637677 Warning:   QNetworkInterface/AF_NETLINK: found unknown interface with index 2
seg. ago. 17 17:13:57 2026 1786997637678 Warning:   QNetworkInterface/AF_NETLINK: found unknown interface with index 14
seg. ago. 17 17:13:57 2026 1786997637679 Warning:   QNetworkInterface/AF_NETLINK: found unknown interface with index 16
seg. ago. 17 17:13:57 2026 1786997637680 Warning:   QNetworkInterface/AF_NETLINK: found unknown interface with index 1
seg. ago. 17 17:13:57 2026 1786997637681 Warning:   QNetworkInterface/AF_NETLINK: found unknown interface with index 59
seg. ago. 17 17:13:57 2026 1786997637682 Warning:   QNetworkInterface/AF_NETLINK: found unknown interface with index 1
seg. ago. 17 17:13:57 2026 1786997637683 Warning:   QNetworkInterface/AF_NETLINK: found unknown interface with index 2
seg. ago. 17 17:13:57 2026 1786997637685 Warning:   QNetworkInterface/AF_NETLINK: found unknown interface with index 14
seg. ago. 17 17:13:57 2026 1786997637686 Warning:   QNetworkInterface/AF_NETLINK: found unknown interface with index 16
seg. ago. 17 17:13:57 2026 1786997637687 Warning:   QNetworkInterface/AF_NETLINK: found unknown interface with index 1
seg. ago. 17 17:13:57 2026 1786997637688 Warning:   QNetworkInterface/AF_NETLINK: found unknown interface with index 59
seg. ago. 17 17:13:57 2026 1786997637689 Warning:   QNetworkInterface/AF_NETLINK: found unknown interface with index 1
seg. ago. 17 17:13:57 2026 1786997637689 Warning:   QNetworkInterface/AF_NETLINK: found unknown interface with index 2
seg. ago. 17 17:13:57 2026 1786997637690 Warning:   QNetworkInterface/AF_NETLINK: found unknown interface with index 14
seg. ago. 17 17:13:57 2026 1786997637692 Warning:   QNetworkInterface/AF_NETLINK: found unknown interface with index 16
seg. ago. 17 17:13:57 2026 1786997637694 Debug: qmdnsengine/src/src/prober.cpp void QMdnsEngine::ProberPrivate::onTimeout() ProberPrivate::onTimeout()
seg. ago. 17 17:13:57 2026 1786997637695 Debug: qmdnsengine/src/src/provider.cpp auto QMdnsEngine::ProviderPrivate::confirm()::(anonymous class)::operator()(const QByteArray &) const Prober::nameConfirmed false
seg. ago. 17 17:13:57 2026 1786997637695 Debug: localipaddress.cpp jobject getWifiManagerObj(JNIEnv *, jobject) gotWifiMangerObj 
seg. ago. 17 17:13:57 2026 1786997637697 Debug: localipaddress.cpp jobject getWifiInfoObj(JNIEnv *, jobject) getWifiInfoObj 
seg. ago. 17 17:13:57 2026 1786997637701 Debug: localipaddress.cpp int getIpAddress(JNIEnv *, jobject) getIpAddress.... 
seg. ago. 17 17:13:57 2026 1786997637702 Debug: localipaddress.cpp static QHostAddress localipaddress::getIP(const QHostAddress &) getIP from JNI QHostAddress("0.0.0.0")
seg. ago. 17 17:13:57 2026 1786997637703 Warning:   QNetworkInterface/AF_NETLINK: found unknown interface with index 1
seg. ago. 17 17:13:57 2026 1786997637704 Warning:   QNetworkInterface/AF_NETLINK: found unknown interface with index 59
seg. ago. 17 17:13:57 2026 1786997637705 Warning:   QNetworkInterface/AF_NETLINK: found unknown interface with index 1
seg. ago. 17 17:13:57 2026 1786997637706 Warning:   QNetworkInterface/AF_NETLINK: found unknown interface with index 2
seg. ago. 17 17:13:57 2026 1786997637707 Warning:   QNetworkInterface/AF_NETLINK: found unknown interface with index 14
seg. ago. 17 17:13:57 2026 1786997637708 Warning:   QNetworkInterface/AF_NETLINK: found unknown interface with index 16
seg. ago. 17 17:13:57 2026 1786997637709 Debug: localipaddress.cpp static QHostAddress localipaddress::getIP(const QHostAddress &) getIP fallback QHostAddress("")
seg. ago. 17 17:13:57 2026 1786997637710 Debug: qmdnsengine/src/src/provider.cpp void QMdnsEngine::ProviderPrivate::publish() ProviderPrivate::publish QHostAddress("")
seg. ago. 17 17:13:57 2026 1786997637711 Warning:   QNetworkInterface/AF_NETLINK: found unknown interface with index 1
seg. ago. 17 17:13:57 2026 1786997637712 Warning:   QNetworkInterface/AF_NETLINK: found unknown interface with index 59
seg. ago. 17 17:13:57 2026 1786997637713 Warning:   QNetworkInterface/AF_NETLINK: found unknown interface with index 1
seg. ago. 17 17:13:57 2026 1786997637714 Warning:   QNetworkInterface/AF_NETLINK: found unknown interface with index 2
seg. ago. 17 17:13:57 2026 1786997637715 Warning:   QNetworkInterface/AF_NETLINK: found unknown interface with index 14
seg. ago. 17 17:13:57 2026 1786997637716 Warning:   QNetworkInterface/AF_NETLINK: found unknown interface with index 16
seg. ago. 17 17:13:57 2026 1786997637718 Warning:   QNetworkInterface/AF_NETLINK: found unknown interface with index 1
seg. ago. 17 17:13:57 2026 1786997637719 Warning:   QNetworkInterface/AF_NETLINK: found unknown interface with index 59
seg. ago. 17 17:13:57 2026 1786997637720 Warning:   QNetworkInterface/AF_NETLINK: found unknown interface with index 1
seg. ago. 17 17:13:57 2026 1786997637721 Warning:   QNetworkInterface/AF_NETLINK: found unknown interface with index 2
seg. ago. 17 17:13:57 2026 1786997637722 Warning:   QNetworkInterface/AF_NETLINK: found unknown interface with index 14
seg. ago. 17 17:13:57 2026 1786997637723 Warning:   QNetworkInterface/AF_NETLINK: found unknown interface with index 16
seg. ago. 17 17:13:57 2026 1786997637724 Warning:   QNetworkInterface/AF_NETLINK: found unknown interface with index 1
seg. ago. 17 17:13:57 2026 1786997637725 Warning:   QNetworkInterface/AF_NETLINK: found unknown interface with index 59
seg. ago. 17 17:13:57 2026 1786997637726 Warning:   QNetworkInterface/AF_NETLINK: found unknown interface with index 1
seg. ago. 17 17:13:57 2026 1786997637727 Warning:   QNetworkInterface/AF_NETLINK: found unknown interface with index 2
seg. ago. 17 17:13:57 2026 1786997637728 Warning:   QNetworkInterface/AF_NETLINK: found unknown interface with index 14
seg. ago. 17 17:13:57 2026 1786997637729 Warning:   QNetworkInterface/AF_NETLINK: found unknown interface with index 16
seg. ago. 17 17:13:57 2026 1786997637734 Debug: templateinfosender.cpp bool TemplateInfoSender::update(QJSEngine *) "eval res " "{\"msg\":\"workout\",\"content\":{\"BIKE_TYPE\":2,\"ELLIPTICAL_TYPE\":4,\"ROWING_TYPE\":3,\"TREADMILL_TYPE\":1,\"UNKNOWN_TYPE\":0,\"deviceId\":\"00:00:00:00:00:00\",\"deviceName\":\"N/A\",\"deviceRSSI\":1,\"deviceType\":2,\"deviceConnected\":true,\"devicePaused\":false,\"elapsed_s\":3,\"elapsed_m\":0,\"elapsed_h\":0,\"lapelapsed_s\":3,\"lapelapsed_m\":0,\"lapelapsed_h\":0,\"pace_s\":6,\"pace_m\":2,\"pace_h\":0,\"pace_color\":\"white\",\"avgpace_s\":6,\"avgpace_m\":2,\"avgpace_h\":0,\"maxpace_s\":6,\"maxpace_m\":2,\"maxpace_h\":0,\"moving_s\":3,\"moving_m\":0,\"moving_h\":0,\"speed\":28.56343814897822,\"speed_avg\":28.56346233773427,\"speed_color\":\"white\",\"speed_lapavg\":28.56346233773427,\"speed_lapmax\":28.563517581678,\"calories\":1.4563204687499993,\"distance\":0.06295869182057924,\"heart\":0,\"heart_color\":\"lightsteelblue\",\"heart_avg\":119.40860999999998,\"heart_lapavg\":119.40860999999998,\"heart_max\":119.8515,\"heart_lapmax\":119.8515,\"target_heart_above\":0,\"target_heart_below\":0,\"jouls\":575.25,\"elevation\":0,\"difficult\":1,\"watts\":150,\"watts_avg\":150,\"watts_color\":\"limegreen\",\"watts_lapavg\":150,\"watts_max\":150,\"watts_lapmax\":150,\"kgwatts\":2,\"kgwatts_avg\":2,\"kgwatts_max\":2,\"workoutName\":\"Ride\",\"workoutStartDate\":\"seg. ago. 17 17:13:53 2026\",\"instructorName\":\"\",\"latitude\":null,\"longitude\":null,\"altitude\":null,\"peloton_offset\":0,\"peloton_ask_start\":false,\"autoresistance\":true,\"nextrow\":\"N/A\",\"training_row_index\":0,\"training_row_elapsed\":0,\"training_row_open_ended\":false,\"training_row_wait_for_lap\":false,\"row_remaining_time_s\":0,\"row_remaining_time_m\":0,\"row_remaining_time_h\":0,\"remaining_time_s\":0,\"remaining_time_m\":0,\"remaining_time_h\":0,\"nickName\":\"N/A\",\"gears\":0,\"target_resistance\":0,\"target_peloton_resistance\":0,\"target_cadence\":0,\"target_power\":0,\"power_zone\":2.9,\"power_zone_lapavg\":2.425,\"power_zone_lapmax\":2.9,\"target_power_zone\":1,\"power_zone_color\":\"limegreen\",\"target_power_zone_color\":\"white\",\"peloton_resistance\":12,\"peloton_resistance_avg\":12,\"peloton_resistance_color\":\"white\",\"peloton_resistance_lapavg\":12,\"peloton_resistance_lapmax\":12,\"peloton_req_resistance\":0,\"cadence\":85,\"cadence_color\":\"white\",\"cadence_avg\":85,\"cadence_lapavg\":85,\"cadence_lapmax\":85,\"resistance\":12,\"resistance_avg\":12,\"resistance_lapavg\":12,\"resistance_lapmax\":12,\"cranks\":20,\"cranktime\":14440,\"req_power\":0,\"req_cadence\":0,\"req_resistance\":0,\"inclination\":0,\"inclination_avg\":0}}"
seg. ago. 17 17:13:57 2026 1786997637741 Debug: homeform.cpp void homeform::update() homeform::update fired! elapsed: 1087 jitter: -18
seg. ago. 17 17:13:57 2026 1786997637746 Debug: homeform.cpp void homeform::update() homeform::update tiles updated!
seg. ago. 17 17:13:57 2026 1786997637748 Debug: homeform.cpp void homeform::update() Current Distance 1s: 0.0396715 28.5634 150
seg. ago. 17 17:13:57 2026 1786997637750 Debug: virtualdevices/virtualbike.cpp void virtualbike::bikeProvider() "bikeProvider" 0 2000 false
seg. ago. 17 17:13:57 2026 1786997637751 Debug: virtualdevices/virtualbike.cpp void virtualbike::bikeProvider() "virtual bike connected"
seg. ago. 17 17:13:57 2026 1786997637753 Debug: virtualdevices/virtualbike.cpp void virtualbike::writeCharacteristic(QLowEnergyService *, const QLowEnergyCharacteristic &, const QByteArray &) "virtualbike::writeCharacteristic Unknown Service  64 02 28 0b aa 00 0c 00 96 00 00 00"
seg. ago. 17 17:13:57 2026 1786997637754 Debug:   Write server characteristic with handle  9 "6402280baa000c0096000000" (service: "{00001826-0000-1000-8000-00805f9b34fb}"
seg. ago. 17 17:13:57 2026 1786997637755 Debug: virtualdevices/virtualbike.cpp void virtualbike::writeCharacteristic(QLowEnergyService *, const QLowEnergyCharacteristic &, const QByteArray &) "virtualbike::writeCharacteristic Heart Rate Heart Rate Measurement 00 00"
seg. ago. 17 17:13:57 2026 1786997637756 Debug:   Write server characteristic with handle  19 "0000" (service: "{0000180d-0000-1000-8000-00805f9b34fb}"
seg. ago. 17 17:13:57 2026 1786997637761 Debug: ./ergtable.h void ergTable::updateDataTable(const CadenceResistancePair &) Added/Updated point: C: 85 W: 150 R: 12
seg. ago. 17 17:13:57 2026 1786997637775 Debug: devices/bluetoothdevice.cpp void bluetoothdevice::update_hr_from_external() WearOS Companion Heart: 0
seg. ago. 17 17:13:57 2026 1786997637842 Debug: ./ergtable.h void ergTable::updateDataTable(const CadenceResistancePair &) Added/Updated point: C: 85 W: 150 R: 12
seg. ago. 17 17:13:57 2026 1786997637886 Debug: devices/bluetoothdevice.cpp void bluetoothdevice::update_hr_from_external() WearOS Companion Heart: 0
seg. ago. 17 17:13:58 2026 1786997638043 Debug: ./ergtable.h void ergTable::updateDataTable(const CadenceResistancePair &) Added/Updated point: C: 85 W: 150 R: 12
seg. ago. 17 17:13:58 2026 1786997638064 Debug: devices/bluetoothdevice.cpp void bluetoothdevice::update_hr_from_external() WearOS Companion Heart: 0
seg. ago. 17 17:13:58 2026 1786997638243 Debug: ./ergtable.h void ergTable::updateDataTable(const CadenceResistancePair &) Added/Updated point: C: 85 W: 150 R: 12
seg. ago. 17 17:13:58 2026 1786997638261 Debug: devices/bluetoothdevice.cpp void bluetoothdevice::update_hr_from_external() WearOS Companion Heart: 0
seg. ago. 17 17:13:58 2026 1786997638442 Debug: ./ergtable.h void ergTable::updateDataTable(const CadenceResistancePair &) Added/Updated point: C: 85 W: 150 R: 12
seg. ago. 17 17:13:58 2026 1786997638459 Debug: devices/bluetoothdevice.cpp void bluetoothdevice::update_hr_from_external() WearOS Companion Heart: 0
seg. ago. 17 17:13:58 2026 1786997638640 Debug: homeform.cpp auto homeform::homeform(QQmlApplicationEngine *, bluetooth *)::(anonymous class)::operator()() const Garmin Connect: Startup check skipped (not enabled or credentials not configured)
seg. ago. 17 17:13:58 2026 1786997638652 Debug: templateinfosender.cpp bool TemplateInfoSender::update(QJSEngine *) "eval res " "{\"msg\":\"workout\",\"content\":{\"BIKE_TYPE\":2,\"ELLIPTICAL_TYPE\":4,\"ROWING_TYPE\":3,\"TREADMILL_TYPE\":1,\"UNKNOWN_TYPE\":0,\"deviceId\":\"00:00:00:00:00:00\",\"deviceName\":\"N/A\",\"deviceRSSI\":1,\"deviceType\":2,\"deviceConnected\":true,\"devicePaused\":false,\"elapsed_s\":4,\"elapsed_m\":0,\"elapsed_h\":0,\"lapelapsed_s\":4,\"lapelapsed_m\":0,\"lapelapsed_h\":0,\"pace_s\":6,\"pace_m\":2,\"pace_h\":0,\"pace_color\":\"white\",\"avgpace_s\":6,\"avgpace_m\":2,\"avgpace_h\":0,\"maxpace_s\":6,\"maxpace_m\":2,\"maxpace_h\":0,\"moving_s\":4,\"moving_m\":0,\"moving_h\":0,\"speed\":28.56343520175631,\"speed_avg\":28.563457093674675,\"speed_color\":\"white\",\"speed_lapavg\":28.563457093674675,\"speed_lapmax\":28.563517581678,\"calories\":1.639851718749999,\"distance\":0.070892979639099,\"heart\":0,\"heart_color\":\"lightsteelblue\",\"heart_avg\":119.52631733333332,\"heart_lapavg\":119.52631733333332,\"heart_max\":120.08483333333334,\"heart_lapmax\":120.08483333333334,\"target_heart_above\":0,\"target_heart_below\":0,\"jouls\":725.1,\"elevation\":0,\"difficult\":1,\"watts\":150,\"watts_avg\":150,\"watts_color\":\"limegreen\",\"watts_lapavg\":150,\"watts_max\":150,\"watts_lapmax\":150,\"kgwatts\":2,\"kgwatts_avg\":2,\"kgwatts_max\":2,\"workoutName\":\"Ride\",\"workoutStartDate\":\"seg. ago. 17 17:13:53 2026\",\"instructorName\":\"\",\"latitude\":null,\"longitude\":null,\"altitude\":null,\"peloton_offset\":0,\"peloton_ask_start\":false,\"autoresistance\":true,\"nextrow\":\"N/A\",\"training_row_index\":0,\"training_row_elapsed\":0,\"training_row_open_ended\":false,\"training_row_wait_for_lap\":false,\"row_remaining_time_s\":0,\"row_remaining_time_m\":0,\"row_remaining_time_h\":0,\"remaining_time_s\":0,\"remaining_time_m\":0,\"remaining_time_h\":0,\"nickName\":\"N/A\",\"gears\":0,\"target_resistance\":0,\"target_peloton_resistance\":0,\"target_cadence\":0,\"target_power\":0,\"power_zone\":2.9,\"power_zone_lapavg\":2.52,\"power_zone_lapmax\":2.9,\"target_power_zone\":1,\"power_zone_color\":\"limegreen\",\"target_power_zone_color\":\"white\",\"peloton_resistance\":12,\"peloton_resistance_avg\":12,\"peloton_resistance_color\":\"white\",\"peloton_resistance_lapavg\":12,\"peloton_resistance_lapmax\":12,\"peloton_req_resistance\":0,\"cadence\":85,\"cadence_color\":\"white\",\"cadence_avg\":85,\"cadence_lapavg\":85,\"cadence_lapmax\":85,\"resistance\":12,\"resistance_avg\":12,\"resistance_lapavg\":12,\"resistance_lapmax\":12,\"cranks\":25,\"cranktime\":18050,\"req_power\":0,\"req_cadence\":0,\"req_resistance\":0,\"inclination\":0,\"inclination_avg\":0}}"
seg. ago. 17 17:13:58 2026 1786997638689 Debug: homeform.cpp void homeform::update() homeform::update fired! elapsed: 948 jitter: -70
seg. ago. 17 17:13:58 2026 1786997638708 Debug: homeform.cpp void homeform::update() homeform::update tiles updated!
seg. ago. 17 17:13:58 2026 1786997638710 Debug: homeform.cpp void homeform::update() Current Distance 1s: 0.0476058 28.5634 150
seg. ago. 17 17:13:58 2026 1786997638720 Debug: virtualdevices/virtualbike.cpp void virtualbike::bikeProvider() "bikeProvider" 0 2000 false
seg. ago. 17 17:13:58 2026 1786997638722 Debug: virtualdevices/virtualbike.cpp void virtualbike::bikeProvider() "virtual bike connected"
seg. ago. 17 17:13:58 2026 1786997638726 Debug: virtualdevices/virtualbike.cpp void virtualbike::writeCharacteristic(QLowEnergyService *, const QLowEnergyCharacteristic &, const QByteArray &) "virtualbike::writeCharacteristic Unknown Service  64 02 28 0b aa 00 0c 00 96 00 00 00"
seg. ago. 17 17:13:58 2026 1786997638730 Debug:   Write server characteristic with handle  9 "6402280baa000c0096000000" (service: "{00001826-0000-1000-8000-00805f9b34fb}"
seg. ago. 17 17:13:58 2026 1786997638736 Debug: virtualdevices/virtualbike.cpp void virtualbike::writeCharacteristic(QLowEnergyService *, const QLowEnergyCharacteristic &, const QByteArray &) "virtualbike::writeCharacteristic Heart Rate Heart Rate Measurement 00 00"
seg. ago. 17 17:13:58 2026 1786997638737 Debug:   Write server characteristic with handle  19 "0000" (service: "{0000180d-0000-1000-8000-00805f9b34fb}"
seg. ago. 17 17:13:58 2026 1786997638742 Debug: ./ergtable.h void ergTable::updateDataTable(const CadenceResistancePair &) Added/Updated point: C: 85 W: 150 R: 12
seg. ago. 17 17:13:58 2026 1786997638762 Debug: devices/bluetoothdevice.cpp void bluetoothdevice::update_hr_from_external() WearOS Companion Heart: 0
seg. ago. 17 17:13:58 2026 1786997638767 Debug: qmdnsengine/src/src/provider.cpp void QMdnsEngine::ProviderPrivate::onAnnounceTimeout() ProviderPrivate::onAnnounceTimeout repeat, remaining 2
seg. ago. 17 17:13:58 2026 1786997638772 Warning:   QNetworkInterface/AF_NETLINK: found unknown interface with index 1
seg. ago. 17 17:13:58 2026 1786997638776 Warning:   QNetworkInterface/AF_NETLINK: found unknown interface with index 59
seg. ago. 17 17:13:58 2026 1786997638777 Warning:   QNetworkInterface/AF_NETLINK: found unknown interface with index 1
seg. ago. 17 17:13:58 2026 1786997638782 Warning:   QNetworkInterface/AF_NETLINK: found unknown interface with index 2
seg. ago. 17 17:13:58 2026 1786997638783 Warning:   QNetworkInterface/AF_NETLINK: found unknown interface with index 14
seg. ago. 17 17:13:58 2026 1786997638784 Warning:   QNetworkInterface/AF_NETLINK: found unknown interface with index 16
seg. ago. 17 17:13:58 2026 1786997638787 Warning:   QNetworkInterface/AF_NETLINK: found unknown interface with index 1
seg. ago. 17 17:13:58 2026 1786997638790 Warning:   QNetworkInterface/AF_NETLINK: found unknown interface with index 59
seg. ago. 17 17:13:58 2026 1786997638798 Warning:   QNetworkInterface/AF_NETLINK: found unknown interface with index 1
seg. ago. 17 17:13:58 2026 1786997638801 Warning:   QNetworkInterface/AF_NETLINK: found unknown interface with index 2
seg. ago. 17 17:13:58 2026 1786997638802 Warning:   QNetworkInterface/AF_NETLINK: found unknown interface with index 14
seg. ago. 17 17:13:58 2026 1786997638811 Warning:   QNetworkInterface/AF_NETLINK: found unknown interface with index 16
seg. ago. 17 17:13:58 2026 1786997638818 Warning:   QNetworkInterface/AF_NETLINK: found unknown interface with index 1
seg. ago. 17 17:13:58 2026 1786997638824 Warning:   QNetworkInterface/AF_NETLINK: found unknown interface with index 59
seg. ago. 17 17:13:58 2026 1786997638828 Warning:   QNetworkInterface/AF_NETLINK: found unknown interface with index 1
seg. ago. 17 17:13:58 2026 1786997638829 Warning:   QNetworkInterface/AF_NETLINK: found unknown interface with index 2
seg. ago. 17 17:13:58 2026 1786997638841 Warning:   QNetworkInterface/AF_NETLINK: found unknown interface with index 14
seg. ago. 17 17:13:58 2026 1786997638846 Warning:   QNetworkInterface/AF_NETLINK: found unknown interface with index 16
seg. ago. 17 17:13:58 2026 1786997638850 Debug: qmdnsengine/src/src/provider.cpp void QMdnsEngine::ProviderPrivate::onAnnounceTimeout() ProviderPrivate::onAnnounceTimeout repeat, remaining 2
seg. ago. 17 17:13:58 2026 1786997638852 Warning:   QNetworkInterface/AF_NETLINK: found unknown interface with index 1
seg. ago. 17 17:13:58 2026 1786997638853 Warning:   QNetworkInterface/AF_NETLINK: found unknown interface with index 59
seg. ago. 17 17:13:58 2026 1786997638856 Warning:   QNetworkInterface/AF_NETLINK: found unknown interface with index 1
seg. ago. 17 17:13:58 2026 1786997638859 Warning:   QNetworkInterface/AF_NETLINK: found unknown interface with index 2
seg. ago. 17 17:13:58 2026 1786997638861 Warning:   QNetworkInterface/AF_NETLINK: found unknown interface with index 14
seg. ago. 17 17:13:58 2026 1786997638862 Warning:   QNetworkInterface/AF_NETLINK: found unknown interface with index 16
seg. ago. 17 17:13:58 2026 1786997638865 Warning:   QNetworkInterface/AF_NETLINK: found unknown interface with index 1
seg. ago. 17 17:13:58 2026 1786997638867 Warning:   QNetworkInterface/AF_NETLINK: found unknown interface with index 59
seg. ago. 17 17:13:58 2026 1786997638868 Warning:   QNetworkInterface/AF_NETLINK: found unknown interface with index 1
seg. ago. 17 17:13:58 2026 1786997638869 Warning:   QNetworkInterface/AF_NETLINK: found unknown interface with index 2
seg. ago. 17 17:13:58 2026 1786997638870 Warning:   QNetworkInterface/AF_NETLINK: found unknown interface with index 14
seg. ago. 17 17:13:58 2026 1786997638872 Warning:   QNetworkInterface/AF_NETLINK: found unknown interface with index 16
seg. ago. 17 17:13:58 2026 1786997638876 Warning:   QNetworkInterface/AF_NETLINK: found unknown interface with index 1
seg. ago. 17 17:13:58 2026 1786997638884 Warning:   QNetworkInterface/AF_NETLINK: found unknown interface with index 59
seg. ago. 17 17:13:58 2026 1786997638885 Warning:   QNetworkInterface/AF_NETLINK: found unknown interface with index 1
seg. ago. 17 17:13:58 2026 1786997638887 Warning:   QNetworkInterface/AF_NETLINK: found unknown interface with index 2
seg. ago. 17 17:13:58 2026 1786997638888 Warning:   QNetworkInterface/AF_NETLINK: found unknown interface with index 14
seg. ago. 17 17:13:58 2026 1786997638889 Warning:   QNetworkInterface/AF_NETLINK: found unknown interface with index 16
seg. ago. 17 17:13:58 2026 1786997638896 Debug: ./ergtable.h void ergTable::updateDataTable(const CadenceResistancePair &) Added/Updated point: C: 85 W: 150 R: 12
seg. ago. 17 17:13:58 2026 1786997638958 Debug: devices/bluetoothdevice.cpp void bluetoothdevice::update_hr_from_external() WearOS Companion Heart: 0
seg. ago. 17 17:13:59 2026 1786997639043 Debug: ./ergtable.h void ergTable::updateDataTable(const CadenceResistancePair &) Added/Updated point: C: 85 W: 150 R: 12
seg. ago. 17 17:13:59 2026 1786997639068 Debug: devices/bluetoothdevice.cpp void bluetoothdevice::update_hr_from_external() WearOS Companion Heart: 0
seg. ago. 17 17:13:59 2026 1786997639242 Debug: ./ergtable.h void ergTable::updateDataTable(const CadenceResistancePair &) Added/Updated point: C: 85 W: 150 R: 12
seg. ago. 17 17:13:59 2026 1786997639256 Debug: devices/bluetoothdevice.cpp void bluetoothdevice::update_hr_from_external() WearOS Companion Heart: 0
seg. ago. 17 17:13:59 2026 1786997639441 Debug: ./ergtable.h void ergTable::updateDataTable(const CadenceResistancePair &) Added/Updated point: C: 85 W: 150 R: 12
seg. ago. 17 17:13:59 2026 1786997639455 Debug: devices/bluetoothdevice.cpp void bluetoothdevice::update_hr_from_external() WearOS Companion Heart: 0
seg. ago. 17 17:13:59 2026 1786997639642 Debug: templateinfosender.cpp bool TemplateInfoSender::update(QJSEngine *) "eval res " "{\"msg\":\"workout\",\"content\":{\"BIKE_TYPE\":2,\"ELLIPTICAL_TYPE\":4,\"ROWING_TYPE\":3,\"TREADMILL_TYPE\":1,\"UNKNOWN_TYPE\":0,\"deviceId\":\"00:00:00:00:00:00\",\"deviceName\":\"N/A\",\"deviceRSSI\":1,\"deviceType\":2,\"deviceConnected\":true,\"devicePaused\":false,\"elapsed_s\":5,\"elapsed_m\":0,\"elapsed_h\":0,\"lapelapsed_s\":5,\"lapelapsed_m\":0,\"lapelapsed_h\":0,\"pace_s\":6,\"pace_m\":2,\"pace_h\":0,\"pace_color\":\"white\",\"avgpace_s\":6,\"avgpace_m\":2,\"avgpace_h\":0,\"maxpace_s\":6,\"maxpace_m\":2,\"maxpace_h\":0,\"moving_s\":5,\"moving_m\":0,\"moving_h\":0,\"speed\":28.563433754058845,\"speed_avg\":28.56345327729946,\"speed_color\":\"white\",\"speed_lapavg\":28.56345327729946,\"speed_lapmax\":28.563517581678,\"calories\":1.8235664999999988,\"distance\":0.07883520121245952,\"heart\":0,\"heart_color\":\"lightsteelblue\",\"heart_avg\":119.64398111111112,\"heart_lapavg\":119.64398111111112,\"heart_max\":120.3184,\"heart_lapmax\":120.3184,\"target_heart_above\":0,\"target_heart_below\":0,\"jouls\":875.1,\"elevation\":0,\"difficult\":1,\"watts\":150,\"watts_avg\":150,\"watts_color\":\"limegreen\",\"watts_lapavg\":150,\"watts_max\":150,\"watts_lapmax\":150,\"kgwatts\":2,\"kgwatts_avg\":2,\"kgwatts_max\":2,\"workoutName\":\"Ride\",\"workoutStartDate\":\"seg. ago. 17 17:13:53 2026\",\"instructorName\":\"\",\"latitude\":null,\"longitude\":null,\"altitude\":null,\"peloton_offset\":0,\"peloton_ask_start\":false,\"autoresistance\":true,\"nextrow\":\"N/A\",\"training_row_index\":0,\"training_row_elapsed\":0,\"training_row_open_ended\":false,\"training_row_wait_for_lap\":false,\"row_remaining_time_s\":0,\"row_remaining_time_m\":0,\"row_remaining_time_h\":0,\"remaining_time_s\":0,\"remaining_time_m\":0,\"remaining_time_h\":0,\"nickName\":\"N/A\",\"gears\":0,\"target_resistance\":0,\"target_peloton_resistance\":0,\"target_cadence\":0,\"target_power\":0,\"power_zone\":2.9,\"power_zone_lapavg\":2.5833333333333335,\"power_zone_lapmax\":2.9,\"target_power_zone\":1,\"power_zone_color\":\"limegreen\",\"target_power_zone_color\":\"white\",\"peloton_resistance\":12,\"peloton_resistance_avg\":12,\"peloton_resistance_color\":\"white\",\"peloton_resistance_lapavg\":12,\"peloton_resistance_lapmax\":12,\"peloton_req_resistance\":0,\"cadence\":85,\"cadence_color\":\"white\",\"cadence_avg\":85,\"cadence_lapavg\":85,\"cadence_lapmax\":85,\"resistance\":12,\"resistance_avg\":12,\"resistance_lapavg\":12,\"resistance_lapmax\":12,\"cranks\":30,\"cranktime\":21660,\"req_power\":0,\"req_cadence\":0,\"req_resistance\":0,\"inclination\":0,\"inclination_avg\":0}}"
seg. ago. 17 17:13:59 2026 1786997639649 Debug: homeform.cpp void homeform::update() homeform::update fired! elapsed: 960 jitter: -110
seg. ago. 17 17:13:59 2026 1786997639654 Debug: homeform.cpp void homeform::update() homeform::update tiles updated!
seg. ago. 17 17:13:59 2026 1786997639655 Debug: homeform.cpp void homeform::update() Current Distance 1s: 0.0555401 28.5634 150
seg. ago. 17 17:13:59 2026 1786997639657 Debug: virtualdevices/virtualbike.cpp void virtualbike::bikeProvider() "bikeProvider" 0 2000 false
seg. ago. 17 17:13:59 2026 1786997639658 Debug: virtualdevices/virtualbike.cpp void virtualbike::bikeProvider() "virtual bike connected"
seg. ago. 17 17:13:59 2026 1786997639660 Debug: virtualdevices/virtualbike.cpp void virtualbike::writeCharacteristic(QLowEnergyService *, const QLowEnergyCharacteristic &, const QByteArray &) "virtualbike::writeCharacteristic Unknown Service  64 02 28 0b aa 00 0c 00 96 00 00 00"
seg. ago. 17 17:13:59 2026 1786997639661 Debug:   Write server characteristic with handle  9 "6402280baa000c0096000000" (service: "{00001826-0000-1000-8000-00805f9b34fb}"
seg. ago. 17 17:13:59 2026 1786997639662 Debug: virtualdevices/virtualbike.cpp void virtualbike::writeCharacteristic(QLowEnergyService *, const QLowEnergyCharacteristic &, const QByteArray &) "virtualbike::writeCharacteristic Heart Rate Heart Rate Measurement 00 00"
seg. ago. 17 17:13:59 2026 1786997639663 Debug:   Write server characteristic with handle  19 "0000" (service: "{0000180d-0000-1000-8000-00805f9b34fb}"
seg. ago. 17 17:13:59 2026 1786997639667 Debug: ./ergtable.h void ergTable::updateDataTable(const CadenceResistancePair &) Added/Updated point: C: 85 W: 150 R: 12
seg. ago. 17 17:13:59 2026 1786997639682 Debug: devices/bluetoothdevice.cpp void bluetoothdevice::update_hr_from_external() WearOS Companion Heart: 0
seg. ago. 17 17:13:59 2026 1786997639841 Debug: ./ergtable.h void ergTable::updateDataTable(const CadenceResistancePair &) Added/Updated point: C: 85 W: 150 R: 12
seg. ago. 17 17:13:59 2026 1786997639856 Debug: devices/bluetoothdevice.cpp void bluetoothdevice::update_hr_from_external() WearOS Companion Heart: 0
seg. ago. 17 17:14:00 2026 1786997640041 Debug: ./ergtable.h void ergTable::updateDataTable(const CadenceResistancePair &) Added/Updated point: C: 85 W: 150 R: 12
seg. ago. 17 17:14:00 2026 1786997640055 Debug: devices/bluetoothdevice.cpp void bluetoothdevice::update_hr_from_external() WearOS Companion Heart: 0
seg. ago. 17 17:14:00 2026 1786997640241 Debug: ./ergtable.h void ergTable::updateDataTable(const CadenceResistancePair &) Added/Updated point: C: 85 W: 150 R: 12
seg. ago. 17 17:14:00 2026 1786997640255 Debug: devices/bluetoothdevice.cpp void bluetoothdevice::update_hr_from_external() WearOS Companion Heart: 0
seg. ago. 17 17:14:00 2026 1786997640441 Debug: ./ergtable.h void ergTable::updateDataTable(const CadenceResistancePair &) Added/Updated point: C: 85 W: 150 R: 12
seg. ago. 17 17:14:00 2026 1786997640462 Debug: devices/bluetoothdevice.cpp void bluetoothdevice::update_hr_from_external() WearOS Companion Heart: 0
seg. ago. 17 17:14:00 2026 1786997640643 Debug: templateinfosender.cpp bool TemplateInfoSender::update(QJSEngine *) "eval res " "{\"msg\":\"workout\",\"content\":{\"BIKE_TYPE\":2,\"ELLIPTICAL_TYPE\":4,\"ROWING_TYPE\":3,\"TREADMILL_TYPE\":1,\"UNKNOWN_TYPE\":0,\"deviceId\":\"00:00:00:00:00:00\",\"deviceName\":\"N/A\",\"deviceRSSI\":1,\"deviceType\":2,\"deviceConnected\":true,\"devicePaused\":false,\"elapsed_s\":6,\"elapsed_m\":0,\"elapsed_h\":0,\"lapelapsed_s\":6,\"lapelapsed_m\":0,\"lapelapsed_h\":0,\"pace_s\":6,\"pace_m\":2,\"pace_h\":0,\"pace_color\":\"white\",\"avgpace_s\":6,\"avgpace_m\":2,\"avgpace_h\":0,\"maxpace_s\":6,\"maxpace_m\":2,\"maxpace_h\":0,\"moving_s\":6,\"moving_m\":0,\"moving_h\":0,\"speed\":28.56343304262867,\"speed_avg\":28.56345042099677,\"speed_color\":\"white\",\"speed_lapavg\":28.56345042099677,\"speed_lapmax\":28.563517581678,\"calories\":2.0069142187499986,\"distance\":0.08676155394945899,\"heart\":0,\"heart_color\":\"lightsteelblue\",\"heart_avg\":119.76046666666667,\"heart_lapavg\":119.76046666666667,\"heart_max\":120.5515,\"heart_lapmax\":120.5515,\"target_heart_above\":0,\"target_heart_below\":0,\"jouls\":1024.95,\"elevation\":0,\"difficult\":1,\"watts\":150,\"watts_avg\":150,\"watts_color\":\"limegreen\",\"watts_lapavg\":150,\"watts_max\":150,\"watts_lapmax\":150,\"kgwatts\":2,\"kgwatts_avg\":2,\"kgwatts_max\":2,\"workoutName\":\"Ride\",\"workoutStartDate\":\"seg. ago. 17 17:13:53 2026\",\"instructorName\":\"\",\"latitude\":null,\"longitude\":null,\"altitude\":null,\"peloton_offset\":0,\"peloton_ask_start\":false,\"autoresistance\":true,\"nextrow\":\"N/A\",\"training_row_index\":0,\"training_row_elapsed\":0,\"training_row_open_ended\":false,\"training_row_wait_for_lap\":false,\"row_remaining_time_s\":0,\"row_remaining_time_m\":0,\"row_remaining_time_h\":0,\"remaining_time_s\":0,\"remaining_time_m\":0,\"remaining_time_h\":0,\"nickName\":\"N/A\",\"gears\":0,\"target_resistance\":0,\"target_peloton_resistance\":0,\"target_cadence\":0,\"target_power\":0,\"power_zone\":2.9,\"power_zone_lapavg\":2.6285714285714286,\"power_zone_lapmax\":2.9,\"target_power_zone\":1,\"power_zone_color\":\"limegreen\",\"target_power_zone_color\":\"white\",\"peloton_resistance\":12,\"peloton_resistance_avg\":12,\"peloton_resistance_color\":\"white\",\"peloton_resistance_lapavg\":12,\"peloton_resistance_lapmax\":12,\"peloton_req_resistance\":0,\"cadence\":85,\"cadence_color\":\"white\",\"cadence_avg\":85,\"cadence_lapavg\":85,\"cadence_lapmax\":85,\"resistance\":12,\"resistance_avg\":12,\"resistance_lapavg\":12,\"resistance_lapmax\":12,\"cranks\":35,\"cranktime\":25270,\"req_power\":0,\"req_cadence\":0,\"req_resistance\":0,\"inclination\":0,\"inclination_avg\":0}}"
seg. ago. 17 17:14:00 2026 1786997640655 Debug: homeform.cpp void homeform::update() homeform::update fired! elapsed: 1005 jitter: -105
seg. ago. 17 17:14:00 2026 1786997640662 Debug: homeform.cpp void homeform::update() homeform::update tiles updated!
seg. ago. 17 17:14:00 2026 1786997640664 Debug: homeform.cpp void homeform::update() Current Distance 1s: 0.0634743 28.5634 150
seg. ago. 17 17:14:00 2026 1786997640666 Debug: virtualdevices/virtualbike.cpp void virtualbike::bikeProvider() "bikeProvider" 0 2000 false
seg. ago. 17 17:14:00 2026 1786997640667 Debug: virtualdevices/virtualbike.cpp void virtualbike::bikeProvider() "virtual bike connected"
seg. ago. 17 17:14:00 2026 1786997640669 Debug: virtualdevices/virtualbike.cpp void virtualbike::writeCharacteristic(QLowEnergyService *, const QLowEnergyCharacteristic &, const QByteArray &) "virtualbike::writeCharacteristic Unknown Service  64 02 28 0b aa 00 0c 00 96 00 00 00"
seg. ago. 17 17:14:00 2026 1786997640670 Debug:   Write server characteristic with handle  9 "6402280baa000c0096000000" (service: "{00001826-0000-1000-8000-00805f9b34fb}"
seg. ago. 17 17:14:00 2026 1786997640671 Debug: virtualdevices/virtualbike.cpp void virtualbike::writeCharacteristic(QLowEnergyService *, const QLowEnergyCharacteristic &, const QByteArray &) "virtualbike::writeCharacteristic Heart Rate Heart Rate Measurement 00 00"
seg. ago. 17 17:14:00 2026 1786997640672 Debug:   Write server characteristic with handle  19 "0000" (service: "{0000180d-0000-1000-8000-00805f9b34fb}"
seg. ago. 17 17:14:00 2026 1786997640678 Debug: ./ergtable.h void ergTable::updateDataTable(const CadenceResistancePair &) Added/Updated point: C: 85 W: 150 R: 12
seg. ago. 17 17:14:00 2026 1786997640698 Debug: devices/bluetoothdevice.cpp void bluetoothdevice::update_hr_from_external() WearOS Companion Heart: 0
seg. ago. 17 17:14:00 2026 1786997640749 Debug: qmdnsengine/src/src/provider.cpp void QMdnsEngine::ProviderPrivate::onAnnounceTimeout() ProviderPrivate::onAnnounceTimeout repeat, remaining 1
seg. ago. 17 17:14:00 2026 1786997640751 Warning:   QNetworkInterface/AF_NETLINK: found unknown interface with index 1
seg. ago. 17 17:14:00 2026 1786997640752 Warning:   QNetworkInterface/AF_NETLINK: found unknown interface with index 59
seg. ago. 17 17:14:00 2026 1786997640753 Warning:   QNetworkInterface/AF_NETLINK: found unknown interface with index 1
seg. ago. 17 17:14:00 2026 1786997640754 Warning:   QNetworkInterface/AF_NETLINK: found unknown interface with index 2
seg. ago. 17 17:14:00 2026 1786997640755 Warning:   QNetworkInterface/AF_NETLINK: found unknown interface with index 14
seg. ago. 17 17:14:00 2026 1786997640756 Warning:   QNetworkInterface/AF_NETLINK: found unknown interface with index 16
seg. ago. 17 17:14:00 2026 1786997640759 Warning:   QNetworkInterface/AF_NETLINK: found unknown interface with index 1
seg. ago. 17 17:14:00 2026 1786997640760 Warning:   QNetworkInterface/AF_NETLINK: found unknown interface with index 59
seg. ago. 17 17:14:00 2026 1786997640761 Warning:   QNetworkInterface/AF_NETLINK: found unknown interface with index 1
seg. ago. 17 17:14:00 2026 1786997640762 Warning:   QNetworkInterface/AF_NETLINK: found unknown interface with index 2
seg. ago. 17 17:14:00 2026 1786997640763 Warning:   QNetworkInterface/AF_NETLINK: found unknown interface with index 14
seg. ago. 17 17:14:00 2026 1786997640766 Warning:   QNetworkInterface/AF_NETLINK: found unknown interface with index 16
seg. ago. 17 17:14:00 2026 1786997640768 Warning:   QNetworkInterface/AF_NETLINK: found unknown interface with index 1
seg. ago. 17 17:14:00 2026 1786997640769 Warning:   QNetworkInterface/AF_NETLINK: found unknown interface with index 59
seg. ago. 17 17:14:00 2026 1786997640770 Warning:   QNetworkInterface/AF_NETLINK: found unknown interface with index 1
seg. ago. 17 17:14:00 2026 1786997640771 Warning:   QNetworkInterface/AF_NETLINK: found unknown interface with index 2
seg. ago. 17 17:14:00 2026 1786997640772 Warning:   QNetworkInterface/AF_NETLINK: found unknown interface with index 14
seg. ago. 17 17:14:00 2026 1786997640773 Warning:   QNetworkInterface/AF_NETLINK: found unknown interface with index 16
seg. ago. 17 17:14:00 2026 1786997640842 Debug: ./ergtable.h void ergTable::updateDataTable(const CadenceResistancePair &) Added/Updated point: C: 85 W: 150 R: 12
seg. ago. 17 17:14:00 2026 1786997640857 Debug: devices/bluetoothdevice.cpp void bluetoothdevice::update_hr_from_external() WearOS Companion Heart: 0
seg. ago. 17 17:14:00 2026 1786997640995 Debug: qmdnsengine/src/src/provider.cpp void QMdnsEngine::ProviderPrivate::onAnnounceTimeout() ProviderPrivate::onAnnounceTimeout repeat, remaining 1
seg. ago. 17 17:14:01 2026 1786997641000 Warning:   QNetworkInterface/AF_NETLINK: found unknown interface with index 1
seg. ago. 17 17:14:01 2026 1786997641001 Warning:   QNetworkInterface/AF_NETLINK: found unknown interface with index 59
seg. ago. 17 17:14:01 2026 1786997641002 Warning:   QNetworkInterface/AF_NETLINK: found unknown interface with index 1
seg. ago. 17 17:14:01 2026 1786997641003 Warning:   QNetworkInterface/AF_NETLINK: found unknown interface with index 2
seg. ago. 17 17:14:01 2026 1786997641004 Warning:   QNetworkInterface/AF_NETLINK: found unknown interface with index 14
seg. ago. 17 17:14:01 2026 1786997641005 Warning:   QNetworkInterface/AF_NETLINK: found unknown interface with index 16
seg. ago. 17 17:14:01 2026 1786997641006 Warning:   QNetworkInterface/AF_NETLINK: found unknown interface with index 1
seg. ago. 17 17:14:01 2026 1786997641007 Warning:   QNetworkInterface/AF_NETLINK: found unknown interface with index 59
seg. ago. 17 17:14:01 2026 1786997641008 Warning:   QNetworkInterface/AF_NETLINK: found unknown interface with index 1
seg. ago. 17 17:14:01 2026 1786997641009 Warning:   QNetworkInterface/AF_NETLINK: found unknown interface with index 2
seg. ago. 17 17:14:01 2026 1786997641010 Warning:   QNetworkInterface/AF_NETLINK: found unknown interface with index 14
seg. ago. 17 17:14:01 2026 1786997641011 Warning:   QNetworkInterface/AF_NETLINK: found unknown interface with index 16
seg. ago. 17 17:14:01 2026 1786997641013 Warning:   QNetworkInterface/AF_NETLINK: found unknown interface with index 1
seg. ago. 17 17:14:01 2026 1786997641014 Warning:   QNetworkInterface/AF_NETLINK: found unknown interface with index 59
seg. ago. 17 17:14:01 2026 1786997641015 Warning:   QNetworkInterface/AF_NETLINK: found unknown interface with index 1
seg. ago. 17 17:14:01 2026 1786997641017 Warning:   QNetworkInterface/AF_NETLINK: found unknown interface with index 2
seg. ago. 17 17:14:01 2026 1786997641019 Warning:   QNetworkInterface/AF_NETLINK: found unknown interface with index 14
seg. ago. 17 17:14:01 2026 1786997641020 Warning:   QNetworkInterface/AF_NETLINK: found unknown interface with index 16
seg. ago. 17 17:14:01 2026 1786997641041 Debug: ./ergtable.h void ergTable::updateDataTable(const CadenceResistancePair &) Added/Updated point: C: 85 W: 150 R: 12
seg. ago. 17 17:14:01 2026 1786997641056 Debug: devices/bluetoothdevice.cpp void bluetoothdevice::update_hr_from_external() WearOS Companion Heart: 0
seg. ago. 17 17:14:01 2026 1786997641241 Debug: ./ergtable.h void ergTable::updateDataTable(const CadenceResistancePair &) Added/Updated point: C: 85 W: 150 R: 12
seg. ago. 17 17:14:01 2026 1786997641263 Debug: devices/bluetoothdevice.cpp void bluetoothdevice::update_hr_from_external() WearOS Companion Heart: 0
seg. ago. 17 17:14:01 2026 1786997641441 Debug: ./ergtable.h void ergTable::updateDataTable(const CadenceResistancePair &) Added/Updated point: C: 85 W: 150 R: 12
seg. ago. 17 17:14:01 2026 1786997641458 Debug: devices/bluetoothdevice.cpp void bluetoothdevice::update_hr_from_external() WearOS Companion Heart: 0
seg. ago. 17 17:14:01 2026 1786997641644 Debug: templateinfosender.cpp bool TemplateInfoSender::update(QJSEngine *) "eval res " "{\"msg\":\"workout\",\"content\":{\"BIKE_TYPE\":2,\"ELLIPTICAL_TYPE\":4,\"ROWING_TYPE\":3,\"TREADMILL_TYPE\":1,\"UNKNOWN_TYPE\":0,\"deviceId\":\"00:00:00:00:00:00\",\"deviceName\":\"N/A\",\"deviceRSSI\":1,\"deviceType\":2,\"deviceConnected\":true,\"devicePaused\":false,\"elapsed_s\":7,\"elapsed_m\":0,\"elapsed_h\":0,\"lapelapsed_s\":7,\"lapelapsed_m\":0,\"lapelapsed_h\":0,\"pace_s\":6,\"pace_m\":2,\"pace_h\":0,\"pace_color\":\"white\",\"avgpace_s\":6,\"avgpace_m\":2,\"avgpace_h\":0,\"maxpace_s\":6,\"maxpace_m\":2,\"maxpace_h\":0,\"moving_s\":7,\"moving_m\":0,\"moving_h\":0,\"speed\":28.563432688761463,\"speed_avg\":28.5634482192715,\"speed_color\":\"white\",\"speed_lapavg\":28.5634482192715,\"speed_lapmax\":28.563517581678,\"calories\":2.1904454687499983,\"distance\":0.0946958408410059,\"heart\":0,\"heart_color\":\"lightsteelblue\",\"heart_avg\":119.87706166666666,\"heart_lapavg\":119.87706166666666,\"heart_max\":120.78483333333334,\"heart_lapmax\":120.78483333333334,\"target_heart_above\":0,\"target_heart_below\":0,\"jouls\":1174.9499999999998,\"elevation\":0,\"difficult\":1,\"watts\":150,\"watts_avg\":150,\"watts_color\":\"limegreen\",\"watts_lapavg\":150,\"watts_max\":150,\"watts_lapmax\":150,\"kgwatts\":2,\"kgwatts_avg\":2,\"kgwatts_max\":2,\"workoutName\":\"Ride\",\"workoutStartDate\":\"seg. ago. 17 17:13:53 2026\",\"instructorName\":\"\",\"latitude\":null,\"longitude\":null,\"altitude\":null,\"peloton_offset\":0,\"peloton_ask_start\":false,\"autoresistance\":true,\"nextrow\":\"N/A\",\"training_row_index\":0,\"training_row_elapsed\":0,\"training_row_open_ended\":false,\"training_row_wait_for_lap\":false,\"row_remaining_time_s\":0,\"row_remaining_time_m\":0,\"row_remaining_time_h\":0,\"remaining_time_s\":0,\"remaining_time_m\":0,\"remaining_time_h\":0,\"nickName\":\"N/A\",\"gears\":0,\"target_resistance\":0,\"target_peloton_resistance\":0,\"target_cadence\":0,\"target_power\":0,\"power_zone\":2.9,\"power_zone_lapavg\":2.6624999999999996,\"power_zone_lapmax\":2.9,\"target_power_zone\":1,\"power_zone_color\":\"limegreen\",\"target_power_zone_color\":\"white\",\"peloton_resistance\":12,\"peloton_resistance_avg\":12,\"peloton_resistance_color\":\"white\",\"peloton_resistance_lapavg\":12,\"peloton_resistance_lapmax\":12,\"peloton_req_resistance\":0,\"cadence\":85,\"cadence_color\":\"white\",\"cadence_avg\":85,\"cadence_lapavg\":85,\"cadence_lapmax\":85,\"resistance\":12,\"resistance_avg\":12,\"resistance_lapavg\":12,\"resistance_lapmax\":12,\"cranks\":40,\"cranktime\":28880,\"req_power\":0,\"req_cadence\":0,\"req_resistance\":0,\"inclination\":0,\"inclination_avg\":0}}"
seg. ago. 17 17:14:01 2026 1786997641656 Debug: homeform.cpp void homeform::update() homeform::update fired! elapsed: 1002 jitter: -103
seg. ago. 17 17:14:01 2026 1786997641663 Debug: homeform.cpp void homeform::update() homeform::update tiles updated!
seg. ago. 17 17:14:01 2026 1786997641664 Debug: homeform.cpp void homeform::update() Current Distance 1s: 0.0714086 28.5634 150
seg. ago. 17 17:14:01 2026 1786997641667 Debug: virtualdevices/virtualbike.cpp void virtualbike::bikeProvider() "bikeProvider" 0 2000 false
seg. ago. 17 17:14:01 2026 1786997641668 Debug: virtualdevices/virtualbike.cpp void virtualbike::bikeProvider() "virtual bike connected"
seg. ago. 17 17:14:01 2026 1786997641669 Debug: virtualdevices/virtualbike.cpp void virtualbike::writeCharacteristic(QLowEnergyService *, const QLowEnergyCharacteristic &, const QByteArray &) "virtualbike::writeCharacteristic Unknown Service  64 02 28 0b aa 00 0c 00 96 00 00 00"
seg. ago. 17 17:14:01 2026 1786997641670 Debug:   Write server characteristic with handle  9 "6402280baa000c0096000000" (service: "{00001826-0000-1000-8000-00805f9b34fb}"
seg. ago. 17 17:14:01 2026 1786997641672 Debug: virtualdevices/virtualbike.cpp void virtualbike::writeCharacteristic(QLowEnergyService *, const QLowEnergyCharacteristic &, const QByteArray &) "virtualbike::writeCharacteristic Heart Rate Heart Rate Measurement 00 00"
seg. ago. 17 17:14:01 2026 1786997641673 Debug:   Write server characteristic with handle  19 "0000" (service: "{0000180d-0000-1000-8000-00805f9b34fb}"
seg. ago. 17 17:14:01 2026 1786997641678 Debug: ./ergtable.h void ergTable::updateDataTable(const CadenceResistancePair &) Added/Updated point: C: 85 W: 150 R: 12
seg. ago. 17 17:14:01 2026 1786997641697 Debug: devices/bluetoothdevice.cpp void bluetoothdevice::update_hr_from_external() WearOS Companion Heart: 0
seg. ago. 17 17:14:01 2026 1786997641842 Debug: ./ergtable.h void ergTable::updateDataTable(const CadenceResistancePair &) Added/Updated point: C: 85 W: 150 R: 12
seg. ago. 17 17:14:01 2026 1786997641860 Debug: devices/bluetoothdevice.cpp void bluetoothdevice::update_hr_from_external() WearOS Companion Heart: 0
seg. ago. 17 17:14:02 2026 1786997642044 Debug: ./ergtable.h void ergTable::updateDataTable(const CadenceResistancePair &) Added/Updated point: C: 85 W: 150 R: 12
seg. ago. 17 17:14:02 2026 1786997642065 Debug: devices/bluetoothdevice.cpp void bluetoothdevice::update_hr_from_external() WearOS Companion Heart: 0
seg. ago. 17 17:14:02 2026 1786997642242 Debug: ./ergtable.h void ergTable::updateDataTable(const CadenceResistancePair &) Added/Updated point: C: 85 W: 150 R: 12
seg. ago. 17 17:14:02 2026 1786997642256 Debug: devices/bluetoothdevice.cpp void bluetoothdevice::update_hr_from_external() WearOS Companion Heart: 0
seg. ago. 17 17:14:02 2026 1786997642442 Debug: ./ergtable.h void ergTable::updateDataTable(const CadenceResistancePair &) Added/Updated point: C: 85 W: 150 R: 12
seg. ago. 17 17:14:02 2026 1786997642460 Debug: devices/bluetoothdevice.cpp void bluetoothdevice::update_hr_from_external() WearOS Companion Heart: 0
seg. ago. 17 17:14:02 2026 1786997642645 Debug: templateinfosender.cpp bool TemplateInfoSender::update(QJSEngine *) "eval res " "{\"msg\":\"workout\",\"content\":{\"BIKE_TYPE\":2,\"ELLIPTICAL_TYPE\":4,\"ROWING_TYPE\":3,\"TREADMILL_TYPE\":1,\"UNKNOWN_TYPE\":0,\"deviceId\":\"00:00:00:00:00:00\",\"deviceName\":\"N/A\",\"deviceRSSI\":1,\"deviceType\":2,\"deviceConnected\":true,\"devicePaused\":false,\"elapsed_s\":8,\"elapsed_m\":0,\"elapsed_h\":0,\"lapelapsed_s\":8,\"lapelapsed_m\":0,\"lapelapsed_h\":0,\"pace_s\":6,\"pace_m\":2,\"pace_h\":0,\"pace_color\":\"white\",\"avgpace_s\":6,\"avgpace_m\":2,\"avgpace_h\":0,\"maxpace_s\":6,\"maxpace_m\":2,\"maxpace_h\":0,\"moving_s\":8,\"moving_m\":0,\"moving_h\":0,\"speed\":28.563432512989557,\"speed_avg\":28.563446480664002,\"speed_color\":\"white\",\"speed_lapavg\":28.563446480664002,\"speed_lapmax\":28.563517581678,\"calories\":2.3741602499999988,\"distance\":0.10263806195365414,\"heart\":0,\"heart_color\":\"lightsteelblue\",\"heart_avg\":119.99368814814815,\"heart_lapavg\":119.99368814814815,\"heart_max\":121.0184,\"heart_lapmax\":121.0184,\"target_heart_above\":0,\"target_heart_below\":0,\"jouls\":1325.0999999999997,\"elevation\":0,\"difficult\":1,\"watts\":150,\"watts_avg\":150,\"watts_color\":\"limegreen\",\"watts_lapavg\":150,\"watts_max\":150,\"watts_lapmax\":150,\"kgwatts\":2,\"kgwatts_avg\":2,\"kgwatts_max\":2,\"workoutName\":\"Ride\",\"workoutStartDate\":\"seg. ago. 17 17:13:53 2026\",\"instructorName\":\"\",\"latitude\":null,\"longitude\":null,\"altitude\":null,\"peloton_offset\":0,\"peloton_ask_start\":false,\"autoresistance\":true,\"nextrow\":\"N/A\",\"training_row_index\":0,\"training_row_elapsed\":0,\"training_row_open_ended\":false,\"training_row_wait_for_lap\":false,\"row_remaining_time_s\":0,\"row_remaining_time_m\":0,\"row_remaining_time_h\":0,\"remaining_time_s\":0,\"remaining_time_m\":0,\"remaining_time_h\":0,\"nickName\":\"N/A\",\"gears\":0,\"target_resistance\":0,\"target_peloton_resistance\":0,\"target_cadence\":0,\"target_power\":0,\"power_zone\":2.9,\"power_zone_lapavg\":2.688888888888888,\"power_zone_lapmax\":2.9,\"target_power_zone\":1,\"power_zone_color\":\"limegreen\",\"target_power_zone_color\":\"white\",\"peloton_resistance\":12,\"peloton_resistance_avg\":12,\"peloton_resistance_color\":\"white\",\"peloton_resistance_lapavg\":12,\"peloton_resistance_lapmax\":12,\"peloton_req_resistance\":0,\"cadence\":85,\"cadence_color\":\"white\",\"cadence_avg\":85,\"cadence_lapavg\":85,\"cadence_lapmax\":85,\"resistance\":12,\"resistance_avg\":12,\"resistance_lapavg\":12,\"resistance_lapmax\":12,\"cranks\":45,\"cranktime\":32490,\"req_power\":0,\"req_cadence\":0,\"req_resistance\":0,\"inclination\":0,\"inclination_avg\":0}}"
seg. ago. 17 17:14:02 2026 1786997642653 Debug: homeform.cpp void homeform::update() homeform::update fired! elapsed: 996 jitter: -107
seg. ago. 17 17:14:02 2026 1786997642658 Debug: homeform.cpp void homeform::update() homeform::update tiles updated!
seg. ago. 17 17:14:02 2026 1786997642660 Debug: homeform.cpp void homeform::update() Current Distance 1s: 0.0793429 28.5634 150
seg. ago. 17 17:14:02 2026 1786997642663 Debug: virtualdevices/virtualbike.cpp void virtualbike::bikeProvider() "bikeProvider" 0 2000 false
seg. ago. 17 17:14:02 2026 1786997642664 Debug: virtualdevices/virtualbike.cpp void virtualbike::bikeProvider() "virtual bike connected"
seg. ago. 17 17:14:02 2026 1786997642666 Debug: virtualdevices/virtualbike.cpp void virtualbike::writeCharacteristic(QLowEnergyService *, const QLowEnergyCharacteristic &, const QByteArray &) "virtualbike::writeCharacteristic Unknown Service  64 02 28 0b aa 00 0c 00 96 00 00 00"
seg. ago. 17 17:14:02 2026 1786997642667 Debug:   Write server characteristic with handle  9 "6402280baa000c0096000000" (service: "{00001826-0000-1000-8000-00805f9b34fb}"
seg. ago. 17 17:14:02 2026 1786997642669 Debug: virtualdevices/virtualbike.cpp void virtualbike::writeCharacteristic(QLowEnergyService *, const QLowEnergyCharacteristic &, const QByteArray &) "virtualbike::writeCharacteristic Heart Rate Heart Rate Measurement 00 00"
seg. ago. 17 17:14:02 2026 1786997642670 Debug:   Write server characteristic with handle  19 "0000" (service: "{0000180d-0000-1000-8000-00805f9b34fb}"
seg. ago. 17 17:14:02 2026 1786997642675 Debug: ./ergtable.h void ergTable::updateDataTable(const CadenceResistancePair &) Added/Updated point: C: 85 W: 150 R: 12
seg. ago. 17 17:14:02 2026 1786997642689 Debug: devices/bluetoothdevice.cpp void bluetoothdevice::update_hr_from_external() WearOS Companion Heart: 0
seg. ago. 17 17:14:02 2026 1786997642841 Debug: ./ergtable.h void ergTable::updateDataTable(const CadenceResistancePair &) Added/Updated point: C: 85 W: 150 R: 12
seg. ago. 17 17:14:02 2026 1786997642859 Debug: devices/bluetoothdevice.cpp void bluetoothdevice::update_hr_from_external() WearOS Companion Heart: 0
seg. ago. 17 17:14:03 2026 1786997643044 Debug: ./ergtable.h void ergTable::updateDataTable(const CadenceResistancePair &) Added/Updated point: C: 85 W: 150 R: 12
seg. ago. 17 17:14:03 2026 1786997643067 Debug: devices/bluetoothdevice.cpp void bluetoothdevice::update_hr_from_external() WearOS Companion Heart: 0
seg. ago. 17 17:14:03 2026 1786997643243 Debug: ./ergtable.h void ergTable::updateDataTable(const CadenceResistancePair &) Added/Updated point: C: 85 W: 150 R: 12
seg. ago. 17 17:14:03 2026 1786997643262 Debug: devices/bluetoothdevice.cpp void bluetoothdevice::update_hr_from_external() WearOS Companion Heart: 0
seg. ago. 17 17:14:03 2026 1786997643447 Debug: ./ergtable.h void ergTable::updateDataTable(const CadenceResistancePair &) Added/Updated point: C: 85 W: 150 R: 12
seg. ago. 17 17:14:03 2026 1786997643487 Debug: devices/bluetoothdevice.cpp void bluetoothdevice::update_hr_from_external() WearOS Companion Heart: 0
seg. ago. 17 17:14:03 2026 1786997643640 Debug: homeform.cpp auto homeform::homeform(QQmlApplicationEngine *, bluetooth *)::(anonymous class)::operator()() const Intervals.icu: Auto-download skipped (not configured or not enabled)
seg. ago. 17 17:14:03 2026 1786997643647 Debug: templateinfosender.cpp bool TemplateInfoSender::update(QJSEngine *) "eval res " "{\"msg\":\"workout\",\"content\":{\"BIKE_TYPE\":2,\"ELLIPTICAL_TYPE\":4,\"ROWING_TYPE\":3,\"TREADMILL_TYPE\":1,\"UNKNOWN_TYPE\":0,\"deviceId\":\"00:00:00:00:00:00\",\"deviceName\":\"N/A\",\"deviceRSSI\":1,\"deviceType\":2,\"deviceConnected\":true,\"devicePaused\":false,\"elapsed_s\":9,\"elapsed_m\":0,\"elapsed_h\":0,\"lapelapsed_s\":9,\"lapelapsed_m\":0,\"lapelapsed_h\":0,\"pace_s\":6,\"pace_m\":2,\"pace_h\":0,\"pace_color\":\"white\",\"avgpace_s\":6,\"avgpace_m\":2,\"avgpace_h\":0,\"maxpace_s\":6,\"maxpace_m\":2,\"maxpace_h\":0,\"moving_s\":9,\"moving_m\":0,\"moving_h\":0,\"speed\":28.5634324257072,\"speed_avg\":28.56344507811329,\"speed_color\":\"white\",\"speed_lapavg\":28.56344507811329,\"speed_lapmax\":28.563517581678,\"calories\":2.5582420937499992,\"distance\":0.11059615160724184,\"heart\":0,\"heart_color\":\"lightsteelblue\",\"heart_avg\":120.11031333333332,\"heart_lapavg\":120.11031333333332,\"heart_max\":121.25243333333333,\"heart_lapmax\":121.25243333333333,\"target_heart_above\":0,\"target_heart_below\":0,\"jouls\":1475.8499999999997,\"elevation\":0,\"difficult\":1,\"watts\":150,\"watts_avg\":150,\"watts_color\":\"limegreen\",\"watts_lapavg\":150,\"watts_max\":150,\"watts_lapmax\":150,\"kgwatts\":2,\"kgwatts_avg\":2,\"kgwatts_max\":2,\"workoutName\":\"Ride\",\"workoutStartDate\":\"seg. ago. 17 17:13:53 2026\",\"instructorName\":\"\",\"latitude\":null,\"longitude\":null,\"altitude\":null,\"peloton_offset\":0,\"peloton_ask_start\":false,\"autoresistance\":true,\"nextrow\":\"N/A\",\"training_row_index\":0,\"training_row_elapsed\":0,\"training_row_open_ended\":false,\"training_row_wait_for_lap\":false,\"row_remaining_time_s\":0,\"row_remaining_time_m\":0,\"row_remaining_time_h\":0,\"remaining_time_s\":0,\"remaining_time_m\":0,\"remaining_time_h\":0,\"nickName\":\"N/A\",\"gears\":0,\"target_resistance\":0,\"target_peloton_resistance\":0,\"target_cadence\":0,\"target_power\":0,\"power_zone\":2.9,\"power_zone_lapavg\":2.7099999999999995,\"power_zone_lapmax\":2.9,\"target_power_zone\":1,\"power_zone_color\":\"limegreen\",\"target_power_zone_color\":\"white\",\"peloton_resistance\":12,\"peloton_resistance_avg\":12,\"peloton_resistance_color\":\"white\",\"peloton_resistance_lapavg\":12,\"peloton_resistance_lapmax\":12,\"peloton_req_resistance\":0,\"cadence\":85,\"cadence_color\":\"white\",\"cadence_avg\":85,\"cadence_lapavg\":85,\"cadence_lapmax\":85,\"resistance\":12,\"resistance_avg\":12,\"resistance_lapavg\":12,\"resistance_lapmax\":12,\"cranks\":50,\"cranktime\":36100,\"req_power\":0,\"req_cadence\":0,\"req_resistance\":0,\"inclination\":0,\"inclination_avg\":0}}"
seg. ago. 17 17:14:03 2026 1786997643661 Debug: homeform.cpp void homeform::update() homeform::update fired! elapsed: 1008 jitter: -99
seg. ago. 17 17:14:03 2026 1786997643668 Debug: homeform.cpp void homeform::update() homeform::update tiles updated!
seg. ago. 17 17:14:03 2026 1786997643670 Debug: homeform.cpp void homeform::update() Current Distance 1s: 0.0872772 28.5634 150
seg. ago. 17 17:14:03 2026 1786997643674 Debug: virtualdevices/virtualbike.cpp void virtualbike::bikeProvider() "bikeProvider" 0 2000 false
seg. ago. 17 17:14:03 2026 1786997643675 Debug: virtualdevices/virtualbike.cpp void virtualbike::bikeProvider() "virtual bike connected"
seg. ago. 17 17:14:03 2026 1786997643678 Debug: virtualdevices/virtualbike.cpp void virtualbike::writeCharacteristic(QLowEnergyService *, const QLowEnergyCharacteristic &, const QByteArray &) "virtualbike::writeCharacteristic Unknown Service  64 02 28 0b aa 00 0c 00 96 00 00 00"
seg. ago. 17 17:14:03 2026 1786997643679 Debug:   Write server characteristic with handle  9 "6402280baa000c0096000000" (service: "{00001826-0000-1000-8000-00805f9b34fb}"
seg. ago. 17 17:14:03 2026 1786997643681 Debug: virtualdevices/virtualbike.cpp void virtualbike::writeCharacteristic(QLowEnergyService *, const QLowEnergyCharacteristic &, const QByteArray &) "virtualbike::writeCharacteristic Heart Rate Heart Rate Measurement 00 00"
seg. ago. 17 17:14:03 2026 1786997643682 Debug:   Write server characteristic with handle  19 "0000" (service: "{0000180d-0000-1000-8000-00805f9b34fb}"
seg. ago. 17 17:14:03 2026 1786997643687 Debug: ./ergtable.h void ergTable::updateDataTable(const CadenceResistancePair &) Added/Updated point: C: 85 W: 150 R: 12
seg. ago. 17 17:14:03 2026 1786997643710 Debug: devices/bluetoothdevice.cpp void bluetoothdevice::update_hr_from_external() WearOS Companion Heart: 0
seg. ago. 17 17:14:03 2026 1786997643842 Debug: ./ergtable.h void ergTable::updateDataTable(const CadenceResistancePair &) Added/Updated point: C: 85 W: 150 R: 12
seg. ago. 17 17:14:03 2026 1786997643856 Debug: devices/bluetoothdevice.cpp void bluetoothdevice::update_hr_from_external() WearOS Companion Heart: 0
seg. ago. 17 17:14:04 2026 1786997644045 Debug: ./ergtable.h void ergTable::updateDataTable(const CadenceResistancePair &) Added/Updated point: C: 85 W: 150 R: 12
seg. ago. 17 17:14:04 2026 1786997644070 Debug: devices/bluetoothdevice.cpp void bluetoothdevice::update_hr_from_external() WearOS Companion Heart: 0
seg. ago. 17 17:14:04 2026 1786997644243 Debug: ./ergtable.h void ergTable::updateDataTable(const CadenceResistancePair &) Added/Updated point: C: 85 W: 150 R: 12
seg. ago. 17 17:14:04 2026 1786997644259 Debug: devices/bluetoothdevice.cpp void bluetoothdevice::update_hr_from_external() WearOS Companion Heart: 0
seg. ago. 17 17:14:04 2026 1786997644442 Debug: ./ergtable.h void ergTable::updateDataTable(const CadenceResistancePair &) Added/Updated point: C: 85 W: 150 R: 12
seg. ago. 17 17:14:04 2026 1786997644466 Debug: devices/bluetoothdevice.cpp void bluetoothdevice::update_hr_from_external() WearOS Companion Heart: 0
seg. ago. 17 17:14:04 2026 1786997644641 Debug: qmdnsengine/src/src/provider.cpp void QMdnsEngine::ProviderPrivate::onAnnounceTimeout() ProviderPrivate::onAnnounceTimeout repeat, remaining 0
seg. ago. 17 17:14:04 2026 1786997644644 Warning:   QNetworkInterface/AF_NETLINK: found unknown interface with index 1
seg. ago. 17 17:14:04 2026 1786997644646 Warning:   QNetworkInterface/AF_NETLINK: found unknown interface with index 59
seg. ago. 17 17:14:04 2026 1786997644648 Warning:   QNetworkInterface/AF_NETLINK: found unknown interface with index 1
seg. ago. 17 17:14:04 2026 1786997644649 Warning:   QNetworkInterface/AF_NETLINK: found unknown interface with index 2
seg. ago. 17 17:14:04 2026 1786997644650 Warning:   QNetworkInterface/AF_NETLINK: found unknown interface with index 14
seg. ago. 17 17:14:04 2026 1786997644651 Warning:   QNetworkInterface/AF_NETLINK: found unknown interface with index 16
seg. ago. 17 17:14:04 2026 1786997644653 Warning:   QNetworkInterface/AF_NETLINK: found unknown interface with index 1
seg. ago. 17 17:14:04 2026 1786997644654 Warning:   QNetworkInterface/AF_NETLINK: found unknown interface with index 59
seg. ago. 17 17:14:04 2026 1786997644655 Warning:   QNetworkInterface/AF_NETLINK: found unknown interface with index 1
seg. ago. 17 17:14:04 2026 1786997644656 Warning:   QNetworkInterface/AF_NETLINK: found unknown interface with index 2
seg. ago. 17 17:14:04 2026 1786997644657 Warning:   QNetworkInterface/AF_NETLINK: found unknown interface with index 14
seg. ago. 17 17:14:04 2026 1786997644658 Warning:   QNetworkInterface/AF_NETLINK: found unknown interface with index 16
seg. ago. 17 17:14:04 2026 1786997644659 Warning:   QNetworkInterface/AF_NETLINK: found unknown interface with index 1
seg. ago. 17 17:14:04 2026 1786997644660 Warning:   QNetworkInterface/AF_NETLINK: found unknown interface with index 59
seg. ago. 17 17:14:04 2026 1786997644661 Warning:   QNetworkInterface/AF_NETLINK: found unknown interface with index 1
seg. ago. 17 17:14:04 2026 1786997644663 Warning:   QNetworkInterface/AF_NETLINK: found unknown interface with index 2
seg. ago. 17 17:14:04 2026 1786997644664 Warning:   QNetworkInterface/AF_NETLINK: found unknown interface with index 14
seg. ago. 17 17:14:04 2026 1786997644667 Warning:   QNetworkInterface/AF_NETLINK: found unknown interface with index 16
seg. ago. 17 17:14:04 2026 1786997644672 Debug: templateinfosender.cpp bool TemplateInfoSender::update(QJSEngine *) "eval res " "{\"msg\":\"workout\",\"content\":{\"BIKE_TYPE\":2,\"ELLIPTICAL_TYPE\":4,\"ROWING_TYPE\":3,\"TREADMILL_TYPE\":1,\"UNKNOWN_TYPE\":0,\"deviceId\":\"00:00:00:00:00:00\",\"deviceName\":\"N/A\",\"deviceRSSI\":1,\"deviceType\":2,\"deviceConnected\":true,\"devicePaused\":false,\"elapsed_s\":10,\"elapsed_m\":0,\"elapsed_h\":0,\"lapelapsed_s\":10,\"lapelapsed_m\":0,\"lapelapsed_h\":0,\"pace_s\":6,\"pace_m\":2,\"pace_h\":0,\"pace_color\":\"white\",\"avgpace_s\":6,\"avgpace_m\":2,\"avgpace_h\":0,\"maxpace_s\":6,\"maxpace_m\":2,\"maxpace_h\":0,\"moving_s\":10,\"moving_m\":0,\"moving_h\":0,\"speed\":28.563432382651637,\"speed_avg\":28.563443925287636,\"speed_color\":\"white\",\"speed_lapavg\":28.563443925287636,\"speed_lapmax\":28.563517581678,\"calories\":2.741222749999999,\"distance\":0.11850663552394268,\"heart\":0,\"heart_color\":\"lightsteelblue\",\"heart_avg\":120.22699696969697,\"heart_lapavg\":120.22699696969697,\"heart_max\":121.48506666666667,\"heart_lapmax\":121.48506666666667,\"target_heart_above\":0,\"target_heart_below\":0,\"jouls\":1625.0999999999997,\"elevation\":0,\"difficult\":1,\"watts\":150,\"watts_avg\":150,\"watts_color\":\"limegreen\",\"watts_lapavg\":150,\"watts_max\":150,\"watts_lapmax\":150,\"kgwatts\":2,\"kgwatts_avg\":2,\"kgwatts_max\":2,\"workoutName\":\"Ride\",\"workoutStartDate\":\"seg. ago. 17 17:13:53 2026\",\"instructorName\":\"\",\"latitude\":null,\"longitude\":null,\"altitude\":null,\"peloton_offset\":0,\"peloton_ask_start\":false,\"autoresistance\":true,\"nextrow\":\"N/A\",\"training_row_index\":0,\"training_row_elapsed\":0,\"training_row_open_ended\":false,\"training_row_wait_for_lap\":false,\"row_remaining_time_s\":0,\"row_remaining_time_m\":0,\"row_remaining_time_h\":0,\"remaining_time_s\":0,\"remaining_time_m\":0,\"remaining_time_h\":0,\"nickName\":\"N/A\",\"gears\":0,\"target_resistance\":0,\"target_peloton_resistance\":0,\"target_cadence\":0,\"target_power\":0,\"power_zone\":2.9,\"power_zone_lapavg\":2.7272727272727266,\"power_zone_lapmax\":2.9,\"target_power_zone\":1,\"power_zone_color\":\"limegreen\",\"target_power_zone_color\":\"white\",\"peloton_resistance\":12,\"peloton_resistance_avg\":12,\"peloton_resistance_color\":\"white\",\"peloton_resistance_lapavg\":12,\"peloton_resistance_lapmax\":12,\"peloton_req_resistance\":0,\"cadence\":85,\"cadence_color\":\"white\",\"cadence_avg\":85,\"cadence_lapavg\":85,\"cadence_lapmax\":85,\"resistance\":12,\"resistance_avg\":12,\"resistance_lapavg\":12,\"resistance_lapmax\":12,\"cranks\":55,\"cranktime\":39710,\"req_power\":0,\"req_cadence\":0,\"req_resistance\":0,\"inclination\":0,\"inclination_avg\":0}}"
seg. ago. 17 17:14:04 2026 1786997644680 Debug: homeform.cpp void homeform::update() homeform::update fired! elapsed: 1020 jitter: -79
seg. ago. 17 17:14:04 2026 1786997644686 Debug: homeform.cpp void homeform::update() homeform::update tiles updated!
seg. ago. 17 17:14:04 2026 1786997644687 Debug: homeform.cpp void homeform::update() Current Distance 1s: 0.0952115 28.5634 150
seg. ago. 17 17:14:04 2026 1786997644689 Debug: virtualdevices/virtualbike.cpp void virtualbike::bikeProvider() "bikeProvider" 0 2000 false
seg. ago. 17 17:14:04 2026 1786997644690 Debug: virtualdevices/virtualbike.cpp void virtualbike::bikeProvider() "virtual bike connected"
seg. ago. 17 17:14:04 2026 1786997644692 Debug: virtualdevices/virtualbike.cpp void virtualbike::writeCharacteristic(QLowEnergyService *, const QLowEnergyCharacteristic &, const QByteArray &) "virtualbike::writeCharacteristic Unknown Service  64 02 28 0b aa 00 0c 00 96 00 00 00"
seg. ago. 17 17:14:04 2026 1786997644693 Debug:   Write server characteristic with handle  9 "6402280baa000c0096000000" (service: "{00001826-0000-1000-8000-00805f9b34fb}"
seg. ago. 17 17:14:04 2026 1786997644694 Debug: virtualdevices/virtualbike.cpp void virtualbike::writeCharacteristic(QLowEnergyService *, const QLowEnergyCharacteristic &, const QByteArray &) "virtualbike::writeCharacteristic Heart Rate Heart Rate Measurement 00 00"
seg. ago. 17 17:14:04 2026 1786997644695 Debug:   Write server characteristic with handle  19 "0000" (service: "{0000180d-0000-1000-8000-00805f9b34fb}"
seg. ago. 17 17:14:04 2026 1786997644699 Debug: ./ergtable.h void ergTable::updateDataTable(const CadenceResistancePair &) Added/Updated point: C: 85 W: 150 R: 12
seg. ago. 17 17:14:04 2026 1786997644715 Debug: devices/bluetoothdevice.cpp void bluetoothdevice::update_hr_from_external() WearOS Companion Heart: 0
seg. ago. 17 17:14:04 2026 1786997644842 Debug: ./ergtable.h void ergTable::updateDataTable(const CadenceResistancePair &) Added/Updated point: C: 85 W: 150 R: 12
seg. ago. 17 17:14:04 2026 1786997644862 Debug: devices/bluetoothdevice.cpp void bluetoothdevice::update_hr_from_external() WearOS Companion Heart: 0
seg. ago. 17 17:14:05 2026 1786997645043 Debug: ./ergtable.h void ergTable::updateDataTable(const CadenceResistancePair &) Added/Updated point: C: 85 W: 150 R: 12
seg. ago. 17 17:14:05 2026 1786997645065 Debug: devices/bluetoothdevice.cpp void bluetoothdevice::update_hr_from_external() WearOS Companion Heart: 0
seg. ago. 17 17:14:05 2026 1786997645138 Debug: qmdnsengine/src/src/provider.cpp void QMdnsEngine::ProviderPrivate::onAnnounceTimeout() ProviderPrivate::onAnnounceTimeout repeat, remaining 0
seg. ago. 17 17:14:05 2026 1786997645140 Warning:   QNetworkInterface/AF_NETLINK: found unknown interface with index 1
seg. ago. 17 17:14:05 2026 1786997645142 Warning:   QNetworkInterface/AF_NETLINK: found unknown interface with index 59
seg. ago. 17 17:14:05 2026 1786997645143 Warning:   QNetworkInterface/AF_NETLINK: found unknown interface with index 1
seg. ago. 17 17:14:05 2026 1786997645145 Warning:   QNetworkInterface/AF_NETLINK: found unknown interface with index 2
seg. ago. 17 17:14:05 2026 1786997645146 Warning:   QNetworkInterface/AF_NETLINK: found unknown interface with index 14
seg. ago. 17 17:14:05 2026 1786997645147 Warning:   QNetworkInterface/AF_NETLINK: found unknown interface with index 16
seg. ago. 17 17:14:05 2026 1786997645148 Warning:   QNetworkInterface/AF_NETLINK: found unknown interface with index 1
seg. ago. 17 17:14:05 2026 1786997645150 Warning:   QNetworkInterface/AF_NETLINK: found unknown interface with index 59
seg. ago. 17 17:14:05 2026 1786997645151 Warning:   QNetworkInterface/AF_NETLINK: found unknown interface with index 1
seg. ago. 17 17:14:05 2026 1786997645152 Warning:   QNetworkInterface/AF_NETLINK: found unknown interface with index 2
seg. ago. 17 17:14:05 2026 1786997645152 Warning:   QNetworkInterface/AF_NETLINK: found unknown interface with index 14
seg. ago. 17 17:14:05 2026 1786997645154 Warning:   QNetworkInterface/AF_NETLINK: found unknown interface with index 16
seg. ago. 17 17:14:05 2026 1786997645156 Warning:   QNetworkInterface/AF_NETLINK: found unknown interface with index 1
seg. ago. 17 17:14:05 2026 1786997645157 Warning:   QNetworkInterface/AF_NETLINK: found unknown interface with index 59
seg. ago. 17 17:14:05 2026 1786997645158 Warning:   QNetworkInterface/AF_NETLINK: found unknown interface with index 1
seg. ago. 17 17:14:05 2026 1786997645159 Warning:   QNetworkInterface/AF_NETLINK: found unknown interface with index 2
seg. ago. 17 17:14:05 2026 1786997645160 Warning:   QNetworkInterface/AF_NETLINK: found unknown interface with index 14
seg. ago. 17 17:14:05 2026 1786997645161 Warning:   QNetworkInterface/AF_NETLINK: found unknown interface with index 16
seg. ago. 17 17:14:05 2026 1786997645243 Debug: ./ergtable.h void ergTable::updateDataTable(const CadenceResistancePair &) Added/Updated point: C: 85 W: 150 R: 12
seg. ago. 17 17:14:05 2026 1786997645263 Debug: devices/bluetoothdevice.cpp void bluetoothdevice::update_hr_from_external() WearOS Companion Heart: 0
seg. ago. 17 17:14:05 2026 1786997645442 Debug: ./ergtable.h void ergTable::updateDataTable(const CadenceResistancePair &) Added/Updated point: C: 85 W: 150 R: 12
seg. ago. 17 17:14:05 2026 1786997645464 Debug: devices/bluetoothdevice.cpp void bluetoothdevice::update_hr_from_external() WearOS Companion Heart: 0
seg. ago. 17 17:14:05 2026 1786997645645 Debug: templateinfosender.cpp bool TemplateInfoSender::update(QJSEngine *) "eval res " "{\"msg\":\"workout\",\"content\":{\"BIKE_TYPE\":2,\"ELLIPTICAL_TYPE\":4,\"ROWING_TYPE\":3,\"TREADMILL_TYPE\":1,\"UNKNOWN_TYPE\":0,\"deviceId\":\"00:00:00:00:00:00\",\"deviceName\":\"N/A\",\"deviceRSSI\":1,\"deviceType\":2,\"deviceConnected\":true,\"devicePaused\":false,\"elapsed_s\":11,\"elapsed_m\":0,\"elapsed_h\":0,\"lapelapsed_s\":11,\"lapelapsed_m\":0,\"lapelapsed_h\":0,\"pace_s\":6,\"pace_m\":2,\"pace_h\":0,\"pace_color\":\"white\",\"avgpace_s\":6,\"avgpace_m\":2,\"avgpace_h\":0,\"maxpace_s\":6,\"maxpace_m\":2,\"maxpace_h\":0,\"moving_s\":11,\"moving_m\":0,\"moving_h\":0,\"speed\":28.563432361177785,\"speed_avg\":28.563442962201083,\"speed_color\":\"white\",\"speed_lapavg\":28.563442962201083,\"speed_lapmax\":28.563517581678,\"calories\":2.924753999999999,\"distance\":0.12644092229295212,\"heart\":0,\"heart_color\":\"lightsteelblue\",\"heart_avg\":120.34372055555556,\"heart_lapavg\":120.34372055555556,\"heart_max\":121.7184,\"heart_lapmax\":121.7184,\"target_heart_above\":0,\"target_heart_below\":0,\"jouls\":1775.0999999999997,\"elevation\":0,\"difficult\":1,\"watts\":150,\"watts_avg\":150,\"watts_color\":\"limegreen\",\"watts_lapavg\":150,\"watts_max\":150,\"watts_lapmax\":150,\"kgwatts\":2,\"kgwatts_avg\":2,\"kgwatts_max\":2,\"workoutName\":\"Ride\",\"workoutStartDate\":\"seg. ago. 17 17:13:53 2026\",\"instructorName\":\"\",\"latitude\":null,\"longitude\":null,\"altitude\":null,\"peloton_offset\":0,\"peloton_ask_start\":false,\"autoresistance\":true,\"nextrow\":\"N/A\",\"training_row_index\":0,\"training_row_elapsed\":0,\"training_row_open_ended\":false,\"training_row_wait_for_lap\":false,\"row_remaining_time_s\":0,\"row_remaining_time_m\":0,\"row_remaining_time_h\":0,\"remaining_time_s\":0,\"remaining_time_m\":0,\"remaining_time_h\":0,\"nickName\":\"N/A\",\"gears\":0,\"target_resistance\":0,\"target_peloton_resistance\":0,\"target_cadence\":0,\"target_power\":0,\"power_zone\":2.9,\"power_zone_lapavg\":2.741666666666666,\"power_zone_lapmax\":2.9,\"target_power_zone\":1,\"power_zone_color\":\"limegreen\",\"target_power_zone_color\":\"white\",\"peloton_resistance\":12,\"peloton_resistance_avg\":12,\"peloton_resistance_color\":\"white\",\"peloton_resistance_lapavg\":12,\"peloton_resistance_lapmax\":12,\"peloton_req_resistance\":0,\"cadence\":85,\"cadence_color\":\"white\",\"cadence_avg\":85,\"cadence_lapavg\":85,\"cadence_lapmax\":85,\"resistance\":12,\"resistance_avg\":12,\"resistance_lapavg\":12,\"resistance_lapmax\":12,\"cranks\":60,\"cranktime\":43320,\"req_power\":0,\"req_cadence\":0,\"req_resistance\":0,\"inclination\":0,\"inclination_avg\":0}}"
seg. ago. 17 17:14:05 2026 1786997645658 Debug: homeform.cpp void homeform::update() homeform::update fired! elapsed: 977 jitter: -102
seg. ago. 17 17:14:05 2026 1786997645665 Debug: homeform.cpp void homeform::update() homeform::update tiles updated!
seg. ago. 17 17:14:05 2026 1786997645667 Debug: homeform.cpp void homeform::update() Current Distance 1s: 0.103146 28.5634 150
seg. ago. 17 17:14:05 2026 1786997645670 Debug: virtualdevices/virtualbike.cpp void virtualbike::bikeProvider() "bikeProvider" 0 2000 false
seg. ago. 17 17:14:05 2026 1786997645672 Debug: virtualdevices/virtualbike.cpp void virtualbike::bikeProvider() "virtual bike connected"
seg. ago. 17 17:14:05 2026 1786997645675 Debug: virtualdevices/virtualbike.cpp void virtualbike::writeCharacteristic(QLowEnergyService *, const QLowEnergyCharacteristic &, const QByteArray &) "virtualbike::writeCharacteristic Unknown Service  64 02 28 0b aa 00 0c 00 96 00 00 00"
seg. ago. 17 17:14:05 2026 1786997645677 Debug:   Write server characteristic with handle  9 "6402280baa000c0096000000" (service: "{00001826-0000-1000-8000-00805f9b34fb}"
seg. ago. 17 17:14:05 2026 1786997645679 Debug: virtualdevices/virtualbike.cpp void virtualbike::writeCharacteristic(QLowEnergyService *, const QLowEnergyCharacteristic &, const QByteArray &) "virtualbike::writeCharacteristic Heart Rate Heart Rate Measurement 00 00"
seg. ago. 17 17:14:05 2026 1786997645680 Debug:   Write server characteristic with handle  19 "0000" (service: "{0000180d-0000-1000-8000-00805f9b34fb}"
seg. ago. 17 17:14:05 2026 1786997645687 Debug: ./ergtable.h void ergTable::updateDataTable(const CadenceResistancePair &) Added/Updated point: C: 85 W: 150 R: 12
seg. ago. 17 17:14:05 2026 1786997645710 Debug: devices/bluetoothdevice.cpp void bluetoothdevice::update_hr_from_external() WearOS Companion Heart: 0
seg. ago. 17 17:14:05 2026 1786997645844 Debug: ./ergtable.h void ergTable::updateDataTable(const CadenceResistancePair &) Added/Updated point: C: 85 W: 150 R: 12
seg. ago. 17 17:14:05 2026 1786997645866 Debug: devices/bluetoothdevice.cpp void bluetoothdevice::update_hr_from_external() WearOS Companion Heart: 0
seg. ago. 17 17:14:06 2026 1786997646043 Debug: ./ergtable.h void ergTable::updateDataTable(const CadenceResistancePair &) Added/Updated point: C: 85 W: 150 R: 12
seg. ago. 17 17:14:06 2026 1786997646065 Debug: devices/bluetoothdevice.cpp void bluetoothdevice::update_hr_from_external() WearOS Companion Heart: 0
seg. ago. 17 17:14:06 2026 1786997646243 Debug: ./ergtable.h void ergTable::updateDataTable(const CadenceResistancePair &) Added/Updated point: C: 85 W: 150 R: 12
seg. ago. 17 17:14:06 2026 1786997646265 Debug: devices/bluetoothdevice.cpp void bluetoothdevice::update_hr_from_external() WearOS Companion Heart: 0
seg. ago. 17 17:14:06 2026 1786997646443 Debug: ./ergtable.h void ergTable::updateDataTable(const CadenceResistancePair &) Added/Updated point: C: 85 W: 150 R: 12
seg. ago. 17 17:14:06 2026 1786997646467 Debug: devices/bluetoothdevice.cpp void bluetoothdevice::update_hr_from_external() WearOS Companion Heart: 0
seg. ago. 17 17:14:06 2026 1786997646644 Debug: templateinfosender.cpp bool TemplateInfoSender::update(QJSEngine *) "eval res " "{\"msg\":\"workout\",\"content\":{\"BIKE_TYPE\":2,\"ELLIPTICAL_TYPE\":4,\"ROWING_TYPE\":3,\"TREADMILL_TYPE\":1,\"UNKNOWN_TYPE\":0,\"deviceId\":\"00:00:00:00:00:00\",\"deviceName\":\"N/A\",\"deviceRSSI\":1,\"deviceType\":2,\"deviceConnected\":true,\"devicePaused\":false,\"elapsed_s\":12,\"elapsed_m\":0,\"elapsed_h\":0,\"lapelapsed_s\":12,\"lapelapsed_m\":0,\"lapelapsed_h\":0,\"pace_s\":6,\"pace_m\":2,\"pace_h\":0,\"pace_color\":\"white\",\"avgpace_s\":6,\"avgpace_m\":2,\"avgpace_h\":0,\"maxpace_s\":6,\"maxpace_m\":2,\"maxpace_h\":0,\"moving_s\":12,\"moving_m\":0,\"moving_h\":0,\"speed\":28.563432350547753,\"speed_avg\":28.563442146192536,\"speed_color\":\"white\",\"speed_lapavg\":28.563442146192536,\"speed_lapmax\":28.563517581678,\"calories\":3.108101718749999,\"distance\":0.13436727477123314,\"heart\":0,\"heart_color\":\"lightsteelblue\",\"heart_avg\":120.46037435897436,\"heart_lapavg\":120.46037435897436,\"heart_max\":121.9515,\"heart_lapmax\":121.9515,\"target_heart_above\":0,\"target_heart_below\":0,\"jouls\":1925.2499999999998,\"elevation\":0,\"difficult\":1,\"watts\":150,\"watts_avg\":150,\"watts_color\":\"limegreen\",\"watts_lapavg\":150,\"watts_max\":150,\"watts_lapmax\":150,\"kgwatts\":2,\"kgwatts_avg\":2,\"kgwatts_max\":2,\"workoutName\":\"Ride\",\"workoutStartDate\":\"seg. ago. 17 17:13:53 2026\",\"instructorName\":\"\",\"latitude\":null,\"longitude\":null,\"altitude\":null,\"peloton_offset\":0,\"peloton_ask_start\":false,\"autoresistance\":true,\"nextrow\":\"N/A\",\"training_row_index\":0,\"training_row_elapsed\":0,\"training_row_open_ended\":false,\"training_row_wait_for_lap\":false,\"row_remaining_time_s\":0,\"row_remaining_time_m\":0,\"row_remaining_time_h\":0,\"remaining_time_s\":0,\"remaining_time_m\":0,\"remaining_time_h\":0,\"nickName\":\"N/A\",\"gears\":0,\"target_resistance\":0,\"target_peloton_resistance\":0,\"target_cadence\":0,\"target_power\":0,\"power_zone\":2.9,\"power_zone_lapavg\":2.753846153846153,\"power_zone_lapmax\":2.9,\"target_power_zone\":1,\"power_zone_color\":\"limegreen\",\"target_power_zone_color\":\"white\",\"peloton_resistance\":12,\"peloton_resistance_avg\":12,\"peloton_resistance_color\":\"white\",\"peloton_resistance_lapavg\":12,\"peloton_resistance_lapmax\":12,\"peloton_req_resistance\":0,\"cadence\":85,\"cadence_color\":\"white\",\"cadence_avg\":85,\"cadence_lapavg\":85,\"cadence_lapmax\":85,\"resistance\":12,\"resistance_avg\":12,\"resistance_lapavg\":12,\"resistance_lapmax\":12,\"cranks\":65,\"cranktime\":46930,\"req_power\":0,\"req_cadence\":0,\"req_resistance\":0,\"inclination\":0,\"inclination_avg\":0}}"
seg. ago. 17 17:14:06 2026 1786997646656 Debug: homeform.cpp void homeform::update() homeform::update fired! elapsed: 999 jitter: -103
seg. ago. 17 17:14:06 2026 1786997646664 Debug: homeform.cpp void homeform::update() homeform::update tiles updated!
seg. ago. 17 17:14:06 2026 1786997646666 Debug: homeform.cpp void homeform::update() Current Distance 1s: 0.11108 28.5634 150
seg. ago. 17 17:14:06 2026 1786997646670 Debug: virtualdevices/virtualbike.cpp void virtualbike::bikeProvider() "bikeProvider" 0 2000 false
seg. ago. 17 17:14:06 2026 1786997646671 Debug: virtualdevices/virtualbike.cpp void virtualbike::bikeProvider() "virtual bike connected"
seg. ago. 17 17:14:06 2026 1786997646673 Debug: virtualdevices/virtualbike.cpp void virtualbike::writeCharacteristic(QLowEnergyService *, const QLowEnergyCharacteristic &, const QByteArray &) "virtualbike::writeCharacteristic Unknown Service  64 02 28 0b aa 00 0c 00 96 00 00 00"
seg. ago. 17 17:14:06 2026 1786997646676 Debug:   Write server characteristic with handle  9 "6402280baa000c0096000000" (service: "{00001826-0000-1000-8000-00805f9b34fb}"
seg. ago. 17 17:14:06 2026 1786997646678 Debug: virtualdevices/virtualbike.cpp void virtualbike::writeCharacteristic(QLowEnergyService *, const QLowEnergyCharacteristic &, const QByteArray &) "virtualbike::writeCharacteristic Heart Rate Heart Rate Measurement 00 00"
seg. ago. 17 17:14:06 2026 1786997646679 Debug:   Write server characteristic with handle  19 "0000" (service: "{0000180d-0000-1000-8000-00805f9b34fb}"
seg. ago. 17 17:14:06 2026 1786997646686 Debug: ./ergtable.h void ergTable::updateDataTable(const CadenceResistancePair &) Added/Updated point: C: 85 W: 150 R: 12
seg. ago. 17 17:14:06 2026 1786997646714 Debug: devices/bluetoothdevice.cpp void bluetoothdevice::update_hr_from_external() WearOS Companion Heart: 0
seg. ago. 17 17:14:06 2026 1786997646844 Debug: ./ergtable.h void ergTable::updateDataTable(const CadenceResistancePair &) Added/Updated point: C: 85 W: 150 R: 12
seg. ago. 17 17:14:06 2026 1786997646869 Debug: devices/bluetoothdevice.cpp void bluetoothdevice::update_hr_from_external() WearOS Companion Heart: 0
seg. ago. 17 17:14:07 2026 1786997647044 Debug: ./ergtable.h void ergTable::updateDataTable(const CadenceResistancePair &) Added/Updated point: C: 85 W: 150 R: 12
seg. ago. 17 17:14:07 2026 1786997647061 Debug: devices/bluetoothdevice.cpp void bluetoothdevice::update_hr_from_external() WearOS Companion Heart: 0
seg. ago. 17 17:14:07 2026 1786997647243 Debug: ./ergtable.h void ergTable::updateDataTable(const CadenceResistancePair &) Added/Updated point: C: 85 W: 150 R: 12
seg. ago. 17 17:14:07 2026 1786997647264 Debug: devices/bluetoothdevice.cpp void bluetoothdevice::update_hr_from_external() WearOS Companion Heart: 0
seg. ago. 17 17:14:07 2026 1786997647441 Debug: ./ergtable.h void ergTable::updateDataTable(const CadenceResistancePair &) Added/Updated point: C: 85 W: 150 R: 12
seg. ago. 17 17:14:07 2026 1786997647463 Debug: devices/bluetoothdevice.cpp void bluetoothdevice::update_hr_from_external() WearOS Companion Heart: 0
seg. ago. 17 17:14:07 2026 1786997647643 Debug: templateinfosender.cpp bool TemplateInfoSender::update(QJSEngine *) "eval res " "{\"msg\":\"workout\",\"content\":{\"BIKE_TYPE\":2,\"ELLIPTICAL_TYPE\":4,\"ROWING_TYPE\":3,\"TREADMILL_TYPE\":1,\"UNKNOWN_TYPE\":0,\"deviceId\":\"00:00:00:00:00:00\",\"deviceName\":\"N/A\",\"deviceRSSI\":1,\"deviceType\":2,\"deviceConnected\":true,\"devicePaused\":false,\"elapsed_s\":13,\"elapsed_m\":0,\"elapsed_h\":0,\"lapelapsed_s\":13,\"lapelapsed_m\":0,\"lapelapsed_h\":0,\"pace_s\":6,\"pace_m\":2,\"pace_h\":0,\"pace_color\":\"white\",\"avgpace_s\":6,\"avgpace_m\":2,\"avgpace_h\":0,\"maxpace_s\":6,\"maxpace_m\":2,\"maxpace_h\":0,\"moving_s\":13,\"moving_m\":0,\"moving_h\":0,\"speed\":28.563432345266097,\"speed_avg\":28.56344144625183,\"speed_color\":\"white\",\"speed_lapavg\":28.56344144625183,\"speed_lapmax\":28.563517581678,\"calories\":3.2916329687499988,\"distance\":0.1423015615343064,\"heart\":0,\"heart_color\":\"lightsteelblue\",\"heart_avg\":120.57703333333333,\"heart_lapavg\":120.57703333333333,\"heart_max\":122.18483333333333,\"heart_lapmax\":122.18483333333333,\"target_heart_above\":0,\"target_heart_below\":0,\"jouls\":2075.1,\"elevation\":0,\"difficult\":1,\"watts\":150,\"watts_avg\":150,\"watts_color\":\"limegreen\",\"watts_lapavg\":150,\"watts_max\":150,\"watts_lapmax\":150,\"kgwatts\":2,\"kgwatts_avg\":2,\"kgwatts_max\":2,\"workoutName\":\"Ride\",\"workoutStartDate\":\"seg. ago. 17 17:13:53 2026\",\"instructorName\":\"\",\"latitude\":null,\"longitude\":null,\"altitude\":null,\"peloton_offset\":0,\"peloton_ask_start\":false,\"autoresistance\":true,\"nextrow\":\"N/A\",\"training_row_index\":0,\"training_row_elapsed\":0,\"training_row_open_ended\":false,\"training_row_wait_for_lap\":false,\"row_remaining_time_s\":0,\"row_remaining_time_m\":0,\"row_remaining_time_h\":0,\"remaining_time_s\":0,\"remaining_time_m\":0,\"remaining_time_h\":0,\"nickName\":\"N/A\",\"gears\":0,\"target_resistance\":0,\"target_peloton_resistance\":0,\"target_cadence\":0,\"target_power\":0,\"power_zone\":2.9,\"power_zone_lapavg\":2.7642857142857133,\"power_zone_lapmax\":2.9,\"target_power_zone\":1,\"power_zone_color\":\"limegreen\",\"target_power_zone_color\":\"white\",\"peloton_resistance\":12,\"peloton_resistance_avg\":12,\"peloton_resistance_color\":\"white\",\"peloton_resistance_lapavg\":12,\"peloton_resistance_lapmax\":12,\"peloton_req_resistance\":0,\"cadence\":85,\"cadence_color\":\"white\",\"cadence_avg\":85,\"cadence_lapavg\":85,\"cadence_lapmax\":85,\"resistance\":12,\"resistance_avg\":12,\"resistance_lapavg\":12,\"resistance_lapmax\":12,\"cranks\":70,\"cranktime\":50540,\"req_power\":0,\"req_cadence\":0,\"req_resistance\":0,\"inclination\":0,\"inclination_avg\":0}}"
seg. ago. 17 17:14:07 2026 1786997647650 Debug: homeform.cpp void homeform::update() homeform::update fired! elapsed: 994 jitter: -109
seg. ago. 17 17:14:07 2026 1786997647655 Debug: homeform.cpp void homeform::update() homeform::update tiles updated!
seg. ago. 17 17:14:07 2026 1786997647656 Debug: homeform.cpp void homeform::update() Current Distance 1s: 0.119014 28.5634 150
seg. ago. 17 17:14:07 2026 1786997647659 Debug: virtualdevices/virtualbike.cpp void virtualbike::bikeProvider() "bikeProvider" 0 2000 false
seg. ago. 17 17:14:07 2026 1786997647660 Debug: virtualdevices/virtualbike.cpp void virtualbike::bikeProvider() "virtual bike connected"
seg. ago. 17 17:14:07 2026 1786997647661 Debug: virtualdevices/virtualbike.cpp void virtualbike::writeCharacteristic(QLowEnergyService *, const QLowEnergyCharacteristic &, const QByteArray &) "virtualbike::writeCharacteristic Unknown Service  64 02 28 0b aa 00 0c 00 96 00 00 00"
seg. ago. 17 17:14:07 2026 1786997647662 Debug:   Write server characteristic with handle  9 "6402280baa000c0096000000" (service: "{00001826-0000-1000-8000-00805f9b34fb}"
seg. ago. 17 17:14:07 2026 1786997647664 Debug: virtualdevices/virtualbike.cpp void virtualbike::writeCharacteristic(QLowEnergyService *, const QLowEnergyCharacteristic &, const QByteArray &) "virtualbike::writeCharacteristic Heart Rate Heart Rate Measurement 00 00"
seg. ago. 17 17:14:07 2026 1786997647665 Debug:   Write server characteristic with handle  19 "0000" (service: "{0000180d-0000-1000-8000-00805f9b34fb}"
seg. ago. 17 17:14:07 2026 1786997647670 Debug: ./ergtable.h void ergTable::updateDataTable(const CadenceResistancePair &) Added/Updated point: C: 85 W: 150 R: 12
seg. ago. 17 17:14:07 2026 1786997647686 Debug: devices/bluetoothdevice.cpp void bluetoothdevice::update_hr_from_external() WearOS Companion Heart: 0
seg. ago. 17 17:14:07 2026 1786997647841 Debug: ./ergtable.h void ergTable::updateDataTable(const CadenceResistancePair &) Added/Updated point: C: 85 W: 150 R: 12
seg. ago. 17 17:14:07 2026 1786997647857 Debug: devices/bluetoothdevice.cpp void bluetoothdevice::update_hr_from_external() WearOS Companion Heart: 0
seg. ago. 17 17:14:08 2026 1786997648041 Debug: ./ergtable.h void ergTable::updateDataTable(const CadenceResistancePair &) Added/Updated point: C: 85 W: 150 R: 12
seg. ago. 17 17:14:08 2026 1786997648058 Debug: devices/bluetoothdevice.cpp void bluetoothdevice::update_hr_from_external() WearOS Companion Heart: 0
seg. ago. 17 17:14:08 2026 1786997648243 Debug: ./ergtable.h void ergTable::updateDataTable(const CadenceResistancePair &) Added/Updated point: C: 85 W: 150 R: 12
seg. ago. 17 17:14:08 2026 1786997648264 Debug: devices/bluetoothdevice.cpp void bluetoothdevice::update_hr_from_external() WearOS Companion Heart: 0
seg. ago. 17 17:14:08 2026 1786997648444 Debug: ./ergtable.h void ergTable::updateDataTable(const CadenceResistancePair &) Added/Updated point: C: 85 W: 150 R: 12
seg. ago. 17 17:14:08 2026 1786997648466 Debug: devices/bluetoothdevice.cpp void bluetoothdevice::update_hr_from_external() WearOS Companion Heart: 0
seg. ago. 17 17:14:08 2026 1786997648639 Debug: homeform.cpp auto homeform::homeform(QQmlApplicationEngine *, bluetooth *)::(anonymous class)::operator()() const Garmin Connect: Workout auto-download skipped (not configured or not authenticated)
seg. ago. 17 17:14:08 2026 1786997648646 Debug: templateinfosender.cpp bool TemplateInfoSender::update(QJSEngine *) "eval res " "{\"msg\":\"workout\",\"content\":{\"BIKE_TYPE\":2,\"ELLIPTICAL_TYPE\":4,\"ROWING_TYPE\":3,\"TREADMILL_TYPE\":1,\"UNKNOWN_TYPE\":0,\"deviceId\":\"00:00:00:00:00:00\",\"deviceName\":\"N/A\",\"deviceRSSI\":1,\"deviceType\":2,\"deviceConnected\":true,\"devicePaused\":false,\"elapsed_s\":14,\"elapsed_m\":0,\"elapsed_h\":0,\"lapelapsed_s\":14,\"lapelapsed_m\":0,\"lapelapsed_h\":0,\"pace_s\":6,\"pace_m\":2,\"pace_h\":0,\"pace_color\":\"white\",\"avgpace_s\":6,\"avgpace_m\":2,\"avgpace_h\":0,\"maxpace_s\":6,\"maxpace_m\":2,\"maxpace_h\":0,\"moving_s\":14,\"moving_m\":0,\"moving_h\":0,\"speed\":28.563432342645026,\"speed_avg\":28.563440839403555,\"speed_color\":\"white\",\"speed_lapavg\":28.563440839403555,\"speed_lapmax\":28.563517581678,\"calories\":3.4753477499999987,\"distance\":0.15024378258316354,\"heart\":0,\"heart_color\":\"lightsteelblue\",\"heart_avg\":120.6936528888889,\"heart_lapavg\":120.6936528888889,\"heart_max\":122.41839999999999,\"heart_lapmax\":122.41839999999999,\"target_heart_above\":0,\"target_heart_below\":0,\"jouls\":2225.4,\"elevation\":0,\"difficult\":1,\"watts\":150,\"watts_avg\":150,\"watts_color\":\"limegreen\",\"watts_lapavg\":150,\"watts_max\":150,\"watts_lapmax\":150,\"kgwatts\":2,\"kgwatts_avg\":2,\"kgwatts_max\":2,\"workoutName\":\"Ride\",\"workoutStartDate\":\"seg. ago. 17 17:13:53 2026\",\"instructorName\":\"\",\"latitude\":null,\"longitude\":null,\"altitude\":null,\"peloton_offset\":0,\"peloton_ask_start\":false,\"autoresistance\":true,\"nextrow\":\"N/A\",\"training_row_index\":0,\"training_row_elapsed\":0,\"training_row_open_ended\":false,\"training_row_wait_for_lap\":false,\"row_remaining_time_s\":0,\"row_remaining_time_m\":0,\"row_remaining_time_h\":0,\"remaining_time_s\":0,\"remaining_time_m\":0,\"remaining_time_h\":0,\"nickName\":\"N/A\",\"gears\":0,\"target_resistance\":0,\"target_peloton_resistance\":0,\"target_cadence\":0,\"target_power\":0,\"power_zone\":2.9,\"power_zone_lapavg\":2.7733333333333325,\"power_zone_lapmax\":2.9,\"target_power_zone\":1,\"power_zone_color\":\"limegreen\",\"target_power_zone_color\":\"white\",\"peloton_resistance\":12,\"peloton_resistance_avg\":12,\"peloton_resistance_color\":\"white\",\"peloton_resistance_lapavg\":12,\"peloton_resistance_lapmax\":12,\"peloton_req_resistance\":0,\"cadence\":85,\"cadence_color\":\"white\",\"cadence_avg\":85,\"cadence_lapavg\":85,\"cadence_lapmax\":85,\"resistance\":12,\"resistance_avg\":12,\"resistance_lapavg\":12,\"resistance_lapmax\":12,\"cranks\":75,\"cranktime\":54150,\"req_power\":0,\"req_cadence\":0,\"req_resistance\":0,\"inclination\":0,\"inclination_avg\":0}}"
seg. ago. 17 17:14:08 2026 1786997648658 Debug: homeform.cpp void homeform::update() homeform::update fired! elapsed: 1008 jitter: -101
seg. ago. 17 17:14:08 2026 1786997648665 Debug: homeform.cpp void homeform::update() homeform::update tiles updated!
seg. ago. 17 17:14:08 2026 1786997648667 Debug: homeform.cpp void homeform::update() Current Distance 1s: 0.126949 28.5634 150
seg. ago. 17 17:14:08 2026 1786997648669 Debug: virtualdevices/virtualbike.cpp void virtualbike::bikeProvider() "bikeProvider" 0 2000 false
seg. ago. 17 17:14:08 2026 1786997648670 Debug: virtualdevices/virtualbike.cpp void virtualbike::bikeProvider() "virtual bike connected"
seg. ago. 17 17:14:08 2026 1786997648672 Debug: virtualdevices/virtualbike.cpp void virtualbike::writeCharacteristic(QLowEnergyService *, const QLowEnergyCharacteristic &, const QByteArray &) "virtualbike::writeCharacteristic Unknown Service  64 02 28 0b aa 00 0c 00 96 00 00 00"
seg. ago. 17 17:14:08 2026 1786997648673 Debug:   Write server characteristic with handle  9 "6402280baa000c0096000000" (service: "{00001826-0000-1000-8000-00805f9b34fb}"
seg. ago. 17 17:14:08 2026 1786997648674 Debug: virtualdevices/virtualbike.cpp void virtualbike::writeCharacteristic(QLowEnergyService *, const QLowEnergyCharacteristic &, const QByteArray &) "virtualbike::writeCharacteristic Heart Rate Heart Rate Measurement 00 00"
seg. ago. 17 17:14:08 2026 1786997648675 Debug:   Write server characteristic with handle  19 "0000" (service: "{0000180d-0000-1000-8000-00805f9b34fb}"
seg. ago. 17 17:14:08 2026 1786997648681 Debug: ./ergtable.h void ergTable::updateDataTable(const CadenceResistancePair &) Added/Updated point: C: 85 W: 150 R: 12
seg. ago. 17 17:14:08 2026 1786997648699 Debug: devices/bluetoothdevice.cpp void bluetoothdevice::update_hr_from_external() WearOS Companion Heart: 0
seg. ago. 17 17:14:08 2026 1786997648843 Debug: ./ergtable.h void ergTable::updateDataTable(const CadenceResistancePair &) Added/Updated point: C: 85 W: 150 R: 12
seg. ago. 17 17:14:08 2026 1786997648864 Debug: devices/bluetoothdevice.cpp void bluetoothdevice::update_hr_from_external() WearOS Companion Heart: 0
seg. ago. 17 17:14:09 2026 1786997649043 Debug: ./ergtable.h void ergTable::updateDataTable(const CadenceResistancePair &) Added/Updated point: C: 85 W: 150 R: 12
seg. ago. 17 17:14:09 2026 1786997649065 Debug: devices/bluetoothdevice.cpp void bluetoothdevice::update_hr_from_external() WearOS Companion Heart: 0
seg. ago. 17 17:14:09 2026 1786997649245 Debug: ./ergtable.h void ergTable::updateDataTable(const CadenceResistancePair &) Added/Updated point: C: 85 W: 150 R: 12
seg. ago. 17 17:14:09 2026 1786997649267 Debug: devices/bluetoothdevice.cpp void bluetoothdevice::update_hr_from_external() WearOS Companion Heart: 0
seg. ago. 17 17:14:09 2026 1786997649442 Debug: ./ergtable.h void ergTable::updateDataTable(const CadenceResistancePair &) Added/Updated point: C: 85 W: 150 R: 12
seg. ago. 17 17:14:09 2026 1786997649458 Debug: devices/bluetoothdevice.cpp void bluetoothdevice::update_hr_from_external() WearOS Companion Heart: 0
seg. ago. 17 17:14:09 2026 1786997649645 Debug: templateinfosender.cpp bool TemplateInfoSender::update(QJSEngine *) "eval res " "{\"msg\":\"workout\",\"content\":{\"BIKE_TYPE\":2,\"ELLIPTICAL_TYPE\":4,\"ROWING_TYPE\":3,\"TREADMILL_TYPE\":1,\"UNKNOWN_TYPE\":0,\"deviceId\":\"00:00:00:00:00:00\",\"deviceName\":\"N/A\",\"deviceRSSI\":1,\"deviceType\":2,\"deviceConnected\":true,\"devicePaused\":false,\"elapsed_s\":15,\"elapsed_m\":0,\"elapsed_h\":0,\"lapelapsed_s\":15,\"lapelapsed_m\":0,\"lapelapsed_h\":0,\"pace_s\":6,\"pace_m\":2,\"pace_h\":0,\"pace_color\":\"white\",\"avgpace_s\":6,\"avgpace_m\":2,\"avgpace_h\":0,\"maxpace_s\":6,\"maxpace_m\":2,\"maxpace_h\":0,\"moving_s\":15,\"moving_m\":0,\"moving_h\":0,\"speed\":28.563432341345287,\"speed_avg\":28.563440308302074,\"speed_color\":\"white\",\"speed_lapavg\":28.563440308302074,\"speed_lapmax\":28.563517581678,\"calories\":3.6588789999999984,\"distance\":0.1581780693447715,\"heart\":0,\"heart_color\":\"lightsteelblue\",\"heart_avg\":120.81031041666668,\"heart_lapavg\":120.81031041666668,\"heart_max\":122.65173333333333,\"heart_lapmax\":122.65173333333333,\"target_heart_above\":0,\"target_heart_below\":0,\"jouls\":2375.100000000001,\"elevation\":0,\"difficult\":1,\"watts\":150,\"watts_avg\":150,\"watts_color\":\"limegreen\",\"watts_lapavg\":150,\"watts_max\":150,\"watts_lapmax\":150,\"kgwatts\":2,\"kgwatts_avg\":2,\"kgwatts_max\":2,\"workoutName\":\"Ride\",\"workoutStartDate\":\"seg. ago. 17 17:13:53 2026\",\"instructorName\":\"\",\"latitude\":null,\"longitude\":null,\"altitude\":null,\"peloton_offset\":0,\"peloton_ask_start\":false,\"autoresistance\":true,\"nextrow\":\"N/A\",\"training_row_index\":0,\"training_row_elapsed\":0,\"training_row_open_ended\":false,\"training_row_wait_for_lap\":false,\"row_remaining_time_s\":0,\"row_remaining_time_m\":0,\"row_remaining_time_h\":0,\"remaining_time_s\":0,\"remaining_time_m\":0,\"remaining_time_h\":0,\"nickName\":\"N/A\",\"gears\":0,\"target_resistance\":0,\"target_peloton_resistance\":0,\"target_cadence\":0,\"target_power\":0,\"power_zone\":2.9,\"power_zone_lapavg\":2.781249999999999,\"power_zone_lapmax\":2.9,\"target_power_zone\":1,\"power_zone_color\":\"limegreen\",\"target_power_zone_color\":\"white\",\"peloton_resistance\":12,\"peloton_resistance_avg\":12,\"peloton_resistance_color\":\"white\",\"peloton_resistance_lapavg\":12,\"peloton_resistance_lapmax\":12,\"peloton_req_resistance\":0,\"cadence\":85,\"cadence_color\":\"white\",\"cadence_avg\":85,\"cadence_lapavg\":85,\"cadence_lapmax\":85,\"resistance\":12,\"resistance_avg\":12,\"resistance_lapavg\":12,\"resistance_lapmax\":12,\"cranks\":80,\"cranktime\":57760,\"req_power\":0,\"req_cadence\":0,\"req_resistance\":0,\"inclination\":0,\"inclination_avg\":0}}"
seg. ago. 17 17:14:09 2026 1786997649659 Debug: homeform.cpp void homeform::update() homeform::update fired! elapsed: 1001 jitter: -100
seg. ago. 17 17:14:09 2026 1786997649665 Debug: homeform.cpp void homeform::update() homeform::update tiles updated!
seg. ago. 17 17:14:09 2026 1786997649667 Debug: homeform.cpp void homeform::update() Current Distance 1s: 0.134883 28.5634 150
seg. ago. 17 17:14:09 2026 1786997649669 Debug: virtualdevices/virtualbike.cpp void virtualbike::bikeProvider() "bikeProvider" 0 2000 false
seg. ago. 17 17:14:09 2026 1786997649670 Debug: virtualdevices/virtualbike.cpp void virtualbike::bikeProvider() "virtual bike connected"
seg. ago. 17 17:14:09 2026 1786997649671 Debug: virtualdevices/virtualbike.cpp void virtualbike::writeCharacteristic(QLowEnergyService *, const QLowEnergyCharacteristic &, const QByteArray &) "virtualbike::writeCharacteristic Unknown Service  64 02 28 0b aa 00 0c 00 96 00 00 00"
seg. ago. 17 17:14:09 2026 1786997649672 Debug:   Write server characteristic with handle  9 "6402280baa000c0096000000" (service: "{00001826-0000-1000-8000-00805f9b34fb}"
seg. ago. 17 17:14:09 2026 1786997649674 Debug: virtualdevices/virtualbike.cpp void virtualbike::writeCharacteristic(QLowEnergyService *, const QLowEnergyCharacteristic &, const QByteArray &) "virtualbike::writeCharacteristic Heart Rate Heart Rate Measurement 00 00"
seg. ago. 17 17:14:09 2026 1786997649675 Debug:   Write server characteristic with handle  19 "0000" (service: "{0000180d-0000-1000-8000-00805f9b34fb}"
seg. ago. 17 17:14:09 2026 1786997649680 Debug: ./ergtable.h void ergTable::updateDataTable(const CadenceResistancePair &) Added/Updated point: C: 85 W: 150 R: 12
seg. ago. 17 17:14:09 2026 1786997649696 Debug: devices/bluetoothdevice.cpp void bluetoothdevice::update_hr_from_external() WearOS Companion Heart: 0
seg. ago. 17 17:14:09 2026 1786997649842 Debug: ./ergtable.h void ergTable::updateDataTable(const CadenceResistancePair &) Added/Updated point: C: 85 W: 150 R: 12
seg. ago. 17 17:14:09 2026 1786997649864 Debug: devices/bluetoothdevice.cpp void bluetoothdevice::update_hr_from_external() WearOS Companion Heart: 0
seg. ago. 17 17:14:10 2026 1786997650043 Debug: ./ergtable.h void ergTable::updateDataTable(const CadenceResistancePair &) Added/Updated point: C: 85 W: 150 R: 12
seg. ago. 17 17:14:10 2026 1786997650062 Debug: devices/bluetoothdevice.cpp void bluetoothdevice::update_hr_from_external() WearOS Companion Heart: 0
seg. ago. 17 17:14:10 2026 1786997650243 Debug: ./ergtable.h void ergTable::updateDataTable(const CadenceResistancePair &) Added/Updated point: C: 85 W: 150 R: 12
seg. ago. 17 17:14:10 2026 1786997650266 Debug: devices/bluetoothdevice.cpp void bluetoothdevice::update_hr_from_external() WearOS Companion Heart: 0
seg. ago. 17 17:14:10 2026 1786997650443 Debug: ./ergtable.h void ergTable::updateDataTable(const CadenceResistancePair &) Added/Updated point: C: 85 W: 150 R: 12
seg. ago. 17 17:14:10 2026 1786997650468 Debug: devices/bluetoothdevice.cpp void bluetoothdevice::update_hr_from_external() WearOS Companion Heart: 0
seg. ago. 17 17:14:10 2026 1786997650645 Debug: templateinfosender.cpp bool TemplateInfoSender::update(QJSEngine *) "eval res " "{\"msg\":\"workout\",\"content\":{\"BIKE_TYPE\":2,\"ELLIPTICAL_TYPE\":4,\"ROWING_TYPE\":3,\"TREADMILL_TYPE\":1,\"UNKNOWN_TYPE\":0,\"deviceId\":\"00:00:00:00:00:00\",\"deviceName\":\"N/A\",\"deviceRSSI\":1,\"deviceType\":2,\"deviceConnected\":true,\"devicePaused\":false,\"elapsed_s\":16,\"elapsed_m\":0,\"elapsed_h\":0,\"lapelapsed_s\":16,\"lapelapsed_m\":0,\"lapelapsed_h\":0,\"pace_s\":6,\"pace_m\":2,\"pace_h\":0,\"pace_color\":\"white\",\"avgpace_s\":6,\"avgpace_m\":2,\"avgpace_h\":0,\"maxpace_s\":6,\"maxpace_m\":2,\"maxpace_h\":0,\"moving_s\":16,\"moving_m\":0,\"moving_h\":0,\"speed\":28.56343234070027,\"speed_avg\":28.563439839632316,\"speed_color\":\"white\",\"speed_lapavg\":28.563439839632316,\"speed_lapmax\":28.563517581678,\"calories\":3.8424102499999986,\"distance\":0.16611235610613825,\"heart\":0,\"heart_color\":\"lightsteelblue\",\"heart_avg\":120.92696352941175,\"heart_lapavg\":120.92696352941175,\"heart_max\":122.88506666666666,\"heart_lapmax\":122.88506666666666,\"target_heart_above\":0,\"target_heart_below\":0,\"jouls\":2525.2500000000005,\"elevation\":0,\"difficult\":1,\"watts\":150,\"watts_avg\":150,\"watts_color\":\"limegreen\",\"watts_lapavg\":150,\"watts_max\":150,\"watts_lapmax\":150,\"kgwatts\":2,\"kgwatts_avg\":2,\"kgwatts_max\":2,\"workoutName\":\"Ride\",\"workoutStartDate\":\"seg. ago. 17 17:13:53 2026\",\"instructorName\":\"\",\"latitude\":null,\"longitude\":null,\"altitude\":null,\"peloton_offset\":0,\"peloton_ask_start\":false,\"autoresistance\":true,\"nextrow\":\"N/A\",\"training_row_index\":0,\"training_row_elapsed\":0,\"training_row_open_ended\":false,\"training_row_wait_for_lap\":false,\"row_remaining_time_s\":0,\"row_remaining_time_m\":0,\"row_remaining_time_h\":0,\"remaining_time_s\":0,\"remaining_time_m\":0,\"remaining_time_h\":0,\"nickName\":\"N/A\",\"gears\":0,\"target_resistance\":0,\"target_peloton_resistance\":0,\"target_cadence\":0,\"target_power\":0,\"power_zone\":2.9,\"power_zone_lapavg\":2.788235294117646,\"power_zone_lapmax\":2.9,\"target_power_zone\":1,\"power_zone_color\":\"limegreen\",\"target_power_zone_color\":\"white\",\"peloton_resistance\":12,\"peloton_resistance_avg\":12,\"peloton_resistance_color\":\"white\",\"peloton_resistance_lapavg\":12,\"peloton_resistance_lapmax\":12,\"peloton_req_resistance\":0,\"cadence\":85,\"cadence_color\":\"white\",\"cadence_avg\":85,\"cadence_lapavg\":85,\"cadence_lapmax\":85,\"resistance\":12,\"resistance_avg\":12,\"resistance_lapavg\":12,\"resistance_lapmax\":12,\"cranks\":85,\"cranktime\":61370,\"req_power\":0,\"req_cadence\":0,\"req_resistance\":0,\"inclination\":0,\"inclination_avg\":0}}"
seg. ago. 17 17:14:10 2026 1786997650658 Debug: homeform.cpp void homeform::update() homeform::update fired! elapsed: 998 jitter: -102
seg. ago. 17 17:14:10 2026 1786997650665 Debug: homeform.cpp void homeform::update() homeform::update tiles updated!
seg. ago. 17 17:14:10 2026 1786997650667 Debug: homeform.cpp void homeform::update() Current Distance 1s: 0.142817 28.5634 150
seg. ago. 17 17:14:10 2026 1786997650670 Debug: virtualdevices/virtualbike.cpp void virtualbike::bikeProvider() "bikeProvider" 0 2000 false
seg. ago. 17 17:14:10 2026 1786997650672 Debug: virtualdevices/virtualbike.cpp void virtualbike::bikeProvider() "virtual bike connected"
seg. ago. 17 17:14:10 2026 1786997650675 Debug: virtualdevices/virtualbike.cpp void virtualbike::writeCharacteristic(QLowEnergyService *, const QLowEnergyCharacteristic &, const QByteArray &) "virtualbike::writeCharacteristic Unknown Service  64 02 28 0b aa 00 0c 00 96 00 00 00"
seg. ago. 17 17:14:10 2026 1786997650677 Debug:   Write server characteristic with handle  9 "6402280baa000c0096000000" (service: "{00001826-0000-1000-8000-00805f9b34fb}"
seg. ago. 17 17:14:10 2026 1786997650679 Debug: virtualdevices/virtualbike.cpp void virtualbike::writeCharacteristic(QLowEnergyService *, const QLowEnergyCharacteristic &, const QByteArray &) "virtualbike::writeCharacteristic Heart Rate Heart Rate Measurement 00 00"
seg. ago. 17 17:14:10 2026 1786997650681 Debug:   Write server characteristic with handle  19 "0000" (service: "{0000180d-0000-1000-8000-00805f9b34fb}"
seg. ago. 17 17:14:10 2026 1786997650687 Debug: ./ergtable.h void ergTable::updateDataTable(const CadenceResistancePair &) Added/Updated point: C: 85 W: 150 R: 12
seg. ago. 17 17:14:10 2026 1786997650711 Debug: devices/bluetoothdevice.cpp void bluetoothdevice::update_hr_from_external() WearOS Companion Heart: 0
seg. ago. 17 17:14:10 2026 1786997650843 Debug: ./ergtable.h void ergTable::updateDataTable(const CadenceResistancePair &) Added/Updated point: C: 85 W: 150 R: 12
seg. ago. 17 17:14:10 2026 1786997650866 Debug: devices/bluetoothdevice.cpp void bluetoothdevice::update_hr_from_external() WearOS Companion Heart: 0
seg. ago. 17 17:14:11 2026 1786997651043 Debug: ./ergtable.h void ergTable::updateDataTable(const CadenceResistancePair &) Added/Updated point: C: 85 W: 150 R: 12
seg. ago. 17 17:14:11 2026 1786997651066 Debug: devices/bluetoothdevice.cpp void bluetoothdevice::update_hr_from_external() WearOS Companion Heart: 0
seg. ago. 17 17:14:11 2026 1786997651243 Debug: ./ergtable.h void ergTable::updateDataTable(const CadenceResistancePair &) Added/Updated point: C: 85 W: 150 R: 12
seg. ago. 17 17:14:11 2026 1786997651268 Debug: devices/bluetoothdevice.cpp void bluetoothdevice::update_hr_from_external() WearOS Companion Heart: 0
seg. ago. 17 17:14:11 2026 1786997651443 Debug: ./ergtable.h void ergTable::updateDataTable(const CadenceResistancePair &) Added/Updated point: C: 85 W: 150 R: 12
seg. ago. 17 17:14:11 2026 1786997651469 Debug: devices/bluetoothdevice.cpp void bluetoothdevice::update_hr_from_external() WearOS Companion Heart: 0
seg. ago. 17 17:14:11 2026 1786997651644 Debug: templateinfosender.cpp bool TemplateInfoSender::update(QJSEngine *) "eval res " "{\"msg\":\"workout\",\"content\":{\"BIKE_TYPE\":2,\"ELLIPTICAL_TYPE\":4,\"ROWING_TYPE\":3,\"TREADMILL_TYPE\":1,\"UNKNOWN_TYPE\":0,\"deviceId\":\"00:00:00:00:00:00\",\"deviceName\":\"N/A\",\"deviceRSSI\":1,\"deviceType\":2,\"deviceConnected\":true,\"devicePaused\":false,\"elapsed_s\":17,\"elapsed_m\":0,\"elapsed_h\":0,\"lapelapsed_s\":17,\"lapelapsed_m\":0,\"lapelapsed_h\":0,\"pace_s\":6,\"pace_m\":2,\"pace_h\":0,\"pace_color\":\"white\",\"avgpace_s\":6,\"avgpace_m\":2,\"avgpace_h\":0,\"maxpace_s\":6,\"maxpace_m\":2,\"maxpace_h\":0,\"moving_s\":17,\"moving_m\":0,\"moving_h\":0,\"speed\":28.56343234038007,\"speed_avg\":28.563439423013122,\"speed_color\":\"white\",\"speed_lapavg\":28.563439423013122,\"speed_lapmax\":28.563517581678,\"calories\":4.025941499999998,\"distance\":0.1740466428673852,\"heart\":0,\"heart_color\":\"lightsteelblue\",\"heart_avg\":121.04363111111107,\"heart_lapavg\":121.04363111111107,\"heart_max\":123.1184,\"heart_lapmax\":123.1184,\"target_heart_above\":0,\"target_heart_below\":0,\"jouls\":2675.2500000000005,\"elevation\":0,\"difficult\":1,\"watts\":150,\"watts_avg\":150,\"watts_color\":\"limegreen\",\"watts_lapavg\":150,\"watts_max\":150,\"watts_lapmax\":150,\"kgwatts\":2,\"kgwatts_avg\":2,\"kgwatts_max\":2,\"workoutName\":\"Ride\",\"workoutStartDate\":\"seg. ago. 17 17:13:53 2026\",\"instructorName\":\"\",\"latitude\":null,\"longitude\":null,\"altitude\":null,\"peloton_offset\":0,\"peloton_ask_start\":false,\"autoresistance\":true,\"nextrow\":\"N/A\",\"training_row_index\":0,\"training_row_elapsed\":0,\"training_row_open_ended\":false,\"training_row_wait_for_lap\":false,\"row_remaining_time_s\":0,\"row_remaining_time_m\":0,\"row_remaining_time_h\":0,\"remaining_time_s\":0,\"remaining_time_m\":0,\"remaining_time_h\":0,\"nickName\":\"N/A\",\"gears\":0,\"target_resistance\":0,\"target_peloton_resistance\":0,\"target_cadence\":0,\"target_power\":0,\"power_zone\":2.9,\"power_zone_lapavg\":2.7944444444444434,\"power_zone_lapmax\":2.9,\"target_power_zone\":1,\"power_zone_color\":\"limegreen\",\"target_power_zone_color\":\"white\",\"peloton_resistance\":12,\"peloton_resistance_avg\":12,\"peloton_resistance_color\":\"white\",\"peloton_resistance_lapavg\":12,\"peloton_resistance_lapmax\":12,\"peloton_req_resistance\":0,\"cadence\":85,\"cadence_color\":\"white\",\"cadence_avg\":85,\"cadence_lapavg\":85,\"cadence_lapmax\":85,\"resistance\":12,\"resistance_avg\":12,\"resistance_lapavg\":12,\"resistance_lapmax\":12,\"cranks\":90,\"cranktime\":64980,\"req_power\":0,\"req_cadence\":0,\"req_resistance\":0,\"inclination\":0,\"inclination_avg\":0}}"
seg. ago. 17 17:14:11 2026 1786997651657 Debug: homeform.cpp void homeform::update() homeform::update fired! elapsed: 999 jitter: -103
seg. ago. 17 17:14:11 2026 1786997651662 Debug: homeform.cpp void homeform::update() homeform::update tiles updated!
seg. ago. 17 17:14:11 2026 1786997651663 Debug: homeform.cpp void homeform::update() Current Distance 1s: 0.150751 28.5634 150
seg. ago. 17 17:14:11 2026 1786997651666 Debug: virtualdevices/virtualbike.cpp void virtualbike::bikeProvider() "bikeProvider" 0 2000 false
seg. ago. 17 17:14:11 2026 1786997651667 Debug: virtualdevices/virtualbike.cpp void virtualbike::bikeProvider() "virtual bike connected"
seg. ago. 17 17:14:11 2026 1786997651668 Debug: virtualdevices/virtualbike.cpp void virtualbike::writeCharacteristic(QLowEnergyService *, const QLowEnergyCharacteristic &, const QByteArray &) "virtualbike::writeCharacteristic Unknown Service  64 02 28 0b aa 00 0c 00 96 00 00 00"
seg. ago. 17 17:14:11 2026 1786997651669 Debug:   Write server characteristic with handle  9 "6402280baa000c0096000000" (service: "{00001826-0000-1000-8000-00805f9b34fb}"
seg. ago. 17 17:14:11 2026 1786997651671 Debug: virtualdevices/virtualbike.cpp void virtualbike::writeCharacteristic(QLowEnergyService *, const QLowEnergyCharacteristic &, const QByteArray &) "virtualbike::writeCharacteristic Heart Rate Heart Rate Measurement 00 00"
seg. ago. 17 17:14:11 2026 1786997651672 Debug:   Write server characteristic with handle  19 "0000" (service: "{0000180d-0000-1000-8000-00805f9b34fb}"
seg. ago. 17 17:14:11 2026 1786997651678 Debug: ./ergtable.h void ergTable::updateDataTable(const CadenceResistancePair &) Added/Updated point: C: 85 W: 150 R: 12
seg. ago. 17 17:14:11 2026 1786997651693 Debug: devices/bluetoothdevice.cpp void bluetoothdevice::update_hr_from_external() WearOS Companion Heart: 0
seg. ago. 17 17:14:11 2026 1786997651842 Debug: ./ergtable.h void ergTable::updateDataTable(const CadenceResistancePair &) Added/Updated point: C: 85 W: 150 R: 12
seg. ago. 17 17:14:11 2026 1786997651865 Debug: devices/bluetoothdevice.cpp void bluetoothdevice::update_hr_from_external() WearOS Companion Heart: 0
seg. ago. 17 17:14:12 2026 1786997652044 Debug: ./ergtable.h void ergTable::updateDataTable(const CadenceResistancePair &) Added/Updated point: C: 85 W: 150 R: 12
seg. ago. 17 17:14:12 2026 1786997652067 Debug: devices/bluetoothdevice.cpp void bluetoothdevice::update_hr_from_external() WearOS Companion Heart: 0
seg. ago. 17 17:14:12 2026 1786997652245 Debug: ./ergtable.h void ergTable::updateDataTable(const CadenceResistancePair &) Added/Updated point: C: 85 W: 150 R: 12
seg. ago. 17 17:14:12 2026 1786997652269 Debug: devices/bluetoothdevice.cpp void bluetoothdevice::update_hr_from_external() WearOS Companion Heart: 0
seg. ago. 17 17:14:12 2026 1786997652443 Debug: ./ergtable.h void ergTable::updateDataTable(const CadenceResistancePair &) Added/Updated point: C: 85 W: 150 R: 12
seg. ago. 17 17:14:12 2026 1786997652467 Debug: devices/bluetoothdevice.cpp void bluetoothdevice::update_hr_from_external() WearOS Companion Heart: 0
seg. ago. 17 17:14:12 2026 1786997652644 Debug: templateinfosender.cpp bool TemplateInfoSender::update(QJSEngine *) "eval res " "{\"msg\":\"workout\",\"content\":{\"BIKE_TYPE\":2,\"ELLIPTICAL_TYPE\":4,\"ROWING_TYPE\":3,\"TREADMILL_TYPE\":1,\"UNKNOWN_TYPE\":0,\"deviceId\":\"00:00:00:00:00:00\",\"deviceName\":\"N/A\",\"deviceRSSI\":1,\"deviceType\":2,\"deviceConnected\":true,\"devicePaused\":false,\"elapsed_s\":18,\"elapsed_m\":0,\"elapsed_h\":0,\"lapelapsed_s\":18,\"lapelapsed_m\":0,\"lapelapsed_h\":0,\"pace_s\":6,\"pace_m\":2,\"pace_h\":0,\"pace_color\":\"white\",\"avgpace_s\":6,\"avgpace_m\":2,\"avgpace_h\":0,\"maxpace_s\":6,\"maxpace_m\":2,\"maxpace_h\":0,\"moving_s\":18,\"moving_m\":0,\"moving_h\":0,\"speed\":28.563432340221397,\"speed_avg\":28.563439050237402,\"speed_color\":\"white\",\"speed_lapavg\":28.563439050237402,\"speed_lapmax\":28.563517581678,\"calories\":4.209289218749998,\"distance\":0.1819729953418117,\"heart\":0,\"heart_color\":\"lightsteelblue\",\"heart_avg\":121.16028631578945,\"heart_lapavg\":121.16028631578945,\"heart_max\":123.3515,\"heart_lapmax\":123.3515,\"target_heart_above\":0,\"target_heart_below\":0,\"jouls\":2825.2500000000005,\"elevation\":0,\"difficult\":1,\"watts\":150,\"watts_avg\":150,\"watts_color\":\"limegreen\",\"watts_lapavg\":150,\"watts_max\":150,\"watts_lapmax\":150,\"kgwatts\":2,\"kgwatts_avg\":2,\"kgwatts_max\":2,\"workoutName\":\"Ride\",\"workoutStartDate\":\"seg. ago. 17 17:13:53 2026\",\"instructorName\":\"\",\"latitude\":null,\"longitude\":null,\"altitude\":null,\"peloton_offset\":0,\"peloton_ask_start\":false,\"autoresistance\":true,\"nextrow\":\"N/A\",\"training_row_index\":0,\"training_row_elapsed\":0,\"training_row_open_ended\":false,\"training_row_wait_for_lap\":false,\"row_remaining_time_s\":0,\"row_remaining_time_m\":0,\"row_remaining_time_h\":0,\"remaining_time_s\":0,\"remaining_time_m\":0,\"remaining_time_h\":0,\"nickName\":\"N/A\",\"gears\":0,\"target_resistance\":0,\"target_peloton_resistance\":0,\"target_cadence\":0,\"target_power\":0,\"power_zone\":2.9,\"power_zone_lapavg\":2.799999999999999,\"power_zone_lapmax\":2.9,\"target_power_zone\":1,\"power_zone_color\":\"limegreen\",\"target_power_zone_color\":\"white\",\"peloton_resistance\":12,\"peloton_resistance_avg\":12,\"peloton_resistance_color\":\"white\",\"peloton_resistance_lapavg\":12,\"peloton_resistance_lapmax\":12,\"peloton_req_resistance\":0,\"cadence\":85,\"cadence_color\":\"white\",\"cadence_avg\":85,\"cadence_lapavg\":85,\"cadence_lapmax\":85,\"resistance\":12,\"resistance_avg\":12,\"resistance_lapavg\":12,\"resistance_lapmax\":12,\"cranks\":95,\"cranktime\":3054,\"req_power\":0,\"req_cadence\":0,\"req_resistance\":0,\"inclination\":0,\"inclination_avg\":0}}"
seg. ago. 17 17:14:12 2026 1786997652657 Debug: homeform.cpp void homeform::update() homeform::update fired! elapsed: 1000 jitter: -103
seg. ago. 17 17:14:12 2026 1786997652664 Debug: homeform.cpp void homeform::update() homeform::update tiles updated!
seg. ago. 17 17:14:12 2026 1786997652666 Debug: homeform.cpp void homeform::update() Current Distance 1s: 0.158686 28.5634 150
seg. ago. 17 17:14:12 2026 1786997652670 Debug: virtualdevices/virtualbike.cpp void virtualbike::bikeProvider() "bikeProvider" 0 2000 false
seg. ago. 17 17:14:12 2026 1786997652671 Debug: virtualdevices/virtualbike.cpp void virtualbike::bikeProvider() "virtual bike connected"
seg. ago. 17 17:14:12 2026 1786997652673 Debug: virtualdevices/virtualbike.cpp void virtualbike::writeCharacteristic(QLowEnergyService *, const QLowEnergyCharacteristic &, const QByteArray &) "virtualbike::writeCharacteristic Unknown Service  64 02 28 0b aa 00 0c 00 96 00 00 00"
seg. ago. 17 17:14:12 2026 1786997652675 Debug:   Write server characteristic with handle  9 "6402280baa000c0096000000" (service: "{00001826-0000-1000-8000-00805f9b34fb}"
seg. ago. 17 17:14:12 2026 1786997652677 Debug: virtualdevices/virtualbike.cpp void virtualbike::writeCharacteristic(QLowEnergyService *, const QLowEnergyCharacteristic &, const QByteArray &) "virtualbike::writeCharacteristic Heart Rate Heart Rate Measurement 00 00"
seg. ago. 17 17:14:12 2026 1786997652679 Debug:   Write server characteristic with handle  19 "0000" (service: "{0000180d-0000-1000-8000-00805f9b34fb}"
seg. ago. 17 17:14:12 2026 1786997652685 Debug: ./ergtable.h void ergTable::updateDataTable(const CadenceResistancePair &) Added/Updated point: C: 85 W: 150 R: 12
seg. ago. 17 17:14:12 2026 1786997652712 Debug: devices/bluetoothdevice.cpp void bluetoothdevice::update_hr_from_external() WearOS Companion Heart: 0
seg. ago. 17 17:14:12 2026 1786997652843 Debug: ./ergtable.h void ergTable::updateDataTable(const CadenceResistancePair &) Added/Updated point: C: 85 W: 150 R: 12
seg. ago. 17 17:14:12 2026 1786997652865 Debug: devices/bluetoothdevice.cpp void bluetoothdevice::update_hr_from_external() WearOS Companion Heart: 0
seg. ago. 17 17:14:13 2026 1786997653043 Debug: ./ergtable.h void ergTable::updateDataTable(const CadenceResistancePair &) Added/Updated point: C: 85 W: 150 R: 12
seg. ago. 17 17:14:13 2026 1786997653068 Debug: devices/bluetoothdevice.cpp void bluetoothdevice::update_hr_from_external() WearOS Companion Heart: 0
seg. ago. 17 17:14:13 2026 1786997653242 Debug: ./ergtable.h void ergTable::updateDataTable(const CadenceResistancePair &) Added/Updated point: C: 85 W: 150 R: 12
seg. ago. 17 17:14:13 2026 1786997653266 Debug: devices/bluetoothdevice.cpp void bluetoothdevice::update_hr_from_external() WearOS Companion Heart: 0
seg. ago. 17 17:14:13 2026 1786997653444 Debug: ./ergtable.h void ergTable::updateDataTable(const CadenceResistancePair &) Added/Updated point: C: 85 W: 150 R: 12
seg. ago. 17 17:14:13 2026 1786997653471 Debug: devices/bluetoothdevice.cpp void bluetoothdevice::update_hr_from_external() WearOS Companion Heart: 0
seg. ago. 17 17:14:13 2026 1786997653659 Debug: templateinfosender.cpp bool TemplateInfoSender::update(QJSEngine *) "eval res " "{\"msg\":\"workout\",\"content\":{\"BIKE_TYPE\":2,\"ELLIPTICAL_TYPE\":4,\"ROWING_TYPE\":3,\"TREADMILL_TYPE\":1,\"UNKNOWN_TYPE\":0,\"deviceId\":\"00:00:00:00:00:00\",\"deviceName\":\"N/A\",\"deviceRSSI\":1,\"deviceType\":2,\"deviceConnected\":true,\"devicePaused\":false,\"elapsed_s\":19,\"elapsed_m\":0,\"elapsed_h\":0,\"lapelapsed_s\":19,\"lapelapsed_m\":0,\"lapelapsed_h\":0,\"pace_s\":6,\"pace_m\":2,\"pace_h\":0,\"pace_color\":\"white\",\"avgpace_s\":6,\"avgpace_m\":2,\"avgpace_h\":0,\"maxpace_s\":6,\"maxpace_m\":2,\"maxpace_h\":0,\"moving_s\":19,\"moving_m\":0,\"moving_h\":0,\"speed\":28.563432340142445,\"speed_avg\":28.563438714733977,\"speed_color\":\"white\",\"speed_lapavg\":28.563438714733977,\"speed_lapmax\":28.563517581678,\"calories\":4.393003999999998,\"distance\":0.189915216389731,\"heart\":0,\"heart_color\":\"lightsteelblue\",\"heart_avg\":121.27694966666664,\"heart_lapavg\":121.27694966666664,\"heart_max\":123.58506666666666,\"heart_lapmax\":123.58506666666666,\"target_heart_above\":0,\"target_heart_below\":0,\"jouls\":2975.4000000000005,\"elevation\":0,\"difficult\":1,\"watts\":150,\"watts_avg\":150,\"watts_color\":\"limegreen\",\"watts_lapavg\":150,\"watts_max\":150,\"watts_lapmax\":150,\"kgwatts\":2,\"kgwatts_avg\":2,\"kgwatts_max\":2,\"workoutName\":\"Ride\",\"workoutStartDate\":\"seg. ago. 17 17:13:53 2026\",\"instructorName\":\"\",\"latitude\":null,\"longitude\":null,\"altitude\":null,\"peloton_offset\":0,\"peloton_ask_start\":false,\"autoresistance\":true,\"nextrow\":\"N/A\",\"training_row_index\":0,\"training_row_elapsed\":0,\"training_row_open_ended\":false,\"training_row_wait_for_lap\":false,\"row_remaining_time_s\":0,\"row_remaining_time_m\":0,\"row_remaining_time_h\":0,\"remaining_time_s\":0,\"remaining_time_m\":0,\"remaining_time_h\":0,\"nickName\":\"N/A\",\"gears\":0,\"target_resistance\":0,\"target_peloton_resistance\":0,\"target_cadence\":0,\"target_power\":0,\"power_zone\":2.9,\"power_zone_lapavg\":2.804999999999999,\"power_zone_lapmax\":2.9,\"target_power_zone\":1,\"power_zone_color\":\"limegreen\",\"target_power_zone_color\":\"white\",\"peloton_resistance\":12,\"peloton_resistance_avg\":12,\"peloton_resistance_color\":\"white\",\"peloton_resistance_lapavg\":12,\"peloton_resistance_lapmax\":12,\"peloton_req_resistance\":0,\"cadence\":85,\"cadence_color\":\"white\",\"cadence_avg\":85,\"cadence_lapavg\":85,\"cadence_lapmax\":85,\"resistance\":12,\"resistance_avg\":12,\"resistance_lapavg\":12,\"resistance_lapmax\":12,\"cranks\":100,\"cranktime\":6664,\"req_power\":0,\"req_cadence\":0,\"req_resistance\":0,\"inclination\":0,\"inclination_avg\":0}}"
seg. ago. 17 17:14:13 2026 1786997653700 Debug: homeform.cpp void homeform::update() homeform::update fired! elapsed: 1043 jitter: -60
seg. ago. 17 17:14:13 2026 1786997653705 Debug: homeform.cpp void homeform::update() homeform::update tiles updated!
seg. ago. 17 17:14:13 2026 1786997653707 Debug: homeform.cpp void homeform::update() Current Distance 1s: 0.16662 28.5634 150
seg. ago. 17 17:14:13 2026 1786997653710 Debug: virtualdevices/virtualbike.cpp void virtualbike::bikeProvider() "bikeProvider" 0 2000 false
seg. ago. 17 17:14:13 2026 1786997653711 Debug: virtualdevices/virtualbike.cpp void virtualbike::bikeProvider() "virtual bike connected"
seg. ago. 17 17:14:13 2026 1786997653713 Debug: virtualdevices/virtualbike.cpp void virtualbike::writeCharacteristic(QLowEnergyService *, const QLowEnergyCharacteristic &, const QByteArray &) "virtualbike::writeCharacteristic Unknown Service  64 02 28 0b aa 00 0c 00 96 00 00 00"
seg. ago. 17 17:14:13 2026 1786997653714 Debug:   Write server characteristic with handle  9 "6402280baa000c0096000000" (service: "{00001826-0000-1000-8000-00805f9b34fb}"
seg. ago. 17 17:14:13 2026 1786997653717 Debug: virtualdevices/virtualbike.cpp void virtualbike::writeCharacteristic(QLowEnergyService *, const QLowEnergyCharacteristic &, const QByteArray &) "virtualbike::writeCharacteristic Heart Rate Heart Rate Measurement 00 00"
seg. ago. 17 17:14:13 2026 1786997653718 Debug:   Write server characteristic with handle  19 "0000" (service: "{0000180d-0000-1000-8000-00805f9b34fb}"
seg. ago. 17 17:14:13 2026 1786997653723 Debug: ./ergtable.h void ergTable::updateDataTable(const CadenceResistancePair &) Added/Updated point: C: 85 W: 150 R: 12
seg. ago. 17 17:14:13 2026 1786997653737 Debug: devices/bluetoothdevice.cpp void bluetoothdevice::update_hr_from_external() WearOS Companion Heart: 0
seg. ago. 17 17:14:13 2026 1786997653841 Debug: ./ergtable.h void ergTable::updateDataTable(const CadenceResistancePair &) Added/Updated point: C: 85 W: 150 R: 12
seg. ago. 17 17:14:13 2026 1786997653855 Debug: devices/bluetoothdevice.cpp void bluetoothdevice::update_hr_from_external() WearOS Companion Heart: 0
seg. ago. 17 17:14:14 2026 1786997654041 Debug: ./ergtable.h void ergTable::updateDataTable(const CadenceResistancePair &) Added/Updated point: C: 85 W: 150 R: 12
seg. ago. 17 17:14:14 2026 1786997654053 Debug: devices/bluetoothdevice.cpp void bluetoothdevice::update_hr_from_external() WearOS Companion Heart: 0
seg. ago. 17 17:14:14 2026 1786997654241 Debug: ./ergtable.h void ergTable::updateDataTable(const CadenceResistancePair &) Added/Updated point: C: 85 W: 150 R: 12
seg. ago. 17 17:14:14 2026 1786997654256 Debug: devices/bluetoothdevice.cpp void bluetoothdevice::update_hr_from_external() WearOS Companion Heart: 0
seg. ago. 17 17:14:14 2026 1786997654441 Debug: ./ergtable.h void ergTable::updateDataTable(const CadenceResistancePair &) Added/Updated point: C: 85 W: 150 R: 12
seg. ago. 17 17:14:14 2026 1786997654456 Debug: devices/bluetoothdevice.cpp void bluetoothdevice::update_hr_from_external() WearOS Companion Heart: 0
seg. ago. 17 17:14:14 2026 1786997654647 Debug: templateinfosender.cpp bool TemplateInfoSender::update(QJSEngine *) "eval res " "{\"msg\":\"workout\",\"content\":{\"BIKE_TYPE\":2,\"ELLIPTICAL_TYPE\":4,\"ROWING_TYPE\":3,\"TREADMILL_TYPE\":1,\"UNKNOWN_TYPE\":0,\"deviceId\":\"00:00:00:00:00:00\",\"deviceName\":\"N/A\",\"deviceRSSI\":1,\"deviceType\":2,\"deviceConnected\":true,\"devicePaused\":false,\"elapsed_s\":20,\"elapsed_m\":0,\"elapsed_h\":0,\"lapelapsed_s\":20,\"lapelapsed_m\":0,\"lapelapsed_h\":0,\"pace_s\":6,\"pace_m\":2,\"pace_h\":0,\"pace_color\":\"white\",\"avgpace_s\":6,\"avgpace_m\":2,\"avgpace_h\":0,\"maxpace_s\":6,\"maxpace_m\":2,\"maxpace_h\":0,\"moving_s\":20,\"moving_m\":0,\"moving_h\":0,\"speed\":28.563432340103247,\"speed_avg\":28.56343841118073,\"speed_color\":\"white\",\"speed_lapavg\":28.56343841118073,\"speed_lapmax\":28.563517581678,\"calories\":4.576351718749998,\"distance\":0.19784156886411328,\"heart\":0,\"heart_color\":\"lightsteelblue\",\"heart_avg\":121.39370222222219,\"heart_lapavg\":121.39370222222219,\"heart_max\":123.81816666666667,\"heart_lapmax\":123.81816666666667,\"target_heart_above\":0,\"target_heart_below\":0,\"jouls\":3124.9500000000003,\"elevation\":0,\"difficult\":1,\"watts\":150,\"watts_avg\":150,\"watts_color\":\"limegreen\",\"watts_lapavg\":150,\"watts_max\":150,\"watts_lapmax\":150,\"kgwatts\":2,\"kgwatts_avg\":2,\"kgwatts_max\":2,\"workoutName\":\"Ride\",\"workoutStartDate\":\"seg. ago. 17 17:13:53 2026\",\"instructorName\":\"\",\"latitude\":null,\"longitude\":null,\"altitude\":null,\"peloton_offset\":0,\"peloton_ask_start\":false,\"autoresistance\":true,\"nextrow\":\"N/A\",\"training_row_index\":0,\"training_row_elapsed\":0,\"training_row_open_ended\":false,\"training_row_wait_for_lap\":false,\"row_remaining_time_s\":0,\"row_remaining_time_m\":0,\"row_remaining_time_h\":0,\"remaining_time_s\":0,\"remaining_time_m\":0,\"remaining_time_h\":0,\"nickName\":\"N/A\",\"gears\":0,\"target_resistance\":0,\"target_peloton_resistance\":0,\"target_cadence\":0,\"target_power\":0,\"power_zone\":2.9,\"power_zone_lapavg\":2.8095238095238084,\"power_zone_lapmax\":2.9,\"target_power_zone\":1,\"power_zone_color\":\"limegreen\",\"target_power_zone_color\":\"white\",\"peloton_resistance\":12,\"peloton_resistance_avg\":12,\"peloton_resistance_color\":\"white\",\"peloton_resistance_lapavg\":12,\"peloton_resistance_lapmax\":12,\"peloton_req_resistance\":0,\"cadence\":85,\"cadence_color\":\"white\",\"cadence_avg\":85,\"cadence_lapavg\":85,\"cadence_lapmax\":85,\"resistance\":12,\"resistance_avg\":12,\"resistance_lapavg\":12,\"resistance_lapmax\":12,\"cranks\":105,\"cranktime\":10274,\"req_power\":0,\"req_cadence\":0,\"req_resistance\":0,\"inclination\":0,\"inclination_avg\":0}}"
seg. ago. 17 17:14:14 2026 1786997654666 Debug: homeform.cpp void homeform::update() homeform::update fired! elapsed: 967 jitter: -93
seg. ago. 17 17:14:14 2026 1786997654673 Debug: homeform.cpp void homeform::update() homeform::update tiles updated!
seg. ago. 17 17:14:14 2026 1786997654674 Debug: homeform.cpp void homeform::update() Current Distance 1s: 0.174554 28.5634 150
seg. ago. 17 17:14:14 2026 1786997654677 Debug: virtualdevices/virtualbike.cpp void virtualbike::bikeProvider() "bikeProvider" 0 2000 false
seg. ago. 17 17:14:14 2026 1786997654678 Debug: virtualdevices/virtualbike.cpp void virtualbike::bikeProvider() "virtual bike connected"
seg. ago. 17 17:14:14 2026 1786997654679 Debug: virtualdevices/virtualbike.cpp void virtualbike::writeCharacteristic(QLowEnergyService *, const QLowEnergyCharacteristic &, const QByteArray &) "virtualbike::writeCharacteristic Unknown Service  64 02 28 0b aa 00 0c 00 96 00 00 00"
seg. ago. 17 17:14:14 2026 1786997654680 Debug:   Write server characteristic with handle  9 "6402280baa000c0096000000" (service: "{00001826-0000-1000-8000-00805f9b34fb}"
seg. ago. 17 17:14:14 2026 1786997654682 Debug: virtualdevices/virtualbike.cpp void virtualbike::writeCharacteristic(QLowEnergyService *, const QLowEnergyCharacteristic &, const QByteArray &) "virtualbike::writeCharacteristic Heart Rate Heart Rate Measurement 00 00"
seg. ago. 17 17:14:14 2026 1786997654683 Debug:   Write server characteristic with handle  19 "0000" (service: "{0000180d-0000-1000-8000-00805f9b34fb}"
seg. ago. 17 17:14:14 2026 1786997654687 Debug: ./ergtable.h void ergTable::updateDataTable(const CadenceResistancePair &) Added/Updated point: C: 85 W: 150 R: 12
seg. ago. 17 17:14:14 2026 1786997654701 Debug: devices/bluetoothdevice.cpp void bluetoothdevice::update_hr_from_external() WearOS Companion Heart: 0
seg. ago. 17 17:14:14 2026 1786997654843 Debug: ./ergtable.h void ergTable::updateDataTable(const CadenceResistancePair &) Added/Updated point: C: 85 W: 150 R: 12
seg. ago. 17 17:14:14 2026 1786997654859 Debug: devices/bluetoothdevice.cpp void bluetoothdevice::update_hr_from_external() WearOS Companion Heart: 0
seg. ago. 17 17:14:15 2026 1786997655046 Debug: ./ergtable.h void ergTable::updateDataTable(const CadenceResistancePair &) Added/Updated point: C: 85 W: 150 R: 12
seg. ago. 17 17:14:15 2026 1786997655078 Debug: devices/bluetoothdevice.cpp void bluetoothdevice::update_hr_from_external() WearOS Companion Heart: 0
seg. ago. 17 17:14:15 2026 1786997655247 Debug: ./ergtable.h void ergTable::updateDataTable(const CadenceResistancePair &) Added/Updated point: C: 85 W: 150 R: 12
seg. ago. 17 17:14:15 2026 1786997655279 Debug: devices/bluetoothdevice.cpp void bluetoothdevice::update_hr_from_external() WearOS Companion Heart: 0
seg. ago. 17 17:14:15 2026 1786997655444 Debug: ./ergtable.h void ergTable::updateDataTable(const CadenceResistancePair &) Added/Updated point: C: 85 W: 150 R: 12
seg. ago. 17 17:14:15 2026 1786997655466 Debug: devices/bluetoothdevice.cpp void bluetoothdevice::update_hr_from_external() WearOS Companion Heart: 0
seg. ago. 17 17:14:15 2026 1786997655644 Debug: templateinfosender.cpp bool TemplateInfoSender::update(QJSEngine *) "eval res " "{\"msg\":\"workout\",\"content\":{\"BIKE_TYPE\":2,\"ELLIPTICAL_TYPE\":4,\"ROWING_TYPE\":3,\"TREADMILL_TYPE\":1,\"UNKNOWN_TYPE\":0,\"deviceId\":\"00:00:00:00:00:00\",\"deviceName\":\"N/A\",\"deviceRSSI\":1,\"deviceType\":2,\"deviceConnected\":true,\"devicePaused\":false,\"elapsed_s\":21,\"elapsed_m\":0,\"elapsed_h\":0,\"lapelapsed_s\":21,\"lapelapsed_m\":0,\"lapelapsed_h\":0,\"pace_s\":6,\"pace_m\":2,\"pace_h\":0,\"pace_color\":\"white\",\"avgpace_s\":6,\"avgpace_m\":2,\"avgpace_h\":0,\"maxpace_s\":6,\"maxpace_m\":2,\"maxpace_h\":0,\"moving_s\":21,\"moving_m\":0,\"moving_h\":0,\"speed\":28.56343234008386,\"speed_avg\":28.56343813522207,\"speed_color\":\"white\",\"speed_lapavg\":28.56343813522207,\"speed_lapmax\":28.563517581678,\"calories\":4.760066499999998,\"distance\":0.20578378991201068,\"heart\":0,\"heart_color\":\"lightsteelblue\",\"heart_avg\":121.5103833333333,\"heart_lapavg\":121.5103833333333,\"heart_max\":124.05173333333333,\"heart_lapmax\":124.05173333333333,\"target_heart_above\":0,\"target_heart_below\":0,\"jouls\":3275.4000000000005,\"elevation\":0,\"difficult\":1,\"watts\":150,\"watts_avg\":150,\"watts_color\":\"limegreen\",\"watts_lapavg\":150,\"watts_max\":150,\"watts_lapmax\":150,\"kgwatts\":2,\"kgwatts_avg\":2,\"kgwatts_max\":2,\"workoutName\":\"Ride\",\"workoutStartDate\":\"seg. ago. 17 17:13:53 2026\",\"instructorName\":\"\",\"latitude\":null,\"longitude\":null,\"altitude\":null,\"peloton_offset\":0,\"peloton_ask_start\":false,\"autoresistance\":true,\"nextrow\":\"N/A\",\"training_row_index\":0,\"training_row_elapsed\":0,\"training_row_open_ended\":false,\"training_row_wait_for_lap\":false,\"row_remaining_time_s\":0,\"row_remaining_time_m\":0,\"row_remaining_time_h\":0,\"remaining_time_s\":0,\"remaining_time_m\":0,\"remaining_time_h\":0,\"nickName\":\"N/A\",\"gears\":0,\"target_resistance\":0,\"target_peloton_resistance\":0,\"target_cadence\":0,\"target_power\":0,\"power_zone\":2.9,\"power_zone_lapavg\":2.8136363636363626,\"power_zone_lapmax\":2.9,\"target_power_zone\":1,\"power_zone_color\":\"limegreen\",\"target_power_zone_color\":\"white\",\"peloton_resistance\":12,\"peloton_resistance_avg\":12,\"peloton_resistance_color\":\"white\",\"peloton_resistance_lapavg\":12,\"peloton_resistance_lapmax\":12,\"peloton_req_resistance\":0,\"cadence\":85,\"cadence_color\":\"white\",\"cadence_avg\":85,\"cadence_lapavg\":85,\"cadence_lapmax\":85,\"resistance\":12,\"resistance_avg\":12,\"resistance_lapavg\":12,\"resistance_lapmax\":12,\"cranks\":110,\"cranktime\":13884,\"req_power\":0,\"req_cadence\":0,\"req_resistance\":0,\"inclination\":0,\"inclination_avg\":0}}"
seg. ago. 17 17:14:15 2026 1786997655659 Debug: homeform.cpp void homeform::update() homeform::update fired! elapsed: 993 jitter: -100
seg. ago. 17 17:14:15 2026 1786997655666 Debug: homeform.cpp void homeform::update() homeform::update tiles updated!
seg. ago. 17 17:14:15 2026 1786997655668 Debug: homeform.cpp void homeform::update() Current Distance 1s: 0.182489 28.5634 150
seg. ago. 17 17:14:15 2026 1786997655671 Debug: virtualdevices/virtualbike.cpp void virtualbike::bikeProvider() "bikeProvider" 0 2000 false
seg. ago. 17 17:14:15 2026 1786997655673 Debug: virtualdevices/virtualbike.cpp void virtualbike::bikeProvider() "virtual bike connected"
seg. ago. 17 17:14:15 2026 1786997655675 Debug: virtualdevices/virtualbike.cpp void virtualbike::writeCharacteristic(QLowEnergyService *, const QLowEnergyCharacteristic &, const QByteArray &) "virtualbike::writeCharacteristic Unknown Service  64 02 28 0b aa 00 0c 00 96 00 00 00"
seg. ago. 17 17:14:15 2026 1786997655676 Debug:   Write server characteristic with handle  9 "6402280baa000c0096000000" (service: "{00001826-0000-1000-8000-00805f9b34fb}"
seg. ago. 17 17:14:15 2026 1786997655678 Debug: virtualdevices/virtualbike.cpp void virtualbike::writeCharacteristic(QLowEnergyService *, const QLowEnergyCharacteristic &, const QByteArray &) "virtualbike::writeCharacteristic Heart Rate Heart Rate Measurement 00 00"
seg. ago. 17 17:14:15 2026 1786997655679 Debug:   Write server characteristic with handle  19 "0000" (service: "{0000180d-0000-1000-8000-00805f9b34fb}"
seg. ago. 17 17:14:15 2026 1786997655683 Debug: ./ergtable.h void ergTable::updateDataTable(const CadenceResistancePair &) Added/Updated point: C: 85 W: 150 R: 12
seg. ago. 17 17:14:15 2026 1786997655704 Debug: devices/bluetoothdevice.cpp void bluetoothdevice::update_hr_from_external() WearOS Companion Heart: 0
seg. ago. 17 17:14:15 2026 1786997655843 Debug: ./ergtable.h void ergTable::updateDataTable(const CadenceResistancePair &) Added/Updated point: C: 85 W: 150 R: 12
seg. ago. 17 17:14:15 2026 1786997655862 Debug: devices/bluetoothdevice.cpp void bluetoothdevice::update_hr_from_external() WearOS Companion Heart: 0
seg. ago. 17 17:14:16 2026 1786997656042 Debug: ./ergtable.h void ergTable::updateDataTable(const CadenceResistancePair &) Added/Updated point: C: 85 W: 150 R: 12
seg. ago. 17 17:14:16 2026 1786997656054 Debug: devices/bluetoothdevice.cpp void bluetoothdevice::update_hr_from_external() WearOS Companion Heart: 0
seg. ago. 17 17:14:16 2026 1786997656243 Debug: ./ergtable.h void ergTable::updateDataTable(const CadenceResistancePair &) Added/Updated point: C: 85 W: 150 R: 12
seg. ago. 17 17:14:16 2026 1786997656265 Debug: devices/bluetoothdevice.cpp void bluetoothdevice::update_hr_from_external() WearOS Companion Heart: 0
seg. ago. 17 17:14:16 2026 1786997656444 Debug: ./ergtable.h void ergTable::updateDataTable(const CadenceResistancePair &) Added/Updated point: C: 85 W: 150 R: 12
seg. ago. 17 17:14:16 2026 1786997656464 Debug: devices/bluetoothdevice.cpp void bluetoothdevice::update_hr_from_external() WearOS Companion Heart: 0
seg. ago. 17 17:14:16 2026 1786997656642 Debug: templateinfosender.cpp bool TemplateInfoSender::update(QJSEngine *) "eval res " "{\"msg\":\"workout\",\"content\":{\"BIKE_TYPE\":2,\"ELLIPTICAL_TYPE\":4,\"ROWING_TYPE\":3,\"TREADMILL_TYPE\":1,\"UNKNOWN_TYPE\":0,\"deviceId\":\"00:00:00:00:00:00\",\"deviceName\":\"N/A\",\"deviceRSSI\":1,\"deviceType\":2,\"deviceConnected\":true,\"devicePaused\":false,\"elapsed_s\":22,\"elapsed_m\":0,\"elapsed_h\":0,\"lapelapsed_s\":22,\"lapelapsed_m\":0,\"lapelapsed_h\":0,\"pace_s\":6,\"pace_m\":2,\"pace_h\":0,\"pace_color\":\"white\",\"avgpace_s\":6,\"avgpace_m\":2,\"avgpace_h\":0,\"maxpace_s\":6,\"maxpace_m\":2,\"maxpace_h\":0,\"moving_s\":22,\"moving_m\":0,\"moving_h\":0,\"speed\":28.56343234007426,\"speed_avg\":28.56343788325926,\"speed_color\":\"white\",\"speed_lapavg\":28.56343788325926,\"speed_lapmax\":28.563517581678,\"calories\":4.943597749999998,\"distance\":0.21371807667314335,\"heart\":0,\"heart_color\":\"lightsteelblue\",\"heart_avg\":121.62704695652171,\"heart_lapavg\":121.62704695652171,\"heart_max\":124.28506666666667,\"heart_lapmax\":124.28506666666667,\"target_heart_above\":0,\"target_heart_below\":0,\"jouls\":3425.4000000000005,\"elevation\":0,\"difficult\":1,\"watts\":150,\"watts_avg\":150,\"watts_color\":\"limegreen\",\"watts_lapavg\":150,\"watts_max\":150,\"watts_lapmax\":150,\"kgwatts\":2,\"kgwatts_avg\":2,\"kgwatts_max\":2,\"workoutName\":\"Ride\",\"workoutStartDate\":\"seg. ago. 17 17:13:53 2026\",\"instructorName\":\"\",\"latitude\":null,\"longitude\":null,\"altitude\":null,\"peloton_offset\":0,\"peloton_ask_start\":false,\"autoresistance\":true,\"nextrow\":\"N/A\",\"training_row_index\":0,\"training_row_elapsed\":0,\"training_row_open_ended\":false,\"training_row_wait_for_lap\":false,\"row_remaining_time_s\":0,\"row_remaining_time_m\":0,\"row_remaining_time_h\":0,\"remaining_time_s\":0,\"remaining_time_m\":0,\"remaining_time_h\":0,\"nickName\":\"N/A\",\"gears\":0,\"target_resistance\":0,\"target_peloton_resistance\":0,\"target_cadence\":0,\"target_power\":0,\"power_zone\":2.9,\"power_zone_lapavg\":2.8173913043478254,\"power_zone_lapmax\":2.9,\"target_power_zone\":1,\"power_zone_color\":\"limegreen\",\"target_power_zone_color\":\"white\",\"peloton_resistance\":12,\"peloton_resistance_avg\":12,\"peloton_resistance_color\":\"white\",\"peloton_resistance_lapavg\":12,\"peloton_resistance_lapmax\":12,\"peloton_req_resistance\":0,\"cadence\":85,\"cadence_color\":\"white\",\"cadence_avg\":85,\"cadence_lapavg\":85,\"cadence_lapmax\":85,\"resistance\":12,\"resistance_avg\":12,\"resistance_lapavg\":12,\"resistance_lapmax\":12,\"cranks\":115,\"cranktime\":17494,\"req_power\":0,\"req_cadence\":0,\"req_resistance\":0,\"inclination\":0,\"inclination_avg\":0}}"
seg. ago. 17 17:14:16 2026 1786997656650 Debug: homeform.cpp void homeform::update() homeform::update fired! elapsed: 991 jitter: -109
seg. ago. 17 17:14:16 2026 1786997656655 Debug: homeform.cpp void homeform::update() homeform::update tiles updated!
seg. ago. 17 17:14:16 2026 1786997656656 Debug: homeform.cpp void homeform::update() Current Distance 1s: 0.190423 28.5634 150
seg. ago. 17 17:14:16 2026 1786997656660 Debug: virtualdevices/virtualbike.cpp void virtualbike::bikeProvider() "bikeProvider" 0 2000 false
seg. ago. 17 17:14:16 2026 1786997656661 Debug: virtualdevices/virtualbike.cpp void virtualbike::bikeProvider() "virtual bike connected"
seg. ago. 17 17:14:16 2026 1786997656662 Debug: virtualdevices/virtualbike.cpp void virtualbike::writeCharacteristic(QLowEnergyService *, const QLowEnergyCharacteristic &, const QByteArray &) "virtualbike::writeCharacteristic Unknown Service  64 02 28 0b aa 00 0c 00 96 00 00 00"
seg. ago. 17 17:14:16 2026 1786997656663 Debug:   Write server characteristic with handle  9 "6402280baa000c0096000000" (service: "{00001826-0000-1000-8000-00805f9b34fb}"
seg. ago. 17 17:14:16 2026 1786997656665 Debug: virtualdevices/virtualbike.cpp void virtualbike::writeCharacteristic(QLowEnergyService *, const QLowEnergyCharacteristic &, const QByteArray &) "virtualbike::writeCharacteristic Heart Rate Heart Rate Measurement 00 00"
seg. ago. 17 17:14:16 2026 1786997656666 Debug:   Write server characteristic with handle  19 "0000" (service: "{0000180d-0000-1000-8000-00805f9b34fb}"
seg. ago. 17 17:14:16 2026 1786997656670 Debug: ./ergtable.h void ergTable::updateDataTable(const CadenceResistancePair &) Added/Updated point: C: 85 W: 150 R: 12
seg. ago. 17 17:14:16 2026 1786997656683 Debug: devices/bluetoothdevice.cpp void bluetoothdevice::update_hr_from_external() WearOS Companion Heart: 0
seg. ago. 17 17:14:16 2026 1786997656842 Debug: ./ergtable.h void ergTable::updateDataTable(const CadenceResistancePair &) Added/Updated point: C: 85 W: 150 R: 12
seg. ago. 17 17:14:16 2026 1786997656855 Debug: devices/bluetoothdevice.cpp void bluetoothdevice::update_hr_from_external() WearOS Companion Heart: 0
seg. ago. 17 17:14:17 2026 1786997657041 Debug: ./ergtable.h void ergTable::updateDataTable(const CadenceResistancePair &) Added/Updated point: C: 85 W: 150 R: 12
seg. ago. 17 17:14:17 2026 1786997657055 Debug: devices/bluetoothdevice.cpp void bluetoothdevice::update_hr_from_external() WearOS Companion Heart: 0
seg. ago. 17 17:14:17 2026 1786997657246 Debug: ./ergtable.h void ergTable::updateDataTable(const CadenceResistancePair &) Added/Updated point: C: 85 W: 150 R: 12
seg. ago. 17 17:14:17 2026 1786997657284 Debug: devices/bluetoothdevice.cpp void bluetoothdevice::update_hr_from_external() WearOS Companion Heart: 0
seg. ago. 17 17:14:17 2026 1786997657447 Debug: ./ergtable.h void ergTable::updateDataTable(const CadenceResistancePair &) Added/Updated point: C: 85 W: 150 R: 12
seg. ago. 17 17:14:17 2026 1786997657477 Debug: devices/bluetoothdevice.cpp void bluetoothdevice::update_hr_from_external() WearOS Companion Heart: 0
seg. ago. 17 17:14:17 2026 1786997657643 Debug: templateinfosender.cpp bool TemplateInfoSender::update(QJSEngine *) "eval res " "{\"msg\":\"workout\",\"content\":{\"BIKE_TYPE\":2,\"ELLIPTICAL_TYPE\":4,\"ROWING_TYPE\":3,\"TREADMILL_TYPE\":1,\"UNKNOWN_TYPE\":0,\"deviceId\":\"00:00:00:00:00:00\",\"deviceName\":\"N/A\",\"deviceRSSI\":1,\"deviceType\":2,\"deviceConnected\":true,\"devicePaused\":false,\"elapsed_s\":23,\"elapsed_m\":0,\"elapsed_h\":0,\"lapelapsed_s\":23,\"lapelapsed_m\":0,\"lapelapsed_h\":0,\"pace_s\":6,\"pace_m\":2,\"pace_h\":0,\"pace_color\":\"white\",\"avgpace_s\":6,\"avgpace_m\":2,\"avgpace_h\":0,\"maxpace_s\":6,\"maxpace_m\":2,\"maxpace_h\":0,\"moving_s\":23,\"moving_m\":0,\"moving_h\":0,\"speed\":28.563432340069497,\"speed_avg\":28.563437652293086,\"speed_color\":\"white\",\"speed_lapavg\":28.563437652293086,\"speed_lapmax\":28.563517581678,\"calories\":5.127128999999997,\"distance\":0.22165236343427422,\"heart\":0,\"heart_color\":\"lightsteelblue\",\"heart_avg\":121.74368555555553,\"heart_lapavg\":121.74368555555553,\"heart_max\":124.5184,\"heart_lapmax\":124.5184,\"target_heart_above\":0,\"target_heart_below\":0,\"jouls\":3575.7000000000007,\"elevation\":0,\"difficult\":1,\"watts\":150,\"watts_avg\":150,\"watts_color\":\"limegreen\",\"watts_lapavg\":150,\"watts_max\":150,\"watts_lapmax\":150,\"kgwatts\":2,\"kgwatts_avg\":2,\"kgwatts_max\":2,\"workoutName\":\"Ride\",\"workoutStartDate\":\"seg. ago. 17 17:13:53 2026\",\"instructorName\":\"\",\"latitude\":null,\"longitude\":null,\"altitude\":null,\"peloton_offset\":0,\"peloton_ask_start\":false,\"autoresistance\":true,\"nextrow\":\"N/A\",\"training_row_index\":0,\"training_row_elapsed\":0,\"training_row_open_ended\":false,\"training_row_wait_for_lap\":false,\"row_remaining_time_s\":0,\"row_remaining_time_m\":0,\"row_remaining_time_h\":0,\"remaining_time_s\":0,\"remaining_time_m\":0,\"remaining_time_h\":0,\"nickName\":\"N/A\",\"gears\":0,\"target_resistance\":0,\"target_peloton_resistance\":0,\"target_cadence\":0,\"target_power\":0,\"power_zone\":2.9,\"power_zone_lapavg\":2.820833333333333,\"power_zone_lapmax\":2.9,\"target_power_zone\":1,\"power_zone_color\":\"limegreen\",\"target_power_zone_color\":\"white\",\"peloton_resistance\":12,\"peloton_resistance_avg\":12,\"peloton_resistance_color\":\"white\",\"peloton_resistance_lapavg\":12,\"peloton_resistance_lapmax\":12,\"peloton_req_resistance\":0,\"cadence\":85,\"cadence_color\":\"white\",\"cadence_avg\":85,\"cadence_lapavg\":85,\"cadence_lapmax\":85,\"resistance\":12,\"resistance_avg\":12,\"resistance_lapavg\":12,\"resistance_lapmax\":12,\"cranks\":120,\"cranktime\":21104,\"req_power\":0,\"req_cadence\":0,\"req_resistance\":0,\"inclination\":0,\"inclination_avg\":0}}"
seg. ago. 17 17:14:17 2026 1786997657651 Debug: homeform.cpp void homeform::update() homeform::update fired! elapsed: 1001 jitter: -108
seg. ago. 17 17:14:17 2026 1786997657655 Debug: homeform.cpp void homeform::update() homeform::update tiles updated!
seg. ago. 17 17:14:17 2026 1786997657657 Debug: homeform.cpp void homeform::update() Current Distance 1s: 0.198357 28.5634 150
seg. ago. 17 17:14:17 2026 1786997657659 Debug: virtualdevices/virtualbike.cpp void virtualbike::bikeProvider() "bikeProvider" 0 2000 false
seg. ago. 17 17:14:17 2026 1786997657660 Debug: virtualdevices/virtualbike.cpp void virtualbike::bikeProvider() "virtual bike connected"
seg. ago. 17 17:14:17 2026 1786997657662 Debug: virtualdevices/virtualbike.cpp void virtualbike::writeCharacteristic(QLowEnergyService *, const QLowEnergyCharacteristic &, const QByteArray &) "virtualbike::writeCharacteristic Unknown Service  64 02 28 0b aa 00 0c 00 96 00 00 00"
seg. ago. 17 17:14:17 2026 1786997657663 Debug:   Write server characteristic with handle  9 "6402280baa000c0096000000" (service: "{00001826-0000-1000-8000-00805f9b34fb}"
seg. ago. 17 17:14:17 2026 1786997657665 Debug: virtualdevices/virtualbike.cpp void virtualbike::writeCharacteristic(QLowEnergyService *, const QLowEnergyCharacteristic &, const QByteArray &) "virtualbike::writeCharacteristic Heart Rate Heart Rate Measurement 00 00"
seg. ago. 17 17:14:17 2026 1786997657666 Debug:   Write server characteristic with handle  19 "0000" (service: "{0000180d-0000-1000-8000-00805f9b34fb}"
seg. ago. 17 17:14:17 2026 1786997657670 Debug: ./ergtable.h void ergTable::updateDataTable(const CadenceResistancePair &) Added/Updated point: C: 85 W: 150 R: 12
seg. ago. 17 17:14:17 2026 1786997657685 Debug: devices/bluetoothdevice.cpp void bluetoothdevice::update_hr_from_external() WearOS Companion Heart: 0
seg. ago. 17 17:14:17 2026 1786997657841 Debug: ./ergtable.h void ergTable::updateDataTable(const CadenceResistancePair &) Added/Updated point: C: 85 W: 150 R: 12
seg. ago. 17 17:14:17 2026 1786997657858 Debug: devices/bluetoothdevice.cpp void bluetoothdevice::update_hr_from_external() WearOS Companion Heart: 0
seg. ago. 17 17:14:18 2026 1786997658043 Debug: ./ergtable.h void ergTable::updateDataTable(const CadenceResistancePair &) Added/Updated point: C: 85 W: 150 R: 12
seg. ago. 17 17:14:18 2026 1786997658067 Debug: devices/bluetoothdevice.cpp void bluetoothdevice::update_hr_from_external() WearOS Companion Heart: 0
seg. ago. 17 17:14:18 2026 1786997658241 Debug: ./ergtable.h void ergTable::updateDataTable(const CadenceResistancePair &) Added/Updated point: C: 85 W: 150 R: 12
seg. ago. 17 17:14:18 2026 1786997658258 Debug: devices/bluetoothdevice.cpp void bluetoothdevice::update_hr_from_external() WearOS Companion Heart: 0
seg. ago. 17 17:14:18 2026 1786997658443 Debug: ./ergtable.h void ergTable::updateDataTable(const CadenceResistancePair &) Added/Updated point: C: 85 W: 150 R: 12
seg. ago. 17 17:14:18 2026 1786997658466 Debug: devices/bluetoothdevice.cpp void bluetoothdevice::update_hr_from_external() WearOS Companion Heart: 0
seg. ago. 17 17:14:18 2026 1786997658644 Debug: templateinfosender.cpp bool TemplateInfoSender::update(QJSEngine *) "eval res " "{\"msg\":\"workout\",\"content\":{\"BIKE_TYPE\":2,\"ELLIPTICAL_TYPE\":4,\"ROWING_TYPE\":3,\"TREADMILL_TYPE\":1,\"UNKNOWN_TYPE\":0,\"deviceId\":\"00:00:00:00:00:00\",\"deviceName\":\"N/A\",\"deviceRSSI\":1,\"deviceType\":2,\"deviceConnected\":true,\"devicePaused\":false,\"elapsed_s\":24,\"elapsed_m\":0,\"elapsed_h\":0,\"lapelapsed_s\":24,\"lapelapsed_m\":0,\"lapelapsed_h\":0,\"pace_s\":6,\"pace_m\":2,\"pace_h\":0,\"pace_color\":\"white\",\"avgpace_s\":6,\"avgpace_m\":2,\"avgpace_h\":0,\"maxpace_s\":6,\"maxpace_m\":2,\"maxpace_h\":0,\"moving_s\":24,\"moving_m\":0,\"moving_h\":0,\"speed\":28.56343234006713,\"speed_avg\":28.563437439804076,\"speed_color\":\"white\",\"speed_lapavg\":28.563437439804076,\"speed_lapmax\":28.563517581678,\"calories\":5.310660249999997,\"distance\":0.2295866501954042,\"heart\":0,\"heart_color\":\"lightsteelblue\",\"heart_avg\":121.86032266666665,\"heart_lapavg\":121.86032266666665,\"heart_max\":124.75173333333333,\"heart_lapmax\":124.75173333333333,\"target_heart_above\":0,\"target_heart_below\":0,\"jouls\":3725.250000000001,\"elevation\":0,\"difficult\":1,\"watts\":150,\"watts_avg\":150,\"watts_color\":\"limegreen\",\"watts_lapavg\":150,\"watts_max\":150,\"watts_lapmax\":150,\"kgwatts\":2,\"kgwatts_avg\":2,\"kgwatts_max\":2,\"workoutName\":\"Ride\",\"workoutStartDate\":\"seg. ago. 17 17:13:53 2026\",\"instructorName\":\"\",\"latitude\":null,\"longitude\":null,\"altitude\":null,\"peloton_offset\":0,\"peloton_ask_start\":false,\"autoresistance\":true,\"nextrow\":\"N/A\",\"training_row_index\":0,\"training_row_elapsed\":0,\"training_row_open_ended\":false,\"training_row_wait_for_lap\":false,\"row_remaining_time_s\":0,\"row_remaining_time_m\":0,\"row_remaining_time_h\":0,\"remaining_time_s\":0,\"remaining_time_m\":0,\"remaining_time_h\":0,\"nickName\":\"N/A\",\"gears\":0,\"target_resistance\":0,\"target_peloton_resistance\":0,\"target_cadence\":0,\"target_power\":0,\"power_zone\":2.9,\"power_zone_lapavg\":2.824,\"power_zone_lapmax\":2.9,\"target_power_zone\":1,\"power_zone_color\":\"limegreen\",\"target_power_zone_color\":\"white\",\"peloton_resistance\":12,\"peloton_resistance_avg\":12,\"peloton_resistance_color\":\"white\",\"peloton_resistance_lapavg\":12,\"peloton_resistance_lapmax\":12,\"peloton_req_resistance\":0,\"cadence\":85,\"cadence_color\":\"white\",\"cadence_avg\":85,\"cadence_lapavg\":85,\"cadence_lapmax\":85,\"resistance\":12,\"resistance_avg\":12,\"resistance_lapavg\":12,\"resistance_lapmax\":12,\"cranks\":125,\"cranktime\":24714,\"req_power\":0,\"req_cadence\":0,\"req_resistance\":0,\"inclination\":0,\"inclination_avg\":0}}"
seg. ago. 17 17:14:18 2026 1786997658656 Debug: homeform.cpp void homeform::update() homeform::update fired! elapsed: 1004 jitter: -104
seg. ago. 17 17:14:18 2026 1786997658662 Debug: homeform.cpp void homeform::update() homeform::update tiles updated!
seg. ago. 17 17:14:18 2026 1786997658663 Debug: homeform.cpp void homeform::update() Current Distance 1s: 0.206292 28.5634 150
seg. ago. 17 17:14:18 2026 1786997658666 Debug: virtualdevices/virtualbike.cpp void virtualbike::bikeProvider() "bikeProvider" 0 2000 false
seg. ago. 17 17:14:18 2026 1786997658667 Debug: virtualdevices/virtualbike.cpp void virtualbike::bikeProvider() "virtual bike connected"
seg. ago. 17 17:14:18 2026 1786997658669 Debug: virtualdevices/virtualbike.cpp void virtualbike::writeCharacteristic(QLowEnergyService *, const QLowEnergyCharacteristic &, const QByteArray &) "virtualbike::writeCharacteristic Unknown Service  64 02 28 0b aa 00 0c 00 96 00 00 00"
seg. ago. 17 17:14:18 2026 1786997658670 Debug:   Write server characteristic with handle  9 "6402280baa000c0096000000" (service: "{00001826-0000-1000-8000-00805f9b34fb}"
seg. ago. 17 17:14:18 2026 1786997658672 Debug: virtualdevices/virtualbike.cpp void virtualbike::writeCharacteristic(QLowEnergyService *, const QLowEnergyCharacteristic &, const QByteArray &) "virtualbike::writeCharacteristic Heart Rate Heart Rate Measurement 00 00"
seg. ago. 17 17:14:18 2026 1786997658673 Debug:   Write server characteristic with handle  19 "0000" (service: "{0000180d-0000-1000-8000-00805f9b34fb}"
seg. ago. 17 17:14:18 2026 1786997658678 Debug: ./ergtable.h void ergTable::updateDataTable(const CadenceResistancePair &) Added/Updated point: C: 85 W: 150 R: 12
seg. ago. 17 17:14:18 2026 1786997658694 Debug: devices/bluetoothdevice.cpp void bluetoothdevice::update_hr_from_external() WearOS Companion Heart: 0
seg. ago. 17 17:14:18 2026 1786997658842 Debug: ./ergtable.h void ergTable::updateDataTable(const CadenceResistancePair &) Added/Updated point: C: 85 W: 150 R: 12
seg. ago. 17 17:14:18 2026 1786997658860 Debug: devices/bluetoothdevice.cpp void bluetoothdevice::update_hr_from_external() WearOS Companion Heart: 0
seg. ago. 17 17:14:19 2026 1786997659041 Debug: ./ergtable.h void ergTable::updateDataTable(const CadenceResistancePair &) Added/Updated point: C: 85 W: 150 R: 12
seg. ago. 17 17:14:19 2026 1786997659060 Debug: devices/bluetoothdevice.cpp void bluetoothdevice::update_hr_from_external() WearOS Companion Heart: 0
seg. ago. 17 17:14:19 2026 1786997659243 Debug: ./ergtable.h void ergTable::updateDataTable(const CadenceResistancePair &) Added/Updated point: C: 85 W: 150 R: 12
seg. ago. 17 17:14:19 2026 1786997659266 Debug: devices/bluetoothdevice.cpp void bluetoothdevice::update_hr_from_external() WearOS Companion Heart: 0
seg. ago. 17 17:14:19 2026 1786997659441 Debug: ./ergtable.h void ergTable::updateDataTable(const CadenceResistancePair &) Added/Updated point: C: 85 W: 150 R: 12
seg. ago. 17 17:14:19 2026 1786997659455 Debug: devices/bluetoothdevice.cpp void bluetoothdevice::update_hr_from_external() WearOS Companion Heart: 0
seg. ago. 17 17:14:19 2026 1786997659648 Debug: templateinfosender.cpp bool TemplateInfoSender::update(QJSEngine *) "eval res " "{\"msg\":\"workout\",\"content\":{\"BIKE_TYPE\":2,\"ELLIPTICAL_TYPE\":4,\"ROWING_TYPE\":3,\"TREADMILL_TYPE\":1,\"UNKNOWN_TYPE\":0,\"deviceId\":\"00:00:00:00:00:00\",\"deviceName\":\"N/A\",\"deviceRSSI\":1,\"deviceType\":2,\"deviceConnected\":true,\"devicePaused\":false,\"elapsed_s\":25,\"elapsed_m\":0,\"elapsed_h\":0,\"lapelapsed_s\":25,\"lapelapsed_m\":0,\"lapelapsed_h\":0,\"pace_s\":6,\"pace_m\":2,\"pace_h\":0,\"pace_color\":\"white\",\"avgpace_s\":6,\"avgpace_m\":2,\"avgpace_h\":0,\"maxpace_s\":6,\"maxpace_m\":2,\"maxpace_h\":0,\"moving_s\":25,\"moving_m\":0,\"moving_h\":0,\"speed\":28.563432340065958,\"speed_avg\":28.563437243660317,\"speed_color\":\"white\",\"speed_lapavg\":28.563437243660317,\"speed_lapmax\":28.563517581678,\"calories\":5.494191499999997,\"distance\":0.23752093695653373,\"heart\":0,\"heart_color\":\"lightsteelblue\",\"heart_avg\":121.97697820512819,\"heart_lapavg\":121.97697820512819,\"heart_max\":124.98506666666667,\"heart_lapmax\":124.98506666666667,\"target_heart_above\":0,\"target_heart_below\":0,\"jouls\":3875.100000000001,\"elevation\":0,\"difficult\":1,\"watts\":150,\"watts_avg\":150,\"watts_color\":\"limegreen\",\"watts_lapavg\":150,\"watts_max\":150,\"watts_lapmax\":150,\"kgwatts\":2,\"kgwatts_avg\":2,\"kgwatts_max\":2,\"workoutName\":\"Ride\",\"workoutStartDate\":\"seg. ago. 17 17:13:53 2026\",\"instructorName\":\"\",\"latitude\":null,\"longitude\":null,\"altitude\":null,\"peloton_offset\":0,\"peloton_ask_start\":false,\"autoresistance\":true,\"nextrow\":\"N/A\",\"training_row_index\":0,\"training_row_elapsed\":0,\"training_row_open_ended\":false,\"training_row_wait_for_lap\":false,\"row_remaining_time_s\":0,\"row_remaining_time_m\":0,\"row_remaining_time_h\":0,\"remaining_time_s\":0,\"remaining_time_m\":0,\"remaining_time_h\":0,\"nickName\":\"N/A\",\"gears\":0,\"target_resistance\":0,\"target_peloton_resistance\":0,\"target_cadence\":0,\"target_power\":0,\"power_zone\":2.9,\"power_zone_lapavg\":2.826923076923077,\"power_zone_lapmax\":2.9,\"target_power_zone\":1,\"power_zone_color\":\"limegreen\",\"target_power_zone_color\":\"white\",\"peloton_resistance\":12,\"peloton_resistance_avg\":12,\"peloton_resistance_color\":\"white\",\"peloton_resistance_lapavg\":12,\"peloton_resistance_lapmax\":12,\"peloton_req_resistance\":0,\"cadence\":85,\"cadence_color\":\"white\",\"cadence_avg\":85,\"cadence_lapavg\":85,\"cadence_lapmax\":85,\"resistance\":12,\"resistance_avg\":12,\"resistance_lapavg\":12,\"resistance_lapmax\":12,\"cranks\":130,\"cranktime\":28324,\"req_power\":0,\"req_cadence\":0,\"req_resistance\":0,\"inclination\":0,\"inclination_avg\":0}}"
seg. ago. 17 17:14:19 2026 1786997659658 Debug: homeform.cpp void homeform::update() homeform::update fired! elapsed: 1002 jitter: -102
seg. ago. 17 17:14:19 2026 1786997659663 Debug: homeform.cpp void homeform::update() homeform::update tiles updated!
seg. ago. 17 17:14:19 2026 1786997659664 Debug: homeform.cpp void homeform::update() Current Distance 1s: 0.214226 28.5634 150
seg. ago. 17 17:14:19 2026 1786997659667 Debug: virtualdevices/virtualbike.cpp void virtualbike::bikeProvider() "bikeProvider" 0 2000 false
seg. ago. 17 17:14:19 2026 1786997659668 Debug: virtualdevices/virtualbike.cpp void virtualbike::bikeProvider() "virtual bike connected"
seg. ago. 17 17:14:19 2026 1786997659669 Debug: virtualdevices/virtualbike.cpp void virtualbike::writeCharacteristic(QLowEnergyService *, const QLowEnergyCharacteristic &, const QByteArray &) "virtualbike::writeCharacteristic Unknown Service  64 02 28 0b aa 00 0c 00 96 00 00 00"
seg. ago. 17 17:14:19 2026 1786997659670 Debug:   Write server characteristic with handle  9 "6402280baa000c0096000000" (service: "{00001826-0000-1000-8000-00805f9b34fb}"
seg. ago. 17 17:14:19 2026 1786997659671 Debug: virtualdevices/virtualbike.cpp void virtualbike::writeCharacteristic(QLowEnergyService *, const QLowEnergyCharacteristic &, const QByteArray &) "virtualbike::writeCharacteristic Heart Rate Heart Rate Measurement 00 00"
seg. ago. 17 17:14:19 2026 1786997659673 Debug:   Write server characteristic with handle  19 "0000" (service: "{0000180d-0000-1000-8000-00805f9b34fb}"
seg. ago. 17 17:14:19 2026 1786997659678 Debug: ./ergtable.h void ergTable::updateDataTable(const CadenceResistancePair &) Added/Updated point: C: 85 W: 150 R: 12
seg. ago. 17 17:14:19 2026 1786997659693 Debug: devices/bluetoothdevice.cpp void bluetoothdevice::update_hr_from_external() WearOS Companion Heart: 0
seg. ago. 17 17:14:19 2026 1786997659842 Debug: ./ergtable.h void ergTable::updateDataTable(const CadenceResistancePair &) Added/Updated point: C: 85 W: 150 R: 12
seg. ago. 17 17:14:19 2026 1786997659861 Debug: devices/bluetoothdevice.cpp void bluetoothdevice::update_hr_from_external() WearOS Companion Heart: 0
seg. ago. 17 17:14:20 2026 1786997660043 Debug: ./ergtable.h void ergTable::updateDataTable(const CadenceResistancePair &) Added/Updated point: C: 85 W: 150 R: 12
seg. ago. 17 17:14:20 2026 1786997660071 Debug: devices/bluetoothdevice.cpp void bluetoothdevice::update_hr_from_external() WearOS Companion Heart: 0
seg. ago. 17 17:14:20 2026 1786997660245 Debug: ./ergtable.h void ergTable::updateDataTable(const CadenceResistancePair &) Added/Updated point: C: 85 W: 150 R: 12
seg. ago. 17 17:14:20 2026 1786997660266 Debug: devices/bluetoothdevice.cpp void bluetoothdevice::update_hr_from_external() WearOS Companion Heart: 0
seg. ago. 17 17:14:20 2026 1786997660443 Debug: ./ergtable.h void ergTable::updateDataTable(const CadenceResistancePair &) Added/Updated point: C: 85 W: 150 R: 12
seg. ago. 17 17:14:20 2026 1786997660463 Debug: devices/bluetoothdevice.cpp void bluetoothdevice::update_hr_from_external() WearOS Companion Heart: 0
seg. ago. 17 17:14:20 2026 1786997660663 Debug: templateinfosender.cpp bool TemplateInfoSender::update(QJSEngine *) "eval res " "{\"msg\":\"workout\",\"content\":{\"BIKE_TYPE\":2,\"ELLIPTICAL_TYPE\":4,\"ROWING_TYPE\":3,\"TREADMILL_TYPE\":1,\"UNKNOWN_TYPE\":0,\"deviceId\":\"00:00:00:00:00:00\",\"deviceName\":\"N/A\",\"deviceRSSI\":1,\"deviceType\":2,\"deviceConnected\":true,\"devicePaused\":false,\"elapsed_s\":26,\"elapsed_m\":0,\"elapsed_h\":0,\"lapelapsed_s\":26,\"lapelapsed_m\":0,\"lapelapsed_h\":0,\"pace_s\":6,\"pace_m\":2,\"pace_h\":0,\"pace_color\":\"white\",\"avgpace_s\":6,\"avgpace_m\":2,\"avgpace_h\":0,\"maxpace_s\":6,\"maxpace_m\":2,\"maxpace_h\":0,\"moving_s\":26,\"moving_m\":0,\"moving_h\":0,\"speed\":28.563432340065376,\"speed_avg\":28.563437062045697,\"speed_color\":\"white\",\"speed_lapavg\":28.563437062045697,\"speed_lapmax\":28.563517581678,\"calories\":5.677722749999996,\"distance\":0.24545522371766304,\"heart\":0,\"heart_color\":\"lightsteelblue\",\"heart_avg\":122.09363629629628,\"heart_lapavg\":122.09363629629628,\"heart_max\":125.2184,\"heart_lapmax\":125.2184,\"target_heart_above\":0,\"target_heart_below\":0,\"jouls\":4025.250000000001,\"elevation\":0,\"difficult\":1,\"watts\":150,\"watts_avg\":150,\"watts_color\":\"limegreen\",\"watts_lapavg\":150,\"watts_max\":150,\"watts_lapmax\":150,\"kgwatts\":2,\"kgwatts_avg\":2,\"kgwatts_max\":2,\"workoutName\":\"Ride\",\"workoutStartDate\":\"seg. ago. 17 17:13:53 2026\",\"instructorName\":\"\",\"latitude\":null,\"longitude\":null,\"altitude\":null,\"peloton_offset\":0,\"peloton_ask_start\":false,\"autoresistance\":true,\"nextrow\":\"N/A\",\"training_row_index\":0,\"training_row_elapsed\":0,\"training_row_open_ended\":false,\"training_row_wait_for_lap\":false,\"row_remaining_time_s\":0,\"row_remaining_time_m\":0,\"row_remaining_time_h\":0,\"remaining_time_s\":0,\"remaining_time_m\":0,\"remaining_time_h\":0,\"nickName\":\"N/A\",\"gears\":0,\"target_resistance\":0,\"target_peloton_resistance\":0,\"target_cadence\":0,\"target_power\":0,\"power_zone\":2.9,\"power_zone_lapavg\":2.82962962962963,\"power_zone_lapmax\":2.9,\"target_power_zone\":1,\"power_zone_color\":\"limegreen\",\"target_power_zone_color\":\"white\",\"peloton_resistance\":12,\"peloton_resistance_avg\":12,\"peloton_resistance_color\":\"white\",\"peloton_resistance_lapavg\":12,\"peloton_resistance_lapmax\":12,\"peloton_req_resistance\":0,\"cadence\":85,\"cadence_color\":\"white\",\"cadence_avg\":85,\"cadence_lapavg\":85,\"cadence_lapmax\":85,\"resistance\":12,\"resistance_avg\":12,\"resistance_lapavg\":12,\"resistance_lapmax\":12,\"cranks\":135,\"cranktime\":31934,\"req_power\":0,\"req_cadence\":0,\"req_resistance\":0,\"inclination\":0,\"inclination_avg\":0}}"
seg. ago. 17 17:14:20 2026 1786997660672 Debug: homeform.cpp void homeform::update() homeform::update fired! elapsed: 1014 jitter: -88
seg. ago. 17 17:14:20 2026 1786997660677 Debug: homeform.cpp void homeform::update() homeform::update tiles updated!
seg. ago. 17 17:14:20 2026 1786997660679 Debug: homeform.cpp void homeform::update() Current Distance 1s: 0.22216 28.5634 150
seg. ago. 17 17:14:20 2026 1786997660681 Debug: virtualdevices/virtualbike.cpp void virtualbike::bikeProvider() "bikeProvider" 0 2000 false
seg. ago. 17 17:14:20 2026 1786997660682 Debug: virtualdevices/virtualbike.cpp void virtualbike::bikeProvider() "virtual bike connected"
seg. ago. 17 17:14:20 2026 1786997660684 Debug: virtualdevices/virtualbike.cpp void virtualbike::writeCharacteristic(QLowEnergyService *, const QLowEnergyCharacteristic &, const QByteArray &) "virtualbike::writeCharacteristic Unknown Service  64 02 28 0b aa 00 0c 00 96 00 00 00"
seg. ago. 17 17:14:20 2026 1786997660685 Debug:   Write server characteristic with handle  9 "6402280baa000c0096000000" (service: "{00001826-0000-1000-8000-00805f9b34fb}"
seg. ago. 17 17:14:20 2026 1786997660686 Debug: virtualdevices/virtualbike.cpp void virtualbike::writeCharacteristic(QLowEnergyService *, const QLowEnergyCharacteristic &, const QByteArray &) "virtualbike::writeCharacteristic Heart Rate Heart Rate Measurement 00 00"
seg. ago. 17 17:14:20 2026 1786997660687 Debug:   Write server characteristic with handle  19 "0000" (service: "{0000180d-0000-1000-8000-00805f9b34fb}"
seg. ago. 17 17:14:20 2026 1786997660691 Debug: ./ergtable.h void ergTable::updateDataTable(const CadenceResistancePair &) Added/Updated point: C: 85 W: 150 R: 12
seg. ago. 17 17:14:20 2026 1786997660706 Debug: devices/bluetoothdevice.cpp void bluetoothdevice::update_hr_from_external() WearOS Companion Heart: 0
seg. ago. 17 17:14:20 2026 1786997660843 Debug: ./ergtable.h void ergTable::updateDataTable(const CadenceResistancePair &) Added/Updated point: C: 85 W: 150 R: 12
seg. ago. 17 17:14:20 2026 1786997660870 Debug: devices/bluetoothdevice.cpp void bluetoothdevice::update_hr_from_external() WearOS Companion Heart: 0
seg. ago. 17 17:14:21 2026 1786997661044 Debug: ./ergtable.h void ergTable::updateDataTable(const CadenceResistancePair &) Added/Updated point: C: 85 W: 150 R: 12
seg. ago. 17 17:14:21 2026 1786997661066 Debug: devices/bluetoothdevice.cpp void bluetoothdevice::update_hr_from_external() WearOS Companion Heart: 0
seg. ago. 17 17:14:21 2026 1786997661244 Debug: ./ergtable.h void ergTable::updateDataTable(const CadenceResistancePair &) Added/Updated point: C: 85 W: 150 R: 12
seg. ago. 17 17:14:21 2026 1786997661266 Debug: devices/bluetoothdevice.cpp void bluetoothdevice::update_hr_from_external() WearOS Companion Heart: 0
seg. ago. 17 17:14:21 2026 1786997661295 Debug: homeform.cpp void homeform::licenseReply(QNetworkReply *) "KO"
seg. ago. 17 17:14:21 2026 1786997661443 Debug: ./ergtable.h void ergTable::updateDataTable(const CadenceResistancePair &) Added/Updated point: C: 85 W: 150 R: 12
seg. ago. 17 17:14:21 2026 1786997661465 Debug: devices/bluetoothdevice.cpp void bluetoothdevice::update_hr_from_external() WearOS Companion Heart: 0
seg. ago. 17 17:14:21 2026 1786997661643 Debug: templateinfosender.cpp bool TemplateInfoSender::update(QJSEngine *) "eval res " "{\"msg\":\"workout\",\"content\":{\"BIKE_TYPE\":2,\"ELLIPTICAL_TYPE\":4,\"ROWING_TYPE\":3,\"TREADMILL_TYPE\":1,\"UNKNOWN_TYPE\":0,\"deviceId\":\"00:00:00:00:00:00\",\"deviceName\":\"N/A\",\"deviceRSSI\":1,\"deviceType\":2,\"deviceConnected\":true,\"devicePaused\":false,\"elapsed_s\":27,\"elapsed_m\":0,\"elapsed_h\":0,\"lapelapsed_s\":27,\"lapelapsed_m\":0,\"lapelapsed_h\":0,\"pace_s\":6,\"pace_m\":2,\"pace_h\":0,\"pace_color\":\"white\",\"avgpace_s\":6,\"avgpace_m\":2,\"avgpace_h\":0,\"maxpace_s\":6,\"maxpace_m\":2,\"maxpace_h\":0,\"moving_s\":27,\"moving_m\":0,\"moving_h\":0,\"speed\":28.563432340065088,\"speed_avg\":28.563436893403537,\"speed_color\":\"white\",\"speed_lapavg\":28.563436893403537,\"speed_lapmax\":28.563517581678,\"calories\":5.861253999999996,\"distance\":0.2533895104787923,\"heart\":0,\"heart_color\":\"lightsteelblue\",\"heart_avg\":122.21031833333332,\"heart_lapavg\":122.21031833333332,\"heart_max\":125.45173333333334,\"heart_lapmax\":125.45173333333334,\"target_heart_above\":0,\"target_heart_below\":0,\"jouls\":4175.250000000001,\"elevation\":0,\"difficult\":1,\"watts\":150,\"watts_avg\":150,\"watts_color\":\"limegreen\",\"watts_lapavg\":150,\"watts_max\":150,\"watts_lapmax\":150,\"kgwatts\":2,\"kgwatts_avg\":2,\"kgwatts_max\":2,\"workoutName\":\"Ride\",\"workoutStartDate\":\"seg. ago. 17 17:13:53 2026\",\"instructorName\":\"\",\"latitude\":null,\"longitude\":null,\"altitude\":null,\"peloton_offset\":0,\"peloton_ask_start\":false,\"autoresistance\":true,\"nextrow\":\"N/A\",\"training_row_index\":0,\"training_row_elapsed\":0,\"training_row_open_ended\":false,\"training_row_wait_for_lap\":false,\"row_remaining_time_s\":0,\"row_remaining_time_m\":0,\"row_remaining_time_h\":0,\"remaining_time_s\":0,\"remaining_time_m\":0,\"remaining_time_h\":0,\"nickName\":\"N/A\",\"gears\":0,\"target_resistance\":0,\"target_peloton_resistance\":0,\"target_cadence\":0,\"target_power\":0,\"power_zone\":2.9,\"power_zone_lapavg\":2.8321428571428577,\"power_zone_lapmax\":2.9,\"target_power_zone\":1,\"power_zone_color\":\"limegreen\",\"target_power_zone_color\":\"white\",\"peloton_resistance\":12,\"peloton_resistance_avg\":12,\"peloton_resistance_color\":\"white\",\"peloton_resistance_lapavg\":12,\"peloton_resistance_lapmax\":12,\"peloton_req_resistance\":0,\"cadence\":85,\"cadence_color\":\"white\",\"cadence_avg\":85,\"cadence_lapavg\":85,\"cadence_lapmax\":85,\"resistance\":12,\"resistance_avg\":12,\"resistance_lapavg\":12,\"resistance_lapmax\":12,\"cranks\":140,\"cranktime\":35544,\"req_power\":0,\"req_cadence\":0,\"req_resistance\":0,\"inclination\":0,\"inclination_avg\":0}}"
seg. ago. 17 17:14:21 2026 1786997661655 Debug: homeform.cpp void homeform::update() homeform::update fired! elapsed: 984 jitter: -104
seg. ago. 17 17:14:21 2026 1786997661662 Debug: homeform.cpp void homeform::update() homeform::update tiles updated!
seg. ago. 17 17:14:21 2026 1786997661664 Debug: homeform.cpp void homeform::update() Current Distance 1s: 0.230094 28.5634 150
seg. ago. 17 17:14:21 2026 1786997661667 Debug: virtualdevices/virtualbike.cpp void virtualbike::bikeProvider() "bikeProvider" 0 2000 false
seg. ago. 17 17:14:21 2026 1786997661668 Debug: virtualdevices/virtualbike.cpp void virtualbike::bikeProvider() "virtual bike connected"
seg. ago. 17 17:14:21 2026 1786997661669 Debug: virtualdevices/virtualbike.cpp void virtualbike::writeCharacteristic(QLowEnergyService *, const QLowEnergyCharacteristic &, const QByteArray &) "virtualbike::writeCharacteristic Unknown Service  64 02 28 0b aa 00 0c 00 96 00 00 00"
seg. ago. 17 17:14:21 2026 1786997661670 Debug:   Write server characteristic with handle  9 "6402280baa000c0096000000" (service: "{00001826-0000-1000-8000-00805f9b34fb}"
seg. ago. 17 17:14:21 2026 1786997661673 Debug: virtualdevices/virtualbike.cpp void virtualbike::writeCharacteristic(QLowEnergyService *, const QLowEnergyCharacteristic &, const QByteArray &) "virtualbike::writeCharacteristic Heart Rate Heart Rate Measurement 00 00"
seg. ago. 17 17:14:21 2026 1786997661674 Debug:   Write server characteristic with handle  19 "0000" (service: "{0000180d-0000-1000-8000-00805f9b34fb}"
seg. ago. 17 17:14:21 2026 1786997661679 Debug: ./ergtable.h void ergTable::updateDataTable(const CadenceResistancePair &) Added/Updated point: C: 85 W: 150 R: 12
seg. ago. 17 17:14:21 2026 1786997661695 Debug: devices/bluetoothdevice.cpp void bluetoothdevice::update_hr_from_external() WearOS Companion Heart: 0
seg. ago. 17 17:14:21 2026 1786997661843 Debug: ./ergtable.h void ergTable::updateDataTable(const CadenceResistancePair &) Added/Updated point: C: 85 W: 150 R: 12
seg. ago. 17 17:14:21 2026 1786997661864 Debug: devices/bluetoothdevice.cpp void bluetoothdevice::update_hr_from_external() WearOS Companion Heart: 0
seg. ago. 17 17:14:22 2026 1786997662043 Debug: ./ergtable.h void ergTable::updateDataTable(const CadenceResistancePair &) Added/Updated point: C: 85 W: 150 R: 12
seg. ago. 17 17:14:22 2026 1786997662065 Debug: devices/bluetoothdevice.cpp void bluetoothdevice::update_hr_from_external() WearOS Companion Heart: 0
seg. ago. 17 17:14:22 2026 1786997662244 Debug: ./ergtable.h void ergTable::updateDataTable(const CadenceResistancePair &) Added/Updated point: C: 85 W: 150 R: 12
seg. ago. 17 17:14:22 2026 1786997662267 Debug: devices/bluetoothdevice.cpp void bluetoothdevice::update_hr_from_external() WearOS Companion Heart: 0
seg. ago. 17 17:14:22 2026 1786997662444 Debug: ./ergtable.h void ergTable::updateDataTable(const CadenceResistancePair &) Added/Updated point: C: 85 W: 150 R: 12
seg. ago. 17 17:14:22 2026 1786997662466 Debug: devices/bluetoothdevice.cpp void bluetoothdevice::update_hr_from_external() WearOS Companion Heart: 0
seg. ago. 17 17:14:22 2026 1786997662644 Debug: templateinfosender.cpp bool TemplateInfoSender::update(QJSEngine *) "eval res " "{\"msg\":\"workout\",\"content\":{\"BIKE_TYPE\":2,\"ELLIPTICAL_TYPE\":4,\"ROWING_TYPE\":3,\"TREADMILL_TYPE\":1,\"UNKNOWN_TYPE\":0,\"deviceId\":\"00:00:00:00:00:00\",\"deviceName\":\"N/A\",\"deviceRSSI\":1,\"deviceType\":2,\"deviceConnected\":true,\"devicePaused\":false,\"elapsed_s\":28,\"elapsed_m\":0,\"elapsed_h\":0,\"lapelapsed_s\":28,\"lapelapsed_m\":0,\"lapelapsed_h\":0,\"pace_s\":6,\"pace_m\":2,\"pace_h\":0,\"pace_color\":\"white\",\"avgpace_s\":6,\"avgpace_m\":2,\"avgpace_h\":0,\"maxpace_s\":6,\"maxpace_m\":2,\"maxpace_h\":0,\"moving_s\":28,\"moving_m\":0,\"moving_h\":0,\"speed\":28.563432340064946,\"speed_avg\":28.563436736391857,\"speed_color\":\"white\",\"speed_lapavg\":28.563436736391857,\"speed_lapmax\":28.563517581678,\"calories\":6.044785249999997,\"distance\":0.26132379723992155,\"heart\":0,\"heart_color\":\"lightsteelblue\",\"heart_avg\":122.32697356321836,\"heart_lapavg\":122.32697356321836,\"heart_max\":125.68506666666667,\"heart_lapmax\":125.68506666666667,\"target_heart_above\":0,\"target_heart_below\":0,\"jouls\":4325.400000000001,\"elevation\":0,\"difficult\":1,\"watts\":150,\"watts_avg\":150,\"watts_color\":\"limegreen\",\"watts_lapavg\":150,\"watts_max\":150,\"watts_lapmax\":150,\"kgwatts\":2,\"kgwatts_avg\":2,\"kgwatts_max\":2,\"workoutName\":\"Ride\",\"workoutStartDate\":\"seg. ago. 17 17:13:53 2026\",\"instructorName\":\"\",\"latitude\":null,\"longitude\":null,\"altitude\":null,\"peloton_offset\":0,\"peloton_ask_start\":false,\"autoresistance\":true,\"nextrow\":\"N/A\",\"training_row_index\":0,\"training_row_elapsed\":0,\"training_row_open_ended\":false,\"training_row_wait_for_lap\":false,\"row_remaining_time_s\":0,\"row_remaining_time_m\":0,\"row_remaining_time_h\":0,\"remaining_time_s\":0,\"remaining_time_m\":0,\"remaining_time_h\":0,\"nickName\":\"N/A\",\"gears\":0,\"target_resistance\":0,\"target_peloton_resistance\":0,\"target_cadence\":0,\"target_power\":0,\"power_zone\":2.9,\"power_zone_lapavg\":2.83448275862069,\"power_zone_lapmax\":2.9,\"target_power_zone\":1,\"power_zone_color\":\"limegreen\",\"target_power_zone_color\":\"white\",\"peloton_resistance\":12,\"peloton_resistance_avg\":12,\"peloton_resistance_color\":\"white\",\"peloton_resistance_lapavg\":12,\"peloton_resistance_lapmax\":12,\"peloton_req_resistance\":0,\"cadence\":85,\"cadence_color\":\"white\",\"cadence_avg\":85,\"cadence_lapavg\":85,\"cadence_lapmax\":85,\"resistance\":12,\"resistance_avg\":12,\"resistance_lapavg\":12,\"resistance_lapmax\":12,\"cranks\":145,\"cranktime\":39154,\"req_power\":0,\"req_cadence\":0,\"req_resistance\":0,\"inclination\":0,\"inclination_avg\":0}}"
seg. ago. 17 17:14:22 2026 1786997662657 Debug: homeform.cpp void homeform::update() homeform::update fired! elapsed: 1001 jitter: -103
seg. ago. 17 17:14:22 2026 1786997662664 Debug: homeform.cpp void homeform::update() homeform::update tiles updated!
seg. ago. 17 17:14:22 2026 1786997662666 Debug: homeform.cpp void homeform::update() Current Distance 1s: 0.238029 28.5634 150
seg. ago. 17 17:14:22 2026 1786997662670 Debug: virtualdevices/virtualbike.cpp void virtualbike::bikeProvider() "bikeProvider" 0 2000 false
seg. ago. 17 17:14:22 2026 1786997662671 Debug: virtualdevices/virtualbike.cpp void virtualbike::bikeProvider() "virtual bike connected"
seg. ago. 17 17:14:22 2026 1786997662674 Debug: virtualdevices/virtualbike.cpp void virtualbike::writeCharacteristic(QLowEnergyService *, const QLowEnergyCharacteristic &, const QByteArray &) "virtualbike::writeCharacteristic Unknown Service  64 02 28 0b aa 00 0c 00 96 00 00 00"
seg. ago. 17 17:14:22 2026 1786997662676 Debug:   Write server characteristic with handle  9 "6402280baa000c0096000000" (service: "{00001826-0000-1000-8000-00805f9b34fb}"
seg. ago. 17 17:14:22 2026 1786997662679 Debug: virtualdevices/virtualbike.cpp void virtualbike::writeCharacteristic(QLowEnergyService *, const QLowEnergyCharacteristic &, const QByteArray &) "virtualbike::writeCharacteristic Heart Rate Heart Rate Measurement 00 00"
seg. ago. 17 17:14:22 2026 1786997662680 Debug:   Write server characteristic with handle  19 "0000" (service: "{0000180d-0000-1000-8000-00805f9b34fb}"
seg. ago. 17 17:14:22 2026 1786997662686 Debug: ./ergtable.h void ergTable::updateDataTable(const CadenceResistancePair &) Added/Updated point: C: 85 W: 150 R: 12
seg. ago. 17 17:14:22 2026 1786997662704 Debug: devices/bluetoothdevice.cpp void bluetoothdevice::update_hr_from_external() WearOS Companion Heart: 0
seg. ago. 17 17:14:22 2026 1786997662842 Debug: ./ergtable.h void ergTable::updateDataTable(const CadenceResistancePair &) Added/Updated point: C: 85 W: 150 R: 12
seg. ago. 17 17:14:22 2026 1786997662863 Debug: devices/bluetoothdevice.cpp void bluetoothdevice::update_hr_from_external() WearOS Companion Heart: 0
seg. ago. 17 17:14:23 2026 1786997663044 Debug: ./ergtable.h void ergTable::updateDataTable(const CadenceResistancePair &) Added/Updated point: C: 85 W: 150 R: 12
seg. ago. 17 17:14:23 2026 1786997663066 Debug: devices/bluetoothdevice.cpp void bluetoothdevice::update_hr_from_external() WearOS Companion Heart: 0
seg. ago. 17 17:14:23 2026 1786997663243 Debug: ./ergtable.h void ergTable::updateDataTable(const CadenceResistancePair &) Added/Updated point: C: 85 W: 150 R: 12
seg. ago. 17 17:14:23 2026 1786997663266 Debug: devices/bluetoothdevice.cpp void bluetoothdevice::update_hr_from_external() WearOS Companion Heart: 0
seg. ago. 17 17:14:23 2026 1786997663443 Debug: ./ergtable.h void ergTable::updateDataTable(const CadenceResistancePair &) Added/Updated point: C: 85 W: 150 R: 12
seg. ago. 17 17:14:23 2026 1786997663471 Debug: devices/bluetoothdevice.cpp void bluetoothdevice::update_hr_from_external() WearOS Companion Heart: 0
seg. ago. 17 17:14:23 2026 1786997663644 Debug: templateinfosender.cpp bool TemplateInfoSender::update(QJSEngine *) "eval res " "{\"msg\":\"workout\",\"content\":{\"BIKE_TYPE\":2,\"ELLIPTICAL_TYPE\":4,\"ROWING_TYPE\":3,\"TREADMILL_TYPE\":1,\"UNKNOWN_TYPE\":0,\"deviceId\":\"00:00:00:00:00:00\",\"deviceName\":\"N/A\",\"deviceRSSI\":1,\"deviceType\":2,\"deviceConnected\":true,\"devicePaused\":false,\"elapsed_s\":29,\"elapsed_m\":0,\"elapsed_h\":0,\"lapelapsed_s\":29,\"lapelapsed_m\":0,\"lapelapsed_h\":0,\"pace_s\":6,\"pace_m\":2,\"pace_h\":0,\"pace_color\":\"white\",\"avgpace_s\":6,\"avgpace_m\":2,\"avgpace_h\":0,\"maxpace_s\":6,\"maxpace_m\":2,\"maxpace_h\":0,\"moving_s\":29,\"moving_m\":0,\"moving_h\":0,\"speed\":28.56343234006487,\"speed_avg\":28.563436589847612,\"speed_color\":\"white\",\"speed_lapavg\":28.563436589847612,\"speed_lapmax\":28.563517581678,\"calories\":6.2283164999999965,\"distance\":0.26925808400105067,\"heart\":0,\"heart_color\":\"lightsteelblue\",\"heart_avg\":122.44364044444441,\"heart_lapavg\":122.44364044444441,\"heart_max\":125.9184,\"heart_lapmax\":125.9184,\"target_heart_above\":0,\"target_heart_below\":0,\"jouls\":4475.25,\"elevation\":0,\"difficult\":1,\"watts\":150,\"watts_avg\":150,\"watts_color\":\"limegreen\",\"watts_lapavg\":150,\"watts_max\":150,\"watts_lapmax\":150,\"kgwatts\":2,\"kgwatts_avg\":2,\"kgwatts_max\":2,\"workoutName\":\"Ride\",\"workoutStartDate\":\"seg. ago. 17 17:13:53 2026\",\"instructorName\":\"\",\"latitude\":null,\"longitude\":null,\"altitude\":null,\"peloton_offset\":0,\"peloton_ask_start\":false,\"autoresistance\":true,\"nextrow\":\"N/A\",\"training_row_index\":0,\"training_row_elapsed\":0,\"training_row_open_ended\":false,\"training_row_wait_for_lap\":false,\"row_remaining_time_s\":0,\"row_remaining_time_m\":0,\"row_remaining_time_h\":0,\"remaining_time_s\":0,\"remaining_time_m\":0,\"remaining_time_h\":0,\"nickName\":\"N/A\",\"gears\":0,\"target_resistance\":0,\"target_peloton_resistance\":0,\"target_cadence\":0,\"target_power\":0,\"power_zone\":2.9,\"power_zone_lapavg\":2.8366666666666673,\"power_zone_lapmax\":2.9,\"target_power_zone\":1,\"power_zone_color\":\"limegreen\",\"target_power_zone_color\":\"white\",\"peloton_resistance\":12,\"peloton_resistance_avg\":12,\"peloton_resistance_color\":\"white\",\"peloton_resistance_lapavg\":12,\"peloton_resistance_lapmax\":12,\"peloton_req_resistance\":0,\"cadence\":85,\"cadence_color\":\"white\",\"cadence_avg\":85,\"cadence_lapavg\":85,\"cadence_lapmax\":85,\"resistance\":12,\"resistance_avg\":12,\"resistance_lapavg\":12,\"resistance_lapmax\":12,\"cranks\":150,\"cranktime\":42764,\"req_power\":0,\"req_cadence\":0,\"req_resistance\":0,\"inclination\":0,\"inclination_avg\":0}}"
seg. ago. 17 17:14:23 2026 1786997663656 Debug: homeform.cpp void homeform::update() homeform::update fired! elapsed: 1000 jitter: -103
seg. ago. 17 17:14:23 2026 1786997663663 Debug: homeform.cpp void homeform::update() homeform::update tiles updated!
seg. ago. 17 17:14:23 2026 1786997663664 Debug: homeform.cpp void homeform::update() Current Distance 1s: 0.245963 28.5634 150
seg. ago. 17 17:14:23 2026 1786997663667 Debug: virtualdevices/virtualbike.cpp void virtualbike::bikeProvider() "bikeProvider" 0 2000 false
seg. ago. 17 17:14:23 2026 1786997663668 Debug: virtualdevices/virtualbike.cpp void virtualbike::bikeProvider() "virtual bike connected"
seg. ago. 17 17:14:23 2026 1786997663670 Debug: virtualdevices/virtualbike.cpp void virtualbike::writeCharacteristic(QLowEnergyService *, const QLowEnergyCharacteristic &, const QByteArray &) "virtualbike::writeCharacteristic Unknown Service  64 02 28 0b aa 00 0c 00 96 00 00 00"
seg. ago. 17 17:14:23 2026 1786997663671 Debug:   Write server characteristic with handle  9 "6402280baa000c0096000000" (service: "{00001826-0000-1000-8000-00805f9b34fb}"
seg. ago. 17 17:14:23 2026 1786997663672 Debug: virtualdevices/virtualbike.cpp void virtualbike::writeCharacteristic(QLowEnergyService *, const QLowEnergyCharacteristic &, const QByteArray &) "virtualbike::writeCharacteristic Heart Rate Heart Rate Measurement 00 00"
seg. ago. 17 17:14:23 2026 1786997663673 Debug:   Write server characteristic with handle  19 "0000" (service: "{0000180d-0000-1000-8000-00805f9b34fb}"
seg. ago. 17 17:14:23 2026 1786997663678 Debug: ./ergtable.h void ergTable::updateDataTable(const CadenceResistancePair &) Added/Updated point: C: 85 W: 150 R: 12
seg. ago. 17 17:14:23 2026 1786997663695 Debug: devices/bluetoothdevice.cpp void bluetoothdevice::update_hr_from_external() WearOS Companion Heart: 0
seg. ago. 17 17:14:23 2026 1786997663842 Debug: ./ergtable.h void ergTable::updateDataTable(const CadenceResistancePair &) Added/Updated point: C: 85 W: 150 R: 12
seg. ago. 17 17:14:23 2026 1786997663856 Debug: devices/bluetoothdevice.cpp void bluetoothdevice::update_hr_from_external() WearOS Companion Heart: 0
seg. ago. 17 17:14:24 2026 1786997664043 Debug: ./ergtable.h void ergTable::updateDataTable(const CadenceResistancePair &) Added/Updated point: C: 85 W: 150 R: 12
seg. ago. 17 17:14:24 2026 1786997664064 Debug: devices/bluetoothdevice.cpp void bluetoothdevice::update_hr_from_external() WearOS Companion Heart: 0
seg. ago. 17 17:14:24 2026 1786997664243 Debug: ./ergtable.h void ergTable::updateDataTable(const CadenceResistancePair &) Added/Updated point: C: 85 W: 150 R: 12
seg. ago. 17 17:14:24 2026 1786997664265 Debug: devices/bluetoothdevice.cpp void bluetoothdevice::update_hr_from_external() WearOS Companion Heart: 0
seg. ago. 17 17:14:24 2026 1786997664443 Debug: ./ergtable.h void ergTable::updateDataTable(const CadenceResistancePair &) Added/Updated point: C: 85 W: 150 R: 12
seg. ago. 17 17:14:24 2026 1786997664466 Debug: devices/bluetoothdevice.cpp void bluetoothdevice::update_hr_from_external() WearOS Companion Heart: 0
seg. ago. 17 17:14:24 2026 1786997664644 Debug: templateinfosender.cpp bool TemplateInfoSender::update(QJSEngine *) "eval res " "{\"msg\":\"workout\",\"content\":{\"BIKE_TYPE\":2,\"ELLIPTICAL_TYPE\":4,\"ROWING_TYPE\":3,\"TREADMILL_TYPE\":1,\"UNKNOWN_TYPE\":0,\"deviceId\":\"00:00:00:00:00:00\",\"deviceName\":\"N/A\",\"deviceRSSI\":1,\"deviceType\":2,\"deviceConnected\":true,\"devicePaused\":false,\"elapsed_s\":30,\"elapsed_m\":0,\"elapsed_h\":0,\"lapelapsed_s\":30,\"lapelapsed_m\":0,\"lapelapsed_h\":0,\"pace_s\":6,\"pace_m\":2,\"pace_h\":0,\"pace_color\":\"white\",\"avgpace_s\":6,\"avgpace_m\":2,\"avgpace_h\":0,\"maxpace_s\":6,\"maxpace_m\":2,\"maxpace_h\":0,\"moving_s\":30,\"moving_m\":0,\"moving_h\":0,\"speed\":28.563432340064836,\"speed_avg\":28.563436452757834,\"speed_color\":\"white\",\"speed_lapavg\":28.563436452757834,\"speed_lapmax\":28.563517581678,\"calories\":6.411664218749996,\"distance\":0.2771844364754186,\"heart\":0,\"heart_color\":\"lightsteelblue\",\"heart_avg\":122.56029376344085,\"heart_lapavg\":122.56029376344085,\"heart_max\":126.1515,\"heart_lapmax\":126.1515,\"target_heart_above\":0,\"target_heart_below\":0,\"jouls\":4625.25,\"elevation\":0,\"difficult\":1,\"watts\":150,\"watts_avg\":150,\"watts_color\":\"limegreen\",\"watts_lapavg\":150,\"watts_max\":150,\"watts_lapmax\":150,\"kgwatts\":2,\"kgwatts_avg\":2,\"kgwatts_max\":2,\"workoutName\":\"Ride\",\"workoutStartDate\":\"seg. ago. 17 17:13:53 2026\",\"instructorName\":\"\",\"latitude\":null,\"longitude\":null,\"altitude\":null,\"peloton_offset\":0,\"peloton_ask_start\":false,\"autoresistance\":true,\"nextrow\":\"N/A\",\"training_row_index\":0,\"training_row_elapsed\":0,\"training_row_open_ended\":false,\"training_row_wait_for_lap\":false,\"row_remaining_time_s\":0,\"row_remaining_time_m\":0,\"row_remaining_time_h\":0,\"remaining_time_s\":0,\"remaining_time_m\":0,\"remaining_time_h\":0,\"nickName\":\"N/A\",\"gears\":0,\"target_resistance\":0,\"target_peloton_resistance\":0,\"target_cadence\":0,\"target_power\":0,\"power_zone\":2.9,\"power_zone_lapavg\":2.838709677419356,\"power_zone_lapmax\":2.9,\"target_power_zone\":1,\"power_zone_color\":\"limegreen\",\"target_power_zone_color\":\"white\",\"peloton_resistance\":12,\"peloton_resistance_avg\":12,\"peloton_resistance_color\":\"white\",\"peloton_resistance_lapavg\":12,\"peloton_resistance_lapmax\":12,\"peloton_req_resistance\":0,\"cadence\":85,\"cadence_color\":\"white\",\"cadence_avg\":85,\"cadence_lapavg\":85,\"cadence_lapmax\":85,\"resistance\":12,\"resistance_avg\":12,\"resistance_lapavg\":12,\"resistance_lapmax\":12,\"cranks\":155,\"cranktime\":46374,\"req_power\":0,\"req_cadence\":0,\"req_resistance\":0,\"inclination\":0,\"inclination_avg\":0}}"
seg. ago. 17 17:14:24 2026 1786997664657 Debug: homeform.cpp void homeform::update() homeform::update fired! elapsed: 1000 jitter: -103
seg. ago. 17 17:14:24 2026 1786997664663 Debug: homeform.cpp void homeform::update() homeform::update tiles updated!
seg. ago. 17 17:14:24 2026 1786997664666 Debug: homeform.cpp void homeform::update() Current Distance 1s: 0.253897 28.5634 150
seg. ago. 17 17:14:24 2026 1786997664669 Debug: virtualdevices/virtualbike.cpp void virtualbike::bikeProvider() "bikeProvider" 0 2000 false
seg. ago. 17 17:14:24 2026 1786997664670 Debug: virtualdevices/virtualbike.cpp void virtualbike::bikeProvider() "virtual bike connected"
seg. ago. 17 17:14:24 2026 1786997664672 Debug: virtualdevices/virtualbike.cpp void virtualbike::writeCharacteristic(QLowEnergyService *, const QLowEnergyCharacteristic &, const QByteArray &) "virtualbike::writeCharacteristic Unknown Service  64 02 28 0b aa 00 0c 00 96 00 00 00"
seg. ago. 17 17:14:24 2026 1786997664674 Debug:   Write server characteristic with handle  9 "6402280baa000c0096000000" (service: "{00001826-0000-1000-8000-00805f9b34fb}"
seg. ago. 17 17:14:24 2026 1786997664676 Debug: virtualdevices/virtualbike.cpp void virtualbike::writeCharacteristic(QLowEnergyService *, const QLowEnergyCharacteristic &, const QByteArray &) "virtualbike::writeCharacteristic Heart Rate Heart Rate Measurement 00 00"
seg. ago. 17 17:14:24 2026 1786997664677 Debug:   Write server characteristic with handle  19 "0000" (service: "{0000180d-0000-1000-8000-00805f9b34fb}"
seg. ago. 17 17:14:24 2026 1786997664681 Debug: ./ergtable.h void ergTable::updateDataTable(const CadenceResistancePair &) Added/Updated point: C: 85 W: 150 R: 12
seg. ago. 17 17:14:24 2026 1786997664697 Debug: devices/bluetoothdevice.cpp void bluetoothdevice::update_hr_from_external() WearOS Companion Heart: 0
seg. ago. 17 17:14:24 2026 1786997664842 Debug: ./ergtable.h void ergTable::updateDataTable(const CadenceResistancePair &) Added/Updated point: C: 85 W: 150 R: 12
seg. ago. 17 17:14:24 2026 1786997664863 Debug: devices/bluetoothdevice.cpp void bluetoothdevice::update_hr_from_external() WearOS Companion Heart: 0
seg. ago. 17 17:14:25 2026 1786997665044 Debug: ./ergtable.h void ergTable::updateDataTable(const CadenceResistancePair &) Added/Updated point: C: 85 W: 150 R: 12
seg. ago. 17 17:14:25 2026 1786997665064 Debug: devices/bluetoothdevice.cpp void bluetoothdevice::update_hr_from_external() WearOS Companion Heart: 0
seg. ago. 17 17:14:25 2026 1786997665243 Debug: ./ergtable.h void ergTable::updateDataTable(const CadenceResistancePair &) Added/Updated point: C: 85 W: 150 R: 12
seg. ago. 17 17:14:25 2026 1786997665267 Debug: devices/bluetoothdevice.cpp void bluetoothdevice::update_hr_from_external() WearOS Companion Heart: 0
seg. ago. 17 17:14:25 2026 1786997665444 Debug: ./ergtable.h void ergTable::updateDataTable(const CadenceResistancePair &) Added/Updated point: C: 85 W: 150 R: 12
seg. ago. 17 17:14:25 2026 1786997665466 Debug: devices/bluetoothdevice.cpp void bluetoothdevice::update_hr_from_external() WearOS Companion Heart: 0
seg. ago. 17 17:14:25 2026 1786997665646 Debug: templateinfosender.cpp bool TemplateInfoSender::update(QJSEngine *) "eval res " "{\"msg\":\"workout\",\"content\":{\"BIKE_TYPE\":2,\"ELLIPTICAL_TYPE\":4,\"ROWING_TYPE\":3,\"TREADMILL_TYPE\":1,\"UNKNOWN_TYPE\":0,\"deviceId\":\"00:00:00:00:00:00\",\"deviceName\":\"N/A\",\"deviceRSSI\":1,\"deviceType\":2,\"deviceConnected\":true,\"devicePaused\":false,\"elapsed_s\":31,\"elapsed_m\":0,\"elapsed_h\":0,\"lapelapsed_s\":31,\"lapelapsed_m\":0,\"lapelapsed_h\":0,\"pace_s\":6,\"pace_m\":2,\"pace_h\":0,\"pace_color\":\"white\",\"avgpace_s\":6,\"avgpace_m\":2,\"avgpace_h\":0,\"maxpace_s\":6,\"maxpace_m\":2,\"maxpace_h\":0,\"moving_s\":31,\"moving_m\":0,\"moving_h\":0,\"speed\":28.563432340064818,\"speed_avg\":28.56343632423617,\"speed_color\":\"white\",\"speed_lapavg\":28.56343632423617,\"speed_lapmax\":28.563517581678,\"calories\":6.595378999999996,\"distance\":0.28512665752330885,\"heart\":0,\"heart_color\":\"lightsteelblue\",\"heart_avg\":122.67695666666665,\"heart_lapavg\":122.67695666666665,\"heart_max\":126.38506666666667,\"heart_lapmax\":126.38506666666667,\"target_heart_above\":0,\"target_heart_below\":0,\"jouls\":4775.399999999999,\"elevation\":0,\"difficult\":1,\"watts\":150,\"watts_avg\":150,\"watts_color\":\"limegreen\",\"watts_lapavg\":150,\"watts_max\":150,\"watts_lapmax\":150,\"kgwatts\":2,\"kgwatts_avg\":2,\"kgwatts_max\":2,\"workoutName\":\"Ride\",\"workoutStartDate\":\"seg. ago. 17 17:13:53 2026\",\"instructorName\":\"\",\"latitude\":null,\"longitude\":null,\"altitude\":null,\"peloton_offset\":0,\"peloton_ask_start\":false,\"autoresistance\":true,\"nextrow\":\"N/A\",\"training_row_index\":0,\"training_row_elapsed\":0,\"training_row_open_ended\":false,\"training_row_wait_for_lap\":false,\"row_remaining_time_s\":0,\"row_remaining_time_m\":0,\"row_remaining_time_h\":0,\"remaining_time_s\":0,\"remaining_time_m\":0,\"remaining_time_h\":0,\"nickName\":\"N/A\",\"gears\":0,\"target_resistance\":0,\"target_peloton_resistance\":0,\"target_cadence\":0,\"target_power\":0,\"power_zone\":2.9,\"power_zone_lapavg\":2.840625000000001,\"power_zone_lapmax\":2.9,\"target_power_zone\":1,\"power_zone_color\":\"limegreen\",\"target_power_zone_color\":\"white\",\"peloton_resistance\":12,\"peloton_resistance_avg\":12,\"peloton_resistance_color\":\"white\",\"peloton_resistance_lapavg\":12,\"peloton_resistance_lapmax\":12,\"peloton_req_resistance\":0,\"cadence\":85,\"cadence_color\":\"white\",\"cadence_avg\":85,\"cadence_lapavg\":85,\"cadence_lapmax\":85,\"resistance\":12,\"resistance_avg\":12,\"resistance_lapavg\":12,\"resistance_lapmax\":12,\"cranks\":160,\"cranktime\":49984,\"req_power\":0,\"req_cadence\":0,\"req_resistance\":0,\"inclination\":0,\"inclination_avg\":0}}"
seg. ago. 17 17:14:25 2026 1786997665658 Debug: homeform.cpp void homeform::update() homeform::update fired! elapsed: 1002 jitter: -101
seg. ago. 17 17:14:25 2026 1786997665666 Debug: homeform.cpp void homeform::update() homeform::update tiles updated!
seg. ago. 17 17:14:25 2026 1786997665668 Debug: homeform.cpp void homeform::update() Current Distance 1s: 0.261832 28.5634 150
seg. ago. 17 17:14:25 2026 1786997665671 Debug: virtualdevices/virtualbike.cpp void virtualbike::bikeProvider() "bikeProvider" 0 2000 false
seg. ago. 17 17:14:25 2026 1786997665672 Debug: virtualdevices/virtualbike.cpp void virtualbike::bikeProvider() "virtual bike connected"
seg. ago. 17 17:14:25 2026 1786997665673 Debug: virtualdevices/virtualbike.cpp void virtualbike::writeCharacteristic(QLowEnergyService *, const QLowEnergyCharacteristic &, const QByteArray &) "virtualbike::writeCharacteristic Unknown Service  64 02 28 0b aa 00 0c 00 96 00 00 00"
seg. ago. 17 17:14:25 2026 1786997665674 Debug:   Write server characteristic with handle  9 "6402280baa000c0096000000" (service: "{00001826-0000-1000-8000-00805f9b34fb}"
seg. ago. 17 17:14:25 2026 1786997665675 Debug: virtualdevices/virtualbike.cpp void virtualbike::writeCharacteristic(QLowEnergyService *, const QLowEnergyCharacteristic &, const QByteArray &) "virtualbike::writeCharacteristic Heart Rate Heart Rate Measurement 00 00"
seg. ago. 17 17:14:25 2026 1786997665676 Debug:   Write server characteristic with handle  19 "0000" (service: "{0000180d-0000-1000-8000-00805f9b34fb}"
seg. ago. 17 17:14:25 2026 1786997665680 Debug: ./ergtable.h void ergTable::updateDataTable(const CadenceResistancePair &) Added/Updated point: C: 85 W: 150 R: 12
seg. ago. 17 17:14:25 2026 1786997665696 Debug: devices/bluetoothdevice.cpp void bluetoothdevice::update_hr_from_external() WearOS Companion Heart: 0
seg. ago. 17 17:14:25 2026 1786997665842 Debug: ./ergtable.h void ergTable::updateDataTable(const CadenceResistancePair &) Added/Updated point: C: 85 W: 150 R: 12
seg. ago. 17 17:14:25 2026 1786997665862 Debug: devices/bluetoothdevice.cpp void bluetoothdevice::update_hr_from_external() WearOS Companion Heart: 0
seg. ago. 17 17:14:26 2026 1786997666050 Debug: ./ergtable.h void ergTable::updateDataTable(const CadenceResistancePair &) Added/Updated point: C: 85 W: 150 R: 12
seg. ago. 17 17:14:26 2026 1786997666091 Debug: devices/bluetoothdevice.cpp void bluetoothdevice::update_hr_from_external() WearOS Companion Heart: 0
seg. ago. 17 17:14:26 2026 1786997666243 Debug: ./ergtable.h void ergTable::updateDataTable(const CadenceResistancePair &) Added/Updated point: C: 85 W: 150 R: 12
seg. ago. 17 17:14:26 2026 1786997666260 Debug: devices/bluetoothdevice.cpp void bluetoothdevice::update_hr_from_external() WearOS Companion Heart: 0
seg. ago. 17 17:14:26 2026 1786997666441 Debug: ./ergtable.h void ergTable::updateDataTable(const CadenceResistancePair &) Added/Updated point: C: 85 W: 150 R: 12
seg. ago. 17 17:14:26 2026 1786997666456 Debug: devices/bluetoothdevice.cpp void bluetoothdevice::update_hr_from_external() WearOS Companion Heart: 0
seg. ago. 17 17:14:26 2026 1786997666642 Debug: templateinfosender.cpp bool TemplateInfoSender::update(QJSEngine *) "eval res " "{\"msg\":\"workout\",\"content\":{\"BIKE_TYPE\":2,\"ELLIPTICAL_TYPE\":4,\"ROWING_TYPE\":3,\"TREADMILL_TYPE\":1,\"UNKNOWN_TYPE\":0,\"deviceId\":\"00:00:00:00:00:00\",\"deviceName\":\"N/A\",\"deviceRSSI\":1,\"deviceType\":2,\"deviceConnected\":true,\"devicePaused\":false,\"elapsed_s\":32,\"elapsed_m\":0,\"elapsed_h\":0,\"lapelapsed_s\":32,\"lapelapsed_m\":0,\"lapelapsed_h\":0,\"pace_s\":6,\"pace_m\":2,\"pace_h\":0,\"pace_color\":\"white\",\"avgpace_s\":6,\"avgpace_m\":2,\"avgpace_h\":0,\"maxpace_s\":6,\"maxpace_m\":2,\"maxpace_h\":0,\"moving_s\":32,\"moving_m\":0,\"moving_h\":0,\"speed\":28.563432340064814,\"speed_avg\":28.563436203503695,\"speed_color\":\"white\",\"speed_lapavg\":28.563436203503695,\"speed_lapmax\":28.563517581678,\"calories\":6.778726718749995,\"distance\":0.2930530099976768,\"heart\":0,\"heart_color\":\"lightsteelblue\",\"heart_avg\":122.79361838383839,\"heart_lapavg\":122.79361838383839,\"heart_max\":126.61816666666667,\"heart_lapmax\":126.61816666666667,\"target_heart_above\":0,\"target_heart_below\":0,\"jouls\":4924.949999999999,\"elevation\":0,\"difficult\":1,\"watts\":150,\"watts_avg\":150,\"watts_color\":\"limegreen\",\"watts_lapavg\":150,\"watts_max\":150,\"watts_lapmax\":150,\"kgwatts\":2,\"kgwatts_avg\":2,\"kgwatts_max\":2,\"workoutName\":\"Ride\",\"workoutStartDate\":\"seg. ago. 17 17:13:53 2026\",\"instructorName\":\"\",\"latitude\":null,\"longitude\":null,\"altitude\":null,\"peloton_offset\":0,\"peloton_ask_start\":false,\"autoresistance\":true,\"nextrow\":\"N/A\",\"training_row_index\":0,\"training_row_elapsed\":0,\"training_row_open_ended\":false,\"training_row_wait_for_lap\":false,\"row_remaining_time_s\":0,\"row_remaining_time_m\":0,\"row_remaining_time_h\":0,\"remaining_time_s\":0,\"remaining_time_m\":0,\"remaining_time_h\":0,\"nickName\":\"N/A\",\"gears\":0,\"target_resistance\":0,\"target_peloton_resistance\":0,\"target_cadence\":0,\"target_power\":0,\"power_zone\":2.9,\"power_zone_lapavg\":2.8424242424242436,\"power_zone_lapmax\":2.9,\"target_power_zone\":1,\"power_zone_color\":\"limegreen\",\"target_power_zone_color\":\"white\",\"peloton_resistance\":12,\"peloton_resistance_avg\":12,\"peloton_resistance_color\":\"white\",\"peloton_resistance_lapavg\":12,\"peloton_resistance_lapmax\":12,\"peloton_req_resistance\":0,\"cadence\":85,\"cadence_color\":\"white\",\"cadence_avg\":85,\"cadence_lapavg\":85,\"cadence_lapmax\":85,\"resistance\":12,\"resistance_avg\":12,\"resistance_lapavg\":12,\"resistance_lapmax\":12,\"cranks\":165,\"cranktime\":53594,\"req_power\":0,\"req_cadence\":0,\"req_resistance\":0,\"inclination\":0,\"inclination_avg\":0}}"
seg. ago. 17 17:14:26 2026 1786997666650 Debug: homeform.cpp void homeform::update() homeform::update fired! elapsed: 992 jitter: -109
seg. ago. 17 17:14:26 2026 1786997666655 Debug: homeform.cpp void homeform::update() homeform::update tiles updated!
seg. ago. 17 17:14:26 2026 1786997666657 Debug: homeform.cpp void homeform::update() Current Distance 1s: 0.269766 28.5634 150
seg. ago. 17 17:14:26 2026 1786997666660 Debug: virtualdevices/virtualbike.cpp void virtualbike::bikeProvider() "bikeProvider" 0 2000 false
seg. ago. 17 17:14:26 2026 1786997666661 Debug: virtualdevices/virtualbike.cpp void virtualbike::bikeProvider() "virtual bike connected"
seg. ago. 17 17:14:26 2026 1786997666663 Debug: virtualdevices/virtualbike.cpp void virtualbike::writeCharacteristic(QLowEnergyService *, const QLowEnergyCharacteristic &, const QByteArray &) "virtualbike::writeCharacteristic Unknown Service  64 02 28 0b aa 00 0c 00 96 00 00 00"
seg. ago. 17 17:14:26 2026 1786997666664 Debug:   Write server characteristic with handle  9 "6402280baa000c0096000000" (service: "{00001826-0000-1000-8000-00805f9b34fb}"
seg. ago. 17 17:14:26 2026 1786997666667 Debug: virtualdevices/virtualbike.cpp void virtualbike::writeCharacteristic(QLowEnergyService *, const QLowEnergyCharacteristic &, const QByteArray &) "virtualbike::writeCharacteristic Heart Rate Heart Rate Measurement 00 00"
seg. ago. 17 17:14:26 2026 1786997666668 Debug:   Write server characteristic with handle  19 "0000" (service: "{0000180d-0000-1000-8000-00805f9b34fb}"
seg. ago. 17 17:14:26 2026 1786997666674 Debug: ./ergtable.h void ergTable::updateDataTable(const CadenceResistancePair &) Added/Updated point: C: 85 W: 150 R: 12
seg. ago. 17 17:14:26 2026 1786997666695 Debug: devices/bluetoothdevice.cpp void bluetoothdevice::update_hr_from_external() WearOS Companion Heart: 0
seg. ago. 17 17:14:26 2026 1786997666841 Debug: ./ergtable.h void ergTable::updateDataTable(const CadenceResistancePair &) Added/Updated point: C: 85 W: 150 R: 12
seg. ago. 17 17:14:26 2026 1786997666856 Debug: devices/bluetoothdevice.cpp void bluetoothdevice::update_hr_from_external() WearOS Companion Heart: 0
seg. ago. 17 17:14:27 2026 1786997667046 Debug: ./ergtable.h void ergTable::updateDataTable(const CadenceResistancePair &) Added/Updated point: C: 85 W: 150 R: 12
seg. ago. 17 17:14:27 2026 1786997667079 Debug: devices/bluetoothdevice.cpp void bluetoothdevice::update_hr_from_external() WearOS Companion Heart: 0
seg. ago. 17 17:14:27 2026 1786997667247 Debug: ./ergtable.h void ergTable::updateDataTable(const CadenceResistancePair &) Added/Updated point: C: 85 W: 150 R: 12
seg. ago. 17 17:14:27 2026 1786997667287 Debug: devices/bluetoothdevice.cpp void bluetoothdevice::update_hr_from_external() WearOS Companion Heart: 0
seg. ago. 17 17:14:27 2026 1786997667449 Debug: ./ergtable.h void ergTable::updateDataTable(const CadenceResistancePair &) Added/Updated point: C: 85 W: 150 R: 12
seg. ago. 17 17:14:27 2026 1786997667487 Debug: devices/bluetoothdevice.cpp void bluetoothdevice::update_hr_from_external() WearOS Companion Heart: 0
seg. ago. 17 17:14:27 2026 1786997667649 Debug: templateinfosender.cpp bool TemplateInfoSender::update(QJSEngine *) "eval res " "{\"msg\":\"workout\",\"content\":{\"BIKE_TYPE\":2,\"ELLIPTICAL_TYPE\":4,\"ROWING_TYPE\":3,\"TREADMILL_TYPE\":1,\"UNKNOWN_TYPE\":0,\"deviceId\":\"00:00:00:00:00:00\",\"deviceName\":\"N/A\",\"deviceRSSI\":1,\"deviceType\":2,\"deviceConnected\":true,\"devicePaused\":false,\"elapsed_s\":33,\"elapsed_m\":0,\"elapsed_h\":0,\"lapelapsed_s\":33,\"lapelapsed_m\":0,\"lapelapsed_h\":0,\"pace_s\":6,\"pace_m\":2,\"pace_h\":0,\"pace_color\":\"white\",\"avgpace_s\":6,\"avgpace_m\":2,\"avgpace_h\":0,\"maxpace_s\":6,\"maxpace_m\":2,\"maxpace_h\":0,\"moving_s\":33,\"moving_m\":0,\"moving_h\":0,\"speed\":28.56343234006481,\"speed_avg\":28.563436089873132,\"speed_color\":\"white\",\"speed_lapavg\":28.563436089873132,\"speed_lapmax\":28.563517581678,\"calories\":6.962808562499995,\"distance\":0.30101109961908923,\"heart\":0,\"heart_color\":\"lightsteelblue\",\"heart_avg\":122.9102749019608,\"heart_lapavg\":122.9102749019608,\"heart_max\":126.85220000000001,\"heart_lapmax\":126.85220000000001,\"target_heart_above\":0,\"target_heart_below\":0,\"jouls\":5075.999999999999,\"elevation\":0,\"difficult\":1,\"watts\":150,\"watts_avg\":150,\"watts_color\":\"limegreen\",\"watts_lapavg\":150,\"watts_max\":150,\"watts_lapmax\":150,\"kgwatts\":2,\"kgwatts_avg\":2,\"kgwatts_max\":2,\"workoutName\":\"Ride\",\"workoutStartDate\":\"seg. ago. 17 17:13:53 2026\",\"instructorName\":\"\",\"latitude\":null,\"longitude\":null,\"altitude\":null,\"peloton_offset\":0,\"peloton_ask_start\":false,\"autoresistance\":true,\"nextrow\":\"N/A\",\"training_row_index\":0,\"training_row_elapsed\":0,\"training_row_open_ended\":false,\"training_row_wait_for_lap\":false,\"row_remaining_time_s\":0,\"row_remaining_time_m\":0,\"row_remaining_time_h\":0,\"remaining_time_s\":0,\"remaining_time_m\":0,\"remaining_time_h\":0,\"nickName\":\"N/A\",\"gears\":0,\"target_resistance\":0,\"target_peloton_resistance\":0,\"target_cadence\":0,\"target_power\":0,\"power_zone\":2.9,\"power_zone_lapavg\":2.844117647058825,\"power_zone_lapmax\":2.9,\"target_power_zone\":1,\"power_zone_color\":\"limegreen\",\"target_power_zone_color\":\"white\",\"peloton_resistance\":12,\"peloton_resistance_avg\":12,\"peloton_resistance_color\":\"white\",\"peloton_resistance_lapavg\":12,\"peloton_resistance_lapmax\":12,\"peloton_req_resistance\":0,\"cadence\":85,\"cadence_color\":\"white\",\"cadence_avg\":85,\"cadence_lapavg\":85,\"cadence_lapmax\":85,\"resistance\":12,\"resistance_avg\":12,\"resistance_lapavg\":12,\"resistance_lapmax\":12,\"cranks\":170,\"cranktime\":57204,\"req_power\":0,\"req_cadence\":0,\"req_resistance\":0,\"inclination\":0,\"inclination_avg\":0}}"
seg. ago. 17 17:14:27 2026 1786997667672 Debug: homeform.cpp void homeform::update() homeform::update fired! elapsed: 1021 jitter: -88
seg. ago. 17 17:14:27 2026 1786997667679 Debug: homeform.cpp void homeform::update() homeform::update tiles updated!
seg. ago. 17 17:14:27 2026 1786997667681 Debug: homeform.cpp void homeform::update() Current Distance 1s: 0.2777 28.5634 150
seg. ago. 17 17:14:27 2026 1786997667683 Debug: virtualdevices/virtualbike.cpp void virtualbike::bikeProvider() "bikeProvider" 0 2000 false
seg. ago. 17 17:14:27 2026 1786997667684 Debug: virtualdevices/virtualbike.cpp void virtualbike::bikeProvider() "virtual bike connected"
seg. ago. 17 17:14:27 2026 1786997667686 Debug: virtualdevices/virtualbike.cpp void virtualbike::writeCharacteristic(QLowEnergyService *, const QLowEnergyCharacteristic &, const QByteArray &) "virtualbike::writeCharacteristic Unknown Service  64 02 28 0b aa 00 0c 00 96 00 00 00"
seg. ago. 17 17:14:27 2026 1786997667687 Debug:   Write server characteristic with handle  9 "6402280baa000c0096000000" (service: "{00001826-0000-1000-8000-00805f9b34fb}"
seg. ago. 17 17:14:27 2026 1786997667688 Debug: virtualdevices/virtualbike.cpp void virtualbike::writeCharacteristic(QLowEnergyService *, const QLowEnergyCharacteristic &, const QByteArray &) "virtualbike::writeCharacteristic Heart Rate Heart Rate Measurement 00 00"
seg. ago. 17 17:14:27 2026 1786997667689 Debug:   Write server characteristic with handle  19 "0000" (service: "{0000180d-0000-1000-8000-00805f9b34fb}"
seg. ago. 17 17:14:27 2026 1786997667693 Debug: ./ergtable.h void ergTable::updateDataTable(const CadenceResistancePair &) Added/Updated point: C: 85 W: 150 R: 12
seg. ago. 17 17:14:27 2026 1786997667705 Debug: devices/bluetoothdevice.cpp void bluetoothdevice::update_hr_from_external() WearOS Companion Heart: 0
seg. ago. 17 17:14:27 2026 1786997667843 Debug: ./ergtable.h void ergTable::updateDataTable(const CadenceResistancePair &) Added/Updated point: C: 85 W: 150 R: 12
seg. ago. 17 17:14:27 2026 1786997667867 Debug: devices/bluetoothdevice.cpp void bluetoothdevice::update_hr_from_external() WearOS Companion Heart: 0
seg. ago. 17 17:14:28 2026 1786997668042 Debug: ./ergtable.h void ergTable::updateDataTable(const CadenceResistancePair &) Added/Updated point: C: 85 W: 150 R: 12
seg. ago. 17 17:14:28 2026 1786997668057 Debug: devices/bluetoothdevice.cpp void bluetoothdevice::update_hr_from_external() WearOS Companion Heart: 0
seg. ago. 17 17:14:28 2026 1786997668244 Debug: ./ergtable.h void ergTable::updateDataTable(const CadenceResistancePair &) Added/Updated point: C: 85 W: 150 R: 12
seg. ago. 17 17:14:28 2026 1786997668264 Debug: devices/bluetoothdevice.cpp void bluetoothdevice::update_hr_from_external() WearOS Companion Heart: 0
seg. ago. 17 17:14:28 2026 1786997668443 Debug: ./ergtable.h void ergTable::updateDataTable(const CadenceResistancePair &) Added/Updated point: C: 85 W: 150 R: 12
seg. ago. 17 17:14:28 2026 1786997668462 Debug: devices/bluetoothdevice.cpp void bluetoothdevice::update_hr_from_external() WearOS Companion Heart: 0
seg. ago. 17 17:14:28 2026 1786997668652 Debug: templateinfosender.cpp bool TemplateInfoSender::update(QJSEngine *) "eval res " "{\"msg\":\"workout\",\"content\":{\"BIKE_TYPE\":2,\"ELLIPTICAL_TYPE\":4,\"ROWING_TYPE\":3,\"TREADMILL_TYPE\":1,\"UNKNOWN_TYPE\":0,\"deviceId\":\"00:00:00:00:00:00\",\"deviceName\":\"N/A\",\"deviceRSSI\":1,\"deviceType\":2,\"deviceConnected\":true,\"devicePaused\":false,\"elapsed_s\":34,\"elapsed_m\":0,\"elapsed_h\":0,\"lapelapsed_s\":34,\"lapelapsed_m\":0,\"lapelapsed_h\":0,\"pace_s\":6,\"pace_m\":2,\"pace_h\":0,\"pace_color\":\"white\",\"avgpace_s\":6,\"avgpace_m\":2,\"avgpace_h\":0,\"maxpace_s\":6,\"maxpace_m\":2,\"maxpace_h\":0,\"moving_s\":34,\"moving_m\":0,\"moving_h\":0,\"speed\":28.56343234006481,\"speed_avg\":28.563435982735744,\"speed_color\":\"white\",\"speed_lapavg\":28.563435982735744,\"speed_lapmax\":28.563517581678,\"calories\":7.145972749999995,\"distance\":0.3089295178066961,\"heart\":0,\"heart_color\":\"lightsteelblue\",\"heart_avg\":123.026956,\"heart_lapavg\":123.026956,\"heart_max\":127.08506666666666,\"heart_lapmax\":127.08506666666666,\"target_heart_above\":0,\"target_heart_below\":0,\"jouls\":5225.0999999999985,\"elevation\":0,\"difficult\":1,\"watts\":150,\"watts_avg\":150,\"watts_color\":\"limegreen\",\"watts_lapavg\":150,\"watts_max\":150,\"watts_lapmax\":150,\"kgwatts\":2,\"kgwatts_avg\":2,\"kgwatts_max\":2,\"workoutName\":\"Ride\",\"workoutStartDate\":\"seg. ago. 17 17:13:53 2026\",\"instructorName\":\"\",\"latitude\":null,\"longitude\":null,\"altitude\":null,\"peloton_offset\":0,\"peloton_ask_start\":false,\"autoresistance\":true,\"nextrow\":\"N/A\",\"training_row_index\":0,\"training_row_elapsed\":0,\"training_row_open_ended\":false,\"training_row_wait_for_lap\":false,\"row_remaining_time_s\":0,\"row_remaining_time_m\":0,\"row_remaining_time_h\":0,\"remaining_time_s\":0,\"remaining_time_m\":0,\"remaining_time_h\":0,\"nickName\":\"N/A\",\"gears\":0,\"target_resistance\":0,\"target_peloton_resistance\":0,\"target_cadence\":0,\"target_power\":0,\"power_zone\":2.9,\"power_zone_lapavg\":2.845714285714287,\"power_zone_lapmax\":2.9,\"target_power_zone\":1,\"power_zone_color\":\"limegreen\",\"target_power_zone_color\":\"white\",\"peloton_resistance\":12,\"peloton_resistance_avg\":12,\"peloton_resistance_color\":\"white\",\"peloton_resistance_lapavg\":12,\"peloton_resistance_lapmax\":12,\"peloton_req_resistance\":0,\"cadence\":85,\"cadence_color\":\"white\",\"cadence_avg\":85,\"cadence_lapavg\":85,\"cadence_lapmax\":85,\"resistance\":12,\"resistance_avg\":12,\"resistance_lapavg\":12,\"resistance_lapmax\":12,\"cranks\":175,\"cranktime\":60814,\"req_power\":0,\"req_cadence\":0,\"req_resistance\":0,\"inclination\":0,\"inclination_avg\":0}}"
seg. ago. 17 17:14:28 2026 1786997668676 Debug: homeform.cpp void homeform::update() homeform::update fired! elapsed: 1004 jitter: -84
seg. ago. 17 17:14:28 2026 1786997668684 Debug: homeform.cpp void homeform::update() homeform::update tiles updated!
seg. ago. 17 17:14:28 2026 1786997668687 Debug: homeform.cpp void homeform::update() Current Distance 1s: 0.285634 28.5634 150
seg. ago. 17 17:14:28 2026 1786997668690 Debug: virtualdevices/virtualbike.cpp void virtualbike::bikeProvider() "bikeProvider" 0 2000 false
seg. ago. 17 17:14:28 2026 1786997668691 Debug: virtualdevices/virtualbike.cpp void virtualbike::bikeProvider() "virtual bike connected"
seg. ago. 17 17:14:28 2026 1786997668693 Debug: virtualdevices/virtualbike.cpp void virtualbike::writeCharacteristic(QLowEnergyService *, const QLowEnergyCharacteristic &, const QByteArray &) "virtualbike::writeCharacteristic Unknown Service  64 02 28 0b aa 00 0c 00 96 00 00 00"
seg. ago. 17 17:14:28 2026 1786997668694 Debug:   Write server characteristic with handle  9 "6402280baa000c0096000000" (service: "{00001826-0000-1000-8000-00805f9b34fb}"
seg. ago. 17 17:14:28 2026 1786997668696 Debug: virtualdevices/virtualbike.cpp void virtualbike::writeCharacteristic(QLowEnergyService *, const QLowEnergyCharacteristic &, const QByteArray &) "virtualbike::writeCharacteristic Heart Rate Heart Rate Measurement 00 00"
seg. ago. 17 17:14:28 2026 1786997668697 Debug:   Write server characteristic with handle  19 "0000" (service: "{0000180d-0000-1000-8000-00805f9b34fb}"
seg. ago. 17 17:14:28 2026 1786997668702 Debug: ./ergtable.h void ergTable::updateDataTable(const CadenceResistancePair &) Added/Updated point: C: 85 W: 150 R: 12
seg. ago. 17 17:14:28 2026 1786997668718 Debug: devices/bluetoothdevice.cpp void bluetoothdevice::update_hr_from_external() WearOS Companion Heart: 0
seg. ago. 17 17:14:28 2026 1786997668841 Debug: ./ergtable.h void ergTable::updateDataTable(const CadenceResistancePair &) Added/Updated point: C: 85 W: 150 R: 12
seg. ago. 17 17:14:28 2026 1786997668855 Debug: devices/bluetoothdevice.cpp void bluetoothdevice::update_hr_from_external() WearOS Companion Heart: 0
seg. ago. 17 17:14:29 2026 1786997669043 Debug: ./ergtable.h void ergTable::updateDataTable(const CadenceResistancePair &) Added/Updated point: C: 85 W: 150 R: 12
seg. ago. 17 17:14:29 2026 1786997669065 Debug: devices/bluetoothdevice.cpp void bluetoothdevice::update_hr_from_external() WearOS Companion Heart: 0
seg. ago. 17 17:14:29 2026 1786997669243 Debug: ./ergtable.h void ergTable::updateDataTable(const CadenceResistancePair &) Added/Updated point: C: 85 W: 150 R: 12
seg. ago. 17 17:14:29 2026 1786997669264 Debug: devices/bluetoothdevice.cpp void bluetoothdevice::update_hr_from_external() WearOS Companion Heart: 0
seg. ago. 17 17:14:29 2026 1786997669443 Debug: ./ergtable.h void ergTable::updateDataTable(const CadenceResistancePair &) Added/Updated point: C: 85 W: 150 R: 12
seg. ago. 17 17:14:29 2026 1786997669462 Debug: devices/bluetoothdevice.cpp void bluetoothdevice::update_hr_from_external() WearOS Companion Heart: 0
seg. ago. 17 17:14:29 2026 1786997669646 Debug: templateinfosender.cpp bool TemplateInfoSender::update(QJSEngine *) "eval res " "{\"msg\":\"workout\",\"content\":{\"BIKE_TYPE\":2,\"ELLIPTICAL_TYPE\":4,\"ROWING_TYPE\":3,\"TREADMILL_TYPE\":1,\"UNKNOWN_TYPE\":0,\"deviceId\":\"00:00:00:00:00:00\",\"deviceName\":\"N/A\",\"deviceRSSI\":1,\"deviceType\":2,\"deviceConnected\":true,\"devicePaused\":false,\"elapsed_s\":35,\"elapsed_m\":0,\"elapsed_h\":0,\"lapelapsed_s\":35,\"lapelapsed_m\":0,\"lapelapsed_h\":0,\"pace_s\":6,\"pace_m\":2,\"pace_h\":0,\"pace_color\":\"white\",\"avgpace_s\":6,\"avgpace_m\":2,\"avgpace_h\":0,\"maxpace_s\":6,\"maxpace_m\":2,\"maxpace_h\":0,\"moving_s\":35,\"moving_m\":0,\"moving_h\":0,\"speed\":28.56343234006481,\"speed_avg\":28.563435881550433,\"speed_color\":\"white\",\"speed_lapavg\":28.563435881550433,\"speed_lapmax\":28.563517581678,\"calories\":7.329503999999996,\"distance\":0.31686380456782526,\"heart\":0,\"heart_color\":\"lightsteelblue\",\"heart_avg\":123.14364537037038,\"heart_lapavg\":123.14364537037038,\"heart_max\":127.3184,\"heart_lapmax\":127.3184,\"target_heart_above\":0,\"target_heart_below\":0,\"jouls\":5375.249999999999,\"elevation\":0,\"difficult\":1,\"watts\":150,\"watts_avg\":150,\"watts_color\":\"limegreen\",\"watts_lapavg\":150,\"watts_max\":150,\"watts_lapmax\":150,\"kgwatts\":2,\"kgwatts_avg\":2,\"kgwatts_max\":2,\"workoutName\":\"Ride\",\"workoutStartDate\":\"seg. ago. 17 17:13:53 2026\",\"instructorName\":\"\",\"latitude\":null,\"longitude\":null,\"altitude\":null,\"peloton_offset\":0,\"peloton_ask_start\":false,\"autoresistance\":true,\"nextrow\":\"N/A\",\"training_row_index\":0,\"training_row_elapsed\":0,\"training_row_open_ended\":false,\"training_row_wait_for_lap\":false,\"row_remaining_time_s\":0,\"row_remaining_time_m\":0,\"row_remaining_time_h\":0,\"remaining_time_s\":0,\"remaining_time_m\":0,\"remaining_time_h\":0,\"nickName\":\"N/A\",\"gears\":0,\"target_resistance\":0,\"target_peloton_resistance\":0,\"target_cadence\":0,\"target_power\":0,\"power_zone\":2.9,\"power_zone_lapavg\":2.8472222222222237,\"power_zone_lapmax\":2.9,\"target_power_zone\":1,\"power_zone_color\":\"limegreen\",\"target_power_zone_color\":\"white\",\"peloton_resistance\":12,\"peloton_resistance_avg\":12,\"peloton_resistance_color\":\"white\",\"peloton_resistance_lapavg\":12,\"peloton_resistance_lapmax\":12,\"peloton_req_resistance\":0,\"cadence\":85,\"cadence_color\":\"white\",\"cadence_avg\":85,\"cadence_lapavg\":85,\"cadence_lapmax\":85,\"resistance\":12,\"resistance_avg\":12,\"resistance_lapavg\":12,\"resistance_lapmax\":12,\"cranks\":180,\"cranktime\":64424,\"req_power\":0,\"req_cadence\":0,\"req_resistance\":0,\"inclination\":0,\"inclination_avg\":0}}"
seg. ago. 17 17:14:29 2026 1786997669657 Debug: homeform.cpp void homeform::update() homeform::update fired! elapsed: 982 jitter: -102
seg. ago. 17 17:14:29 2026 1786997669663 Debug: homeform.cpp void homeform::update() homeform::update tiles updated!
seg. ago. 17 17:14:29 2026 1786997669665 Debug: homeform.cpp void homeform::update() Current Distance 1s: 0.293569 28.5634 150
seg. ago. 17 17:14:29 2026 1786997669667 Debug: virtualdevices/virtualbike.cpp void virtualbike::bikeProvider() "bikeProvider" 0 2000 false
seg. ago. 17 17:14:29 2026 1786997669668 Debug: virtualdevices/virtualbike.cpp void virtualbike::bikeProvider() "virtual bike connected"
seg. ago. 17 17:14:29 2026 1786997669669 Debug: virtualdevices/virtualbike.cpp void virtualbike::writeCharacteristic(QLowEnergyService *, const QLowEnergyCharacteristic &, const QByteArray &) "virtualbike::writeCharacteristic Unknown Service  64 02 28 0b aa 00 0c 00 96 00 00 00"
seg. ago. 17 17:14:29 2026 1786997669670 Debug:   Write server characteristic with handle  9 "6402280baa000c0096000000" (service: "{00001826-0000-1000-8000-00805f9b34fb}"
seg. ago. 17 17:14:29 2026 1786997669672 Debug: virtualdevices/virtualbike.cpp void virtualbike::writeCharacteristic(QLowEnergyService *, const QLowEnergyCharacteristic &, const QByteArray &) "virtualbike::writeCharacteristic Heart Rate Heart Rate Measurement 00 00"
seg. ago. 17 17:14:29 2026 1786997669673 Debug:   Write server characteristic with handle  19 "0000" (service: "{0000180d-0000-1000-8000-00805f9b34fb}"
seg. ago. 17 17:14:29 2026 1786997669677 Debug: ./ergtable.h void ergTable::updateDataTable(const CadenceResistancePair &) Added/Updated point: C: 85 W: 150 R: 12
seg. ago. 17 17:14:29 2026 1786997669691 Debug: devices/bluetoothdevice.cpp void bluetoothdevice::update_hr_from_external() WearOS Companion Heart: 0
seg. ago. 17 17:14:29 2026 1786997669841 Debug: ./ergtable.h void ergTable::updateDataTable(const CadenceResistancePair &) Added/Updated point: C: 85 W: 150 R: 12
seg. ago. 17 17:14:29 2026 1786997669860 Debug: devices/bluetoothdevice.cpp void bluetoothdevice::update_hr_from_external() WearOS Companion Heart: 0
seg. ago. 17 17:14:30 2026 1786997670043 Debug: ./ergtable.h void ergTable::updateDataTable(const CadenceResistancePair &) Added/Updated point: C: 85 W: 150 R: 12
seg. ago. 17 17:14:30 2026 1786997670063 Debug: devices/bluetoothdevice.cpp void bluetoothdevice::update_hr_from_external() WearOS Companion Heart: 0
seg. ago. 17 17:14:30 2026 1786997670243 Debug: ./ergtable.h void ergTable::updateDataTable(const CadenceResistancePair &) Added/Updated point: C: 85 W: 150 R: 12
seg. ago. 17 17:14:30 2026 1786997670258 Debug: devices/bluetoothdevice.cpp void bluetoothdevice::update_hr_from_external() WearOS Companion Heart: 0
seg. ago. 17 17:14:30 2026 1786997670441 Debug: ./ergtable.h void ergTable::updateDataTable(const CadenceResistancePair &) Added/Updated point: C: 85 W: 150 R: 12
seg. ago. 17 17:14:30 2026 1786997670461 Debug: devices/bluetoothdevice.cpp void bluetoothdevice::update_hr_from_external() WearOS Companion Heart: 0
seg. ago. 17 17:14:30 2026 1786997670644 Debug: templateinfosender.cpp bool TemplateInfoSender::update(QJSEngine *) "eval res " "{\"msg\":\"workout\",\"content\":{\"BIKE_TYPE\":2,\"ELLIPTICAL_TYPE\":4,\"ROWING_TYPE\":3,\"TREADMILL_TYPE\":1,\"UNKNOWN_TYPE\":0,\"deviceId\":\"00:00:00:00:00:00\",\"deviceName\":\"N/A\",\"deviceRSSI\":1,\"deviceType\":2,\"deviceConnected\":true,\"devicePaused\":false,\"elapsed_s\":36,\"elapsed_m\":0,\"elapsed_h\":0,\"lapelapsed_s\":36,\"lapelapsed_m\":0,\"lapelapsed_h\":0,\"pace_s\":6,\"pace_m\":2,\"pace_h\":0,\"pace_color\":\"white\",\"avgpace_s\":6,\"avgpace_m\":2,\"avgpace_h\":0,\"maxpace_s\":6,\"maxpace_m\":2,\"maxpace_h\":0,\"moving_s\":36,\"moving_m\":0,\"moving_h\":0,\"speed\":28.56343234006481,\"speed_avg\":28.5634357858346,\"speed_color\":\"white\",\"speed_lapavg\":28.5634357858346,\"speed_lapmax\":28.563517581678,\"calories\":7.512851718749995,\"distance\":0.32479015704219316,\"heart\":0,\"heart_color\":\"lightsteelblue\",\"heart_avg\":123.26029945945946,\"heart_lapavg\":123.26029945945946,\"heart_max\":127.5515,\"heart_lapmax\":127.5515,\"target_heart_above\":0,\"target_heart_below\":0,\"jouls\":5524.95,\"elevation\":0,\"difficult\":1,\"watts\":150,\"watts_avg\":150,\"watts_color\":\"limegreen\",\"watts_lapavg\":150,\"watts_max\":150,\"watts_lapmax\":150,\"kgwatts\":2,\"kgwatts_avg\":2,\"kgwatts_max\":2,\"workoutName\":\"Ride\",\"workoutStartDate\":\"seg. ago. 17 17:13:53 2026\",\"instructorName\":\"\",\"latitude\":null,\"longitude\":null,\"altitude\":null,\"peloton_offset\":0,\"peloton_ask_start\":false,\"autoresistance\":true,\"nextrow\":\"N/A\",\"training_row_index\":0,\"training_row_elapsed\":0,\"training_row_open_ended\":false,\"training_row_wait_for_lap\":false,\"row_remaining_time_s\":0,\"row_remaining_time_m\":0,\"row_remaining_time_h\":0,\"remaining_time_s\":0,\"remaining_time_m\":0,\"remaining_time_h\":0,\"nickName\":\"N/A\",\"gears\":0,\"target_resistance\":0,\"target_peloton_resistance\":0,\"target_cadence\":0,\"target_power\":0,\"power_zone\":2.9,\"power_zone_lapavg\":2.84864864864865,\"power_zone_lapmax\":2.9,\"target_power_zone\":1,\"power_zone_color\":\"limegreen\",\"target_power_zone_color\":\"white\",\"peloton_resistance\":12,\"peloton_resistance_avg\":12,\"peloton_resistance_color\":\"white\",\"peloton_resistance_lapavg\":12,\"peloton_resistance_lapmax\":12,\"peloton_req_resistance\":0,\"cadence\":85,\"cadence_color\":\"white\",\"cadence_avg\":85,\"cadence_lapavg\":85,\"cadence_lapmax\":85,\"resistance\":12,\"resistance_avg\":12,\"resistance_lapavg\":12,\"resistance_lapmax\":12,\"cranks\":185,\"cranktime\":2498,\"req_power\":0,\"req_cadence\":0,\"req_resistance\":0,\"inclination\":0,\"inclination_avg\":0}}"
seg. ago. 17 17:14:30 2026 1786997670657 Debug: homeform.cpp void homeform::update() homeform::update fired! elapsed: 999 jitter: -103
seg. ago. 17 17:14:30 2026 1786997670664 Debug: homeform.cpp void homeform::update() homeform::update tiles updated!
seg. ago. 17 17:14:30 2026 1786997670667 Debug: homeform.cpp void homeform::update() Current Distance 1s: 0.301503 28.5634 150
seg. ago. 17 17:14:30 2026 1786997670671 Debug: virtualdevices/virtualbike.cpp void virtualbike::bikeProvider() "bikeProvider" 0 2000 false
seg. ago. 17 17:14:30 2026 1786997670673 Debug: virtualdevices/virtualbike.cpp void virtualbike::bikeProvider() "virtual bike connected"
seg. ago. 17 17:14:30 2026 1786997670676 Debug: virtualdevices/virtualbike.cpp void virtualbike::writeCharacteristic(QLowEnergyService *, const QLowEnergyCharacteristic &, const QByteArray &) "virtualbike::writeCharacteristic Unknown Service  64 02 28 0b aa 00 0c 00 96 00 00 00"
seg. ago. 17 17:14:30 2026 1786997670677 Debug:   Write server characteristic with handle  9 "6402280baa000c0096000000" (service: "{00001826-0000-1000-8000-00805f9b34fb}"
seg. ago. 17 17:14:30 2026 1786997670679 Debug: virtualdevices/virtualbike.cpp void virtualbike::writeCharacteristic(QLowEnergyService *, const QLowEnergyCharacteristic &, const QByteArray &) "virtualbike::writeCharacteristic Heart Rate Heart Rate Measurement 00 00"
seg. ago. 17 17:14:30 2026 1786997670681 Debug:   Write server characteristic with handle  19 "0000" (service: "{0000180d-0000-1000-8000-00805f9b34fb}"
seg. ago. 17 17:14:30 2026 1786997670686 Debug: ./ergtable.h void ergTable::updateDataTable(const CadenceResistancePair &) Added/Updated point: C: 85 W: 150 R: 12
seg. ago. 17 17:14:30 2026 1786997670701 Debug: devices/bluetoothdevice.cpp void bluetoothdevice::update_hr_from_external() WearOS Companion Heart: 0
seg. ago. 17 17:14:30 2026 1786997670841 Debug: ./ergtable.h void ergTable::updateDataTable(const CadenceResistancePair &) Added/Updated point: C: 85 W: 150 R: 12
seg. ago. 17 17:14:30 2026 1786997670859 Debug: devices/bluetoothdevice.cpp void bluetoothdevice::update_hr_from_external() WearOS Companion Heart: 0
seg. ago. 17 17:14:31 2026 1786997671043 Debug: ./ergtable.h void ergTable::updateDataTable(const CadenceResistancePair &) Added/Updated point: C: 85 W: 150 R: 12
seg. ago. 17 17:14:31 2026 1786997671063 Debug: devices/bluetoothdevice.cpp void bluetoothdevice::update_hr_from_external() WearOS Companion Heart: 0
seg. ago. 17 17:14:31 2026 1786997671241 Debug: ./ergtable.h void ergTable::updateDataTable(const CadenceResistancePair &) Added/Updated point: C: 85 W: 150 R: 12
seg. ago. 17 17:14:31 2026 1786997671257 Debug: devices/bluetoothdevice.cpp void bluetoothdevice::update_hr_from_external() WearOS Companion Heart: 0
seg. ago. 17 17:14:31 2026 1786997671441 Debug: ./ergtable.h void ergTable::updateDataTable(const CadenceResistancePair &) Added/Updated point: C: 85 W: 150 R: 12
seg. ago. 17 17:14:31 2026 1786997671456 Debug: devices/bluetoothdevice.cpp void bluetoothdevice::update_hr_from_external() WearOS Companion Heart: 0
seg. ago. 17 17:14:31 2026 1786997671643 Debug: templateinfosender.cpp bool TemplateInfoSender::update(QJSEngine *) "eval res " "{\"msg\":\"workout\",\"content\":{\"BIKE_TYPE\":2,\"ELLIPTICAL_TYPE\":4,\"ROWING_TYPE\":3,\"TREADMILL_TYPE\":1,\"UNKNOWN_TYPE\":0,\"deviceId\":\"00:00:00:00:00:00\",\"deviceName\":\"N/A\",\"deviceRSSI\":1,\"deviceType\":2,\"deviceConnected\":true,\"devicePaused\":false,\"elapsed_s\":37,\"elapsed_m\":0,\"elapsed_h\":0,\"lapelapsed_s\":37,\"lapelapsed_m\":0,\"lapelapsed_h\":0,\"pace_s\":6,\"pace_m\":2,\"pace_h\":0,\"pace_color\":\"white\",\"avgpace_s\":6,\"avgpace_m\":2,\"avgpace_h\":0,\"maxpace_s\":6,\"maxpace_m\":2,\"maxpace_h\":0,\"moving_s\":37,\"moving_m\":0,\"moving_h\":0,\"speed\":28.56343234006481,\"speed_avg\":28.56343569515644,\"speed_color\":\"white\",\"speed_lapavg\":28.56343569515644,\"speed_lapmax\":28.563517581678,\"calories\":7.696382968749995,\"distance\":0.3327244438033222,\"heart\":0,\"heart_color\":\"lightsteelblue\",\"heart_avg\":123.37696649122806,\"heart_lapavg\":123.37696649122806,\"heart_max\":127.78483333333334,\"heart_lapmax\":127.78483333333334,\"target_heart_above\":0,\"target_heart_below\":0,\"jouls\":5675.099999999999,\"elevation\":0,\"difficult\":1,\"watts\":150,\"watts_avg\":150,\"watts_color\":\"limegreen\",\"watts_lapavg\":150,\"watts_max\":150,\"watts_lapmax\":150,\"kgwatts\":2,\"kgwatts_avg\":2,\"kgwatts_max\":2,\"workoutName\":\"Ride\",\"workoutStartDate\":\"seg. ago. 17 17:13:53 2026\",\"instructorName\":\"\",\"latitude\":null,\"longitude\":null,\"altitude\":null,\"peloton_offset\":0,\"peloton_ask_start\":false,\"autoresistance\":true,\"nextrow\":\"N/A\",\"training_row_index\":0,\"training_row_elapsed\":0,\"training_row_open_ended\":false,\"training_row_wait_for_lap\":false,\"row_remaining_time_s\":0,\"row_remaining_time_m\":0,\"row_remaining_time_h\":0,\"remaining_time_s\":0,\"remaining_time_m\":0,\"remaining_time_h\":0,\"nickName\":\"N/A\",\"gears\":0,\"target_resistance\":0,\"target_peloton_resistance\":0,\"target_cadence\":0,\"target_power\":0,\"power_zone\":2.9,\"power_zone_lapavg\":2.850000000000002,\"power_zone_lapmax\":2.9,\"target_power_zone\":1,\"power_zone_color\":\"limegreen\",\"target_power_zone_color\":\"white\",\"peloton_resistance\":12,\"peloton_resistance_avg\":12,\"peloton_resistance_color\":\"white\",\"peloton_resistance_lapavg\":12,\"peloton_resistance_lapmax\":12,\"peloton_req_resistance\":0,\"cadence\":85,\"cadence_color\":\"white\",\"cadence_avg\":85,\"cadence_lapavg\":85,\"cadence_lapmax\":85,\"resistance\":12,\"resistance_avg\":12,\"resistance_lapavg\":12,\"resistance_lapmax\":12,\"cranks\":190,\"cranktime\":6108,\"req_power\":0,\"req_cadence\":0,\"req_resistance\":0,\"inclination\":0,\"inclination_avg\":0}}"
seg. ago. 17 17:14:31 2026 1786997671652 Debug: homeform.cpp void homeform::update() homeform::update fired! elapsed: 995 jitter: -108
seg. ago. 17 17:14:31 2026 1786997671657 Debug: homeform.cpp void homeform::update() homeform::update tiles updated!
seg. ago. 17 17:14:31 2026 1786997671658 Debug: homeform.cpp void homeform::update() Current Distance 1s: 0.309437 28.5634 150
seg. ago. 17 17:14:31 2026 1786997671661 Debug: virtualdevices/virtualbike.cpp void virtualbike::bikeProvider() "bikeProvider" 0 2000 false
seg. ago. 17 17:14:31 2026 1786997671662 Debug: virtualdevices/virtualbike.cpp void virtualbike::bikeProvider() "virtual bike connected"
seg. ago. 17 17:14:31 2026 1786997671664 Debug: virtualdevices/virtualbike.cpp void virtualbike::writeCharacteristic(QLowEnergyService *, const QLowEnergyCharacteristic &, const QByteArray &) "virtualbike::writeCharacteristic Unknown Service  64 02 28 0b aa 00 0c 00 96 00 00 00"
seg. ago. 17 17:14:31 2026 1786997671666 Debug:   Write server characteristic with handle  9 "6402280baa000c0096000000" (service: "{00001826-0000-1000-8000-00805f9b34fb}"
seg. ago. 17 17:14:31 2026 1786997671668 Debug: virtualdevices/virtualbike.cpp void virtualbike::writeCharacteristic(QLowEnergyService *, const QLowEnergyCharacteristic &, const QByteArray &) "virtualbike::writeCharacteristic Heart Rate Heart Rate Measurement 00 00"
seg. ago. 17 17:14:31 2026 1786997671669 Debug:   Write server characteristic with handle  19 "0000" (service: "{0000180d-0000-1000-8000-00805f9b34fb}"
seg. ago. 17 17:14:31 2026 1786997671673 Debug: ./ergtable.h void ergTable::updateDataTable(const CadenceResistancePair &) Added/Updated point: C: 85 W: 150 R: 12
seg. ago. 17 17:14:31 2026 1786997671689 Debug: devices/bluetoothdevice.cpp void bluetoothdevice::update_hr_from_external() WearOS Companion Heart: 0
seg. ago. 17 17:14:31 2026 1786997671842 Debug: ./ergtable.h void ergTable::updateDataTable(const CadenceResistancePair &) Added/Updated point: C: 85 W: 150 R: 12
seg. ago. 17 17:14:31 2026 1786997671859 Debug: devices/bluetoothdevice.cpp void bluetoothdevice::update_hr_from_external() WearOS Companion Heart: 0
seg. ago. 17 17:14:32 2026 1786997672043 Debug: ./ergtable.h void ergTable::updateDataTable(const CadenceResistancePair &) Added/Updated point: C: 85 W: 150 R: 12
seg. ago. 17 17:14:32 2026 1786997672063 Debug: devices/bluetoothdevice.cpp void bluetoothdevice::update_hr_from_external() WearOS Companion Heart: 0
seg. ago. 17 17:14:32 2026 1786997672241 Debug: ./ergtable.h void ergTable::updateDataTable(const CadenceResistancePair &) Added/Updated point: C: 85 W: 150 R: 12
seg. ago. 17 17:14:32 2026 1786997672257 Debug: devices/bluetoothdevice.cpp void bluetoothdevice::update_hr_from_external() WearOS Companion Heart: 0
seg. ago. 17 17:14:32 2026 1786997672442 Debug: ./ergtable.h void ergTable::updateDataTable(const CadenceResistancePair &) Added/Updated point: C: 85 W: 150 R: 12
seg. ago. 17 17:14:32 2026 1786997672461 Debug: devices/bluetoothdevice.cpp void bluetoothdevice::update_hr_from_external() WearOS Companion Heart: 0
seg. ago. 17 17:14:32 2026 1786997672642 Debug: templateinfosender.cpp bool TemplateInfoSender::update(QJSEngine *) "eval res " "{\"msg\":\"workout\",\"content\":{\"BIKE_TYPE\":2,\"ELLIPTICAL_TYPE\":4,\"ROWING_TYPE\":3,\"TREADMILL_TYPE\":1,\"UNKNOWN_TYPE\":0,\"deviceId\":\"00:00:00:00:00:00\",\"deviceName\":\"N/A\",\"deviceRSSI\":1,\"deviceType\":2,\"deviceConnected\":true,\"devicePaused\":false,\"elapsed_s\":38,\"elapsed_m\":0,\"elapsed_h\":0,\"lapelapsed_s\":38,\"lapelapsed_m\":0,\"lapelapsed_h\":0,\"pace_s\":6,\"pace_m\":2,\"pace_h\":0,\"pace_color\":\"white\",\"avgpace_s\":6,\"avgpace_m\":2,\"avgpace_h\":0,\"maxpace_s\":6,\"maxpace_m\":2,\"maxpace_h\":0,\"moving_s\":38,\"moving_m\":0,\"moving_h\":0,\"speed\":28.56343234006481,\"speed_avg\":28.56343560912844,\"speed_color\":\"white\",\"speed_lapavg\":28.56343560912844,\"speed_lapmax\":28.563517581678,\"calories\":7.880097749999995,\"distance\":0.3406666648512125,\"heart\":0,\"heart_color\":\"lightsteelblue\",\"heart_avg\":123.49361914529914,\"heart_lapavg\":123.49361914529914,\"heart_max\":128.0184,\"heart_lapmax\":128.0184,\"target_heart_above\":0,\"target_heart_below\":0,\"jouls\":5825.099999999999,\"elevation\":0,\"difficult\":1,\"watts\":150,\"watts_avg\":150,\"watts_color\":\"limegreen\",\"watts_lapavg\":150,\"watts_max\":150,\"watts_lapmax\":150,\"kgwatts\":2,\"kgwatts_avg\":2,\"kgwatts_max\":2,\"workoutName\":\"Ride\",\"workoutStartDate\":\"seg. ago. 17 17:13:53 2026\",\"instructorName\":\"\",\"latitude\":null,\"longitude\":null,\"altitude\":null,\"peloton_offset\":0,\"peloton_ask_start\":false,\"autoresistance\":true,\"nextrow\":\"N/A\",\"training_row_index\":0,\"training_row_elapsed\":0,\"training_row_open_ended\":false,\"training_row_wait_for_lap\":false,\"row_remaining_time_s\":0,\"row_remaining_time_m\":0,\"row_remaining_time_h\":0,\"remaining_time_s\":0,\"remaining_time_m\":0,\"remaining_time_h\":0,\"nickName\":\"N/A\",\"gears\":0,\"target_resistance\":0,\"target_peloton_resistance\":0,\"target_cadence\":0,\"target_power\":0,\"power_zone\":2.9,\"power_zone_lapavg\":2.851282051282053,\"power_zone_lapmax\":2.9,\"target_power_zone\":1,\"power_zone_color\":\"limegreen\",\"target_power_zone_color\":\"white\",\"peloton_resistance\":12,\"peloton_resistance_avg\":12,\"peloton_resistance_color\":\"white\",\"peloton_resistance_lapavg\":12,\"peloton_resistance_lapmax\":12,\"peloton_req_resistance\":0,\"cadence\":85,\"cadence_color\":\"white\",\"cadence_avg\":85,\"cadence_lapavg\":85,\"cadence_lapmax\":85,\"resistance\":12,\"resistance_avg\":12,\"resistance_lapavg\":12,\"resistance_lapmax\":12,\"cranks\":195,\"cranktime\":9718,\"req_power\":0,\"req_cadence\":0,\"req_resistance\":0,\"inclination\":0,\"inclination_avg\":0}}"
seg. ago. 17 17:14:32 2026 1786997672652 Debug: homeform.cpp void homeform::update() homeform::update fired! elapsed: 1001 jitter: -107
seg. ago. 17 17:14:32 2026 1786997672659 Debug: homeform.cpp void homeform::update() homeform::update tiles updated!
seg. ago. 17 17:14:32 2026 1786997672660 Debug: homeform.cpp void homeform::update() Current Distance 1s: 0.317372 28.5634 150
seg. ago. 17 17:14:32 2026 1786997672663 Debug: virtualdevices/virtualbike.cpp void virtualbike::bikeProvider() "bikeProvider" 0 2000 false
seg. ago. 17 17:14:32 2026 1786997672665 Debug: virtualdevices/virtualbike.cpp void virtualbike::bikeProvider() "virtual bike connected"
seg. ago. 17 17:14:32 2026 1786997672666 Debug: virtualdevices/virtualbike.cpp void virtualbike::writeCharacteristic(QLowEnergyService *, const QLowEnergyCharacteristic &, const QByteArray &) "virtualbike::writeCharacteristic Unknown Service  64 02 28 0b aa 00 0c 00 96 00 00 00"
seg. ago. 17 17:14:32 2026 1786997672668 Debug:   Write server characteristic with handle  9 "6402280baa000c0096000000" (service: "{00001826-0000-1000-8000-00805f9b34fb}"
seg. ago. 17 17:14:32 2026 1786997672670 Debug: virtualdevices/virtualbike.cpp void virtualbike::writeCharacteristic(QLowEnergyService *, const QLowEnergyCharacteristic &, const QByteArray &) "virtualbike::writeCharacteristic Heart Rate Heart Rate Measurement 00 00"
seg. ago. 17 17:14:32 2026 1786997672672 Debug:   Write server characteristic with handle  19 "0000" (service: "{0000180d-0000-1000-8000-00805f9b34fb}"
seg. ago. 17 17:14:32 2026 1786997672678 Debug: ./ergtable.h void ergTable::updateDataTable(const CadenceResistancePair &) Added/Updated point: C: 85 W: 150 R: 12
seg. ago. 17 17:14:32 2026 1786997672694 Debug: devices/bluetoothdevice.cpp void bluetoothdevice::update_hr_from_external() WearOS Companion Heart: 0
seg. ago. 17 17:14:32 2026 1786997672842 Debug: ./ergtable.h void ergTable::updateDataTable(const CadenceResistancePair &) Added/Updated point: C: 85 W: 150 R: 12
seg. ago. 17 17:14:32 2026 1786997672858 Debug: devices/bluetoothdevice.cpp void bluetoothdevice::update_hr_from_external() WearOS Companion Heart: 0
seg. ago. 17 17:14:33 2026 1786997673041 Debug: ./ergtable.h void ergTable::updateDataTable(const CadenceResistancePair &) Added/Updated point: C: 85 W: 150 R: 12
seg. ago. 17 17:14:33 2026 1786997673058 Debug: devices/bluetoothdevice.cpp void bluetoothdevice::update_hr_from_external() WearOS Companion Heart: 0
seg. ago. 17 17:14:33 2026 1786997673243 Debug: ./ergtable.h void ergTable::updateDataTable(const CadenceResistancePair &) Added/Updated point: C: 85 W: 150 R: 12
seg. ago. 17 17:14:33 2026 1786997673262 Debug: devices/bluetoothdevice.cpp void bluetoothdevice::update_hr_from_external() WearOS Companion Heart: 0
seg. ago. 17 17:14:33 2026 1786997673441 Debug: ./ergtable.h void ergTable::updateDataTable(const CadenceResistancePair &) Added/Updated point: C: 85 W: 150 R: 12
seg. ago. 17 17:14:33 2026 1786997673459 Debug: devices/bluetoothdevice.cpp void bluetoothdevice::update_hr_from_external() WearOS Companion Heart: 0
seg. ago. 17 17:14:33 2026 1786997673645 Debug: templateinfosender.cpp bool TemplateInfoSender::update(QJSEngine *) "eval res " "{\"msg\":\"workout\",\"content\":{\"BIKE_TYPE\":2,\"ELLIPTICAL_TYPE\":4,\"ROWING_TYPE\":3,\"TREADMILL_TYPE\":1,\"UNKNOWN_TYPE\":0,\"deviceId\":\"00:00:00:00:00:00\",\"deviceName\":\"N/A\",\"deviceRSSI\":1,\"deviceType\":2,\"deviceConnected\":true,\"devicePaused\":false,\"elapsed_s\":39,\"elapsed_m\":0,\"elapsed_h\":0,\"lapelapsed_s\":39,\"lapelapsed_m\":0,\"lapelapsed_h\":0,\"pace_s\":6,\"pace_m\":2,\"pace_h\":0,\"pace_color\":\"white\",\"avgpace_s\":6,\"avgpace_m\":2,\"avgpace_h\":0,\"maxpace_s\":6,\"maxpace_m\":2,\"maxpace_h\":0,\"moving_s\":39,\"moving_m\":0,\"moving_h\":0,\"speed\":28.56343234006481,\"speed_avg\":28.563435527401843,\"speed_color\":\"white\",\"speed_lapavg\":28.563435527401843,\"speed_lapmax\":28.563517581678,\"calories\":8.063445468749995,\"distance\":0.3485930173255804,\"heart\":0,\"heart_color\":\"lightsteelblue\",\"heart_avg\":123.61027833333331,\"heart_lapavg\":123.61027833333331,\"heart_max\":128.2515,\"heart_lapmax\":128.2515,\"target_heart_above\":0,\"target_heart_below\":0,\"jouls\":5974.95,\"elevation\":0,\"difficult\":1,\"watts\":150,\"watts_avg\":150,\"watts_color\":\"limegreen\",\"watts_lapavg\":150,\"watts_max\":150,\"watts_lapmax\":150,\"kgwatts\":2,\"kgwatts_avg\":2,\"kgwatts_max\":2,\"workoutName\":\"Ride\",\"workoutStartDate\":\"seg. ago. 17 17:13:53 2026\",\"instructorName\":\"\",\"latitude\":null,\"longitude\":null,\"altitude\":null,\"peloton_offset\":0,\"peloton_ask_start\":false,\"autoresistance\":true,\"nextrow\":\"N/A\",\"training_row_index\":0,\"training_row_elapsed\":0,\"training_row_open_ended\":false,\"training_row_wait_for_lap\":false,\"row_remaining_time_s\":0,\"row_remaining_time_m\":0,\"row_remaining_time_h\":0,\"remaining_time_s\":0,\"remaining_time_m\":0,\"remaining_time_h\":0,\"nickName\":\"N/A\",\"gears\":0,\"target_resistance\":0,\"target_peloton_resistance\":0,\"target_cadence\":0,\"target_power\":0,\"power_zone\":2.9,\"power_zone_lapavg\":2.852500000000002,\"power_zone_lapmax\":2.9,\"target_power_zone\":1,\"power_zone_color\":\"limegreen\",\"target_power_zone_color\":\"white\",\"peloton_resistance\":12,\"peloton_resistance_avg\":12,\"peloton_resistance_color\":\"white\",\"peloton_resistance_lapavg\":12,\"peloton_resistance_lapmax\":12,\"peloton_req_resistance\":0,\"cadence\":85,\"cadence_color\":\"white\",\"cadence_avg\":85,\"cadence_lapavg\":85,\"cadence_lapmax\":85,\"resistance\":12,\"resistance_avg\":12,\"resistance_lapavg\":12,\"resistance_lapmax\":12,\"cranks\":200,\"cranktime\":13328,\"req_power\":0,\"req_cadence\":0,\"req_resistance\":0,\"inclination\":0,\"inclination_avg\":0}}"
seg. ago. 17 17:14:33 2026 1786997673655 Debug: homeform.cpp void homeform::update() homeform::update fired! elapsed: 1002 jitter: -105
seg. ago. 17 17:14:33 2026 1786997673661 Debug: homeform.cpp void homeform::update() homeform::update tiles updated!
seg. ago. 17 17:14:33 2026 1786997673663 Debug: homeform.cpp void homeform::update() Current Distance 1s: 0.325306 28.5634 150
seg. ago. 17 17:14:33 2026 1786997673666 Debug: virtualdevices/virtualbike.cpp void virtualbike::bikeProvider() "bikeProvider" 0 2000 false
seg. ago. 17 17:14:33 2026 1786997673668 Debug: virtualdevices/virtualbike.cpp void virtualbike::bikeProvider() "virtual bike connected"
seg. ago. 17 17:14:33 2026 1786997673671 Debug: virtualdevices/virtualbike.cpp void virtualbike::writeCharacteristic(QLowEnergyService *, const QLowEnergyCharacteristic &, const QByteArray &) "virtualbike::writeCharacteristic Unknown Service  64 02 28 0b aa 00 0c 00 96 00 00 00"
seg. ago. 17 17:14:33 2026 1786997673673 Debug:   Write server characteristic with handle  9 "6402280baa000c0096000000" (service: "{00001826-0000-1000-8000-00805f9b34fb}"
seg. ago. 17 17:14:33 2026 1786997673675 Debug: virtualdevices/virtualbike.cpp void virtualbike::writeCharacteristic(QLowEnergyService *, const QLowEnergyCharacteristic &, const QByteArray &) "virtualbike::writeCharacteristic Heart Rate Heart Rate Measurement 00 00"
seg. ago. 17 17:14:33 2026 1786997673677 Debug:   Write server characteristic with handle  19 "0000" (service: "{0000180d-0000-1000-8000-00805f9b34fb}"
seg. ago. 17 17:14:33 2026 1786997673686 Debug: ./ergtable.h void ergTable::updateDataTable(const CadenceResistancePair &) Added/Updated point: C: 85 W: 150 R: 12
seg. ago. 17 17:14:33 2026 1786997673703 Debug: devices/bluetoothdevice.cpp void bluetoothdevice::update_hr_from_external() WearOS Companion Heart: 0
seg. ago. 17 17:14:33 2026 1786997673841 Debug: ./ergtable.h void ergTable::updateDataTable(const CadenceResistancePair &) Added/Updated point: C: 85 W: 150 R: 12
seg. ago. 17 17:14:33 2026 1786997673856 Debug: devices/bluetoothdevice.cpp void bluetoothdevice::update_hr_from_external() WearOS Companion Heart: 0
seg. ago. 17 17:14:34 2026 1786997674042 Debug: ./ergtable.h void ergTable::updateDataTable(const CadenceResistancePair &) Added/Updated point: C: 85 W: 150 R: 12
seg. ago. 17 17:14:34 2026 1786997674055 Debug: devices/bluetoothdevice.cpp void bluetoothdevice::update_hr_from_external() WearOS Companion Heart: 0
seg. ago. 17 17:14:34 2026 1786997674242 Debug: ./ergtable.h void ergTable::updateDataTable(const CadenceResistancePair &) Added/Updated point: C: 85 W: 150 R: 12
seg. ago. 17 17:14:34 2026 1786997674255 Debug: devices/bluetoothdevice.cpp void bluetoothdevice::update_hr_from_external() WearOS Companion Heart: 0
seg. ago. 17 17:14:34 2026 1786997674442 Debug: ./ergtable.h void ergTable::updateDataTable(const CadenceResistancePair &) Added/Updated point: C: 85 W: 150 R: 12
seg. ago. 17 17:14:34 2026 1786997674456 Debug: devices/bluetoothdevice.cpp void bluetoothdevice::update_hr_from_external() WearOS Companion Heart: 0
seg. ago. 17 17:14:34 2026 1786997674643 Debug: templateinfosender.cpp bool TemplateInfoSender::update(QJSEngine *) "eval res " "{\"msg\":\"workout\",\"content\":{\"BIKE_TYPE\":2,\"ELLIPTICAL_TYPE\":4,\"ROWING_TYPE\":3,\"TREADMILL_TYPE\":1,\"UNKNOWN_TYPE\":0,\"deviceId\":\"00:00:00:00:00:00\",\"deviceName\":\"N/A\",\"deviceRSSI\":1,\"deviceType\":2,\"deviceConnected\":true,\"devicePaused\":false,\"elapsed_s\":40,\"elapsed_m\":0,\"elapsed_h\":0,\"lapelapsed_s\":40,\"lapelapsed_m\":0,\"lapelapsed_h\":0,\"pace_s\":6,\"pace_m\":2,\"pace_h\":0,\"pace_color\":\"white\",\"avgpace_s\":6,\"avgpace_m\":2,\"avgpace_h\":0,\"maxpace_s\":6,\"maxpace_m\":2,\"maxpace_h\":0,\"moving_s\":40,\"moving_m\":0,\"moving_h\":0,\"speed\":28.56343234006481,\"speed_avg\":28.56343544966191,\"speed_color\":\"white\",\"speed_lapavg\":28.56343544966191,\"speed_lapmax\":28.563517581678,\"calories\":8.247160249999997,\"distance\":0.35653523837347056,\"heart\":0,\"heart_color\":\"lightsteelblue\",\"heart_avg\":123.72694699186991,\"heart_lapavg\":123.72694699186991,\"heart_max\":128.48506666666668,\"heart_lapmax\":128.48506666666668,\"target_heart_above\":0,\"target_heart_below\":0,\"jouls\":6125.099999999999,\"elevation\":0,\"difficult\":1,\"watts\":150,\"watts_avg\":150,\"watts_color\":\"limegreen\",\"watts_lapavg\":150,\"watts_max\":150,\"watts_lapmax\":150,\"kgwatts\":2,\"kgwatts_avg\":2,\"kgwatts_max\":2,\"workoutName\":\"Ride\",\"workoutStartDate\":\"seg. ago. 17 17:13:53 2026\",\"instructorName\":\"\",\"latitude\":null,\"longitude\":null,\"altitude\":null,\"peloton_offset\":0,\"peloton_ask_start\":false,\"autoresistance\":true,\"nextrow\":\"N/A\",\"training_row_index\":0,\"training_row_elapsed\":0,\"training_row_open_ended\":false,\"training_row_wait_for_lap\":false,\"row_remaining_time_s\":0,\"row_remaining_time_m\":0,\"row_remaining_time_h\":0,\"remaining_time_s\":0,\"remaining_time_m\":0,\"remaining_time_h\":0,\"nickName\":\"N/A\",\"gears\":0,\"target_resistance\":0,\"target_peloton_resistance\":0,\"target_cadence\":0,\"target_power\":0,\"power_zone\":2.9,\"power_zone_lapavg\":2.853658536585368,\"power_zone_lapmax\":2.9,\"target_power_zone\":1,\"power_zone_color\":\"limegreen\",\"target_power_zone_color\":\"white\",\"peloton_resistance\":12,\"peloton_resistance_avg\":12,\"peloton_resistance_color\":\"white\",\"peloton_resistance_lapavg\":12,\"peloton_resistance_lapmax\":12,\"peloton_req_resistance\":0,\"cadence\":85,\"cadence_color\":\"white\",\"cadence_avg\":85,\"cadence_lapavg\":85,\"cadence_lapmax\":85,\"resistance\":12,\"resistance_avg\":12,\"resistance_lapavg\":12,\"resistance_lapmax\":12,\"cranks\":205,\"cranktime\":16938,\"req_power\":0,\"req_cadence\":0,\"req_resistance\":0,\"inclination\":0,\"inclination_avg\":0}}"
seg. ago. 17 17:14:34 2026 1786997674651 Debug: homeform.cpp void homeform::update() homeform::update fired! elapsed: 996 jitter: -109
seg. ago. 17 17:14:34 2026 1786997674656 Debug: homeform.cpp void homeform::update() homeform::update tiles updated!
seg. ago. 17 17:14:34 2026 1786997674657 Debug: homeform.cpp void homeform::update() Current Distance 1s: 0.33324 28.5634 150
seg. ago. 17 17:14:34 2026 1786997674660 Debug: virtualdevices/virtualbike.cpp void virtualbike::bikeProvider() "bikeProvider" 0 2000 false
seg. ago. 17 17:14:34 2026 1786997674661 Debug: virtualdevices/virtualbike.cpp void virtualbike::bikeProvider() "virtual bike connected"
seg. ago. 17 17:14:34 2026 1786997674663 Debug: virtualdevices/virtualbike.cpp void virtualbike::writeCharacteristic(QLowEnergyService *, const QLowEnergyCharacteristic &, const QByteArray &) "virtualbike::writeCharacteristic Unknown Service  64 02 28 0b aa 00 0c 00 96 00 00 00"
seg. ago. 17 17:14:34 2026 1786997674664 Debug:   Write server characteristic with handle  9 "6402280baa000c0096000000" (service: "{00001826-0000-1000-8000-00805f9b34fb}"
seg. ago. 17 17:14:34 2026 1786997674666 Debug: virtualdevices/virtualbike.cpp void virtualbike::writeCharacteristic(QLowEnergyService *, const QLowEnergyCharacteristic &, const QByteArray &) "virtualbike::writeCharacteristic Heart Rate Heart Rate Measurement 00 00"
seg. ago. 17 17:14:34 2026 1786997674668 Debug:   Write server characteristic with handle  19 "0000" (service: "{0000180d-0000-1000-8000-00805f9b34fb}"
seg. ago. 17 17:14:34 2026 1786997674672 Debug: ./ergtable.h void ergTable::updateDataTable(const CadenceResistancePair &) Added/Updated point: C: 85 W: 150 R: 12
seg. ago. 17 17:14:34 2026 1786997674691 Debug: devices/bluetoothdevice.cpp void bluetoothdevice::update_hr_from_external() WearOS Companion Heart: 0
seg. ago. 17 17:14:34 2026 1786997674841 Debug: ./ergtable.h void ergTable::updateDataTable(const CadenceResistancePair &) Added/Updated point: C: 85 W: 150 R: 12
seg. ago. 17 17:14:34 2026 1786997674860 Debug: devices/bluetoothdevice.cpp void bluetoothdevice::update_hr_from_external() WearOS Companion Heart: 0
seg. ago. 17 17:14:35 2026 1786997675041 Debug: ./ergtable.h void ergTable::updateDataTable(const CadenceResistancePair &) Added/Updated point: C: 85 W: 150 R: 12
seg. ago. 17 17:14:35 2026 1786997675057 Debug: devices/bluetoothdevice.cpp void bluetoothdevice::update_hr_from_external() WearOS Companion Heart: 0
seg. ago. 17 17:14:35 2026 1786997675241 Debug: ./ergtable.h void ergTable::updateDataTable(const CadenceResistancePair &) Added/Updated point: C: 85 W: 150 R: 12
seg. ago. 17 17:14:35 2026 1786997675255 Debug: devices/bluetoothdevice.cpp void bluetoothdevice::update_hr_from_external() WearOS Companion Heart: 0
seg. ago. 17 17:14:35 2026 1786997675442 Debug: ./ergtable.h void ergTable::updateDataTable(const CadenceResistancePair &) Added/Updated point: C: 85 W: 150 R: 12
seg. ago. 17 17:14:35 2026 1786997675459 Debug: devices/bluetoothdevice.cpp void bluetoothdevice::update_hr_from_external() WearOS Companion Heart: 0
seg. ago. 17 17:14:35 2026 1786997675642 Debug: templateinfosender.cpp bool TemplateInfoSender::update(QJSEngine *) "eval res " "{\"msg\":\"workout\",\"content\":{\"BIKE_TYPE\":2,\"ELLIPTICAL_TYPE\":4,\"ROWING_TYPE\":3,\"TREADMILL_TYPE\":1,\"UNKNOWN_TYPE\":0,\"deviceId\":\"00:00:00:00:00:00\",\"deviceName\":\"N/A\",\"deviceRSSI\":1,\"deviceType\":2,\"deviceConnected\":true,\"devicePaused\":false,\"elapsed_s\":41,\"elapsed_m\":0,\"elapsed_h\":0,\"lapelapsed_s\":41,\"lapelapsed_m\":0,\"lapelapsed_h\":0,\"pace_s\":6,\"pace_m\":2,\"pace_h\":0,\"pace_color\":\"white\",\"avgpace_s\":6,\"avgpace_m\":2,\"avgpace_h\":0,\"maxpace_s\":6,\"maxpace_m\":2,\"maxpace_h\":0,\"moving_s\":41,\"moving_m\":0,\"moving_h\":0,\"speed\":28.56343234006481,\"speed_avg\":28.563435375623875,\"speed_color\":\"white\",\"speed_lapavg\":28.563435375623875,\"speed_lapmax\":28.563517581678,\"calories\":8.430691499999998,\"distance\":0.3644695251345997,\"heart\":0,\"heart_color\":\"lightsteelblue\",\"heart_avg\":123.84360000000001,\"heart_lapavg\":123.84360000000001,\"heart_max\":128.7184,\"heart_lapmax\":128.7184,\"target_heart_above\":0,\"target_heart_below\":0,\"jouls\":6275.099999999999,\"elevation\":0,\"difficult\":1,\"watts\":150,\"watts_avg\":150,\"watts_color\":\"limegreen\",\"watts_lapavg\":150,\"watts_max\":150,\"watts_lapmax\":150,\"kgwatts\":2,\"kgwatts_avg\":2,\"kgwatts_max\":2,\"workoutName\":\"Ride\",\"workoutStartDate\":\"seg. ago. 17 17:13:53 2026\",\"instructorName\":\"\",\"latitude\":null,\"longitude\":null,\"altitude\":null,\"peloton_offset\":0,\"peloton_ask_start\":false,\"autoresistance\":true,\"nextrow\":\"N/A\",\"training_row_index\":0,\"training_row_elapsed\":0,\"training_row_open_ended\":false,\"training_row_wait_for_lap\":false,\"row_remaining_time_s\":0,\"row_remaining_time_m\":0,\"row_remaining_time_h\":0,\"remaining_time_s\":0,\"remaining_time_m\":0,\"remaining_time_h\":0,\"nickName\":\"N/A\",\"gears\":0,\"target_resistance\":0,\"target_peloton_resistance\":0,\"target_cadence\":0,\"target_power\":0,\"power_zone\":2.9,\"power_zone_lapavg\":2.854761904761907,\"power_zone_lapmax\":2.9,\"target_power_zone\":1,\"power_zone_color\":\"limegreen\",\"target_power_zone_color\":\"white\",\"peloton_resistance\":12,\"peloton_resistance_avg\":12,\"peloton_resistance_color\":\"white\",\"peloton_resistance_lapavg\":12,\"peloton_resistance_lapmax\":12,\"peloton_req_resistance\":0,\"cadence\":85,\"cadence_color\":\"white\",\"cadence_avg\":85,\"cadence_lapavg\":85,\"cadence_lapmax\":85,\"resistance\":12,\"resistance_avg\":12,\"resistance_lapavg\":12,\"resistance_lapmax\":12,\"cranks\":210,\"cranktime\":20548,\"req_power\":0,\"req_cadence\":0,\"req_resistance\":0,\"inclination\":0,\"inclination_avg\":0}}"
seg. ago. 17 17:14:35 2026 1786997675649 Debug: homeform.cpp void homeform::update() homeform::update fired! elapsed: 998 jitter: -111
seg. ago. 17 17:14:35 2026 1786997675653 Debug: homeform.cpp void homeform::update() homeform::update tiles updated!
seg. ago. 17 17:14:35 2026 1786997675654 Debug: homeform.cpp void homeform::update() Current Distance 1s: 0.341174 28.5634 150
seg. ago. 17 17:14:35 2026 1786997675656 Debug: virtualdevices/virtualbike.cpp void virtualbike::bikeProvider() "bikeProvider" 0 2000 false
seg. ago. 17 17:14:35 2026 1786997675657 Debug: virtualdevices/virtualbike.cpp void virtualbike::bikeProvider() "virtual bike connected"
seg. ago. 17 17:14:35 2026 1786997675659 Debug: virtualdevices/virtualbike.cpp void virtualbike::writeCharacteristic(QLowEnergyService *, const QLowEnergyCharacteristic &, const QByteArray &) "virtualbike::writeCharacteristic Unknown Service  64 02 28 0b aa 00 0c 00 96 00 00 00"
seg. ago. 17 17:14:35 2026 1786997675660 Debug:   Write server characteristic with handle  9 "6402280baa000c0096000000" (service: "{00001826-0000-1000-8000-00805f9b34fb}"
seg. ago. 17 17:14:35 2026 1786997675662 Debug: virtualdevices/virtualbike.cpp void virtualbike::writeCharacteristic(QLowEnergyService *, const QLowEnergyCharacteristic &, const QByteArray &) "virtualbike::writeCharacteristic Heart Rate Heart Rate Measurement 00 00"
seg. ago. 17 17:14:35 2026 1786997675663 Debug:   Write server characteristic with handle  19 "0000" (service: "{0000180d-0000-1000-8000-00805f9b34fb}"
seg. ago. 17 17:14:35 2026 1786997675666 Debug: ./ergtable.h void ergTable::updateDataTable(const CadenceResistancePair &) Added/Updated point: C: 85 W: 150 R: 12
seg. ago. 17 17:14:35 2026 1786997675683 Debug: devices/bluetoothdevice.cpp void bluetoothdevice::update_hr_from_external() WearOS Companion Heart: 0
seg. ago. 17 17:14:35 2026 1786997675841 Debug: ./ergtable.h void ergTable::updateDataTable(const CadenceResistancePair &) Added/Updated point: C: 85 W: 150 R: 12
seg. ago. 17 17:14:35 2026 1786997675858 Debug: devices/bluetoothdevice.cpp void bluetoothdevice::update_hr_from_external() WearOS Companion Heart: 0
seg. ago. 17 17:14:36 2026 1786997676042 Debug: ./ergtable.h void ergTable::updateDataTable(const CadenceResistancePair &) Added/Updated point: C: 85 W: 150 R: 12
seg. ago. 17 17:14:36 2026 1786997676057 Debug: devices/bluetoothdevice.cpp void bluetoothdevice::update_hr_from_external() WearOS Companion Heart: 0
seg. ago. 17 17:14:36 2026 1786997676241 Debug: ./ergtable.h void ergTable::updateDataTable(const CadenceResistancePair &) Added/Updated point: C: 85 W: 150 R: 12
seg. ago. 17 17:14:36 2026 1786997676256 Debug: devices/bluetoothdevice.cpp void bluetoothdevice::update_hr_from_external() WearOS Companion Heart: 0
seg. ago. 17 17:14:36 2026 1786997676441 Debug: ./ergtable.h void ergTable::updateDataTable(const CadenceResistancePair &) Added/Updated point: C: 85 W: 150 R: 12
seg. ago. 17 17:14:36 2026 1786997676456 Debug: devices/bluetoothdevice.cpp void bluetoothdevice::update_hr_from_external() WearOS Companion Heart: 0
seg. ago. 17 17:14:36 2026 1786997676648 Debug: templateinfosender.cpp bool TemplateInfoSender::update(QJSEngine *) "eval res " "{\"msg\":\"workout\",\"content\":{\"BIKE_TYPE\":2,\"ELLIPTICAL_TYPE\":4,\"ROWING_TYPE\":3,\"TREADMILL_TYPE\":1,\"UNKNOWN_TYPE\":0,\"deviceId\":\"00:00:00:00:00:00\",\"deviceName\":\"N/A\",\"deviceRSSI\":1,\"deviceType\":2,\"deviceConnected\":true,\"devicePaused\":false,\"elapsed_s\":42,\"elapsed_m\":0,\"elapsed_h\":0,\"lapelapsed_s\":42,\"lapelapsed_m\":0,\"lapelapsed_h\":0,\"pace_s\":6,\"pace_m\":2,\"pace_h\":0,\"pace_color\":\"white\",\"avgpace_s\":6,\"avgpace_m\":2,\"avgpace_h\":0,\"maxpace_s\":6,\"maxpace_m\":2,\"maxpace_h\":0,\"moving_s\":42,\"moving_m\":0,\"moving_h\":0,\"speed\":28.56343234006481,\"speed_avg\":28.563435305029472,\"speed_color\":\"white\",\"speed_lapavg\":28.563435305029472,\"speed_lapmax\":28.563517581678,\"calories\":8.614222749999998,\"distance\":0.37240381189572885,\"heart\":0,\"heart_color\":\"lightsteelblue\",\"heart_avg\":123.96024821705427,\"heart_lapavg\":123.96024821705427,\"heart_max\":128.95173333333332,\"heart_lapmax\":128.95173333333332,\"target_heart_above\":0,\"target_heart_below\":0,\"jouls\":6425.099999999999,\"elevation\":0,\"difficult\":1,\"watts\":150,\"watts_avg\":150,\"watts_color\":\"limegreen\",\"watts_lapavg\":150,\"watts_max\":150,\"watts_lapmax\":150,\"kgwatts\":2,\"kgwatts_avg\":2,\"kgwatts_max\":2,\"workoutName\":\"Ride\",\"workoutStartDate\":\"seg. ago. 17 17:13:53 2026\",\"instructorName\":\"\",\"latitude\":null,\"longitude\":null,\"altitude\":null,\"peloton_offset\":0,\"peloton_ask_start\":false,\"autoresistance\":true,\"nextrow\":\"N/A\",\"training_row_index\":0,\"training_row_elapsed\":0,\"training_row_open_ended\":false,\"training_row_wait_for_lap\":false,\"row_remaining_time_s\":0,\"row_remaining_time_m\":0,\"row_remaining_time_h\":0,\"remaining_time_s\":0,\"remaining_time_m\":0,\"remaining_time_h\":0,\"nickName\":\"N/A\",\"gears\":0,\"target_resistance\":0,\"target_peloton_resistance\":0,\"target_cadence\":0,\"target_power\":0,\"power_zone\":2.9,\"power_zone_lapavg\":2.8558139534883744,\"power_zone_lapmax\":2.9,\"target_power_zone\":1,\"power_zone_color\":\"limegreen\",\"target_power_zone_color\":\"white\",\"peloton_resistance\":12,\"peloton_resistance_avg\":12,\"peloton_resistance_color\":\"white\",\"peloton_resistance_lapavg\":12,\"peloton_resistance_lapmax\":12,\"peloton_req_resistance\":0,\"cadence\":85,\"cadence_color\":\"white\",\"cadence_avg\":85,\"cadence_lapavg\":85,\"cadence_lapmax\":85,\"resistance\":12,\"resistance_avg\":12,\"resistance_lapavg\":12,\"resistance_lapmax\":12,\"cranks\":215,\"cranktime\":24158,\"req_power\":0,\"req_cadence\":0,\"req_resistance\":0,\"inclination\":0,\"inclination_avg\":0}}"
seg. ago. 17 17:14:36 2026 1786997676673 Debug: homeform.cpp void homeform::update() homeform::update fired! elapsed: 1024 jitter: -87
seg. ago. 17 17:14:36 2026 1786997676680 Debug: homeform.cpp void homeform::update() homeform::update tiles updated!
seg. ago. 17 17:14:36 2026 1786997676682 Debug: homeform.cpp void homeform::update() Current Distance 1s: 0.349109 28.5634 150
seg. ago. 17 17:14:36 2026 1786997676684 Debug: virtualdevices/virtualbike.cpp void virtualbike::bikeProvider() "bikeProvider" 0 2000 false
seg. ago. 17 17:14:36 2026 1786997676686 Debug: virtualdevices/virtualbike.cpp void virtualbike::bikeProvider() "virtual bike connected"
seg. ago. 17 17:14:36 2026 1786997676687 Debug: virtualdevices/virtualbike.cpp void virtualbike::writeCharacteristic(QLowEnergyService *, const QLowEnergyCharacteristic &, const QByteArray &) "virtualbike::writeCharacteristic Unknown Service  64 02 28 0b aa 00 0c 00 96 00 00 00"
seg. ago. 17 17:14:36 2026 1786997676688 Debug:   Write server characteristic with handle  9 "6402280baa000c0096000000" (service: "{00001826-0000-1000-8000-00805f9b34fb}"
seg. ago. 17 17:14:36 2026 1786997676690 Debug: virtualdevices/virtualbike.cpp void virtualbike::writeCharacteristic(QLowEnergyService *, const QLowEnergyCharacteristic &, const QByteArray &) "virtualbike::writeCharacteristic Heart Rate Heart Rate Measurement 00 00"
seg. ago. 17 17:14:36 2026 1786997676691 Debug:   Write server characteristic with handle  19 "0000" (service: "{0000180d-0000-1000-8000-00805f9b34fb}"
seg. ago. 17 17:14:36 2026 1786997676698 Debug: ./ergtable.h void ergTable::updateDataTable(const CadenceResistancePair &) Added/Updated point: C: 85 W: 150 R: 12
seg. ago. 17 17:14:36 2026 1786997676720 Debug: devices/bluetoothdevice.cpp void bluetoothdevice::update_hr_from_external() WearOS Companion Heart: 0
seg. ago. 17 17:14:36 2026 1786997676843 Debug: ./ergtable.h void ergTable::updateDataTable(const CadenceResistancePair &) Added/Updated point: C: 85 W: 150 R: 12
seg. ago. 17 17:14:36 2026 1786997676874 Debug: devices/bluetoothdevice.cpp void bluetoothdevice::update_hr_from_external() WearOS Companion Heart: 0
seg. ago. 17 17:14:37 2026 1786997677046 Debug: ./ergtable.h void ergTable::updateDataTable(const CadenceResistancePair &) Added/Updated point: C: 85 W: 150 R: 12
seg. ago. 17 17:14:37 2026 1786997677088 Debug: devices/bluetoothdevice.cpp void bluetoothdevice::update_hr_from_external() WearOS Companion Heart: 0
seg. ago. 17 17:14:37 2026 1786997677241 Debug: ./ergtable.h void ergTable::updateDataTable(const CadenceResistancePair &) Added/Updated point: C: 85 W: 150 R: 12
seg. ago. 17 17:14:37 2026 1786997677288 Debug: devices/bluetoothdevice.cpp void bluetoothdevice::update_hr_from_external() WearOS Companion Heart: 0
seg. ago. 17 17:14:37 2026 1786997677448 Debug: ./ergtable.h void ergTable::updateDataTable(const CadenceResistancePair &) Added/Updated point: C: 85 W: 150 R: 12
seg. ago. 17 17:14:37 2026 1786997677472 Debug: devices/bluetoothdevice.cpp void bluetoothdevice::update_hr_from_external() WearOS Companion Heart: 0
seg. ago. 17 17:14:37 2026 1786997677644 Debug: templateinfosender.cpp bool TemplateInfoSender::update(QJSEngine *) "eval res " "{\"msg\":\"workout\",\"content\":{\"BIKE_TYPE\":2,\"ELLIPTICAL_TYPE\":4,\"ROWING_TYPE\":3,\"TREADMILL_TYPE\":1,\"UNKNOWN_TYPE\":0,\"deviceId\":\"00:00:00:00:00:00\",\"deviceName\":\"N/A\",\"deviceRSSI\":1,\"deviceType\":2,\"deviceConnected\":true,\"devicePaused\":false,\"elapsed_s\":43,\"elapsed_m\":0,\"elapsed_h\":0,\"lapelapsed_s\":43,\"lapelapsed_m\":0,\"lapelapsed_h\":0,\"pace_s\":6,\"pace_m\":2,\"pace_h\":0,\"pace_color\":\"white\",\"avgpace_s\":6,\"avgpace_m\":2,\"avgpace_h\":0,\"maxpace_s\":6,\"maxpace_m\":2,\"maxpace_h\":0,\"moving_s\":43,\"moving_m\":0,\"moving_h\":0,\"speed\":28.56343234006481,\"speed_avg\":28.56343523764391,\"speed_color\":\"white\",\"speed_lapavg\":28.56343523764391,\"speed_lapmax\":28.563517581678,\"calories\":8.797753999999998,\"distance\":0.38033809865685797,\"heart\":0,\"heart_color\":\"lightsteelblue\",\"heart_avg\":124.07693227272728,\"heart_lapavg\":124.07693227272728,\"heart_max\":129.18506666666667,\"heart_lapmax\":129.18506666666667,\"target_heart_above\":0,\"target_heart_below\":0,\"jouls\":6575.849999999999,\"elevation\":0,\"difficult\":1,\"watts\":150,\"watts_avg\":150,\"watts_color\":\"limegreen\",\"watts_lapavg\":150,\"watts_max\":150,\"watts_lapmax\":150,\"kgwatts\":2,\"kgwatts_avg\":2,\"kgwatts_max\":2,\"workoutName\":\"Ride\",\"workoutStartDate\":\"seg. ago. 17 17:13:53 2026\",\"instructorName\":\"\",\"latitude\":null,\"longitude\":null,\"altitude\":null,\"peloton_offset\":0,\"peloton_ask_start\":false,\"autoresistance\":true,\"nextrow\":\"N/A\",\"training_row_index\":0,\"training_row_elapsed\":0,\"training_row_open_ended\":false,\"training_row_wait_for_lap\":false,\"row_remaining_time_s\":0,\"row_remaining_time_m\":0,\"row_remaining_time_h\":0,\"remaining_time_s\":0,\"remaining_time_m\":0,\"remaining_time_h\":0,\"nickName\":\"N/A\",\"gears\":0,\"target_resistance\":0,\"target_peloton_resistance\":0,\"target_cadence\":0,\"target_power\":0,\"power_zone\":2.9,\"power_zone_lapavg\":2.856818181818184,\"power_zone_lapmax\":2.9,\"target_power_zone\":1,\"power_zone_color\":\"limegreen\",\"target_power_zone_color\":\"white\",\"peloton_resistance\":12,\"peloton_resistance_avg\":12,\"peloton_resistance_color\":\"white\",\"peloton_resistance_lapavg\":12,\"peloton_resistance_lapmax\":12,\"peloton_req_resistance\":0,\"cadence\":85,\"cadence_color\":\"white\",\"cadence_avg\":85,\"cadence_lapavg\":85,\"cadence_lapmax\":85,\"resistance\":12,\"resistance_avg\":12,\"resistance_lapavg\":12,\"resistance_lapmax\":12,\"cranks\":220,\"cranktime\":27768,\"req_power\":0,\"req_cadence\":0,\"req_resistance\":0,\"inclination\":0,\"inclination_avg\":0}}"
seg. ago. 17 17:14:37 2026 1786997677653 Debug: homeform.cpp void homeform::update() homeform::update fired! elapsed: 981 jitter: -106
seg. ago. 17 17:14:37 2026 1786997677659 Debug: homeform.cpp void homeform::update() homeform::update tiles updated!
seg. ago. 17 17:14:37 2026 1786997677660 Debug: homeform.cpp void homeform::update() Current Distance 1s: 0.357043 28.5634 150
seg. ago. 17 17:14:37 2026 1786997677664 Debug: virtualdevices/virtualbike.cpp void virtualbike::bikeProvider() "bikeProvider" 0 2000 false
seg. ago. 17 17:14:37 2026 1786997677666 Debug: virtualdevices/virtualbike.cpp void virtualbike::bikeProvider() "virtual bike connected"
seg. ago. 17 17:14:37 2026 1786997677668 Debug: virtualdevices/virtualbike.cpp void virtualbike::writeCharacteristic(QLowEnergyService *, const QLowEnergyCharacteristic &, const QByteArray &) "virtualbike::writeCharacteristic Unknown Service  64 02 28 0b aa 00 0c 00 96 00 00 00"
seg. ago. 17 17:14:37 2026 1786997677669 Debug:   Write server characteristic with handle  9 "6402280baa000c0096000000" (service: "{00001826-0000-1000-8000-00805f9b34fb}"
seg. ago. 17 17:14:37 2026 1786997677670 Debug: virtualdevices/virtualbike.cpp void virtualbike::writeCharacteristic(QLowEnergyService *, const QLowEnergyCharacteristic &, const QByteArray &) "virtualbike::writeCharacteristic Heart Rate Heart Rate Measurement 00 00"
seg. ago. 17 17:14:37 2026 1786997677672 Debug:   Write server characteristic with handle  19 "0000" (service: "{0000180d-0000-1000-8000-00805f9b34fb}"
seg. ago. 17 17:14:37 2026 1786997677677 Debug: ./ergtable.h void ergTable::updateDataTable(const CadenceResistancePair &) Added/Updated point: C: 85 W: 150 R: 12
seg. ago. 17 17:14:37 2026 1786997677694 Debug: devices/bluetoothdevice.cpp void bluetoothdevice::update_hr_from_external() WearOS Companion Heart: 0
seg. ago. 17 17:14:37 2026 1786997677841 Debug: ./ergtable.h void ergTable::updateDataTable(const CadenceResistancePair &) Added/Updated point: C: 85 W: 150 R: 12
seg. ago. 17 17:14:37 2026 1786997677863 Debug: devices/bluetoothdevice.cpp void bluetoothdevice::update_hr_from_external() WearOS Companion Heart: 0
seg. ago. 17 17:14:38 2026 1786997678042 Debug: ./ergtable.h void ergTable::updateDataTable(const CadenceResistancePair &) Added/Updated point: C: 85 W: 150 R: 12
seg. ago. 17 17:14:38 2026 1786997678172 Debug: devices/bluetoothdevice.cpp void bluetoothdevice::update_hr_from_external() WearOS Companion Heart: 0
seg. ago. 17 17:14:38 2026 1786997678247 Debug: ./ergtable.h void ergTable::updateDataTable(const CadenceResistancePair &) Added/Updated point: C: 85 W: 150 R: 12
seg. ago. 17 17:14:38 2026 1786997678304 Debug: devices/bluetoothdevice.cpp void bluetoothdevice::update_hr_from_external() WearOS Companion Heart: 0
seg. ago. 17 17:14:38 2026 1786997678442 Debug: ./ergtable.h void ergTable::updateDataTable(const CadenceResistancePair &) Added/Updated point: C: 85 W: 150 R: 12
seg. ago. 17 17:14:38 2026 1786997678459 Debug: devices/bluetoothdevice.cpp void bluetoothdevice::update_hr_from_external() WearOS Companion Heart: 0
seg. ago. 17 17:14:38 2026 1786997678646 Debug: templateinfosender.cpp bool TemplateInfoSender::update(QJSEngine *) "eval res " "{\"msg\":\"workout\",\"content\":{\"BIKE_TYPE\":2,\"ELLIPTICAL_TYPE\":4,\"ROWING_TYPE\":3,\"TREADMILL_TYPE\":1,\"UNKNOWN_TYPE\":0,\"deviceId\":\"00:00:00:00:00:00\",\"deviceName\":\"N/A\",\"deviceRSSI\":1,\"deviceType\":2,\"deviceConnected\":true,\"devicePaused\":false,\"elapsed_s\":44,\"elapsed_m\":0,\"elapsed_h\":0,\"lapelapsed_s\":44,\"lapelapsed_m\":0,\"lapelapsed_h\":0,\"pace_s\":6,\"pace_m\":2,\"pace_h\":0,\"pace_color\":\"white\",\"avgpace_s\":6,\"avgpace_m\":2,\"avgpace_h\":0,\"maxpace_s\":6,\"maxpace_m\":2,\"maxpace_h\":0,\"moving_s\":44,\"moving_m\":0,\"moving_h\":0,\"speed\":28.56343234006481,\"speed_avg\":28.563435173253254,\"speed_color\":\"white\",\"speed_lapavg\":28.563435173253254,\"speed_lapmax\":28.563517581678,\"calories\":8.981101718749997,\"distance\":0.38826445113122593,\"heart\":0,\"heart_color\":\"lightsteelblue\",\"heart_avg\":124.19359066666668,\"heart_lapavg\":124.19359066666668,\"heart_max\":129.41816666666668,\"heart_lapmax\":129.41816666666668,\"target_heart_above\":0,\"target_heart_below\":0,\"jouls\":6725.0999999999985,\"elevation\":0,\"difficult\":1,\"watts\":150,\"watts_avg\":150,\"watts_color\":\"limegreen\",\"watts_lapavg\":150,\"watts_max\":150,\"watts_lapmax\":150,\"kgwatts\":2,\"kgwatts_avg\":2,\"kgwatts_max\":2,\"workoutName\":\"Ride\",\"workoutStartDate\":\"seg. ago. 17 17:13:53 2026\",\"instructorName\":\"\",\"latitude\":null,\"longitude\":null,\"altitude\":null,\"peloton_offset\":0,\"peloton_ask_start\":false,\"autoresistance\":true,\"nextrow\":\"N/A\",\"training_row_index\":0,\"training_row_elapsed\":0,\"training_row_open_ended\":false,\"training_row_wait_for_lap\":false,\"row_remaining_time_s\":0,\"row_remaining_time_m\":0,\"row_remaining_time_h\":0,\"remaining_time_s\":0,\"remaining_time_m\":0,\"remaining_time_h\":0,\"nickName\":\"N/A\",\"gears\":0,\"target_resistance\":0,\"target_peloton_resistance\":0,\"target_cadence\":0,\"target_power\":0,\"power_zone\":2.9,\"power_zone_lapavg\":2.85777777777778,\"power_zone_lapmax\":2.9,\"target_power_zone\":1,\"power_zone_color\":\"limegreen\",\"target_power_zone_color\":\"white\",\"peloton_resistance\":12,\"peloton_resistance_avg\":12,\"peloton_resistance_color\":\"white\",\"peloton_resistance_lapavg\":12,\"peloton_resistance_lapmax\":12,\"peloton_req_resistance\":0,\"cadence\":85,\"cadence_color\":\"white\",\"cadence_avg\":85,\"cadence_lapavg\":85,\"cadence_lapmax\":85,\"resistance\":12,\"resistance_avg\":12,\"resistance_lapavg\":12,\"resistance_lapmax\":12,\"cranks\":225,\"cranktime\":31378,\"req_power\":0,\"req_cadence\":0,\"req_resistance\":0,\"inclination\":0,\"inclination_avg\":0}}"
seg. ago. 17 17:14:38 2026 1786997678663 Debug: homeform.cpp void homeform::update() homeform::update fired! elapsed: 1009 jitter: -97
seg. ago. 17 17:14:38 2026 1786997678670 Debug: homeform.cpp void homeform::update() homeform::update tiles updated!
seg. ago. 17 17:14:38 2026 1786997678672 Debug: homeform.cpp void homeform::update() Current Distance 1s: 0.364977 28.5634 150
seg. ago. 17 17:14:38 2026 1786997678674 Debug: virtualdevices/virtualbike.cpp void virtualbike::bikeProvider() "bikeProvider" 0 2000 false
seg. ago. 17 17:14:38 2026 1786997678675 Debug: virtualdevices/virtualbike.cpp void virtualbike::bikeProvider() "virtual bike connected"
seg. ago. 17 17:14:38 2026 1786997678676 Debug: virtualdevices/virtualbike.cpp void virtualbike::writeCharacteristic(QLowEnergyService *, const QLowEnergyCharacteristic &, const QByteArray &) "virtualbike::writeCharacteristic Unknown Service  64 02 28 0b aa 00 0c 00 96 00 00 00"
seg. ago. 17 17:14:38 2026 1786997678677 Debug:   Write server characteristic with handle  9 "6402280baa000c0096000000" (service: "{00001826-0000-1000-8000-00805f9b34fb}"
seg. ago. 17 17:14:38 2026 1786997678679 Debug: virtualdevices/virtualbike.cpp void virtualbike::writeCharacteristic(QLowEnergyService *, const QLowEnergyCharacteristic &, const QByteArray &) "virtualbike::writeCharacteristic Heart Rate Heart Rate Measurement 00 00"
seg. ago. 17 17:14:38 2026 1786997678680 Debug:   Write server characteristic with handle  19 "0000" (service: "{0000180d-0000-1000-8000-00805f9b34fb}"
seg. ago. 17 17:14:38 2026 1786997678684 Debug: ./ergtable.h void ergTable::updateDataTable(const CadenceResistancePair &) Added/Updated point: C: 85 W: 150 R: 12
seg. ago. 17 17:14:38 2026 1786997678701 Debug: devices/bluetoothdevice.cpp void bluetoothdevice::update_hr_from_external() WearOS Companion Heart: 0
seg. ago. 17 17:14:38 2026 1786997678842 Debug: ./ergtable.h void ergTable::updateDataTable(const CadenceResistancePair &) Added/Updated point: C: 85 W: 150 R: 12
seg. ago. 17 17:14:38 2026 1786997678859 Debug: devices/bluetoothdevice.cpp void bluetoothdevice::update_hr_from_external() WearOS Companion Heart: 0
seg. ago. 17 17:14:39 2026 1786997679043 Debug: ./ergtable.h void ergTable::updateDataTable(const CadenceResistancePair &) Added/Updated point: C: 85 W: 150 R: 12
seg. ago. 17 17:14:39 2026 1786997679065 Debug: devices/bluetoothdevice.cpp void bluetoothdevice::update_hr_from_external() WearOS Companion Heart: 0
seg. ago. 17 17:14:39 2026 1786997679243 Debug: ./ergtable.h void ergTable::updateDataTable(const CadenceResistancePair &) Added/Updated point: C: 85 W: 150 R: 12
seg. ago. 17 17:14:39 2026 1786997679265 Debug: devices/bluetoothdevice.cpp void bluetoothdevice::update_hr_from_external() WearOS Companion Heart: 0
seg. ago. 17 17:14:39 2026 1786997679443 Debug: ./ergtable.h void ergTable::updateDataTable(const CadenceResistancePair &) Added/Updated point: C: 85 W: 150 R: 12
seg. ago. 17 17:14:39 2026 1786997679465 Debug: devices/bluetoothdevice.cpp void bluetoothdevice::update_hr_from_external() WearOS Companion Heart: 0
seg. ago. 17 17:14:39 2026 1786997679644 Debug: templateinfosender.cpp bool TemplateInfoSender::update(QJSEngine *) "eval res " "{\"msg\":\"workout\",\"content\":{\"BIKE_TYPE\":2,\"ELLIPTICAL_TYPE\":4,\"ROWING_TYPE\":3,\"TREADMILL_TYPE\":1,\"UNKNOWN_TYPE\":0,\"deviceId\":\"00:00:00:00:00:00\",\"deviceName\":\"N/A\",\"deviceRSSI\":1,\"deviceType\":2,\"deviceConnected\":true,\"devicePaused\":false,\"elapsed_s\":45,\"elapsed_m\":0,\"elapsed_h\":0,\"lapelapsed_s\":45,\"lapelapsed_m\":0,\"lapelapsed_h\":0,\"pace_s\":6,\"pace_m\":2,\"pace_h\":0,\"pace_color\":\"white\",\"avgpace_s\":6,\"avgpace_m\":2,\"avgpace_h\":0,\"maxpace_s\":6,\"maxpace_m\":2,\"maxpace_h\":0,\"moving_s\":45,\"moving_m\":0,\"moving_h\":0,\"speed\":28.56343234006481,\"speed_avg\":28.563435111662194,\"speed_color\":\"white\",\"speed_lapavg\":28.563435111662194,\"speed_lapmax\":28.563517581678,\"calories\":9.164632968749997,\"distance\":0.396198737892355,\"heart\":0,\"heart_color\":\"lightsteelblue\",\"heart_avg\":124.31025652173915,\"heart_lapavg\":124.31025652173915,\"heart_max\":129.6515,\"heart_lapmax\":129.6515,\"target_heart_above\":0,\"target_heart_below\":0,\"jouls\":6875.249999999998,\"elevation\":0,\"difficult\":1,\"watts\":150,\"watts_avg\":150,\"watts_color\":\"limegreen\",\"watts_lapavg\":150,\"watts_max\":150,\"watts_lapmax\":150,\"kgwatts\":2,\"kgwatts_avg\":2,\"kgwatts_max\":2,\"workoutName\":\"Ride\",\"workoutStartDate\":\"seg. ago. 17 17:13:53 2026\",\"instructorName\":\"\",\"latitude\":null,\"longitude\":null,\"altitude\":null,\"peloton_offset\":0,\"peloton_ask_start\":false,\"autoresistance\":true,\"nextrow\":\"N/A\",\"training_row_index\":0,\"training_row_elapsed\":0,\"training_row_open_ended\":false,\"training_row_wait_for_lap\":false,\"row_remaining_time_s\":0,\"row_remaining_time_m\":0,\"row_remaining_time_h\":0,\"remaining_time_s\":0,\"remaining_time_m\":0,\"remaining_time_h\":0,\"nickName\":\"N/A\",\"gears\":0,\"target_resistance\":0,\"target_peloton_resistance\":0,\"target_cadence\":0,\"target_power\":0,\"power_zone\":2.9,\"power_zone_lapavg\":2.8586956521739153,\"power_zone_lapmax\":2.9,\"target_power_zone\":1,\"power_zone_color\":\"limegreen\",\"target_power_zone_color\":\"white\",\"peloton_resistance\":12,\"peloton_resistance_avg\":12,\"peloton_resistance_color\":\"white\",\"peloton_resistance_lapavg\":12,\"peloton_resistance_lapmax\":12,\"peloton_req_resistance\":0,\"cadence\":85,\"cadence_color\":\"white\",\"cadence_avg\":85,\"cadence_lapavg\":85,\"cadence_lapmax\":85,\"resistance\":12,\"resistance_avg\":12,\"resistance_lapavg\":12,\"resistance_lapmax\":12,\"cranks\":230,\"cranktime\":34988,\"req_power\":0,\"req_cadence\":0,\"req_resistance\":0,\"inclination\":0,\"inclination_avg\":0}}"
seg. ago. 17 17:14:39 2026 1786997679656 Debug: homeform.cpp void homeform::update() homeform::update fired! elapsed: 994 jitter: -103
seg. ago. 17 17:14:39 2026 1786997679663 Debug: homeform.cpp void homeform::update() homeform::update tiles updated!
seg. ago. 17 17:14:39 2026 1786997679665 Debug: homeform.cpp void homeform::update() Current Distance 1s: 0.372912 28.5634 150
seg. ago. 17 17:14:39 2026 1786997679669 Debug: virtualdevices/virtualbike.cpp void virtualbike::bikeProvider() "bikeProvider" 0 2000 false
seg. ago. 17 17:14:39 2026 1786997679671 Debug: virtualdevices/virtualbike.cpp void virtualbike::bikeProvider() "virtual bike connected"
seg. ago. 17 17:14:39 2026 1786997679673 Debug: virtualdevices/virtualbike.cpp void virtualbike::writeCharacteristic(QLowEnergyService *, const QLowEnergyCharacteristic &, const QByteArray &) "virtualbike::writeCharacteristic Unknown Service  64 02 28 0b aa 00 0c 00 96 00 00 00"
seg. ago. 17 17:14:39 2026 1786997679675 Debug:   Write server characteristic with handle  9 "6402280baa000c0096000000" (service: "{00001826-0000-1000-8000-00805f9b34fb}"
seg. ago. 17 17:14:39 2026 1786997679677 Debug: virtualdevices/virtualbike.cpp void virtualbike::writeCharacteristic(QLowEnergyService *, const QLowEnergyCharacteristic &, const QByteArray &) "virtualbike::writeCharacteristic Heart Rate Heart Rate Measurement 00 00"
seg. ago. 17 17:14:39 2026 1786997679678 Debug:   Write server characteristic with handle  19 "0000" (service: "{0000180d-0000-1000-8000-00805f9b34fb}"
seg. ago. 17 17:14:39 2026 1786997679684 Debug: ./ergtable.h void ergTable::updateDataTable(const CadenceResistancePair &) Added/Updated point: C: 85 W: 150 R: 12
seg. ago. 17 17:14:39 2026 1786997679702 Debug: devices/bluetoothdevice.cpp void bluetoothdevice::update_hr_from_external() WearOS Companion Heart: 0
seg. ago. 17 17:14:39 2026 1786997679843 Debug: ./ergtable.h void ergTable::updateDataTable(const CadenceResistancePair &) Added/Updated point: C: 85 W: 150 R: 12
seg. ago. 17 17:14:39 2026 1786997679864 Debug: devices/bluetoothdevice.cpp void bluetoothdevice::update_hr_from_external() WearOS Companion Heart: 0
seg. ago. 17 17:14:40 2026 1786997680049 Debug: ./ergtable.h void ergTable::updateDataTable(const CadenceResistancePair &) Added/Updated point: C: 85 W: 150 R: 12
seg. ago. 17 17:14:40 2026 1786997680083 Debug: devices/bluetoothdevice.cpp void bluetoothdevice::update_hr_from_external() WearOS Companion Heart: 0
seg. ago. 17 17:14:40 2026 1786997680246 Debug: ./ergtable.h void ergTable::updateDataTable(const CadenceResistancePair &) Added/Updated point: C: 85 W: 150 R: 12
seg. ago. 17 17:14:40 2026 1786997680283 Debug: devices/bluetoothdevice.cpp void bluetoothdevice::update_hr_from_external() WearOS Companion Heart: 0
seg. ago. 17 17:14:40 2026 1786997680445 Debug: ./ergtable.h void ergTable::updateDataTable(const CadenceResistancePair &) Added/Updated point: C: 85 W: 150 R: 12
seg. ago. 17 17:14:40 2026 1786997680487 Debug: devices/bluetoothdevice.cpp void bluetoothdevice::update_hr_from_external() WearOS Companion Heart: 0
seg. ago. 17 17:14:40 2026 1786997680649 Debug: templateinfosender.cpp bool TemplateInfoSender::update(QJSEngine *) "eval res " "{\"msg\":\"workout\",\"content\":{\"BIKE_TYPE\":2,\"ELLIPTICAL_TYPE\":4,\"ROWING_TYPE\":3,\"TREADMILL_TYPE\":1,\"UNKNOWN_TYPE\":0,\"deviceId\":\"00:00:00:00:00:00\",\"deviceName\":\"N/A\",\"deviceRSSI\":1,\"deviceType\":2,\"deviceConnected\":true,\"devicePaused\":false,\"elapsed_s\":46,\"elapsed_m\":0,\"elapsed_h\":0,\"lapelapsed_s\":46,\"lapelapsed_m\":0,\"lapelapsed_h\":0,\"pace_s\":6,\"pace_m\":2,\"pace_h\":0,\"pace_color\":\"white\",\"avgpace_s\":6,\"avgpace_m\":2,\"avgpace_h\":0,\"maxpace_s\":6,\"maxpace_m\":2,\"maxpace_h\":0,\"moving_s\":46,\"moving_m\":0,\"moving_h\":0,\"speed\":28.56343234006481,\"speed_avg\":28.563435052692032,\"speed_color\":\"white\",\"speed_lapavg\":28.563435052692032,\"speed_lapmax\":28.563517581678,\"calories\":9.348347749999997,\"distance\":0.40414095894024515,\"heart\":0,\"heart_color\":\"lightsteelblue\",\"heart_avg\":124.42692439716312,\"heart_lapavg\":124.42692439716312,\"heart_max\":129.88506666666666,\"heart_lapmax\":129.88506666666666,\"target_heart_above\":0,\"target_heart_below\":0,\"jouls\":7025.549999999998,\"elevation\":0,\"difficult\":1,\"watts\":150,\"watts_avg\":150,\"watts_color\":\"limegreen\",\"watts_lapavg\":150,\"watts_max\":150,\"watts_lapmax\":150,\"kgwatts\":2,\"kgwatts_avg\":2,\"kgwatts_max\":2,\"workoutName\":\"Ride\",\"workoutStartDate\":\"seg. ago. 17 17:13:53 2026\",\"instructorName\":\"\",\"latitude\":null,\"longitude\":null,\"altitude\":null,\"peloton_offset\":0,\"peloton_ask_start\":false,\"autoresistance\":true,\"nextrow\":\"N/A\",\"training_row_index\":0,\"training_row_elapsed\":0,\"training_row_open_ended\":false,\"training_row_wait_for_lap\":false,\"row_remaining_time_s\":0,\"row_remaining_time_m\":0,\"row_remaining_time_h\":0,\"remaining_time_s\":0,\"remaining_time_m\":0,\"remaining_time_h\":0,\"nickName\":\"N/A\",\"gears\":0,\"target_resistance\":0,\"target_peloton_resistance\":0,\"target_cadence\":0,\"target_power\":0,\"power_zone\":2.9,\"power_zone_lapavg\":2.8595744680851087,\"power_zone_lapmax\":2.9,\"target_power_zone\":1,\"power_zone_color\":\"limegreen\",\"target_power_zone_color\":\"white\",\"peloton_resistance\":12,\"peloton_resistance_avg\":12,\"peloton_resistance_color\":\"white\",\"peloton_resistance_lapavg\":12,\"peloton_resistance_lapmax\":12,\"peloton_req_resistance\":0,\"cadence\":85,\"cadence_color\":\"white\",\"cadence_avg\":85,\"cadence_lapavg\":85,\"cadence_lapmax\":85,\"resistance\":12,\"resistance_avg\":12,\"resistance_lapavg\":12,\"resistance_lapmax\":12,\"cranks\":235,\"cranktime\":38598,\"req_power\":0,\"req_cadence\":0,\"req_resistance\":0,\"inclination\":0,\"inclination_avg\":0}}"
seg. ago. 17 17:14:40 2026 1786997680670 Debug: homeform.cpp void homeform::update() homeform::update fired! elapsed: 1014 jitter: -89
seg. ago. 17 17:14:40 2026 1786997680677 Debug: homeform.cpp void homeform::update() homeform::update tiles updated!
seg. ago. 17 17:14:40 2026 1786997680678 Debug: homeform.cpp void homeform::update() Current Distance 1s: 0.380846 28.5634 150
seg. ago. 17 17:14:40 2026 1786997680680 Debug: virtualdevices/virtualbike.cpp void virtualbike::bikeProvider() "bikeProvider" 0 2000 false
seg. ago. 17 17:14:40 2026 1786997680682 Debug: virtualdevices/virtualbike.cpp void virtualbike::bikeProvider() "virtual bike connected"
seg. ago. 17 17:14:40 2026 1786997680684 Debug: virtualdevices/virtualbike.cpp void virtualbike::writeCharacteristic(QLowEnergyService *, const QLowEnergyCharacteristic &, const QByteArray &) "virtualbike::writeCharacteristic Unknown Service  64 02 28 0b aa 00 0c 00 96 00 00 00"
seg. ago. 17 17:14:40 2026 1786997680685 Debug:   Write server characteristic with handle  9 "6402280baa000c0096000000" (service: "{00001826-0000-1000-8000-00805f9b34fb}"
seg. ago. 17 17:14:40 2026 1786997680687 Debug: virtualdevices/virtualbike.cpp void virtualbike::writeCharacteristic(QLowEnergyService *, const QLowEnergyCharacteristic &, const QByteArray &) "virtualbike::writeCharacteristic Heart Rate Heart Rate Measurement 00 00"
seg. ago. 17 17:14:40 2026 1786997680688 Debug:   Write server characteristic with handle  19 "0000" (service: "{0000180d-0000-1000-8000-00805f9b34fb}"
seg. ago. 17 17:14:40 2026 1786997680695 Debug: ./ergtable.h void ergTable::updateDataTable(const CadenceResistancePair &) Added/Updated point: C: 85 W: 150 R: 12
seg. ago. 17 17:14:40 2026 1786997680714 Debug: devices/bluetoothdevice.cpp void bluetoothdevice::update_hr_from_external() WearOS Companion Heart: 0
seg. ago. 17 17:14:40 2026 1786997680843 Debug: ./ergtable.h void ergTable::updateDataTable(const CadenceResistancePair &) Added/Updated point: C: 85 W: 150 R: 12
seg. ago. 17 17:14:40 2026 1786997680882 Debug: devices/bluetoothdevice.cpp void bluetoothdevice::update_hr_from_external() WearOS Companion Heart: 0
seg. ago. 17 17:14:41 2026 1786997681042 Debug: ./ergtable.h void ergTable::updateDataTable(const CadenceResistancePair &) Added/Updated point: C: 85 W: 150 R: 12
seg. ago. 17 17:14:41 2026 1786997681060 Debug: devices/bluetoothdevice.cpp void bluetoothdevice::update_hr_from_external() WearOS Companion Heart: 0
seg. ago. 17 17:14:41 2026 1786997681247 Debug: ./ergtable.h void ergTable::updateDataTable(const CadenceResistancePair &) Added/Updated point: C: 85 W: 150 R: 12
seg. ago. 17 17:14:41 2026 1786997681281 Debug: devices/bluetoothdevice.cpp void bluetoothdevice::update_hr_from_external() WearOS Companion Heart: 0
seg. ago. 17 17:14:41 2026 1786997681444 Debug: ./ergtable.h void ergTable::updateDataTable(const CadenceResistancePair &) Added/Updated point: C: 85 W: 150 R: 12
seg. ago. 17 17:14:41 2026 1786997681466 Debug: devices/bluetoothdevice.cpp void bluetoothdevice::update_hr_from_external() WearOS Companion Heart: 0
seg. ago. 17 17:14:41 2026 1786997681645 Debug: templateinfosender.cpp bool TemplateInfoSender::update(QJSEngine *) "eval res " "{\"msg\":\"workout\",\"content\":{\"BIKE_TYPE\":2,\"ELLIPTICAL_TYPE\":4,\"ROWING_TYPE\":3,\"TREADMILL_TYPE\":1,\"UNKNOWN_TYPE\":0,\"deviceId\":\"00:00:00:00:00:00\",\"deviceName\":\"N/A\",\"deviceRSSI\":1,\"deviceType\":2,\"deviceConnected\":true,\"devicePaused\":false,\"elapsed_s\":47,\"elapsed_m\":0,\"elapsed_h\":0,\"lapelapsed_s\":47,\"lapelapsed_m\":0,\"lapelapsed_h\":0,\"pace_s\":6,\"pace_m\":2,\"pace_h\":0,\"pace_color\":\"white\",\"avgpace_s\":6,\"avgpace_m\":2,\"avgpace_h\":0,\"maxpace_s\":6,\"maxpace_m\":2,\"maxpace_h\":0,\"moving_s\":47,\"moving_m\":0,\"moving_h\":0,\"speed\":28.56343234006481,\"speed_avg\":28.56343499617896,\"speed_color\":\"white\",\"speed_lapavg\":28.56343499617896,\"speed_lapmax\":28.563517581678,\"calories\":9.531878999999996,\"distance\":0.4120752457013742,\"heart\":0,\"heart_color\":\"lightsteelblue\",\"heart_avg\":124.54360388888887,\"heart_lapavg\":124.54360388888887,\"heart_max\":130.1184,\"heart_lapmax\":130.1184,\"target_heart_above\":0,\"target_heart_below\":0,\"jouls\":7175.399999999999,\"elevation\":0,\"difficult\":1,\"watts\":150,\"watts_avg\":150,\"watts_color\":\"limegreen\",\"watts_lapavg\":150,\"watts_max\":150,\"watts_lapmax\":150,\"kgwatts\":2,\"kgwatts_avg\":2,\"kgwatts_max\":2,\"workoutName\":\"Ride\",\"workoutStartDate\":\"seg. ago. 17 17:13:53 2026\",\"instructorName\":\"\",\"latitude\":null,\"longitude\":null,\"altitude\":null,\"peloton_offset\":0,\"peloton_ask_start\":false,\"autoresistance\":true,\"nextrow\":\"N/A\",\"training_row_index\":0,\"training_row_elapsed\":0,\"training_row_open_ended\":false,\"training_row_wait_for_lap\":false,\"row_remaining_time_s\":0,\"row_remaining_time_m\":0,\"row_remaining_time_h\":0,\"remaining_time_s\":0,\"remaining_time_m\":0,\"remaining_time_h\":0,\"nickName\":\"N/A\",\"gears\":0,\"target_resistance\":0,\"target_peloton_resistance\":0,\"target_cadence\":0,\"target_power\":0,\"power_zone\":2.9,\"power_zone_lapavg\":2.8604166666666693,\"power_zone_lapmax\":2.9,\"target_power_zone\":1,\"power_zone_color\":\"limegreen\",\"target_power_zone_color\":\"white\",\"peloton_resistance\":12,\"peloton_resistance_avg\":12,\"peloton_resistance_color\":\"white\",\"peloton_resistance_lapavg\":12,\"peloton_resistance_lapmax\":12,\"peloton_req_resistance\":0,\"cadence\":85,\"cadence_color\":\"white\",\"cadence_avg\":85,\"cadence_lapavg\":85,\"cadence_lapmax\":85,\"resistance\":12,\"resistance_avg\":12,\"resistance_lapavg\":12,\"resistance_lapmax\":12,\"cranks\":240,\"cranktime\":42208,\"req_power\":0,\"req_cadence\":0,\"req_resistance\":0,\"inclination\":0,\"inclination_avg\":0}}"
seg. ago. 17 17:14:41 2026 1786997681658 Debug: homeform.cpp void homeform::update() homeform::update fired! elapsed: 988 jitter: -101
seg. ago. 17 17:14:41 2026 1786997681663 Debug: homeform.cpp void homeform::update() homeform::update tiles updated!
seg. ago. 17 17:14:41 2026 1786997681665 Debug: homeform.cpp void homeform::update() Current Distance 1s: 0.38878 28.5634 150
seg. ago. 17 17:14:41 2026 1786997681668 Debug: virtualdevices/virtualbike.cpp void virtualbike::bikeProvider() "bikeProvider" 0 2000 false
seg. ago. 17 17:14:41 2026 1786997681669 Debug: virtualdevices/virtualbike.cpp void virtualbike::bikeProvider() "virtual bike connected"
seg. ago. 17 17:14:41 2026 1786997681671 Debug: virtualdevices/virtualbike.cpp void virtualbike::writeCharacteristic(QLowEnergyService *, const QLowEnergyCharacteristic &, const QByteArray &) "virtualbike::writeCharacteristic Unknown Service  64 02 28 0b aa 00 0c 00 96 00 00 00"
seg. ago. 17 17:14:41 2026 1786997681672 Debug:   Write server characteristic with handle  9 "6402280baa000c0096000000" (service: "{00001826-0000-1000-8000-00805f9b34fb}"
seg. ago. 17 17:14:41 2026 1786997681674 Debug: virtualdevices/virtualbike.cpp void virtualbike::writeCharacteristic(QLowEnergyService *, const QLowEnergyCharacteristic &, const QByteArray &) "virtualbike::writeCharacteristic Heart Rate Heart Rate Measurement 00 00"
seg. ago. 17 17:14:41 2026 1786997681676 Debug:   Write server characteristic with handle  19 "0000" (service: "{0000180d-0000-1000-8000-00805f9b34fb}"
seg. ago. 17 17:14:41 2026 1786997681681 Debug: ./ergtable.h void ergTable::updateDataTable(const CadenceResistancePair &) Added/Updated point: C: 85 W: 150 R: 12
seg. ago. 17 17:14:41 2026 1786997681699 Debug: devices/bluetoothdevice.cpp void bluetoothdevice::update_hr_from_external() WearOS Companion Heart: 0
seg. ago. 17 17:14:41 2026 1786997681841 Debug: ./ergtable.h void ergTable::updateDataTable(const CadenceResistancePair &) Added/Updated point: C: 85 W: 150 R: 12
seg. ago. 17 17:14:41 2026 1786997681863 Debug: devices/bluetoothdevice.cpp void bluetoothdevice::update_hr_from_external() WearOS Companion Heart: 0
seg. ago. 17 17:14:42 2026 1786997682043 Debug: ./ergtable.h void ergTable::updateDataTable(const CadenceResistancePair &) Added/Updated point: C: 85 W: 150 R: 12
seg. ago. 17 17:14:42 2026 1786997682065 Debug: devices/bluetoothdevice.cpp void bluetoothdevice::update_hr_from_external() WearOS Companion Heart: 0
seg. ago. 17 17:14:42 2026 1786997682243 Debug: ./ergtable.h void ergTable::updateDataTable(const CadenceResistancePair &) Added/Updated point: C: 85 W: 150 R: 12
seg. ago. 17 17:14:42 2026 1786997682266 Debug: devices/bluetoothdevice.cpp void bluetoothdevice::update_hr_from_external() WearOS Companion Heart: 0
seg. ago. 17 17:14:42 2026 1786997682446 Debug: ./ergtable.h void ergTable::updateDataTable(const CadenceResistancePair &) Added/Updated point: C: 85 W: 150 R: 12
seg. ago. 17 17:14:42 2026 1786997682490 Debug: devices/bluetoothdevice.cpp void bluetoothdevice::update_hr_from_external() WearOS Companion Heart: 0
seg. ago. 17 17:14:42 2026 1786997682644 Debug: templateinfosender.cpp bool TemplateInfoSender::update(QJSEngine *) "eval res " "{\"msg\":\"workout\",\"content\":{\"BIKE_TYPE\":2,\"ELLIPTICAL_TYPE\":4,\"ROWING_TYPE\":3,\"TREADMILL_TYPE\":1,\"UNKNOWN_TYPE\":0,\"deviceId\":\"00:00:00:00:00:00\",\"deviceName\":\"N/A\",\"deviceRSSI\":1,\"deviceType\":2,\"deviceConnected\":true,\"devicePaused\":false,\"elapsed_s\":48,\"elapsed_m\":0,\"elapsed_h\":0,\"lapelapsed_s\":48,\"lapelapsed_m\":0,\"lapelapsed_h\":0,\"pace_s\":6,\"pace_m\":2,\"pace_h\":0,\"pace_color\":\"white\",\"avgpace_s\":6,\"avgpace_m\":2,\"avgpace_h\":0,\"maxpace_s\":6,\"maxpace_m\":2,\"maxpace_h\":0,\"moving_s\":48,\"moving_m\":0,\"moving_h\":0,\"speed\":28.56343234006481,\"speed_avg\":28.56343494197254,\"speed_color\":\"white\",\"speed_lapavg\":28.56343494197254,\"speed_lapmax\":28.563517581678,\"calories\":9.715593781249998,\"distance\":0.42001746674926443,\"heart\":0,\"heart_color\":\"lightsteelblue\",\"heart_avg\":124.66026857142855,\"heart_lapavg\":124.66026857142855,\"heart_max\":130.35196666666667,\"heart_lapmax\":130.35196666666667,\"target_heart_above\":0,\"target_heart_below\":0,\"jouls\":7325.549999999998,\"elevation\":0,\"difficult\":1,\"watts\":150,\"watts_avg\":150,\"watts_color\":\"limegreen\",\"watts_lapavg\":150,\"watts_max\":150,\"watts_lapmax\":150,\"kgwatts\":2,\"kgwatts_avg\":2,\"kgwatts_max\":2,\"workoutName\":\"Ride\",\"workoutStartDate\":\"seg. ago. 17 17:13:53 2026\",\"instructorName\":\"\",\"latitude\":null,\"longitude\":null,\"altitude\":null,\"peloton_offset\":0,\"peloton_ask_start\":false,\"autoresistance\":true,\"nextrow\":\"N/A\",\"training_row_index\":0,\"training_row_elapsed\":0,\"training_row_open_ended\":false,\"training_row_wait_for_lap\":false,\"row_remaining_time_s\":0,\"row_remaining_time_m\":0,\"row_remaining_time_h\":0,\"remaining_time_s\":0,\"remaining_time_m\":0,\"remaining_time_h\":0,\"nickName\":\"N/A\",\"gears\":0,\"target_resistance\":0,\"target_peloton_resistance\":0,\"target_cadence\":0,\"target_power\":0,\"power_zone\":2.9,\"power_zone_lapavg\":2.861224489795921,\"power_zone_lapmax\":2.9,\"target_power_zone\":1,\"power_zone_color\":\"limegreen\",\"target_power_zone_color\":\"white\",\"peloton_resistance\":12,\"peloton_resistance_avg\":12,\"peloton_resistance_color\":\"white\",\"peloton_resistance_lapavg\":12,\"peloton_resistance_lapmax\":12,\"peloton_req_resistance\":0,\"cadence\":85,\"cadence_color\":\"white\",\"cadence_avg\":85,\"cadence_lapavg\":85,\"cadence_lapmax\":85,\"resistance\":12,\"resistance_avg\":12,\"resistance_lapavg\":12,\"resistance_lapmax\":12,\"cranks\":245,\"cranktime\":45818,\"req_power\":0,\"req_cadence\":0,\"req_resistance\":0,\"inclination\":0,\"inclination_avg\":0}}"
seg. ago. 17 17:14:42 2026 1786997682656 Debug: homeform.cpp void homeform::update() homeform::update fired! elapsed: 998 jitter: -103
seg. ago. 17 17:14:42 2026 1786997682662 Debug: homeform.cpp void homeform::update() homeform::update tiles updated!
seg. ago. 17 17:14:42 2026 1786997682663 Debug: homeform.cpp void homeform::update() Current Distance 1s: 0.396714 28.5634 150
seg. ago. 17 17:14:42 2026 1786997682665 Debug: virtualdevices/virtualbike.cpp void virtualbike::bikeProvider() "bikeProvider" 0 2000 false
seg. ago. 17 17:14:42 2026 1786997682666 Debug: virtualdevices/virtualbike.cpp void virtualbike::bikeProvider() "virtual bike connected"
seg. ago. 17 17:14:42 2026 1786997682668 Debug: virtualdevices/virtualbike.cpp void virtualbike::writeCharacteristic(QLowEnergyService *, const QLowEnergyCharacteristic &, const QByteArray &) "virtualbike::writeCharacteristic Unknown Service  64 02 28 0b aa 00 0c 00 96 00 00 00"
seg. ago. 17 17:14:42 2026 1786997682669 Debug:   Write server characteristic with handle  9 "6402280baa000c0096000000" (service: "{00001826-0000-1000-8000-00805f9b34fb}"
seg. ago. 17 17:14:42 2026 1786997682670 Debug: virtualdevices/virtualbike.cpp void virtualbike::writeCharacteristic(QLowEnergyService *, const QLowEnergyCharacteristic &, const QByteArray &) "virtualbike::writeCharacteristic Heart Rate Heart Rate Measurement 00 00"
seg. ago. 17 17:14:42 2026 1786997682671 Debug:   Write server characteristic with handle  19 "0000" (service: "{0000180d-0000-1000-8000-00805f9b34fb}"
seg. ago. 17 17:14:42 2026 1786997682676 Debug: ./ergtable.h void ergTable::updateDataTable(const CadenceResistancePair &) Added/Updated point: C: 85 W: 150 R: 12
seg. ago. 17 17:14:42 2026 1786997682720 Debug: devices/bluetoothdevice.cpp void bluetoothdevice::update_hr_from_external() WearOS Companion Heart: 0
seg. ago. 17 17:14:42 2026 1786997682843 Debug: ./ergtable.h void ergTable::updateDataTable(const CadenceResistancePair &) Added/Updated point: C: 85 W: 150 R: 12
seg. ago. 17 17:14:42 2026 1786997682875 Debug: devices/bluetoothdevice.cpp void bluetoothdevice::update_hr_from_external() WearOS Companion Heart: 0
seg. ago. 17 17:14:43 2026 1786997683043 Debug: ./ergtable.h void ergTable::updateDataTable(const CadenceResistancePair &) Added/Updated point: C: 85 W: 150 R: 12
seg. ago. 17 17:14:43 2026 1786997683064 Debug: devices/bluetoothdevice.cpp void bluetoothdevice::update_hr_from_external() WearOS Companion Heart: 0
seg. ago. 17 17:14:43 2026 1786997683246 Debug: ./ergtable.h void ergTable::updateDataTable(const CadenceResistancePair &) Added/Updated point: C: 85 W: 150 R: 12
seg. ago. 17 17:14:43 2026 1786997683280 Debug: devices/bluetoothdevice.cpp void bluetoothdevice::update_hr_from_external() WearOS Companion Heart: 0
seg. ago. 17 17:14:43 2026 1786997683450 Debug: ./ergtable.h void ergTable::updateDataTable(const CadenceResistancePair &) Added/Updated point: C: 85 W: 150 R: 12
seg. ago. 17 17:14:43 2026 1786997683506 Debug: devices/bluetoothdevice.cpp void bluetoothdevice::update_hr_from_external() WearOS Companion Heart: 0
seg. ago. 17 17:14:43 2026 1786997683650 Debug: templateinfosender.cpp bool TemplateInfoSender::update(QJSEngine *) "eval res " "{\"msg\":\"workout\",\"content\":{\"BIKE_TYPE\":2,\"ELLIPTICAL_TYPE\":4,\"ROWING_TYPE\":3,\"TREADMILL_TYPE\":1,\"UNKNOWN_TYPE\":0,\"deviceId\":\"00:00:00:00:00:00\",\"deviceName\":\"N/A\",\"deviceRSSI\":1,\"deviceType\":2,\"deviceConnected\":true,\"devicePaused\":false,\"elapsed_s\":49,\"elapsed_m\":0,\"elapsed_h\":0,\"lapelapsed_s\":49,\"lapelapsed_m\":0,\"lapelapsed_h\":0,\"pace_s\":6,\"pace_m\":2,\"pace_h\":0,\"pace_color\":\"white\",\"avgpace_s\":6,\"avgpace_m\":2,\"avgpace_h\":0,\"maxpace_s\":6,\"maxpace_m\":2,\"maxpace_h\":0,\"moving_s\":49,\"moving_m\":0,\"moving_h\":0,\"speed\":28.56343234006481,\"speed_avg\":28.56343488993438,\"speed_color\":\"white\",\"speed_lapavg\":28.56343488993438,\"speed_lapmax\":28.563517581678,\"calories\":9.898941499999998,\"distance\":0.4279438192236324,\"heart\":0,\"heart_color\":\"lightsteelblue\",\"heart_avg\":124.77692679999998,\"heart_lapavg\":124.77692679999998,\"heart_max\":130.58506666666668,\"heart_lapmax\":130.58506666666668,\"target_heart_above\":0,\"target_heart_below\":0,\"jouls\":7476.149999999999,\"elevation\":0,\"difficult\":1,\"watts\":150,\"watts_avg\":150,\"watts_color\":\"limegreen\",\"watts_lapavg\":150,\"watts_max\":150,\"watts_lapmax\":150,\"kgwatts\":2,\"kgwatts_avg\":2,\"kgwatts_max\":2,\"workoutName\":\"Ride\",\"workoutStartDate\":\"seg. ago. 17 17:13:53 2026\",\"instructorName\":\"\",\"latitude\":null,\"longitude\":null,\"altitude\":null,\"peloton_offset\":0,\"peloton_ask_start\":false,\"autoresistance\":true,\"nextrow\":\"N/A\",\"training_row_index\":0,\"training_row_elapsed\":0,\"training_row_open_ended\":false,\"training_row_wait_for_lap\":false,\"row_remaining_time_s\":0,\"row_remaining_time_m\":0,\"row_remaining_time_h\":0,\"remaining_time_s\":0,\"remaining_time_m\":0,\"remaining_time_h\":0,\"nickName\":\"N/A\",\"gears\":0,\"target_resistance\":0,\"target_peloton_resistance\":0,\"target_cadence\":0,\"target_power\":0,\"power_zone\":2.9,\"power_zone_lapavg\":2.8620000000000028,\"power_zone_lapmax\":2.9,\"target_power_zone\":1,\"power_zone_color\":\"limegreen\",\"target_power_zone_color\":\"white\",\"peloton_resistance\":12,\"peloton_resistance_avg\":12,\"peloton_resistance_color\":\"white\",\"peloton_resistance_lapavg\":12,\"peloton_resistance_lapmax\":12,\"peloton_req_resistance\":0,\"cadence\":85,\"cadence_color\":\"white\",\"cadence_avg\":85,\"cadence_lapavg\":85,\"cadence_lapmax\":85,\"resistance\":12,\"resistance_avg\":12,\"resistance_lapavg\":12,\"resistance_lapmax\":12,\"cranks\":250,\"cranktime\":49428,\"req_power\":0,\"req_cadence\":0,\"req_resistance\":0,\"inclination\":0,\"inclination_avg\":0}}"
seg. ago. 17 17:14:43 2026 1786997683669 Debug: homeform.cpp void homeform::update() homeform::update fired! elapsed: 1013 jitter: -90
seg. ago. 17 17:14:43 2026 1786997683676 Debug: homeform.cpp void homeform::update() homeform::update tiles updated!
seg. ago. 17 17:14:43 2026 1786997683678 Debug: homeform.cpp void homeform::update() Current Distance 1s: 0.404649 28.5634 150
seg. ago. 17 17:14:43 2026 1786997683681 Debug: virtualdevices/virtualbike.cpp void virtualbike::bikeProvider() "bikeProvider" 0 2000 false
seg. ago. 17 17:14:43 2026 1786997683682 Debug: virtualdevices/virtualbike.cpp void virtualbike::bikeProvider() "virtual bike connected"
seg. ago. 17 17:14:43 2026 1786997683683 Debug: virtualdevices/virtualbike.cpp void virtualbike::writeCharacteristic(QLowEnergyService *, const QLowEnergyCharacteristic &, const QByteArray &) "virtualbike::writeCharacteristic Unknown Service  64 02 28 0b aa 00 0c 00 96 00 00 00"
seg. ago. 17 17:14:43 2026 1786997683684 Debug:   Write server characteristic with handle  9 "6402280baa000c0096000000" (service: "{00001826-0000-1000-8000-00805f9b34fb}"
seg. ago. 17 17:14:43 2026 1786997683686 Debug: virtualdevices/virtualbike.cpp void virtualbike::writeCharacteristic(QLowEnergyService *, const QLowEnergyCharacteristic &, const QByteArray &) "virtualbike::writeCharacteristic Heart Rate Heart Rate Measurement 00 00"
seg. ago. 17 17:14:43 2026 1786997683687 Debug:   Write server characteristic with handle  19 "0000" (service: "{0000180d-0000-1000-8000-00805f9b34fb}"
seg. ago. 17 17:14:43 2026 1786997683692 Debug: ./ergtable.h void ergTable::updateDataTable(const CadenceResistancePair &) Added/Updated point: C: 85 W: 150 R: 12
seg. ago. 17 17:14:43 2026 1786997683709 Debug: devices/bluetoothdevice.cpp void bluetoothdevice::update_hr_from_external() WearOS Companion Heart: 0
seg. ago. 17 17:14:43 2026 1786997683842 Debug: ./ergtable.h void ergTable::updateDataTable(const CadenceResistancePair &) Added/Updated point: C: 85 W: 150 R: 12
seg. ago. 17 17:14:43 2026 1786997683881 Debug: devices/bluetoothdevice.cpp void bluetoothdevice::update_hr_from_external() WearOS Companion Heart: 0
seg. ago. 17 17:14:44 2026 1786997684050 Debug: ./ergtable.h void ergTable::updateDataTable(const CadenceResistancePair &) Added/Updated point: C: 85 W: 150 R: 12
seg. ago. 17 17:14:44 2026 1786997684091 Debug: devices/bluetoothdevice.cpp void bluetoothdevice::update_hr_from_external() WearOS Companion Heart: 0
seg. ago. 17 17:14:44 2026 1786997684246 Debug: ./ergtable.h void ergTable::updateDataTable(const CadenceResistancePair &) Added/Updated point: C: 85 W: 150 R: 12
seg. ago. 17 17:14:44 2026 1786997684282 Debug: devices/bluetoothdevice.cpp void bluetoothdevice::update_hr_from_external() WearOS Companion Heart: 0
seg. ago. 17 17:14:44 2026 1786997684448 Debug: ./ergtable.h void ergTable::updateDataTable(const CadenceResistancePair &) Added/Updated point: C: 85 W: 150 R: 12
seg. ago. 17 17:14:44 2026 1786997684486 Debug: devices/bluetoothdevice.cpp void bluetoothdevice::update_hr_from_external() WearOS Companion Heart: 0
seg. ago. 17 17:14:44 2026 1786997684648 Debug: templateinfosender.cpp bool TemplateInfoSender::update(QJSEngine *) "eval res " "{\"msg\":\"workout\",\"content\":{\"BIKE_TYPE\":2,\"ELLIPTICAL_TYPE\":4,\"ROWING_TYPE\":3,\"TREADMILL_TYPE\":1,\"UNKNOWN_TYPE\":0,\"deviceId\":\"00:00:00:00:00:00\",\"deviceName\":\"N/A\",\"deviceRSSI\":1,\"deviceType\":2,\"deviceConnected\":true,\"devicePaused\":false,\"elapsed_s\":50,\"elapsed_m\":0,\"elapsed_h\":0,\"lapelapsed_s\":50,\"lapelapsed_m\":0,\"lapelapsed_h\":0,\"pace_s\":6,\"pace_m\":2,\"pace_h\":0,\"pace_color\":\"white\",\"avgpace_s\":6,\"avgpace_m\":2,\"avgpace_h\":0,\"maxpace_s\":6,\"maxpace_m\":2,\"maxpace_h\":0,\"moving_s\":50,\"moving_m\":0,\"moving_h\":0,\"speed\":28.56343234006481,\"speed_avg\":28.563434839936935,\"speed_color\":\"white\",\"speed_lapavg\":28.563434839936935,\"speed_lapmax\":28.563517581678,\"calories\":10.082839812499998,\"distance\":0.4358939745582837,\"heart\":0,\"heart_color\":\"lightsteelblue\",\"heart_avg\":124.89360366013071,\"heart_lapavg\":124.89360366013071,\"heart_max\":130.81886666666668,\"heart_lapmax\":130.81886666666668,\"target_heart_above\":0,\"target_heart_below\":0,\"jouls\":7625.999999999998,\"elevation\":0,\"difficult\":1,\"watts\":150,\"watts_avg\":150,\"watts_color\":\"limegreen\",\"watts_lapavg\":150,\"watts_max\":150,\"watts_lapmax\":150,\"kgwatts\":2,\"kgwatts_avg\":2,\"kgwatts_max\":2,\"workoutName\":\"Ride\",\"workoutStartDate\":\"seg. ago. 17 17:13:53 2026\",\"instructorName\":\"\",\"latitude\":null,\"longitude\":null,\"altitude\":null,\"peloton_offset\":0,\"peloton_ask_start\":false,\"autoresistance\":true,\"nextrow\":\"N/A\",\"training_row_index\":0,\"training_row_elapsed\":0,\"training_row_open_ended\":false,\"training_row_wait_for_lap\":false,\"row_remaining_time_s\":0,\"row_remaining_time_m\":0,\"row_remaining_time_h\":0,\"remaining_time_s\":0,\"remaining_time_m\":0,\"remaining_time_h\":0,\"nickName\":\"N/A\",\"gears\":0,\"target_resistance\":0,\"target_peloton_resistance\":0,\"target_cadence\":0,\"target_power\":0,\"power_zone\":2.9,\"power_zone_lapavg\":2.8627450980392184,\"power_zone_lapmax\":2.9,\"target_power_zone\":1,\"power_zone_color\":\"limegreen\",\"target_power_zone_color\":\"white\",\"peloton_resistance\":12,\"peloton_resistance_avg\":12,\"peloton_resistance_color\":\"white\",\"peloton_resistance_lapavg\":12,\"peloton_resistance_lapmax\":12,\"peloton_req_resistance\":0,\"cadence\":85,\"cadence_color\":\"white\",\"cadence_avg\":85,\"cadence_lapavg\":85,\"cadence_lapmax\":85,\"resistance\":12,\"resistance_avg\":12,\"resistance_lapavg\":12,\"resistance_lapmax\":12,\"cranks\":255,\"cranktime\":53038,\"req_power\":0,\"req_cadence\":0,\"req_resistance\":0,\"inclination\":0,\"inclination_avg\":0}}"
seg. ago. 17 17:14:44 2026 1786997684669 Debug: homeform.cpp void homeform::update() homeform::update fired! elapsed: 999 jitter: -91
seg. ago. 17 17:14:44 2026 1786997684675 Debug: homeform.cpp void homeform::update() homeform::update tiles updated!
seg. ago. 17 17:14:44 2026 1786997684677 Debug: homeform.cpp void homeform::update() Current Distance 1s: 0.412583 28.5634 150
seg. ago. 17 17:14:44 2026 1786997684683 Debug: virtualdevices/virtualbike.cpp void virtualbike::bikeProvider() "bikeProvider" 0 2000 false
seg. ago. 17 17:14:44 2026 1786997684684 Debug: virtualdevices/virtualbike.cpp void virtualbike::bikeProvider() "virtual bike connected"
seg. ago. 17 17:14:44 2026 1786997684686 Debug: virtualdevices/virtualbike.cpp void virtualbike::writeCharacteristic(QLowEnergyService *, const QLowEnergyCharacteristic &, const QByteArray &) "virtualbike::writeCharacteristic Unknown Service  64 02 28 0b aa 00 0c 00 96 00 00 00"
seg. ago. 17 17:14:44 2026 1786997684687 Debug:   Write server characteristic with handle  9 "6402280baa000c0096000000" (service: "{00001826-0000-1000-8000-00805f9b34fb}"
seg. ago. 17 17:14:44 2026 1786997684689 Debug: virtualdevices/virtualbike.cpp void virtualbike::writeCharacteristic(QLowEnergyService *, const QLowEnergyCharacteristic &, const QByteArray &) "virtualbike::writeCharacteristic Heart Rate Heart Rate Measurement 00 00"
seg. ago. 17 17:14:44 2026 1786997684691 Debug:   Write server characteristic with handle  19 "0000" (service: "{0000180d-0000-1000-8000-00805f9b34fb}"
seg. ago. 17 17:14:44 2026 1786997684695 Debug: ./ergtable.h void ergTable::updateDataTable(const CadenceResistancePair &) Added/Updated point: C: 85 W: 150 R: 12
seg. ago. 17 17:14:44 2026 1786997684712 Debug: devices/bluetoothdevice.cpp void bluetoothdevice::update_hr_from_external() WearOS Companion Heart: 0
seg. ago. 17 17:14:44 2026 1786997684844 Debug: ./ergtable.h void ergTable::updateDataTable(const CadenceResistancePair &) Added/Updated point: C: 85 W: 150 R: 12
seg. ago. 17 17:14:44 2026 1786997684885 Debug: devices/bluetoothdevice.cpp void bluetoothdevice::update_hr_from_external() WearOS Companion Heart: 0
seg. ago. 17 17:14:45 2026 1786997685046 Debug: ./ergtable.h void ergTable::updateDataTable(const CadenceResistancePair &) Added/Updated point: C: 85 W: 150 R: 12
seg. ago. 17 17:14:45 2026 1786997685084 Debug: devices/bluetoothdevice.cpp void bluetoothdevice::update_hr_from_external() WearOS Companion Heart: 0
seg. ago. 17 17:14:45 2026 1786997685251 Debug: ./ergtable.h void ergTable::updateDataTable(const CadenceResistancePair &) Added/Updated point: C: 85 W: 150 R: 12
seg. ago. 17 17:14:45 2026 1786997685285 Debug: devices/bluetoothdevice.cpp void bluetoothdevice::update_hr_from_external() WearOS Companion Heart: 0
seg. ago. 17 17:14:45 2026 1786997685446 Debug: ./ergtable.h void ergTable::updateDataTable(const CadenceResistancePair &) Added/Updated point: C: 85 W: 150 R: 12
seg. ago. 17 17:14:45 2026 1786997685477 Debug: devices/bluetoothdevice.cpp void bluetoothdevice::update_hr_from_external() WearOS Companion Heart: 0
seg. ago. 17 17:14:45 2026 1786997685644 Debug: templateinfosender.cpp bool TemplateInfoSender::update(QJSEngine *) "eval res " "{\"msg\":\"workout\",\"content\":{\"BIKE_TYPE\":2,\"ELLIPTICAL_TYPE\":4,\"ROWING_TYPE\":3,\"TREADMILL_TYPE\":1,\"UNKNOWN_TYPE\":0,\"deviceId\":\"00:00:00:00:00:00\",\"deviceName\":\"N/A\",\"deviceRSSI\":1,\"deviceType\":2,\"deviceConnected\":true,\"devicePaused\":false,\"elapsed_s\":51,\"elapsed_m\":0,\"elapsed_h\":0,\"lapelapsed_s\":51,\"lapelapsed_m\":0,\"lapelapsed_h\":0,\"pace_s\":6,\"pace_m\":2,\"pace_h\":0,\"pace_color\":\"white\",\"avgpace_s\":6,\"avgpace_m\":2,\"avgpace_h\":0,\"maxpace_s\":6,\"maxpace_m\":2,\"maxpace_h\":0,\"moving_s\":51,\"moving_m\":0,\"moving_h\":0,\"speed\":28.56343234006481,\"speed_avg\":28.563434791862466,\"speed_color\":\"white\",\"speed_lapavg\":28.563434791862466,\"speed_lapmax\":28.563517581678,\"calories\":10.266003999999997,\"distance\":0.44381239274589057,\"heart\":0,\"heart_color\":\"lightsteelblue\",\"heart_avg\":125.0102846153846,\"heart_lapavg\":125.0102846153846,\"heart_max\":131.05173333333335,\"heart_lapmax\":131.05173333333335,\"target_heart_above\":0,\"target_heart_below\":0,\"jouls\":7775.549999999998,\"elevation\":0,\"difficult\":1,\"watts\":150,\"watts_avg\":150,\"watts_color\":\"limegreen\",\"watts_lapavg\":150,\"watts_max\":150,\"watts_lapmax\":150,\"kgwatts\":2,\"kgwatts_avg\":2,\"kgwatts_max\":2,\"workoutName\":\"Ride\",\"workoutStartDate\":\"seg. ago. 17 17:13:53 2026\",\"instructorName\":\"\",\"latitude\":null,\"longitude\":null,\"altitude\":null,\"peloton_offset\":0,\"peloton_ask_start\":false,\"autoresistance\":true,\"nextrow\":\"N/A\",\"training_row_index\":0,\"training_row_elapsed\":0,\"training_row_open_ended\":false,\"training_row_wait_for_lap\":false,\"row_remaining_time_s\":0,\"row_remaining_time_m\":0,\"row_remaining_time_h\":0,\"remaining_time_s\":0,\"remaining_time_m\":0,\"remaining_time_h\":0,\"nickName\":\"N/A\",\"gears\":0,\"target_resistance\":0,\"target_peloton_resistance\":0,\"target_cadence\":0,\"target_power\":0,\"power_zone\":2.9,\"power_zone_lapavg\":2.863461538461541,\"power_zone_lapmax\":2.9,\"target_power_zone\":1,\"power_zone_color\":\"limegreen\",\"target_power_zone_color\":\"white\",\"peloton_resistance\":12,\"peloton_resistance_avg\":12,\"peloton_resistance_color\":\"white\",\"peloton_resistance_lapavg\":12,\"peloton_resistance_lapmax\":12,\"peloton_req_resistance\":0,\"cadence\":85,\"cadence_color\":\"white\",\"cadence_avg\":85,\"cadence_lapavg\":85,\"cadence_lapmax\":85,\"resistance\":12,\"resistance_avg\":12,\"resistance_lapavg\":12,\"resistance_lapmax\":12,\"cranks\":260,\"cranktime\":56648,\"req_power\":0,\"req_cadence\":0,\"req_resistance\":0,\"inclination\":0,\"inclination_avg\":0}}"
seg. ago. 17 17:14:45 2026 1786997685656 Debug: homeform.cpp void homeform::update() homeform::update fired! elapsed: 988 jitter: -103
seg. ago. 17 17:14:45 2026 1786997685662 Debug: homeform.cpp void homeform::update() homeform::update tiles updated!
seg. ago. 17 17:14:45 2026 1786997685664 Debug: homeform.cpp void homeform::update() Current Distance 1s: 0.420517 28.5634 150
seg. ago. 17 17:14:45 2026 1786997685666 Debug: virtualdevices/virtualbike.cpp void virtualbike::bikeProvider() "bikeProvider" 0 2000 false
seg. ago. 17 17:14:45 2026 1786997685669 Debug: virtualdevices/virtualbike.cpp void virtualbike::bikeProvider() "virtual bike connected"
seg. ago. 17 17:14:45 2026 1786997685670 Debug: virtualdevices/virtualbike.cpp void virtualbike::writeCharacteristic(QLowEnergyService *, const QLowEnergyCharacteristic &, const QByteArray &) "virtualbike::writeCharacteristic Unknown Service  64 02 28 0b aa 00 0c 00 96 00 00 00"
seg. ago. 17 17:14:45 2026 1786997685672 Debug:   Write server characteristic with handle  9 "6402280baa000c0096000000" (service: "{00001826-0000-1000-8000-00805f9b34fb}"
seg. ago. 17 17:14:45 2026 1786997685674 Debug: virtualdevices/virtualbike.cpp void virtualbike::writeCharacteristic(QLowEnergyService *, const QLowEnergyCharacteristic &, const QByteArray &) "virtualbike::writeCharacteristic Heart Rate Heart Rate Measurement 00 00"
seg. ago. 17 17:14:45 2026 1786997685675 Debug:   Write server characteristic with handle  19 "0000" (service: "{0000180d-0000-1000-8000-00805f9b34fb}"
seg. ago. 17 17:14:45 2026 1786997685680 Debug: ./ergtable.h void ergTable::updateDataTable(const CadenceResistancePair &) Added/Updated point: C: 85 W: 150 R: 12
seg. ago. 17 17:14:45 2026 1786997685695 Debug: devices/bluetoothdevice.cpp void bluetoothdevice::update_hr_from_external() WearOS Companion Heart: 0
seg. ago. 17 17:14:45 2026 1786997685841 Debug: ./ergtable.h void ergTable::updateDataTable(const CadenceResistancePair &) Added/Updated point: C: 85 W: 150 R: 12
seg. ago. 17 17:14:45 2026 1786997685863 Debug: devices/bluetoothdevice.cpp void bluetoothdevice::update_hr_from_external() WearOS Companion Heart: 0
seg. ago. 17 17:14:46 2026 1786997686043 Debug: ./ergtable.h void ergTable::updateDataTable(const CadenceResistancePair &) Added/Updated point: C: 85 W: 150 R: 12
seg. ago. 17 17:14:46 2026 1786997686065 Debug: devices/bluetoothdevice.cpp void bluetoothdevice::update_hr_from_external() WearOS Companion Heart: 0
seg. ago. 17 17:14:46 2026 1786997686243 Debug: ./ergtable.h void ergTable::updateDataTable(const CadenceResistancePair &) Added/Updated point: C: 85 W: 150 R: 12
seg. ago. 17 17:14:46 2026 1786997686266 Debug: devices/bluetoothdevice.cpp void bluetoothdevice::update_hr_from_external() WearOS Companion Heart: 0
seg. ago. 17 17:14:46 2026 1786997686443 Debug: ./ergtable.h void ergTable::updateDataTable(const CadenceResistancePair &) Added/Updated point: C: 85 W: 150 R: 12
seg. ago. 17 17:14:46 2026 1786997686466 Debug: devices/bluetoothdevice.cpp void bluetoothdevice::update_hr_from_external() WearOS Companion Heart: 0
seg. ago. 17 17:14:46 2026 1786997686644 Debug: templateinfosender.cpp bool TemplateInfoSender::update(QJSEngine *) "eval res " "{\"msg\":\"workout\",\"content\":{\"BIKE_TYPE\":2,\"ELLIPTICAL_TYPE\":4,\"ROWING_TYPE\":3,\"TREADMILL_TYPE\":1,\"UNKNOWN_TYPE\":0,\"deviceId\":\"00:00:00:00:00:00\",\"deviceName\":\"N/A\",\"deviceRSSI\":1,\"deviceType\":2,\"deviceConnected\":true,\"devicePaused\":false,\"elapsed_s\":52,\"elapsed_m\":0,\"elapsed_h\":0,\"lapelapsed_s\":52,\"lapelapsed_m\":0,\"lapelapsed_h\":0,\"pace_s\":6,\"pace_m\":2,\"pace_h\":0,\"pace_color\":\"white\",\"avgpace_s\":6,\"avgpace_m\":2,\"avgpace_h\":0,\"maxpace_s\":6,\"maxpace_m\":2,\"maxpace_h\":0,\"moving_s\":52,\"moving_m\":0,\"moving_h\":0,\"speed\":28.56343234006481,\"speed_avg\":28.563434745602127,\"speed_color\":\"white\",\"speed_lapavg\":28.563434745602127,\"speed_lapmax\":28.563517581678,\"calories\":10.449535249999998,\"distance\":0.45174667950701963,\"heart\":0,\"heart_color\":\"lightsteelblue\",\"heart_avg\":125.12694742138363,\"heart_lapavg\":125.12694742138363,\"heart_max\":131.2850666666667,\"heart_lapmax\":131.2850666666667,\"target_heart_above\":0,\"target_heart_below\":0,\"jouls\":7925.249999999998,\"elevation\":0,\"difficult\":1,\"watts\":150,\"watts_avg\":150,\"watts_color\":\"limegreen\",\"watts_lapavg\":150,\"watts_max\":150,\"watts_lapmax\":150,\"kgwatts\":2,\"kgwatts_avg\":2,\"kgwatts_max\":2,\"workoutName\":\"Ride\",\"workoutStartDate\":\"seg. ago. 17 17:13:53 2026\",\"instructorName\":\"\",\"latitude\":null,\"longitude\":null,\"altitude\":null,\"peloton_offset\":0,\"peloton_ask_start\":false,\"autoresistance\":true,\"nextrow\":\"N/A\",\"training_row_index\":0,\"training_row_elapsed\":0,\"training_row_open_ended\":false,\"training_row_wait_for_lap\":false,\"row_remaining_time_s\":0,\"row_remaining_time_m\":0,\"row_remaining_time_h\":0,\"remaining_time_s\":0,\"remaining_time_m\":0,\"remaining_time_h\":0,\"nickName\":\"N/A\",\"gears\":0,\"target_resistance\":0,\"target_peloton_resistance\":0,\"target_cadence\":0,\"target_power\":0,\"power_zone\":2.9,\"power_zone_lapavg\":2.864150943396229,\"power_zone_lapmax\":2.9,\"target_power_zone\":1,\"power_zone_color\":\"limegreen\",\"target_power_zone_color\":\"white\",\"peloton_resistance\":12,\"peloton_resistance_avg\":12,\"peloton_resistance_color\":\"white\",\"peloton_resistance_lapavg\":12,\"peloton_resistance_lapmax\":12,\"peloton_req_resistance\":0,\"cadence\":85,\"cadence_color\":\"white\",\"cadence_avg\":85,\"cadence_lapavg\":85,\"cadence_lapmax\":85,\"resistance\":12,\"resistance_avg\":12,\"resistance_lapavg\":12,\"resistance_lapmax\":12,\"cranks\":265,\"cranktime\":60258,\"req_power\":0,\"req_cadence\":0,\"req_resistance\":0,\"inclination\":0,\"inclination_avg\":0}}"
seg. ago. 17 17:14:46 2026 1786997686656 Debug: homeform.cpp void homeform::update() homeform::update fired! elapsed: 1000 jitter: -103
seg. ago. 17 17:14:46 2026 1786997686664 Debug: homeform.cpp void homeform::update() homeform::update tiles updated!
seg. ago. 17 17:14:46 2026 1786997686666 Debug: homeform.cpp void homeform::update() Current Distance 1s: 0.428452 28.5634 150
seg. ago. 17 17:14:46 2026 1786997686670 Debug: virtualdevices/virtualbike.cpp void virtualbike::bikeProvider() "bikeProvider" 0 2000 false
seg. ago. 17 17:14:46 2026 1786997686671 Debug: virtualdevices/virtualbike.cpp void virtualbike::bikeProvider() "virtual bike connected"
seg. ago. 17 17:14:46 2026 1786997686674 Debug: virtualdevices/virtualbike.cpp void virtualbike::writeCharacteristic(QLowEnergyService *, const QLowEnergyCharacteristic &, const QByteArray &) "virtualbike::writeCharacteristic Unknown Service  64 02 28 0b aa 00 0c 00 96 00 00 00"
seg. ago. 17 17:14:46 2026 1786997686675 Debug:   Write server characteristic with handle  9 "6402280baa000c0096000000" (service: "{00001826-0000-1000-8000-00805f9b34fb}"
seg. ago. 17 17:14:46 2026 1786997686677 Debug: virtualdevices/virtualbike.cpp void virtualbike::writeCharacteristic(QLowEnergyService *, const QLowEnergyCharacteristic &, const QByteArray &) "virtualbike::writeCharacteristic Heart Rate Heart Rate Measurement 00 00"
seg. ago. 17 17:14:46 2026 1786997686678 Debug:   Write server characteristic with handle  19 "0000" (service: "{0000180d-0000-1000-8000-00805f9b34fb}"
seg. ago. 17 17:14:46 2026 1786997686684 Debug: ./ergtable.h void ergTable::updateDataTable(const CadenceResistancePair &) Added/Updated point: C: 85 W: 150 R: 12
seg. ago. 17 17:14:46 2026 1786997686704 Debug: devices/bluetoothdevice.cpp void bluetoothdevice::update_hr_from_external() WearOS Companion Heart: 0
seg. ago. 17 17:14:46 2026 1786997686844 Debug: ./ergtable.h void ergTable::updateDataTable(const CadenceResistancePair &) Added/Updated point: C: 85 W: 150 R: 12
seg. ago. 17 17:14:46 2026 1786997686866 Debug: devices/bluetoothdevice.cpp void bluetoothdevice::update_hr_from_external() WearOS Companion Heart: 0
seg. ago. 17 17:14:47 2026 1786997687043 Debug: ./ergtable.h void ergTable::updateDataTable(const CadenceResistancePair &) Added/Updated point: C: 85 W: 150 R: 12
seg. ago. 17 17:14:47 2026 1786997687067 Debug: devices/bluetoothdevice.cpp void bluetoothdevice::update_hr_from_external() WearOS Companion Heart: 0
seg. ago. 17 17:14:47 2026 1786997687243 Debug: ./ergtable.h void ergTable::updateDataTable(const CadenceResistancePair &) Added/Updated point: C: 85 W: 150 R: 12
seg. ago. 17 17:14:47 2026 1786997687266 Debug: devices/bluetoothdevice.cpp void bluetoothdevice::update_hr_from_external() WearOS Companion Heart: 0
seg. ago. 17 17:14:47 2026 1786997687443 Debug: ./ergtable.h void ergTable::updateDataTable(const CadenceResistancePair &) Added/Updated point: C: 85 W: 150 R: 12
seg. ago. 17 17:14:47 2026 1786997687466 Debug: devices/bluetoothdevice.cpp void bluetoothdevice::update_hr_from_external() WearOS Companion Heart: 0
seg. ago. 17 17:14:47 2026 1786997687644 Debug: templateinfosender.cpp bool TemplateInfoSender::update(QJSEngine *) "eval res " "{\"msg\":\"workout\",\"content\":{\"BIKE_TYPE\":2,\"ELLIPTICAL_TYPE\":4,\"ROWING_TYPE\":3,\"TREADMILL_TYPE\":1,\"UNKNOWN_TYPE\":0,\"deviceId\":\"00:00:00:00:00:00\",\"deviceName\":\"N/A\",\"deviceRSSI\":1,\"deviceType\":2,\"deviceConnected\":true,\"devicePaused\":false,\"elapsed_s\":53,\"elapsed_m\":0,\"elapsed_h\":0,\"lapelapsed_s\":53,\"lapelapsed_m\":0,\"lapelapsed_h\":0,\"pace_s\":6,\"pace_m\":2,\"pace_h\":0,\"pace_color\":\"white\",\"avgpace_s\":6,\"avgpace_m\":2,\"avgpace_h\":0,\"maxpace_s\":6,\"maxpace_m\":2,\"maxpace_h\":0,\"moving_s\":53,\"moving_m\":0,\"moving_h\":0,\"speed\":28.56343234006481,\"speed_avg\":28.563434701055133,\"speed_color\":\"white\",\"speed_lapavg\":28.563434701055133,\"speed_lapmax\":28.563517581678,\"calories\":10.632882968749998,\"distance\":0.45967303198138754,\"heart\":0,\"heart_color\":\"lightsteelblue\",\"heart_avg\":125.24361209876542,\"heart_lapavg\":125.24361209876542,\"heart_max\":131.51816666666667,\"heart_lapmax\":131.51816666666667,\"target_heart_above\":0,\"target_heart_below\":0,\"jouls\":8075.249999999998,\"elevation\":0,\"difficult\":1,\"watts\":150,\"watts_avg\":150,\"watts_color\":\"limegreen\",\"watts_lapavg\":150,\"watts_max\":150,\"watts_lapmax\":150,\"kgwatts\":2,\"kgwatts_avg\":2,\"kgwatts_max\":2,\"workoutName\":\"Ride\",\"workoutStartDate\":\"seg. ago. 17 17:13:53 2026\",\"instructorName\":\"\",\"latitude\":null,\"longitude\":null,\"altitude\":null,\"peloton_offset\":0,\"peloton_ask_start\":false,\"autoresistance\":true,\"nextrow\":\"N/A\",\"training_row_index\":0,\"training_row_elapsed\":0,\"training_row_open_ended\":false,\"training_row_wait_for_lap\":false,\"row_remaining_time_s\":0,\"row_remaining_time_m\":0,\"row_remaining_time_h\":0,\"remaining_time_s\":0,\"remaining_time_m\":0,\"remaining_time_h\":0,\"nickName\":\"N/A\",\"gears\":0,\"target_resistance\":0,\"target_peloton_resistance\":0,\"target_cadence\":0,\"target_power\":0,\"power_zone\":2.9,\"power_zone_lapavg\":2.864814814814818,\"power_zone_lapmax\":2.9,\"target_power_zone\":1,\"power_zone_color\":\"limegreen\",\"target_power_zone_color\":\"white\",\"peloton_resistance\":12,\"peloton_resistance_avg\":12,\"peloton_resistance_color\":\"white\",\"peloton_resistance_lapavg\":12,\"peloton_resistance_lapmax\":12,\"peloton_req_resistance\":0,\"cadence\":85,\"cadence_color\":\"white\",\"cadence_avg\":85,\"cadence_lapavg\":85,\"cadence_lapmax\":85,\"resistance\":12,\"resistance_avg\":12,\"resistance_lapavg\":12,\"resistance_lapmax\":12,\"cranks\":270,\"cranktime\":63868,\"req_power\":0,\"req_cadence\":0,\"req_resistance\":0,\"inclination\":0,\"inclination_avg\":0}}"
seg. ago. 17 17:14:47 2026 1786997687655 Debug: homeform.cpp void homeform::update() homeform::update fired! elapsed: 999 jitter: -104
seg. ago. 17 17:14:47 2026 1786997687662 Debug: homeform.cpp void homeform::update() homeform::update tiles updated!
seg. ago. 17 17:14:47 2026 1786997687664 Debug: homeform.cpp void homeform::update() Current Distance 1s: 0.436386 28.5634 150
seg. ago. 17 17:14:47 2026 1786997687668 Debug: virtualdevices/virtualbike.cpp void virtualbike::bikeProvider() "bikeProvider" 0 2000 false
seg. ago. 17 17:14:47 2026 1786997687670 Debug: virtualdevices/virtualbike.cpp void virtualbike::bikeProvider() "virtual bike connected"
seg. ago. 17 17:14:47 2026 1786997687672 Debug: virtualdevices/virtualbike.cpp void virtualbike::writeCharacteristic(QLowEnergyService *, const QLowEnergyCharacteristic &, const QByteArray &) "virtualbike::writeCharacteristic Unknown Service  64 02 28 0b aa 00 0c 00 96 00 00 00"
seg. ago. 17 17:14:47 2026 1786997687674 Debug:   Write server characteristic with handle  9 "6402280baa000c0096000000" (service: "{00001826-0000-1000-8000-00805f9b34fb}"
seg. ago. 17 17:14:47 2026 1786997687676 Debug: virtualdevices/virtualbike.cpp void virtualbike::writeCharacteristic(QLowEnergyService *, const QLowEnergyCharacteristic &, const QByteArray &) "virtualbike::writeCharacteristic Heart Rate Heart Rate Measurement 00 00"
seg. ago. 17 17:14:47 2026 1786997687677 Debug:   Write server characteristic with handle  19 "0000" (service: "{0000180d-0000-1000-8000-00805f9b34fb}"
seg. ago. 17 17:14:47 2026 1786997687682 Debug: ./ergtable.h void ergTable::updateDataTable(const CadenceResistancePair &) Added/Updated point: C: 85 W: 150 R: 12
seg. ago. 17 17:14:47 2026 1786997687706 Debug: devices/bluetoothdevice.cpp void bluetoothdevice::update_hr_from_external() WearOS Companion Heart: 0
seg. ago. 17 17:14:47 2026 1786997687843 Debug: ./ergtable.h void ergTable::updateDataTable(const CadenceResistancePair &) Added/Updated point: C: 85 W: 150 R: 12
seg. ago. 17 17:14:47 2026 1786997687865 Debug: devices/bluetoothdevice.cpp void bluetoothdevice::update_hr_from_external() WearOS Companion Heart: 0
seg. ago. 17 17:14:48 2026 1786997688043 Debug: ./ergtable.h void ergTable::updateDataTable(const CadenceResistancePair &) Added/Updated point: C: 85 W: 150 R: 12
seg. ago. 17 17:14:48 2026 1786997688066 Debug: devices/bluetoothdevice.cpp void bluetoothdevice::update_hr_from_external() WearOS Companion Heart: 0
seg. ago. 17 17:14:48 2026 1786997688243 Debug: ./ergtable.h void ergTable::updateDataTable(const CadenceResistancePair &) Added/Updated point: C: 85 W: 150 R: 12
seg. ago. 17 17:14:48 2026 1786997688265 Debug: devices/bluetoothdevice.cpp void bluetoothdevice::update_hr_from_external() WearOS Companion Heart: 0
seg. ago. 17 17:14:48 2026 1786997688444 Debug: ./ergtable.h void ergTable::updateDataTable(const CadenceResistancePair &) Added/Updated point: C: 85 W: 150 R: 12
seg. ago. 17 17:14:48 2026 1786997688465 Debug: devices/bluetoothdevice.cpp void bluetoothdevice::update_hr_from_external() WearOS Companion Heart: 0
seg. ago. 17 17:14:48 2026 1786997688646 Debug: templateinfosender.cpp bool TemplateInfoSender::update(QJSEngine *) "eval res " "{\"msg\":\"workout\",\"content\":{\"BIKE_TYPE\":2,\"ELLIPTICAL_TYPE\":4,\"ROWING_TYPE\":3,\"TREADMILL_TYPE\":1,\"UNKNOWN_TYPE\":0,\"deviceId\":\"00:00:00:00:00:00\",\"deviceName\":\"N/A\",\"deviceRSSI\":1,\"deviceType\":2,\"deviceConnected\":true,\"devicePaused\":false,\"elapsed_s\":54,\"elapsed_m\":0,\"elapsed_h\":0,\"lapelapsed_s\":54,\"lapelapsed_m\":0,\"lapelapsed_h\":0,\"pace_s\":6,\"pace_m\":2,\"pace_h\":0,\"pace_color\":\"white\",\"avgpace_s\":6,\"avgpace_m\":2,\"avgpace_h\":0,\"maxpace_s\":6,\"maxpace_m\":2,\"maxpace_h\":0,\"moving_s\":54,\"moving_m\":0,\"moving_h\":0,\"speed\":28.56343234006481,\"speed_avg\":28.56343465812803,\"speed_color\":\"white\",\"speed_lapavg\":28.56343465812803,\"speed_lapmax\":28.563517581678,\"calories\":10.816597749999998,\"distance\":0.46761525302927776,\"heart\":0,\"heart_color\":\"lightsteelblue\",\"heart_avg\":125.36027684848483,\"heart_lapavg\":125.36027684848483,\"heart_max\":131.75173333333333,\"heart_lapmax\":131.75173333333333,\"target_heart_above\":0,\"target_heart_below\":0,\"jouls\":8225.249999999998,\"elevation\":0,\"difficult\":1,\"watts\":150,\"watts_avg\":150,\"watts_color\":\"limegreen\",\"watts_lapavg\":150,\"watts_max\":150,\"watts_lapmax\":150,\"kgwatts\":2,\"kgwatts_avg\":2,\"kgwatts_max\":2,\"workoutName\":\"Ride\",\"workoutStartDate\":\"seg. ago. 17 17:13:53 2026\",\"instructorName\":\"\",\"latitude\":null,\"longitude\":null,\"altitude\":null,\"peloton_offset\":0,\"peloton_ask_start\":false,\"autoresistance\":true,\"nextrow\":\"N/A\",\"training_row_index\":0,\"training_row_elapsed\":0,\"training_row_open_ended\":false,\"training_row_wait_for_lap\":false,\"row_remaining_time_s\":0,\"row_remaining_time_m\":0,\"row_remaining_time_h\":0,\"remaining_time_s\":0,\"remaining_time_m\":0,\"remaining_time_h\":0,\"nickName\":\"N/A\",\"gears\":0,\"target_resistance\":0,\"target_peloton_resistance\":0,\"target_cadence\":0,\"target_power\":0,\"power_zone\":2.9,\"power_zone_lapavg\":2.8654545454545484,\"power_zone_lapmax\":2.9,\"target_power_zone\":1,\"power_zone_color\":\"limegreen\",\"target_power_zone_color\":\"white\",\"peloton_resistance\":12,\"peloton_resistance_avg\":12,\"peloton_resistance_color\":\"white\",\"peloton_resistance_lapavg\":12,\"peloton_resistance_lapmax\":12,\"peloton_req_resistance\":0,\"cadence\":85,\"cadence_color\":\"white\",\"cadence_avg\":85,\"cadence_lapavg\":85,\"cadence_lapmax\":85,\"resistance\":12,\"resistance_avg\":12,\"resistance_lapavg\":12,\"resistance_lapmax\":12,\"cranks\":275,\"cranktime\":1942,\"req_power\":0,\"req_cadence\":0,\"req_resistance\":0,\"inclination\":0,\"inclination_avg\":0}}"
seg. ago. 17 17:14:48 2026 1786997688659 Debug: homeform.cpp void homeform::update() homeform::update fired! elapsed: 1003 jitter: -101
seg. ago. 17 17:14:48 2026 1786997688666 Debug: homeform.cpp void homeform::update() homeform::update tiles updated!
seg. ago. 17 17:14:48 2026 1786997688668 Debug: homeform.cpp void homeform::update() Current Distance 1s: 0.44432 28.5634 150
seg. ago. 17 17:14:48 2026 1786997688670 Debug: virtualdevices/virtualbike.cpp void virtualbike::bikeProvider() "bikeProvider" 0 2000 false
seg. ago. 17 17:14:48 2026 1786997688671 Debug: virtualdevices/virtualbike.cpp void virtualbike::bikeProvider() "virtual bike connected"
seg. ago. 17 17:14:48 2026 1786997688673 Debug: virtualdevices/virtualbike.cpp void virtualbike::writeCharacteristic(QLowEnergyService *, const QLowEnergyCharacteristic &, const QByteArray &) "virtualbike::writeCharacteristic Unknown Service  64 02 28 0b aa 00 0c 00 96 00 00 00"
seg. ago. 17 17:14:48 2026 1786997688674 Debug:   Write server characteristic with handle  9 "6402280baa000c0096000000" (service: "{00001826-0000-1000-8000-00805f9b34fb}"
seg. ago. 17 17:14:48 2026 1786997688675 Debug: virtualdevices/virtualbike.cpp void virtualbike::writeCharacteristic(QLowEnergyService *, const QLowEnergyCharacteristic &, const QByteArray &) "virtualbike::writeCharacteristic Heart Rate Heart Rate Measurement 00 00"
seg. ago. 17 17:14:48 2026 1786997688676 Debug:   Write server characteristic with handle  19 "0000" (service: "{0000180d-0000-1000-8000-00805f9b34fb}"
seg. ago. 17 17:14:48 2026 1786997688680 Debug: ./ergtable.h void ergTable::updateDataTable(const CadenceResistancePair &) Added/Updated point: C: 85 W: 150 R: 12
seg. ago. 17 17:14:48 2026 1786997688698 Debug: devices/bluetoothdevice.cpp void bluetoothdevice::update_hr_from_external() WearOS Companion Heart: 0
seg. ago. 17 17:14:48 2026 1786997688842 Debug: ./ergtable.h void ergTable::updateDataTable(const CadenceResistancePair &) Added/Updated point: C: 85 W: 150 R: 12
seg. ago. 17 17:14:48 2026 1786997688864 Debug: devices/bluetoothdevice.cpp void bluetoothdevice::update_hr_from_external() WearOS Companion Heart: 0
seg. ago. 17 17:14:49 2026 1786997689042 Debug: ./ergtable.h void ergTable::updateDataTable(const CadenceResistancePair &) Added/Updated point: C: 85 W: 150 R: 12
seg. ago. 17 17:14:49 2026 1786997689058 Debug: devices/bluetoothdevice.cpp void bluetoothdevice::update_hr_from_external() WearOS Companion Heart: 0
seg. ago. 17 17:14:49 2026 1786997689246 Debug: ./ergtable.h void ergTable::updateDataTable(const CadenceResistancePair &) Added/Updated point: C: 85 W: 150 R: 12
seg. ago. 17 17:14:49 2026 1786997689290 Debug: devices/bluetoothdevice.cpp void bluetoothdevice::update_hr_from_external() WearOS Companion Heart: 0
seg. ago. 17 17:14:49 2026 1786997689446 Debug: ./ergtable.h void ergTable::updateDataTable(const CadenceResistancePair &) Added/Updated point: C: 85 W: 150 R: 12
seg. ago. 17 17:14:49 2026 1786997689495 Debug: devices/bluetoothdevice.cpp void bluetoothdevice::update_hr_from_external() WearOS Companion Heart: 0
seg. ago. 17 17:14:49 2026 1786997689653 Debug: templateinfosender.cpp bool TemplateInfoSender::update(QJSEngine *) "eval res " "{\"msg\":\"workout\",\"content\":{\"BIKE_TYPE\":2,\"ELLIPTICAL_TYPE\":4,\"ROWING_TYPE\":3,\"TREADMILL_TYPE\":1,\"UNKNOWN_TYPE\":0,\"deviceId\":\"00:00:00:00:00:00\",\"deviceName\":\"N/A\",\"deviceRSSI\":1,\"deviceType\":2,\"deviceConnected\":true,\"devicePaused\":false,\"elapsed_s\":55,\"elapsed_m\":0,\"elapsed_h\":0,\"lapelapsed_s\":55,\"lapelapsed_m\":0,\"lapelapsed_h\":0,\"pace_s\":6,\"pace_m\":2,\"pace_h\":0,\"pace_color\":\"white\",\"avgpace_s\":6,\"avgpace_m\":2,\"avgpace_h\":0,\"maxpace_s\":6,\"maxpace_m\":2,\"maxpace_h\":0,\"moving_s\":55,\"moving_m\":0,\"moving_h\":0,\"speed\":28.56343234006481,\"speed_avg\":28.563434616734042,\"speed_color\":\"white\",\"speed_lapavg\":28.563434616734042,\"speed_lapmax\":28.563517581678,\"calories\":11.000129,\"distance\":0.4755495397904068,\"heart\":0,\"heart_color\":\"lightsteelblue\",\"heart_avg\":125.47694166666663,\"heart_lapavg\":125.47694166666663,\"heart_max\":131.98506666666668,\"heart_lapmax\":131.98506666666668,\"target_heart_above\":0,\"target_heart_below\":0,\"jouls\":8375.55,\"elevation\":0,\"difficult\":1,\"watts\":150,\"watts_avg\":150,\"watts_color\":\"limegreen\",\"watts_lapavg\":150,\"watts_max\":150,\"watts_lapmax\":150,\"kgwatts\":2,\"kgwatts_avg\":2,\"kgwatts_max\":2,\"workoutName\":\"Ride\",\"workoutStartDate\":\"seg. ago. 17 17:13:53 2026\",\"instructorName\":\"\",\"latitude\":null,\"longitude\":null,\"altitude\":null,\"peloton_offset\":0,\"peloton_ask_start\":false,\"autoresistance\":true,\"nextrow\":\"N/A\",\"training_row_index\":0,\"training_row_elapsed\":0,\"training_row_open_ended\":false,\"training_row_wait_for_lap\":false,\"row_remaining_time_s\":0,\"row_remaining_time_m\":0,\"row_remaining_time_h\":0,\"remaining_time_s\":0,\"remaining_time_m\":0,\"remaining_time_h\":0,\"nickName\":\"N/A\",\"gears\":0,\"target_resistance\":0,\"target_peloton_resistance\":0,\"target_cadence\":0,\"target_power\":0,\"power_zone\":2.9,\"power_zone_lapavg\":2.8660714285714315,\"power_zone_lapmax\":2.9,\"target_power_zone\":1,\"power_zone_color\":\"limegreen\",\"target_power_zone_color\":\"white\",\"peloton_resistance\":12,\"peloton_resistance_avg\":12,\"peloton_resistance_color\":\"white\",\"peloton_resistance_lapavg\":12,\"peloton_resistance_lapmax\":12,\"peloton_req_resistance\":0,\"cadence\":85,\"cadence_color\":\"white\",\"cadence_avg\":85,\"cadence_lapavg\":85,\"cadence_lapmax\":85,\"resistance\":12,\"resistance_avg\":12,\"resistance_lapavg\":12,\"resistance_lapmax\":12,\"cranks\":280,\"cranktime\":5552,\"req_power\":0,\"req_cadence\":0,\"req_resistance\":0,\"inclination\":0,\"inclination_avg\":0}}"
seg. ago. 17 17:14:49 2026 1786997689674 Debug: homeform.cpp void homeform::update() homeform::update fired! elapsed: 1015 jitter: -86
seg. ago. 17 17:14:49 2026 1786997689681 Debug: homeform.cpp void homeform::update() homeform::update tiles updated!
seg. ago. 17 17:14:49 2026 1786997689683 Debug: homeform.cpp void homeform::update() Current Distance 1s: 0.452254 28.5634 150
seg. ago. 17 17:14:49 2026 1786997689685 Debug: virtualdevices/virtualbike.cpp void virtualbike::bikeProvider() "bikeProvider" 0 2000 false
seg. ago. 17 17:14:49 2026 1786997689686 Debug: virtualdevices/virtualbike.cpp void virtualbike::bikeProvider() "virtual bike connected"
seg. ago. 17 17:14:49 2026 1786997689688 Debug: virtualdevices/virtualbike.cpp void virtualbike::writeCharacteristic(QLowEnergyService *, const QLowEnergyCharacteristic &, const QByteArray &) "virtualbike::writeCharacteristic Unknown Service  64 02 28 0b aa 00 0c 00 96 00 00 00"
seg. ago. 17 17:14:49 2026 1786997689689 Debug:   Write server characteristic with handle  9 "6402280baa000c0096000000" (service: "{00001826-0000-1000-8000-00805f9b34fb}"
seg. ago. 17 17:14:49 2026 1786997689691 Debug: virtualdevices/virtualbike.cpp void virtualbike::writeCharacteristic(QLowEnergyService *, const QLowEnergyCharacteristic &, const QByteArray &) "virtualbike::writeCharacteristic Heart Rate Heart Rate Measurement 00 00"
seg. ago. 17 17:14:49 2026 1786997689692 Debug:   Write server characteristic with handle  19 "0000" (service: "{0000180d-0000-1000-8000-00805f9b34fb}"
seg. ago. 17 17:14:49 2026 1786997689696 Debug: ./ergtable.h void ergTable::updateDataTable(const CadenceResistancePair &) Added/Updated point: C: 85 W: 150 R: 12
seg. ago. 17 17:14:49 2026 1786997689713 Debug: devices/bluetoothdevice.cpp void bluetoothdevice::update_hr_from_external() WearOS Companion Heart: 0
seg. ago. 17 17:14:49 2026 1786997689841 Debug: ./ergtable.h void ergTable::updateDataTable(const CadenceResistancePair &) Added/Updated point: C: 85 W: 150 R: 12
seg. ago. 17 17:14:49 2026 1786997689856 Debug: devices/bluetoothdevice.cpp void bluetoothdevice::update_hr_from_external() WearOS Companion Heart: 0
seg. ago. 17 17:14:50 2026 1786997690043 Debug: ./ergtable.h void ergTable::updateDataTable(const CadenceResistancePair &) Added/Updated point: C: 85 W: 150 R: 12
seg. ago. 17 17:14:50 2026 1786997690066 Debug: devices/bluetoothdevice.cpp void bluetoothdevice::update_hr_from_external() WearOS Companion Heart: 0
seg. ago. 17 17:14:50 2026 1786997690243 Debug: ./ergtable.h void ergTable::updateDataTable(const CadenceResistancePair &) Added/Updated point: C: 85 W: 150 R: 12
seg. ago. 17 17:14:50 2026 1786997690265 Debug: devices/bluetoothdevice.cpp void bluetoothdevice::update_hr_from_external() WearOS Companion Heart: 0
seg. ago. 17 17:14:50 2026 1786997690444 Debug: ./ergtable.h void ergTable::updateDataTable(const CadenceResistancePair &) Added/Updated point: C: 85 W: 150 R: 12
seg. ago. 17 17:14:50 2026 1786997690466 Debug: devices/bluetoothdevice.cpp void bluetoothdevice::update_hr_from_external() WearOS Companion Heart: 0
seg. ago. 17 17:14:50 2026 1786997690639 Warning:   QNetworkInterface/AF_NETLINK: found unknown interface with index 1
seg. ago. 17 17:14:50 2026 1786997690641 Warning:   QNetworkInterface/AF_NETLINK: found unknown interface with index 59
seg. ago. 17 17:14:50 2026 1786997690643 Warning:   QNetworkInterface/AF_NETLINK: found unknown interface with index 1
seg. ago. 17 17:14:50 2026 1786997690644 Warning:   QNetworkInterface/AF_NETLINK: found unknown interface with index 2
seg. ago. 17 17:14:50 2026 1786997690646 Warning:   QNetworkInterface/AF_NETLINK: found unknown interface with index 14
seg. ago. 17 17:14:50 2026 1786997690647 Warning:   QNetworkInterface/AF_NETLINK: found unknown interface with index 16
seg. ago. 17 17:14:50 2026 1786997690653 Debug: homeform.cpp void homeform::backup() "scheduling fit file backup..."
seg. ago. 17 17:14:50 2026 1786997690657 Debug: fitbackupwriter.cpp void FitBackupWriter::writeFitBackup(const QString &, const QList<SessionLine> &, BLUETOOTH_TYPE, uint32_t, FIT_SPORT, const QString &, const QString &) "Writing FIT backup file in background thread: " "/storage/emulated/0/Documents/QZ/0QZ-backup-seg. ago. 17 17_13_50 2026.fit"
seg. ago. 17 17:14:50 2026 1786997690662 Debug: templateinfosender.cpp bool TemplateInfoSender::update(QJSEngine *) "eval res " "{\"msg\":\"workout\",\"content\":{\"BIKE_TYPE\":2,\"ELLIPTICAL_TYPE\":4,\"ROWING_TYPE\":3,\"TREADMILL_TYPE\":1,\"UNKNOWN_TYPE\":0,\"deviceId\":\"00:00:00:00:00:00\",\"deviceName\":\"N/A\",\"deviceRSSI\":1,\"deviceType\":2,\"deviceConnected\":true,\"devicePaused\":false,\"elapsed_s\":56,\"elapsed_m\":0,\"elapsed_h\":0,\"lapelapsed_s\":56,\"lapelapsed_m\":0,\"lapelapsed_h\":0,\"pace_s\":6,\"pace_m\":2,\"pace_h\":0,\"pace_color\":\"white\",\"avgpace_s\":6,\"avgpace_m\":2,\"avgpace_h\":0,\"maxpace_s\":6,\"maxpace_m\":2,\"maxpace_h\":0,\"moving_s\":56,\"moving_m\":0,\"moving_h\":0,\"speed\":28.56343234006481,\"speed_avg\":28.56343457679247,\"speed_color\":\"white\",\"speed_lapavg\":28.56343457679247,\"speed_lapmax\":28.563517581678,\"calories\":11.183660249999999,\"distance\":0.48348382655153593,\"heart\":0,\"heart_color\":\"lightsteelblue\",\"heart_avg\":125.34722701754383,\"heart_lapavg\":125.34722701754383,\"heart_max\":131.98506666666668,\"heart_lapmax\":131.98506666666668,\"target_heart_above\":0,\"target_heart_below\":0,\"jouls\":8525.249999999998,\"elevation\":0,\"difficult\":1,\"watts\":150,\"watts_avg\":150,\"watts_color\":\"limegreen\",\"watts_lapavg\":150,\"watts_max\":150,\"watts_lapmax\":150,\"kgwatts\":2,\"kgwatts_avg\":2,\"kgwatts_max\":2,\"workoutName\":\"Ride\",\"workoutStartDate\":\"seg. ago. 17 17:13:53 2026\",\"instructorName\":\"\",\"latitude\":null,\"longitude\":null,\"altitude\":null,\"peloton_offset\":0,\"peloton_ask_start\":false,\"autoresistance\":true,\"nextrow\":\"N/A\",\"training_row_index\":0,\"training_row_elapsed\":0,\"training_row_open_ended\":false,\"training_row_wait_for_lap\":false,\"row_remaining_time_s\":0,\"row_remaining_time_m\":0,\"row_remaining_time_h\":0,\"remaining_time_s\":0,\"remaining_time_m\":0,\"remaining_time_h\":0,\"nickName\":\"N/A\",\"gears\":0,\"target_resistance\":0,\"target_peloton_resistance\":0,\"target_cadence\":0,\"target_power\":0,\"power_zone\":2.9,\"power_zone_lapavg\":2.86666666666667,\"power_zone_lapmax\":2.9,\"target_power_zone\":1,\"power_zone_color\":\"limegreen\",\"target_power_zone_color\":\"white\",\"peloton_resistance\":12,\"peloton_resistance_avg\":12,\"peloton_resistance_color\":\"white\",\"peloton_resistance_lapavg\":12,\"peloton_resistance_lapmax\":12,\"peloton_req_resistance\":0,\"cadence\":85,\"cadence_color\":\"white\",\"cadence_avg\":85,\"cadence_lapavg\":85,\"cadence_lapmax\":85,\"resistance\":12,\"resistance_avg\":12,\"resistance_lapavg\":12,\"resistance_lapmax\":12,\"cranks\":285,\"cranktime\":9162,\"req_power\":0,\"req_cadence\":0,\"req_resistance\":0,\"inclination\":0,\"inclination_avg\":0}}"
seg. ago. 17 17:14:50 2026 1786997690673 Debug: homeform.cpp void homeform::update() homeform::update fired! elapsed: 1000 jitter: -86
seg. ago. 17 17:14:50 2026 1786997690678 Debug: homeform.cpp void homeform::update() homeform::update tiles updated!
seg. ago. 17 17:14:50 2026 1786997690680 Debug: homeform.cpp void homeform::update() Current Distance 1s: 0.460189 28.5634 150
seg. ago. 17 17:14:50 2026 1786997690683 Debug: virtualdevices/virtualbike.cpp void virtualbike::bikeProvider() "bikeProvider" 0 2000 false
seg. ago. 17 17:14:50 2026 1786997690685 Debug: virtualdevices/virtualbike.cpp void virtualbike::bikeProvider() "virtual bike connected"
seg. ago. 17 17:14:50 2026 1786997690686 Debug: virtualdevices/virtualbike.cpp void virtualbike::writeCharacteristic(QLowEnergyService *, const QLowEnergyCharacteristic &, const QByteArray &) "virtualbike::writeCharacteristic Unknown Service  64 02 28 0b aa 00 0c 00 96 00 00 00"
seg. ago. 17 17:14:50 2026 1786997690688 Debug:   Write server characteristic with handle  9 "6402280baa000c0096000000" (service: "{00001826-0000-1000-8000-00805f9b34fb}"
seg. ago. 17 17:14:50 2026 1786997690690 Debug: virtualdevices/virtualbike.cpp void virtualbike::writeCharacteristic(QLowEnergyService *, const QLowEnergyCharacteristic &, const QByteArray &) "virtualbike::writeCharacteristic Heart Rate Heart Rate Measurement 00 00"
seg. ago. 17 17:14:50 2026 1786997690691 Debug:   Write server characteristic with handle  19 "0000" (service: "{0000180d-0000-1000-8000-00805f9b34fb}"
seg. ago. 17 17:14:50 2026 1786997690696 Debug: ./ergtable.h void ergTable::updateDataTable(const CadenceResistancePair &) Added/Updated point: C: 85 W: 150 R: 12
seg. ago. 17 17:14:50 2026 1786997690713 Debug: devices/bluetoothdevice.cpp void bluetoothdevice::update_hr_from_external() WearOS Companion Heart: 0
seg. ago. 17 17:14:50 2026 1786997690713 Debug: qfit.cpp static void qfit::save(const QString &, QList<SessionLine>, BLUETOOTH_TYPE, uint32_t, FIT_SPORT, QString, QString, QString, QString, QString, QString, int, int) average speed from the fit file 28.5634
seg. ago. 17 17:14:50 2026 1786997690717 Debug: qfit.cpp static void qfit::save(const QString &, QList<SessionLine>, BLUETOOTH_TYPE, uint32_t, FIT_SPORT, QString, QString, QString, QString, QString, QString, int, int) Training Load (TSS) calculated: 0.859375 Duration: 0 min Avg Power: 150 W FTP: 200 W IF: 0.75
seg. ago. 17 17:14:50 2026 1786997690722 Debug: qfit.cpp static void qfit::save(const QString &, QList<SessionLine>, BLUETOOTH_TYPE, uint32_t, FIT_SPORT, QString, QString, QString, QString, QString, QString, int, int) Training load will be stored in developer data: 0.859375
seg. ago. 17 17:14:50 2026 1786997690724 Debug: qfit.cpp static void qfit::save(const QString &, QList<SessionLine>, BLUETOOTH_TYPE, uint32_t, FIT_SPORT, QString, QString, QString, QString, QString, QString, int, int) TSS will be stored in developer data: 0.859375
seg. ago. 17 17:14:50 2026 1786997690781 Debug: fitbackupwriter.cpp void FitBackupWriter::writeFitBackup(const QString &, const QList<SessionLine> &, BLUETOOTH_TYPE, uint32_t, FIT_SPORT, const QString &, const QString &) "FIT backup file written successfully: " "/storage/emulated/0/Documents/QZ/0QZ-backup-seg. ago. 17 17_13_50 2026.fit"
seg. ago. 17 17:14:50 2026 1786997690841 Debug: ./ergtable.h void ergTable::updateDataTable(const CadenceResistancePair &) Added/Updated point: C: 85 W: 150 R: 12
seg. ago. 17 17:14:50 2026 1786997690855 Debug: devices/bluetoothdevice.cpp void bluetoothdevice::update_hr_from_external() WearOS Companion Heart: 0
seg. ago. 17 17:14:51 2026 1786997691043 Debug: ./ergtable.h void ergTable::updateDataTable(const CadenceResistancePair &) Added/Updated point: C: 85 W: 150 R: 12
seg. ago. 17 17:14:51 2026 1786997691064 Debug: devices/bluetoothdevice.cpp void bluetoothdevice::update_hr_from_external() WearOS Companion Heart: 0
seg. ago. 17 17:14:51 2026 1786997691247 Debug: ./ergtable.h void ergTable::updateDataTable(const CadenceResistancePair &) Added/Updated point: C: 85 W: 150 R: 12
seg. ago. 17 17:14:51 2026 1786997691285 Debug: devices/bluetoothdevice.cpp void bluetoothdevice::update_hr_from_external() WearOS Companion Heart: 0
seg. ago. 17 17:14:51 2026 1786997691446 Debug: ./ergtable.h void ergTable::updateDataTable(const CadenceResistancePair &) Added/Updated point: C: 85 W: 150 R: 12
seg. ago. 17 17:14:51 2026 1786997691489 Debug: devices/bluetoothdevice.cpp void bluetoothdevice::update_hr_from_external() WearOS Companion Heart: 0
seg. ago. 17 17:14:51 2026 1786997691655 Debug: templateinfosender.cpp bool TemplateInfoSender::update(QJSEngine *) "eval res " "{\"msg\":\"workout\",\"content\":{\"BIKE_TYPE\":2,\"ELLIPTICAL_TYPE\":4,\"ROWING_TYPE\":3,\"TREADMILL_TYPE\":1,\"UNKNOWN_TYPE\":0,\"deviceId\":\"00:00:00:00:00:00\",\"deviceName\":\"N/A\",\"deviceRSSI\":1,\"deviceType\":2,\"deviceConnected\":true,\"devicePaused\":false,\"elapsed_s\":57,\"elapsed_m\":0,\"elapsed_h\":0,\"lapelapsed_s\":57,\"lapelapsed_m\":0,\"lapelapsed_h\":0,\"pace_s\":6,\"pace_m\":2,\"pace_h\":0,\"pace_color\":\"white\",\"avgpace_s\":6,\"avgpace_m\":2,\"avgpace_h\":0,\"maxpace_s\":6,\"maxpace_m\":2,\"maxpace_h\":0,\"moving_s\":57,\"moving_m\":0,\"moving_h\":0,\"speed\":28.56343234006481,\"speed_avg\":28.563434538228197,\"speed_color\":\"white\",\"speed_lapavg\":28.563434538228197,\"speed_lapmax\":28.563517581678,\"calories\":11.367375031249999,\"distance\":0.4914260475994262,\"heart\":0,\"heart_color\":\"lightsteelblue\",\"heart_avg\":125.22600908045973,\"heart_lapavg\":125.22600908045973,\"heart_max\":131.98506666666668,\"heart_lapmax\":131.98506666666668,\"target_heart_above\":0,\"target_heart_below\":0,\"jouls\":8675.55,\"elevation\":0,\"difficult\":1,\"watts\":150,\"watts_avg\":150,\"watts_color\":\"limegreen\",\"watts_lapavg\":150,\"watts_max\":150,\"watts_lapmax\":150,\"kgwatts\":2,\"kgwatts_avg\":2,\"kgwatts_max\":2,\"workoutName\":\"Ride\",\"workoutStartDate\":\"seg. ago. 17 17:13:53 2026\",\"instructorName\":\"\",\"latitude\":null,\"longitude\":null,\"altitude\":null,\"peloton_offset\":0,\"peloton_ask_start\":false,\"autoresistance\":true,\"nextrow\":\"N/A\",\"training_row_index\":0,\"training_row_elapsed\":0,\"training_row_open_ended\":false,\"training_row_wait_for_lap\":false,\"row_remaining_time_s\":0,\"row_remaining_time_m\":0,\"row_remaining_time_h\":0,\"remaining_time_s\":0,\"remaining_time_m\":0,\"remaining_time_h\":0,\"nickName\":\"N/A\",\"gears\":0,\"target_resistance\":0,\"target_peloton_resistance\":0,\"target_cadence\":0,\"target_power\":0,\"power_zone\":2.9,\"power_zone_lapavg\":2.867241379310348,\"power_zone_lapmax\":2.9,\"target_power_zone\":1,\"power_zone_color\":\"limegreen\",\"target_power_zone_color\":\"white\",\"peloton_resistance\":12,\"peloton_resistance_avg\":12,\"peloton_resistance_color\":\"white\",\"peloton_resistance_lapavg\":12,\"peloton_resistance_lapmax\":12,\"peloton_req_resistance\":0,\"cadence\":85,\"cadence_color\":\"white\",\"cadence_avg\":85,\"cadence_lapavg\":85,\"cadence_lapmax\":85,\"resistance\":12,\"resistance_avg\":12,\"resistance_lapavg\":12,\"resistance_lapmax\":12,\"cranks\":290,\"cranktime\":12772,\"req_power\":0,\"req_cadence\":0,\"req_resistance\":0,\"inclination\":0,\"inclination_avg\":0}}"
seg. ago. 17 17:14:51 2026 1786997691669 Debug: homeform.cpp void homeform::update() homeform::update fired! elapsed: 995 jitter: -91
seg. ago. 17 17:14:51 2026 1786997691675 Debug: homeform.cpp void homeform::update() homeform::update tiles updated!
seg. ago. 17 17:14:51 2026 1786997691676 Debug: homeform.cpp void homeform::update() Current Distance 1s: 0.468123 28.5634 150
seg. ago. 17 17:14:51 2026 1786997691679 Debug: virtualdevices/virtualbike.cpp void virtualbike::bikeProvider() "bikeProvider" 0 2000 false
seg. ago. 17 17:14:51 2026 1786997691680 Debug: virtualdevices/virtualbike.cpp void virtualbike::bikeProvider() "virtual bike connected"
seg. ago. 17 17:14:51 2026 1786997691681 Debug: virtualdevices/virtualbike.cpp void virtualbike::writeCharacteristic(QLowEnergyService *, const QLowEnergyCharacteristic &, const QByteArray &) "virtualbike::writeCharacteristic Unknown Service  64 02 28 0b aa 00 0c 00 96 00 00 00"
seg. ago. 17 17:14:51 2026 1786997691682 Debug:   Write server characteristic with handle  9 "6402280baa000c0096000000" (service: "{00001826-0000-1000-8000-00805f9b34fb}"
seg. ago. 17 17:14:51 2026 1786997691683 Debug: virtualdevices/virtualbike.cpp void virtualbike::writeCharacteristic(QLowEnergyService *, const QLowEnergyCharacteristic &, const QByteArray &) "virtualbike::writeCharacteristic Heart Rate Heart Rate Measurement 00 00"
seg. ago. 17 17:14:51 2026 1786997691685 Debug:   Write server characteristic with handle  19 "0000" (service: "{0000180d-0000-1000-8000-00805f9b34fb}"
seg. ago. 17 17:14:51 2026 1786997691688 Debug: ./ergtable.h void ergTable::updateDataTable(const CadenceResistancePair &) Added/Updated point: C: 85 W: 150 R: 12
seg. ago. 17 17:14:51 2026 1786997691705 Debug: devices/bluetoothdevice.cpp void bluetoothdevice::update_hr_from_external() WearOS Companion Heart: 0
seg. ago. 17 17:14:51 2026 1786997691843 Debug: ./ergtable.h void ergTable::updateDataTable(const CadenceResistancePair &) Added/Updated point: C: 85 W: 150 R: 12
seg. ago. 17 17:14:51 2026 1786997691886 Debug: devices/bluetoothdevice.cpp void bluetoothdevice::update_hr_from_external() WearOS Companion Heart: 0
seg. ago. 17 17:14:52 2026 1786997692046 Debug: ./ergtable.h void ergTable::updateDataTable(const CadenceResistancePair &) Added/Updated point: C: 85 W: 150 R: 12
seg. ago. 17 17:14:52 2026 1786997692086 Debug: devices/bluetoothdevice.cpp void bluetoothdevice::update_hr_from_external() WearOS Companion Heart: 0
seg. ago. 17 17:14:52 2026 1786997692245 Debug: ./ergtable.h void ergTable::updateDataTable(const CadenceResistancePair &) Added/Updated point: C: 85 W: 150 R: 12
seg. ago. 17 17:14:52 2026 1786997692267 Debug: devices/bluetoothdevice.cpp void bluetoothdevice::update_hr_from_external() WearOS Companion Heart: 0
seg. ago. 17 17:14:52 2026 1786997692269 Debug: homeform.cpp void homeform::licenseReply(QNetworkReply *) "KO"
seg. ago. 17 17:14:52 2026 1786997692444 Debug: ./ergtable.h void ergTable::updateDataTable(const CadenceResistancePair &) Added/Updated point: C: 85 W: 150 R: 12
seg. ago. 17 17:14:52 2026 1786997692467 Debug: devices/bluetoothdevice.cpp void bluetoothdevice::update_hr_from_external() WearOS Companion Heart: 0
seg. ago. 17 17:14:52 2026 1786997692644 Debug: templateinfosender.cpp bool TemplateInfoSender::update(QJSEngine *) "eval res " "{\"msg\":\"workout\",\"content\":{\"BIKE_TYPE\":2,\"ELLIPTICAL_TYPE\":4,\"ROWING_TYPE\":3,\"TREADMILL_TYPE\":1,\"UNKNOWN_TYPE\":0,\"deviceId\":\"00:00:00:00:00:00\",\"deviceName\":\"N/A\",\"deviceRSSI\":1,\"deviceType\":2,\"deviceConnected\":true,\"devicePaused\":false,\"elapsed_s\":58,\"elapsed_m\":0,\"elapsed_h\":0,\"lapelapsed_s\":58,\"lapelapsed_m\":0,\"lapelapsed_h\":0,\"pace_s\":6,\"pace_m\":2,\"pace_h\":0,\"pace_color\":\"white\",\"avgpace_s\":6,\"avgpace_m\":2,\"avgpace_h\":0,\"maxpace_s\":6,\"maxpace_m\":2,\"maxpace_h\":0,\"moving_s\":58,\"moving_m\":0,\"moving_h\":0,\"speed\":28.56343234006481,\"speed_avg\":28.563434500971187,\"speed_color\":\"white\",\"speed_lapavg\":28.563434500971187,\"speed_lapmax\":28.563517581678,\"calories\":11.550722749999998,\"distance\":0.49935240007379417,\"heart\":0,\"heart_color\":\"lightsteelblue\",\"heart_avg\":125.1128510734463,\"heart_lapavg\":125.1128510734463,\"heart_max\":131.98506666666668,\"heart_lapmax\":131.98506666666668,\"target_heart_above\":0,\"target_heart_below\":0,\"jouls\":8825.4,\"elevation\":0,\"difficult\":1,\"watts\":150,\"watts_avg\":150,\"watts_color\":\"limegreen\",\"watts_lapavg\":150,\"watts_max\":150,\"watts_lapmax\":150,\"kgwatts\":2,\"kgwatts_avg\":2,\"kgwatts_max\":2,\"workoutName\":\"Ride\",\"workoutStartDate\":\"seg. ago. 17 17:13:53 2026\",\"instructorName\":\"\",\"latitude\":null,\"longitude\":null,\"altitude\":null,\"peloton_offset\":0,\"peloton_ask_start\":false,\"autoresistance\":true,\"nextrow\":\"N/A\",\"training_row_index\":0,\"training_row_elapsed\":0,\"training_row_open_ended\":false,\"training_row_wait_for_lap\":false,\"row_remaining_time_s\":0,\"row_remaining_time_m\":0,\"row_remaining_time_h\":0,\"remaining_time_s\":0,\"remaining_time_m\":0,\"remaining_time_h\":0,\"nickName\":\"N/A\",\"gears\":0,\"target_resistance\":0,\"target_peloton_resistance\":0,\"target_cadence\":0,\"target_power\":0,\"power_zone\":2.9,\"power_zone_lapavg\":2.8677966101694947,\"power_zone_lapmax\":2.9,\"target_power_zone\":1,\"power_zone_color\":\"limegreen\",\"target_power_zone_color\":\"white\",\"peloton_resistance\":12,\"peloton_resistance_avg\":12,\"peloton_resistance_color\":\"white\",\"peloton_resistance_lapavg\":12,\"peloton_resistance_lapmax\":12,\"peloton_req_resistance\":0,\"cadence\":85,\"cadence_color\":\"white\",\"cadence_avg\":85,\"cadence_lapavg\":85,\"cadence_lapmax\":85,\"resistance\":12,\"resistance_avg\":12,\"resistance_lapavg\":12,\"resistance_lapmax\":12,\"cranks\":295,\"cranktime\":16382,\"req_power\":0,\"req_cadence\":0,\"req_resistance\":0,\"inclination\":0,\"inclination_avg\":0}}"
seg. ago. 17 17:14:52 2026 1786997692655 Debug: homeform.cpp void homeform::update() homeform::update fired! elapsed: 987 jitter: -104
seg. ago. 17 17:14:52 2026 1786997692661 Debug: homeform.cpp void homeform::update() homeform::update tiles updated!
seg. ago. 17 17:14:52 2026 1786997692663 Debug: homeform.cpp void homeform::update() Current Distance 1s: 0.476057 28.5634 150
seg. ago. 17 17:14:52 2026 1786997692666 Debug: virtualdevices/virtualbike.cpp void virtualbike::bikeProvider() "bikeProvider" 0 2000 false
seg. ago. 17 17:14:52 2026 1786997692667 Debug: virtualdevices/virtualbike.cpp void virtualbike::bikeProvider() "virtual bike connected"
seg. ago. 17 17:14:52 2026 1786997692669 Debug: virtualdevices/virtualbike.cpp void virtualbike::writeCharacteristic(QLowEnergyService *, const QLowEnergyCharacteristic &, const QByteArray &) "virtualbike::writeCharacteristic Unknown Service  64 02 28 0b aa 00 0c 00 96 00 00 00"
seg. ago. 17 17:14:52 2026 1786997692670 Debug:   Write server characteristic with handle  9 "6402280baa000c0096000000" (service: "{00001826-0000-1000-8000-00805f9b34fb}"
seg. ago. 17 17:14:52 2026 1786997692671 Debug: virtualdevices/virtualbike.cpp void virtualbike::writeCharacteristic(QLowEnergyService *, const QLowEnergyCharacteristic &, const QByteArray &) "virtualbike::writeCharacteristic Heart Rate Heart Rate Measurement 00 00"
seg. ago. 17 17:14:52 2026 1786997692673 Debug:   Write server characteristic with handle  19 "0000" (service: "{0000180d-0000-1000-8000-00805f9b34fb}"
seg. ago. 17 17:14:52 2026 1786997692679 Debug: ./ergtable.h void ergTable::updateDataTable(const CadenceResistancePair &) Added/Updated point: C: 85 W: 150 R: 12
seg. ago. 17 17:14:52 2026 1786997692697 Debug: devices/bluetoothdevice.cpp void bluetoothdevice::update_hr_from_external() WearOS Companion Heart: 0
seg. ago. 17 17:14:52 2026 1786997692842 Debug: ./ergtable.h void ergTable::updateDataTable(const CadenceResistancePair &) Added/Updated point: C: 85 W: 150 R: 12
seg. ago. 17 17:14:52 2026 1786997692864 Debug: devices/bluetoothdevice.cpp void bluetoothdevice::update_hr_from_external() WearOS Companion Heart: 0
seg. ago. 17 17:14:53 2026 1786997693043 Debug: ./ergtable.h void ergTable::updateDataTable(const CadenceResistancePair &) Added/Updated point: C: 85 W: 150 R: 12
seg. ago. 17 17:14:53 2026 1786997693065 Debug: devices/bluetoothdevice.cpp void bluetoothdevice::update_hr_from_external() WearOS Companion Heart: 0
seg. ago. 17 17:14:53 2026 1786997693243 Debug: ./ergtable.h void ergTable::updateDataTable(const CadenceResistancePair &) Added/Updated point: C: 85 W: 150 R: 12
seg. ago. 17 17:14:53 2026 1786997693263 Debug: devices/bluetoothdevice.cpp void bluetoothdevice::update_hr_from_external() WearOS Companion Heart: 0
seg. ago. 17 17:14:53 2026 1786997693443 Debug: ./ergtable.h void ergTable::updateDataTable(const CadenceResistancePair &) Added/Updated point: C: 85 W: 150 R: 12
seg. ago. 17 17:14:53 2026 1786997693465 Debug: devices/bluetoothdevice.cpp void bluetoothdevice::update_hr_from_external() WearOS Companion Heart: 0
seg. ago. 17 17:14:53 2026 1786997693639 Warning:   QNetworkInterface/AF_NETLINK: found unknown interface with index 1
seg. ago. 17 17:14:53 2026 1786997693641 Warning:   QNetworkInterface/AF_NETLINK: found unknown interface with index 59
seg. ago. 17 17:14:53 2026 1786997693643 Warning:   QNetworkInterface/AF_NETLINK: found unknown interface with index 1
seg. ago. 17 17:14:53 2026 1786997693644 Warning:   QNetworkInterface/AF_NETLINK: found unknown interface with index 2
seg. ago. 17 17:14:53 2026 1786997693645 Warning:   QNetworkInterface/AF_NETLINK: found unknown interface with index 14
seg. ago. 17 17:14:53 2026 1786997693647 Warning:   QNetworkInterface/AF_NETLINK: found unknown interface with index 16
seg. ago. 17 17:14:53 2026 1786997693649 Warning:   QNetworkInterface/AF_NETLINK: found unknown interface with index 1
seg. ago. 17 17:14:53 2026 1786997693651 Warning:   QNetworkInterface/AF_NETLINK: found unknown interface with index 59
seg. ago. 17 17:14:53 2026 1786997693653 Warning:   QNetworkInterface/AF_NETLINK: found unknown interface with index 1
seg. ago. 17 17:14:53 2026 1786997693654 Warning:   QNetworkInterface/AF_NETLINK: found unknown interface with index 2
seg. ago. 17 17:14:53 2026 1786997693656 Warning:   QNetworkInterface/AF_NETLINK: found unknown interface with index 14
seg. ago. 17 17:14:53 2026 1786997693657 Warning:   QNetworkInterface/AF_NETLINK: found unknown interface with index 16
seg. ago. 17 17:14:53 2026 1786997693659 Warning:   QNetworkInterface/AF_NETLINK: found unknown interface with index 1
seg. ago. 17 17:14:53 2026 1786997693661 Warning:   QNetworkInterface/AF_NETLINK: found unknown interface with index 59
seg. ago. 17 17:14:53 2026 1786997693662 Warning:   QNetworkInterface/AF_NETLINK: found unknown interface with index 1
seg. ago. 17 17:14:53 2026 1786997693663 Warning:   QNetworkInterface/AF_NETLINK: found unknown interface with index 2
seg. ago. 17 17:14:53 2026 1786997693664 Warning:   QNetworkInterface/AF_NETLINK: found unknown interface with index 14
seg. ago. 17 17:14:53 2026 1786997693665 Warning:   QNetworkInterface/AF_NETLINK: found unknown interface with index 16
seg. ago. 17 17:14:53 2026 1786997693667 Warning:   QNetworkInterface/AF_NETLINK: found unknown interface with index 1
seg. ago. 17 17:14:53 2026 1786997693668 Warning:   QNetworkInterface/AF_NETLINK: found unknown interface with index 59
seg. ago. 17 17:14:53 2026 1786997693669 Warning:   QNetworkInterface/AF_NETLINK: found unknown interface with index 1
seg. ago. 17 17:14:53 2026 1786997693670 Warning:   QNetworkInterface/AF_NETLINK: found unknown interface with index 2
seg. ago. 17 17:14:53 2026 1786997693671 Warning:   QNetworkInterface/AF_NETLINK: found unknown interface with index 14
seg. ago. 17 17:14:53 2026 1786997693673 Warning:   QNetworkInterface/AF_NETLINK: found unknown interface with index 16
seg. ago. 17 17:14:53 2026 1786997693674 Warning:   QNetworkInterface/AF_NETLINK: found unknown interface with index 1
seg. ago. 17 17:14:53 2026 1786997693675 Warning:   QNetworkInterface/AF_NETLINK: found unknown interface with index 59
seg. ago. 17 17:14:53 2026 1786997693676 Warning:   QNetworkInterface/AF_NETLINK: found unknown interface with index 1
seg. ago. 17 17:14:53 2026 1786997693677 Warning:   QNetworkInterface/AF_NETLINK: found unknown interface with index 2
seg. ago. 17 17:14:53 2026 1786997693678 Warning:   QNetworkInterface/AF_NETLINK: found unknown interface with index 14
seg. ago. 17 17:14:53 2026 1786997693679 Warning:   QNetworkInterface/AF_NETLINK: found unknown interface with index 16
seg. ago. 17 17:14:53 2026 1786997693684 Debug: templateinfosender.cpp bool TemplateInfoSender::update(QJSEngine *) "eval res " "{\"msg\":\"workout\",\"content\":{\"BIKE_TYPE\":2,\"ELLIPTICAL_TYPE\":4,\"ROWING_TYPE\":3,\"TREADMILL_TYPE\":1,\"UNKNOWN_TYPE\":0,\"deviceId\":\"00:00:00:00:00:00\",\"deviceName\":\"N/A\",\"deviceRSSI\":1,\"deviceType\":2,\"deviceConnected\":true,\"devicePaused\":false,\"elapsed_s\":59,\"elapsed_m\":0,\"elapsed_h\":0,\"lapelapsed_s\":59,\"lapelapsed_m\":0,\"lapelapsed_h\":0,\"pace_s\":6,\"pace_m\":2,\"pace_h\":0,\"pace_color\":\"white\",\"avgpace_s\":6,\"avgpace_m\":2,\"avgpace_h\":0,\"maxpace_s\":6,\"maxpace_m\":2,\"maxpace_h\":0,\"moving_s\":59,\"moving_m\":0,\"moving_h\":0,\"speed\":28.56343234006481,\"speed_avg\":28.563434464956075,\"speed_color\":\"white\",\"speed_lapavg\":28.563434464956075,\"speed_lapmax\":28.563517581678,\"calories\":11.734070468749998,\"distance\":0.5072787525481622,\"heart\":0,\"heart_color\":\"lightsteelblue\",\"heart_avg\":125.00733988888886,\"heart_lapavg\":125.00733988888886,\"heart_max\":131.98506666666668,\"heart_lapmax\":131.98506666666668,\"target_heart_above\":0,\"target_heart_below\":0,\"jouls\":8975.25,\"elevation\":0,\"difficult\":1,\"watts\":150,\"watts_avg\":150,\"watts_color\":\"limegreen\",\"watts_lapavg\":150,\"watts_max\":150,\"watts_lapmax\":150,\"kgwatts\":2,\"kgwatts_avg\":2,\"kgwatts_max\":2,\"workoutName\":\"Ride\",\"workoutStartDate\":\"seg. ago. 17 17:13:53 2026\",\"instructorName\":\"\",\"latitude\":null,\"longitude\":null,\"altitude\":null,\"peloton_offset\":0,\"peloton_ask_start\":false,\"autoresistance\":true,\"nextrow\":\"N/A\",\"training_row_index\":0,\"training_row_elapsed\":0,\"training_row_open_ended\":false,\"training_row_wait_for_lap\":false,\"row_remaining_time_s\":0,\"row_remaining_time_m\":0,\"row_remaining_time_h\":0,\"remaining_time_s\":0,\"remaining_time_m\":0,\"remaining_time_h\":0,\"nickName\":\"N/A\",\"gears\":0,\"target_resistance\":0,\"target_peloton_resistance\":0,\"target_cadence\":0,\"target_power\":0,\"power_zone\":2.9,\"power_zone_lapavg\":2.8683333333333367,\"power_zone_lapmax\":2.9,\"target_power_zone\":1,\"power_zone_color\":\"limegreen\",\"target_power_zone_color\":\"white\",\"peloton_resistance\":12,\"peloton_resistance_avg\":12,\"peloton_resistance_color\":\"white\",\"peloton_resistance_lapavg\":12,\"peloton_resistance_lapmax\":12,\"peloton_req_resistance\":0,\"cadence\":85,\"cadence_color\":\"white\",\"cadence_avg\":85,\"cadence_lapavg\":85,\"cadence_lapmax\":85,\"resistance\":12,\"resistance_avg\":12,\"resistance_lapavg\":12,\"resistance_lapmax\":12,\"cranks\":300,\"cranktime\":19992,\"req_power\":0,\"req_cadence\":0,\"req_resistance\":0,\"inclination\":0,\"inclination_avg\":0}}"
seg. ago. 17 17:14:53 2026 1786997693692 Debug: homeform.cpp void homeform::update() homeform::update fired! elapsed: 1036 jitter: -68
seg. ago. 17 17:14:53 2026 1786997693696 Debug: homeform.cpp void homeform::update() homeform::update tiles updated!
seg. ago. 17 17:14:53 2026 1786997693697 Debug: homeform.cpp void homeform::update() Current Distance 1s: 0.483992 28.5634 150
seg. ago. 17 17:14:53 2026 1786997693700 Debug: virtualdevices/virtualbike.cpp void virtualbike::bikeProvider() "bikeProvider" 0 2000 false
seg. ago. 17 17:14:53 2026 1786997693701 Debug: virtualdevices/virtualbike.cpp void virtualbike::bikeProvider() "virtual bike connected"
seg. ago. 17 17:14:53 2026 1786997693702 Debug: virtualdevices/virtualbike.cpp void virtualbike::writeCharacteristic(QLowEnergyService *, const QLowEnergyCharacteristic &, const QByteArray &) "virtualbike::writeCharacteristic Unknown Service  64 02 28 0b aa 00 0c 00 96 00 00 00"
seg. ago. 17 17:14:53 2026 1786997693703 Debug:   Write server characteristic with handle  9 "6402280baa000c0096000000" (service: "{00001826-0000-1000-8000-00805f9b34fb}"
seg. ago. 17 17:14:53 2026 1786997693704 Debug: virtualdevices/virtualbike.cpp void virtualbike::writeCharacteristic(QLowEnergyService *, const QLowEnergyCharacteristic &, const QByteArray &) "virtualbike::writeCharacteristic Heart Rate Heart Rate Measurement 00 00"
seg. ago. 17 17:14:53 2026 1786997693706 Debug:   Write server characteristic with handle  19 "0000" (service: "{0000180d-0000-1000-8000-00805f9b34fb}"
seg. ago. 17 17:14:53 2026 1786997693710 Debug: ./ergtable.h void ergTable::updateDataTable(const CadenceResistancePair &) Added/Updated point: C: 85 W: 150 R: 12
seg. ago. 17 17:14:53 2026 1786997693726 Debug: devices/bluetoothdevice.cpp void bluetoothdevice::update_hr_from_external() WearOS Companion Heart: 0
seg. ago. 17 17:14:53 2026 1786997693843 Debug: ./ergtable.h void ergTable::updateDataTable(const CadenceResistancePair &) Added/Updated point: C: 85 W: 150 R: 12
seg. ago. 17 17:14:53 2026 1786997693864 Debug: devices/bluetoothdevice.cpp void bluetoothdevice::update_hr_from_external() WearOS Companion Heart: 0
seg. ago. 17 17:14:54 2026 1786997694044 Debug: ./ergtable.h void ergTable::updateDataTable(const CadenceResistancePair &) Added/Updated point: C: 85 W: 150 R: 12
seg. ago. 17 17:14:54 2026 1786997694068 Debug: devices/bluetoothdevice.cpp void bluetoothdevice::update_hr_from_external() WearOS Companion Heart: 0
seg. ago. 17 17:14:54 2026 1786997694243 Debug: ./ergtable.h void ergTable::updateDataTable(const CadenceResistancePair &) Added/Updated point: C: 85 W: 150 R: 12
seg. ago. 17 17:14:54 2026 1786997694266 Debug: devices/bluetoothdevice.cpp void bluetoothdevice::update_hr_from_external() WearOS Companion Heart: 0
seg. ago. 17 17:14:54 2026 1786997694444 Debug: ./ergtable.h void ergTable::updateDataTable(const CadenceResistancePair &) Added/Updated point: C: 85 W: 150 R: 12
seg. ago. 17 17:14:54 2026 1786997694465 Debug: devices/bluetoothdevice.cpp void bluetoothdevice::update_hr_from_external() WearOS Companion Heart: 0
seg. ago. 17 17:14:54 2026 1786997694644 Debug: templateinfosender.cpp bool TemplateInfoSender::update(QJSEngine *) "eval res " "{\"msg\":\"workout\",\"content\":{\"BIKE_TYPE\":2,\"ELLIPTICAL_TYPE\":4,\"ROWING_TYPE\":3,\"TREADMILL_TYPE\":1,\"UNKNOWN_TYPE\":0,\"deviceId\":\"00:00:00:00:00:00\",\"deviceName\":\"N/A\",\"deviceRSSI\":1,\"deviceType\":2,\"deviceConnected\":true,\"devicePaused\":false,\"elapsed_s\":0,\"elapsed_m\":1,\"elapsed_h\":0,\"lapelapsed_s\":0,\"lapelapsed_m\":1,\"lapelapsed_h\":0,\"pace_s\":6,\"pace_m\":2,\"pace_h\":0,\"pace_color\":\"white\",\"avgpace_s\":6,\"avgpace_m\":2,\"avgpace_h\":0,\"maxpace_s\":6,\"maxpace_m\":2,\"maxpace_h\":0,\"moving_s\":0,\"moving_m\":1,\"moving_h\":0,\"speed\":28.56343234006481,\"speed_avg\":28.563434430121788,\"speed_color\":\"white\",\"speed_lapavg\":28.563434430121788,\"speed_lapmax\":28.563517581678,\"calories\":11.917785249999998,\"distance\":0.5152209735960525,\"heart\":0,\"heart_color\":\"lightsteelblue\",\"heart_avg\":124.90914153005464,\"heart_lapavg\":124.90914153005464,\"heart_max\":131.98506666666668,\"heart_lapmax\":131.98506666666668,\"target_heart_above\":0,\"target_heart_below\":0,\"jouls\":9125.4,\"elevation\":0,\"difficult\":1,\"watts\":150,\"watts_avg\":150,\"watts_color\":\"limegreen\",\"watts_lapavg\":150,\"watts_max\":150,\"watts_lapmax\":150,\"kgwatts\":2,\"kgwatts_avg\":2,\"kgwatts_max\":2,\"workoutName\":\"Ride\",\"workoutStartDate\":\"seg. ago. 17 17:13:53 2026\",\"instructorName\":\"\",\"latitude\":null,\"longitude\":null,\"altitude\":null,\"peloton_offset\":0,\"peloton_ask_start\":false,\"autoresistance\":true,\"nextrow\":\"N/A\",\"training_row_index\":0,\"training_row_elapsed\":0,\"training_row_open_ended\":false,\"training_row_wait_for_lap\":false,\"row_remaining_time_s\":0,\"row_remaining_time_m\":0,\"row_remaining_time_h\":0,\"remaining_time_s\":0,\"remaining_time_m\":0,\"remaining_time_h\":0,\"nickName\":\"N/A\",\"gears\":0,\"target_resistance\":0,\"target_peloton_resistance\":0,\"target_cadence\":0,\"target_power\":0,\"power_zone\":2.9,\"power_zone_lapavg\":2.868852459016397,\"power_zone_lapmax\":2.9,\"target_power_zone\":1,\"power_zone_color\":\"limegreen\",\"target_power_zone_color\":\"white\",\"peloton_resistance\":12,\"peloton_resistance_avg\":12,\"peloton_resistance_color\":\"white\",\"peloton_resistance_lapavg\":12,\"peloton_resistance_lapmax\":12,\"peloton_req_resistance\":0,\"cadence\":85,\"cadence_color\":\"white\",\"cadence_avg\":85,\"cadence_lapavg\":85,\"cadence_lapmax\":85,\"resistance\":12,\"resistance_avg\":12,\"resistance_lapavg\":12,\"resistance_lapmax\":12,\"cranks\":305,\"cranktime\":23602,\"req_power\":0,\"req_cadence\":0,\"req_resistance\":0,\"inclination\":0,\"inclination_avg\":0}}"
seg. ago. 17 17:14:54 2026 1786997694653 Debug: homeform.cpp void homeform::update() homeform::update fired! elapsed: 962 jitter: -106
seg. ago. 17 17:14:54 2026 1786997694657 Debug: homeform.cpp void homeform::update() homeform::update tiles updated!
seg. ago. 17 17:14:54 2026 1786997694658 Debug: homeform.cpp void homeform::update() Current Distance 1s: 0.491926 28.5634 150
seg. ago. 17 17:14:54 2026 1786997694660 Debug: virtualdevices/virtualbike.cpp void virtualbike::bikeProvider() "bikeProvider" 0 2000 false
seg. ago. 17 17:14:54 2026 1786997694661 Debug: virtualdevices/virtualbike.cpp void virtualbike::bikeProvider() "virtual bike connected"
seg. ago. 17 17:14:54 2026 1786997694662 Debug: virtualdevices/virtualbike.cpp void virtualbike::writeCharacteristic(QLowEnergyService *, const QLowEnergyCharacteristic &, const QByteArray &) "virtualbike::writeCharacteristic Unknown Service  64 02 28 0b aa 00 0c 00 96 00 00 00"
seg. ago. 17 17:14:54 2026 1786997694663 Debug:   Write server characteristic with handle  9 "6402280baa000c0096000000" (service: "{00001826-0000-1000-8000-00805f9b34fb}"
seg. ago. 17 17:14:54 2026 1786997694665 Debug: virtualdevices/virtualbike.cpp void virtualbike::writeCharacteristic(QLowEnergyService *, const QLowEnergyCharacteristic &, const QByteArray &) "virtualbike::writeCharacteristic Heart Rate Heart Rate Measurement 00 00"
seg. ago. 17 17:14:54 2026 1786997694666 Debug:   Write server characteristic with handle  19 "0000" (service: "{0000180d-0000-1000-8000-00805f9b34fb}"
seg. ago. 17 17:14:54 2026 1786997694672 Debug: ./ergtable.h void ergTable::updateDataTable(const CadenceResistancePair &) Added/Updated point: C: 85 W: 150 R: 12
seg. ago. 17 17:14:54 2026 1786997694685 Debug: devices/bluetoothdevice.cpp void bluetoothdevice::update_hr_from_external() WearOS Companion Heart: 0
seg. ago. 17 17:14:54 2026 1786997694843 Debug: ./ergtable.h void ergTable::updateDataTable(const CadenceResistancePair &) Added/Updated point: C: 85 W: 150 R: 12
seg. ago. 17 17:14:54 2026 1786997694863 Debug: devices/bluetoothdevice.cpp void bluetoothdevice::update_hr_from_external() WearOS Companion Heart: 0
seg. ago. 17 17:14:55 2026 1786997695045 Debug: ./ergtable.h void ergTable::updateDataTable(const CadenceResistancePair &) Added/Updated point: C: 85 W: 150 R: 12
seg. ago. 17 17:14:55 2026 1786997695073 Debug: devices/bluetoothdevice.cpp void bluetoothdevice::update_hr_from_external() WearOS Companion Heart: 0
seg. ago. 17 17:14:55 2026 1786997695252 Debug: ./ergtable.h void ergTable::updateDataTable(const CadenceResistancePair &) Added/Updated point: C: 85 W: 150 R: 12
seg. ago. 17 17:14:55 2026 1786997695295 Debug: devices/bluetoothdevice.cpp void bluetoothdevice::update_hr_from_external() WearOS Companion Heart: 0
seg. ago. 17 17:14:55 2026 1786997695449 Debug: ./ergtable.h void ergTable::updateDataTable(const CadenceResistancePair &) Added/Updated point: C: 85 W: 150 R: 12
seg. ago. 17 17:14:55 2026 1786997695485 Debug: devices/bluetoothdevice.cpp void bluetoothdevice::update_hr_from_external() WearOS Companion Heart: 0
seg. ago. 17 17:14:55 2026 1786997695648 Debug: templateinfosender.cpp bool TemplateInfoSender::update(QJSEngine *) "eval res " "{\"msg\":\"workout\",\"content\":{\"BIKE_TYPE\":2,\"ELLIPTICAL_TYPE\":4,\"ROWING_TYPE\":3,\"TREADMILL_TYPE\":1,\"UNKNOWN_TYPE\":0,\"deviceId\":\"00:00:00:00:00:00\",\"deviceName\":\"N/A\",\"deviceRSSI\":1,\"deviceType\":2,\"deviceConnected\":true,\"devicePaused\":false,\"elapsed_s\":1,\"elapsed_m\":1,\"elapsed_h\":0,\"lapelapsed_s\":1,\"lapelapsed_m\":1,\"lapelapsed_h\":0,\"pace_s\":6,\"pace_m\":2,\"pace_h\":0,\"pace_color\":\"white\",\"avgpace_s\":6,\"avgpace_m\":2,\"avgpace_h\":0,\"maxpace_s\":6,\"maxpace_m\":2,\"maxpace_h\":0,\"moving_s\":1,\"moving_m\":1,\"moving_h\":0,\"speed\":28.56343234006481,\"speed_avg\":28.563434396411186,\"speed_color\":\"white\",\"speed_lapavg\":28.563434396411186,\"speed_lapmax\":28.563517581678,\"calories\":12.101683562499998,\"distance\":0.5231711289307038,\"heart\":0,\"heart_color\":\"lightsteelblue\",\"heart_avg\":124.81784946236559,\"heart_lapavg\":124.81784946236559,\"heart_max\":131.98506666666668,\"heart_lapmax\":131.98506666666668,\"target_heart_above\":0,\"target_heart_below\":0,\"jouls\":9276,\"elevation\":0,\"difficult\":1,\"watts\":150,\"watts_avg\":150,\"watts_color\":\"limegreen\",\"watts_lapavg\":150,\"watts_max\":150,\"watts_lapmax\":150,\"kgwatts\":2,\"kgwatts_avg\":2,\"kgwatts_max\":2,\"workoutName\":\"Ride\",\"workoutStartDate\":\"seg. ago. 17 17:13:53 2026\",\"instructorName\":\"\",\"latitude\":null,\"longitude\":null,\"altitude\":null,\"peloton_offset\":0,\"peloton_ask_start\":false,\"autoresistance\":true,\"nextrow\":\"N/A\",\"training_row_index\":0,\"training_row_elapsed\":0,\"training_row_open_ended\":false,\"training_row_wait_for_lap\":false,\"row_remaining_time_s\":0,\"row_remaining_time_m\":0,\"row_remaining_time_h\":0,\"remaining_time_s\":0,\"remaining_time_m\":0,\"remaining_time_h\":0,\"nickName\":\"N/A\",\"gears\":0,\"target_resistance\":0,\"target_peloton_resistance\":0,\"target_cadence\":0,\"target_power\":0,\"power_zone\":2.9,\"power_zone_lapavg\":2.8693548387096808,\"power_zone_lapmax\":2.9,\"target_power_zone\":1,\"power_zone_color\":\"limegreen\",\"target_power_zone_color\":\"white\",\"peloton_resistance\":12,\"peloton_resistance_avg\":12,\"peloton_resistance_color\":\"white\",\"peloton_resistance_lapavg\":12,\"peloton_resistance_lapmax\":12,\"peloton_req_resistance\":0,\"cadence\":85,\"cadence_color\":\"white\",\"cadence_avg\":85,\"cadence_lapavg\":85,\"cadence_lapmax\":85,\"resistance\":12,\"resistance_avg\":12,\"resistance_lapavg\":12,\"resistance_lapmax\":12,\"cranks\":310,\"cranktime\":27212,\"req_power\":0,\"req_cadence\":0,\"req_resistance\":0,\"inclination\":0,\"inclination_avg\":0}}"
seg. ago. 17 17:14:55 2026 1786997695670 Debug: homeform.cpp void homeform::update() homeform::update fired! elapsed: 1016 jitter: -90
seg. ago. 17 17:14:55 2026 1786997695677 Debug: homeform.cpp void homeform::update() homeform::update tiles updated!
seg. ago. 17 17:14:55 2026 1786997695679 Debug: homeform.cpp void homeform::update() Current Distance 1s: 0.49986 28.5634 150
seg. ago. 17 17:14:55 2026 1786997695681 Debug: virtualdevices/virtualbike.cpp void virtualbike::bikeProvider() "bikeProvider" 0 2000 false
seg. ago. 17 17:14:55 2026 1786997695682 Debug: virtualdevices/virtualbike.cpp void virtualbike::bikeProvider() "virtual bike connected"
seg. ago. 17 17:14:55 2026 1786997695684 Debug: virtualdevices/virtualbike.cpp void virtualbike::writeCharacteristic(QLowEnergyService *, const QLowEnergyCharacteristic &, const QByteArray &) "virtualbike::writeCharacteristic Unknown Service  64 02 28 0b aa 00 0c 00 96 00 00 00"
seg. ago. 17 17:14:55 2026 1786997695685 Debug:   Write server characteristic with handle  9 "6402280baa000c0096000000" (service: "{00001826-0000-1000-8000-00805f9b34fb}"
seg. ago. 17 17:14:55 2026 1786997695686 Debug: virtualdevices/virtualbike.cpp void virtualbike::writeCharacteristic(QLowEnergyService *, const QLowEnergyCharacteristic &, const QByteArray &) "virtualbike::writeCharacteristic Heart Rate Heart Rate Measurement 00 00"
seg. ago. 17 17:14:55 2026 1786997695688 Debug:   Write server characteristic with handle  19 "0000" (service: "{0000180d-0000-1000-8000-00805f9b34fb}"
seg. ago. 17 17:14:55 2026 1786997695692 Debug: ./ergtable.h void ergTable::updateDataTable(const CadenceResistancePair &) Added/Updated point: C: 85 W: 150 R: 12
seg. ago. 17 17:14:55 2026 1786997695706 Debug: devices/bluetoothdevice.cpp void bluetoothdevice::update_hr_from_external() WearOS Companion Heart: 0
seg. ago. 17 17:14:55 2026 1786997695842 Debug: ./ergtable.h void ergTable::updateDataTable(const CadenceResistancePair &) Added/Updated point: C: 85 W: 150 R: 12
seg. ago. 17 17:14:55 2026 1786997695872 Debug: devices/bluetoothdevice.cpp void bluetoothdevice::update_hr_from_external() WearOS Companion Heart: 0
seg. ago. 17 17:14:56 2026 1786997696043 Debug: ./ergtable.h void ergTable::updateDataTable(const CadenceResistancePair &) Added/Updated point: C: 85 W: 150 R: 12
seg. ago. 17 17:14:56 2026 1786997696072 Debug: devices/bluetoothdevice.cpp void bluetoothdevice::update_hr_from_external() WearOS Companion Heart: 0
seg. ago. 17 17:14:56 2026 1786997696246 Debug: ./ergtable.h void ergTable::updateDataTable(const CadenceResistancePair &) Added/Updated point: C: 85 W: 150 R: 12
seg. ago. 17 17:14:56 2026 1786997696286 Debug: devices/bluetoothdevice.cpp void bluetoothdevice::update_hr_from_external() WearOS Companion Heart: 0
seg. ago. 17 17:14:56 2026 1786997696446 Debug: ./ergtable.h void ergTable::updateDataTable(const CadenceResistancePair &) Added/Updated point: C: 85 W: 150 R: 12
seg. ago. 17 17:14:56 2026 1786997696466 Debug: devices/bluetoothdevice.cpp void bluetoothdevice::update_hr_from_external() WearOS Companion Heart: 0
seg. ago. 17 17:14:56 2026 1786997696649 Debug: templateinfosender.cpp bool TemplateInfoSender::update(QJSEngine *) "eval res " "{\"msg\":\"workout\",\"content\":{\"BIKE_TYPE\":2,\"ELLIPTICAL_TYPE\":4,\"ROWING_TYPE\":3,\"TREADMILL_TYPE\":1,\"UNKNOWN_TYPE\":0,\"deviceId\":\"00:00:00:00:00:00\",\"deviceName\":\"N/A\",\"deviceRSSI\":1,\"deviceType\":2,\"deviceConnected\":true,\"devicePaused\":false,\"elapsed_s\":2,\"elapsed_m\":1,\"elapsed_h\":0,\"lapelapsed_s\":2,\"lapelapsed_m\":1,\"lapelapsed_h\":0,\"pace_s\":6,\"pace_m\":2,\"pace_h\":0,\"pace_color\":\"white\",\"avgpace_s\":6,\"avgpace_m\":2,\"avgpace_h\":0,\"maxpace_s\":6,\"maxpace_m\":2,\"maxpace_h\":0,\"moving_s\":2,\"moving_m\":1,\"moving_h\":0,\"speed\":28.56343234006481,\"speed_avg\":28.563434363770764,\"speed_color\":\"white\",\"speed_lapavg\":28.563434363770764,\"speed_lapmax\":28.563517581678,\"calories\":12.284847749999997,\"distance\":0.5310895471183107,\"heart\":0,\"heart_color\":\"lightsteelblue\",\"heart_avg\":124.7331711111111,\"heart_lapavg\":124.7331711111111,\"heart_max\":131.98506666666668,\"heart_lapmax\":131.98506666666668,\"target_heart_above\":0,\"target_heart_below\":0,\"jouls\":9425.699999999999,\"elevation\":0,\"difficult\":1,\"watts\":150,\"watts_avg\":150,\"watts_color\":\"limegreen\",\"watts_lapavg\":150,\"watts_max\":150,\"watts_lapmax\":150,\"kgwatts\":2,\"kgwatts_avg\":2,\"kgwatts_max\":2,\"workoutName\":\"Ride\",\"workoutStartDate\":\"seg. ago. 17 17:13:53 2026\",\"instructorName\":\"\",\"latitude\":null,\"longitude\":null,\"altitude\":null,\"peloton_offset\":0,\"peloton_ask_start\":false,\"autoresistance\":true,\"nextrow\":\"N/A\",\"training_row_index\":0,\"training_row_elapsed\":0,\"training_row_open_ended\":false,\"training_row_wait_for_lap\":false,\"row_remaining_time_s\":0,\"row_remaining_time_m\":0,\"row_remaining_time_h\":0,\"remaining_time_s\":0,\"remaining_time_m\":0,\"remaining_time_h\":0,\"nickName\":\"N/A\",\"gears\":0,\"target_resistance\":0,\"target_peloton_resistance\":0,\"target_cadence\":0,\"target_power\":0,\"power_zone\":2.9,\"power_zone_lapavg\":2.869841269841273,\"power_zone_lapmax\":2.9,\"target_power_zone\":1,\"power_zone_color\":\"limegreen\",\"target_power_zone_color\":\"white\",\"peloton_resistance\":12,\"peloton_resistance_avg\":12,\"peloton_resistance_color\":\"white\",\"peloton_resistance_lapavg\":12,\"peloton_resistance_lapmax\":12,\"peloton_req_resistance\":0,\"cadence\":85,\"cadence_color\":\"white\",\"cadence_avg\":85,\"cadence_lapavg\":85,\"cadence_lapmax\":85,\"resistance\":12,\"resistance_avg\":12,\"resistance_lapavg\":12,\"resistance_lapmax\":12,\"cranks\":315,\"cranktime\":30822,\"req_power\":0,\"req_cadence\":0,\"req_resistance\":0,\"inclination\":0,\"inclination_avg\":0}}"
seg. ago. 17 17:14:56 2026 1786997696667 Debug: homeform.cpp void homeform::update() homeform::update fired! elapsed: 997 jitter: -93
seg. ago. 17 17:14:56 2026 1786997696672 Debug: homeform.cpp void homeform::update() homeform::update tiles updated!
seg. ago. 17 17:14:56 2026 1786997696674 Debug: homeform.cpp void homeform::update() Current Distance 1s: 0.507794 28.5634 150
seg. ago. 17 17:14:56 2026 1786997696676 Debug: virtualdevices/virtualbike.cpp void virtualbike::bikeProvider() "bikeProvider" 0 2000 false
seg. ago. 17 17:14:56 2026 1786997696677 Debug: virtualdevices/virtualbike.cpp void virtualbike::bikeProvider() "virtual bike connected"
seg. ago. 17 17:14:56 2026 1786997696679 Debug: virtualdevices/virtualbike.cpp void virtualbike::writeCharacteristic(QLowEnergyService *, const QLowEnergyCharacteristic &, const QByteArray &) "virtualbike::writeCharacteristic Unknown Service  64 02 28 0b aa 00 0c 00 96 00 00 00"
seg. ago. 17 17:14:56 2026 1786997696680 Debug:   Write server characteristic with handle  9 "6402280baa000c0096000000" (service: "{00001826-0000-1000-8000-00805f9b34fb}"
seg. ago. 17 17:14:56 2026 1786997696681 Debug: virtualdevices/virtualbike.cpp void virtualbike::writeCharacteristic(QLowEnergyService *, const QLowEnergyCharacteristic &, const QByteArray &) "virtualbike::writeCharacteristic Heart Rate Heart Rate Measurement 00 00"
seg. ago. 17 17:14:56 2026 1786997696682 Debug:   Write server characteristic with handle  19 "0000" (service: "{0000180d-0000-1000-8000-00805f9b34fb}"
seg. ago. 17 17:14:56 2026 1786997696687 Debug: ./ergtable.h void ergTable::updateDataTable(const CadenceResistancePair &) Added/Updated point: C: 85 W: 150 R: 12
seg. ago. 17 17:14:56 2026 1786997696705 Debug: devices/bluetoothdevice.cpp void bluetoothdevice::update_hr_from_external() WearOS Companion Heart: 0
seg. ago. 17 17:14:56 2026 1786997696843 Debug: ./ergtable.h void ergTable::updateDataTable(const CadenceResistancePair &) Added/Updated point: C: 85 W: 150 R: 12
seg. ago. 17 17:14:56 2026 1786997696871 Debug: devices/bluetoothdevice.cpp void bluetoothdevice::update_hr_from_external() WearOS Companion Heart: 0
seg. ago. 17 17:14:57 2026 1786997697046 Debug: ./ergtable.h void ergTable::updateDataTable(const CadenceResistancePair &) Added/Updated point: C: 85 W: 150 R: 12
seg. ago. 17 17:14:57 2026 1786997697080 Debug: devices/bluetoothdevice.cpp void bluetoothdevice::update_hr_from_external() WearOS Companion Heart: 0
seg. ago. 17 17:14:57 2026 1786997697250 Debug: ./ergtable.h void ergTable::updateDataTable(const CadenceResistancePair &) Added/Updated point: C: 85 W: 150 R: 12
seg. ago. 17 17:14:57 2026 1786997697311 Debug: devices/bluetoothdevice.cpp void bluetoothdevice::update_hr_from_external() WearOS Companion Heart: 0
seg. ago. 17 17:14:57 2026 1786997697451 Debug: ./ergtable.h void ergTable::updateDataTable(const CadenceResistancePair &) Added/Updated point: C: 85 W: 150 R: 12
seg. ago. 17 17:14:57 2026 1786997697494 Debug: devices/bluetoothdevice.cpp void bluetoothdevice::update_hr_from_external() WearOS Companion Heart: 0
seg. ago. 17 17:14:57 2026 1786997697646 Debug: templateinfosender.cpp bool TemplateInfoSender::update(QJSEngine *) "eval res " "{\"msg\":\"workout\",\"content\":{\"BIKE_TYPE\":2,\"ELLIPTICAL_TYPE\":4,\"ROWING_TYPE\":3,\"TREADMILL_TYPE\":1,\"UNKNOWN_TYPE\":0,\"deviceId\":\"00:00:00:00:00:00\",\"deviceName\":\"N/A\",\"deviceRSSI\":1,\"deviceType\":2,\"deviceConnected\":true,\"devicePaused\":false,\"elapsed_s\":3,\"elapsed_m\":1,\"elapsed_h\":0,\"lapelapsed_s\":3,\"lapelapsed_m\":1,\"lapelapsed_h\":0,\"pace_s\":6,\"pace_m\":2,\"pace_h\":0,\"pace_color\":\"white\",\"avgpace_s\":6,\"avgpace_m\":2,\"avgpace_h\":0,\"maxpace_s\":6,\"maxpace_m\":2,\"maxpace_h\":0,\"moving_s\":3,\"moving_m\":1,\"moving_h\":0,\"speed\":28.56343234006481,\"speed_avg\":28.563434332150354,\"speed_color\":\"white\",\"speed_lapavg\":28.563434332150354,\"speed_lapmax\":28.563517581678,\"calories\":12.468746062499998,\"distance\":0.539039702452962,\"heart\":0,\"heart_color\":\"lightsteelblue\",\"heart_avg\":124.65478333333333,\"heart_lapavg\":124.65478333333333,\"heart_max\":131.98506666666668,\"heart_lapmax\":131.98506666666668,\"target_heart_above\":0,\"target_heart_below\":0,\"jouls\":9576.299999999997,\"elevation\":0,\"difficult\":1,\"watts\":150,\"watts_avg\":150,\"watts_color\":\"limegreen\",\"watts_lapavg\":150,\"watts_max\":150,\"watts_lapmax\":150,\"kgwatts\":2,\"kgwatts_avg\":2,\"kgwatts_max\":2,\"workoutName\":\"Ride\",\"workoutStartDate\":\"seg. ago. 17 17:13:53 2026\",\"instructorName\":\"\",\"latitude\":null,\"longitude\":null,\"altitude\":null,\"peloton_offset\":0,\"peloton_ask_start\":false,\"autoresistance\":true,\"nextrow\":\"N/A\",\"training_row_index\":0,\"training_row_elapsed\":0,\"training_row_open_ended\":false,\"training_row_wait_for_lap\":false,\"row_remaining_time_s\":0,\"row_remaining_time_m\":0,\"row_remaining_time_h\":0,\"remaining_time_s\":0,\"remaining_time_m\":0,\"remaining_time_h\":0,\"nickName\":\"N/A\",\"gears\":0,\"target_resistance\":0,\"target_peloton_resistance\":0,\"target_cadence\":0,\"target_power\":0,\"power_zone\":2.9,\"power_zone_lapavg\":2.8703125000000034,\"power_zone_lapmax\":2.9,\"target_power_zone\":1,\"power_zone_color\":\"limegreen\",\"target_power_zone_color\":\"white\",\"peloton_resistance\":12,\"peloton_resistance_avg\":12,\"peloton_resistance_color\":\"white\",\"peloton_resistance_lapavg\":12,\"peloton_resistance_lapmax\":12,\"peloton_req_resistance\":0,\"cadence\":85,\"cadence_color\":\"white\",\"cadence_avg\":85,\"cadence_lapavg\":85,\"cadence_lapmax\":85,\"resistance\":12,\"resistance_avg\":12,\"resistance_lapavg\":12,\"resistance_lapmax\":12,\"cranks\":320,\"cranktime\":34432,\"req_power\":0,\"req_cadence\":0,\"req_resistance\":0,\"inclination\":0,\"inclination_avg\":0}}"
seg. ago. 17 17:14:57 2026 1786997697664 Debug: homeform.cpp void homeform::update() homeform::update fired! elapsed: 997 jitter: -96
seg. ago. 17 17:14:57 2026 1786997697670 Debug: homeform.cpp void homeform::update() homeform::update tiles updated!
seg. ago. 17 17:14:57 2026 1786997697672 Debug: homeform.cpp void homeform::update() Current Distance 1s: 0.515729 28.5634 150
seg. ago. 17 17:14:57 2026 1786997697674 Debug: virtualdevices/virtualbike.cpp void virtualbike::bikeProvider() "bikeProvider" 0 2000 false
seg. ago. 17 17:14:57 2026 1786997697675 Debug: virtualdevices/virtualbike.cpp void virtualbike::bikeProvider() "virtual bike connected"
seg. ago. 17 17:14:57 2026 1786997697676 Debug: virtualdevices/virtualbike.cpp void virtualbike::writeCharacteristic(QLowEnergyService *, const QLowEnergyCharacteristic &, const QByteArray &) "virtualbike::writeCharacteristic Unknown Service  64 02 28 0b aa 00 0c 00 96 00 00 00"
seg. ago. 17 17:14:57 2026 1786997697677 Debug:   Write server characteristic with handle  9 "6402280baa000c0096000000" (service: "{00001826-0000-1000-8000-00805f9b34fb}"
seg. ago. 17 17:14:57 2026 1786997697679 Debug: virtualdevices/virtualbike.cpp void virtualbike::writeCharacteristic(QLowEnergyService *, const QLowEnergyCharacteristic &, const QByteArray &) "virtualbike::writeCharacteristic Heart Rate Heart Rate Measurement 00 00"
seg. ago. 17 17:14:57 2026 1786997697680 Debug:   Write server characteristic with handle  19 "0000" (service: "{0000180d-0000-1000-8000-00805f9b34fb}"
seg. ago. 17 17:14:57 2026 1786997697684 Debug: ./ergtable.h void ergTable::updateDataTable(const CadenceResistancePair &) Added/Updated point: C: 85 W: 150 R: 12
seg. ago. 17 17:14:57 2026 1786997697705 Debug: devices/bluetoothdevice.cpp void bluetoothdevice::update_hr_from_external() WearOS Companion Heart: 0
seg. ago. 17 17:14:57 2026 1786997697842 Debug: ./ergtable.h void ergTable::updateDataTable(const CadenceResistancePair &) Added/Updated point: C: 85 W: 150 R: 12
seg. ago. 17 17:14:57 2026 1786997697866 Debug: devices/bluetoothdevice.cpp void bluetoothdevice::update_hr_from_external() WearOS Companion Heart: 0
seg. ago. 17 17:14:58 2026 1786997698045 Debug: ./ergtable.h void ergTable::updateDataTable(const CadenceResistancePair &) Added/Updated point: C: 85 W: 150 R: 12
seg. ago. 17 17:14:58 2026 1786997698075 Debug: devices/bluetoothdevice.cpp void bluetoothdevice::update_hr_from_external() WearOS Companion Heart: 0
seg. ago. 17 17:14:58 2026 1786997698246 Debug: ./ergtable.h void ergTable::updateDataTable(const CadenceResistancePair &) Added/Updated point: C: 85 W: 150 R: 12
seg. ago. 17 17:14:58 2026 1786997698276 Debug: devices/bluetoothdevice.cpp void bluetoothdevice::update_hr_from_external() WearOS Companion Heart: 0
seg. ago. 17 17:14:58 2026 1786997698441 Debug: ./ergtable.h void ergTable::updateDataTable(const CadenceResistancePair &) Added/Updated point: C: 85 W: 150 R: 12
seg. ago. 17 17:14:58 2026 1786997698459 Debug: devices/bluetoothdevice.cpp void bluetoothdevice::update_hr_from_external() WearOS Companion Heart: 0
seg. ago. 17 17:14:58 2026 1786997698643 Debug: templateinfosender.cpp bool TemplateInfoSender::update(QJSEngine *) "eval res " "{\"msg\":\"workout\",\"content\":{\"BIKE_TYPE\":2,\"ELLIPTICAL_TYPE\":4,\"ROWING_TYPE\":3,\"TREADMILL_TYPE\":1,\"UNKNOWN_TYPE\":0,\"deviceId\":\"00:00:00:00:00:00\",\"deviceName\":\"N/A\",\"deviceRSSI\":1,\"deviceType\":2,\"deviceConnected\":true,\"devicePaused\":false,\"elapsed_s\":4,\"elapsed_m\":1,\"elapsed_h\":0,\"lapelapsed_s\":4,\"lapelapsed_m\":1,\"lapelapsed_h\":0,\"pace_s\":6,\"pace_m\":2,\"pace_h\":0,\"pace_color\":\"white\",\"avgpace_s\":6,\"avgpace_m\":2,\"avgpace_h\":0,\"maxpace_s\":6,\"maxpace_m\":2,\"maxpace_h\":0,\"moving_s\":4,\"moving_m\":1,\"moving_h\":0,\"speed\":28.56343234006481,\"speed_avg\":28.56343430150288,\"speed_color\":\"white\",\"speed_lapavg\":28.56343430150288,\"speed_lapmax\":28.563517581678,\"calories\":12.651726718749996,\"distance\":0.5469501863538075,\"heart\":0,\"heart_color\":\"lightsteelblue\",\"heart_avg\":124.5823922051282,\"heart_lapavg\":124.5823922051282,\"heart_max\":131.98506666666668,\"heart_lapmax\":131.98506666666668,\"target_heart_above\":0,\"target_heart_below\":0,\"jouls\":9725.099999999997,\"elevation\":0,\"difficult\":1,\"watts\":150,\"watts_avg\":150,\"watts_color\":\"limegreen\",\"watts_lapavg\":150,\"watts_max\":150,\"watts_lapmax\":150,\"kgwatts\":2,\"kgwatts_avg\":2,\"kgwatts_max\":2,\"workoutName\":\"Ride\",\"workoutStartDate\":\"seg. ago. 17 17:13:53 2026\",\"instructorName\":\"\",\"latitude\":null,\"longitude\":null,\"altitude\":null,\"peloton_offset\":0,\"peloton_ask_start\":false,\"autoresistance\":true,\"nextrow\":\"N/A\",\"training_row_index\":0,\"training_row_elapsed\":0,\"training_row_open_ended\":false,\"training_row_wait_for_lap\":false,\"row_remaining_time_s\":0,\"row_remaining_time_m\":0,\"row_remaining_time_h\":0,\"remaining_time_s\":0,\"remaining_time_m\":0,\"remaining_time_h\":0,\"nickName\":\"N/A\",\"gears\":0,\"target_resistance\":0,\"target_peloton_resistance\":0,\"target_cadence\":0,\"target_power\":0,\"power_zone\":2.9,\"power_zone_lapavg\":2.870769230769234,\"power_zone_lapmax\":2.9,\"target_power_zone\":1,\"power_zone_color\":\"limegreen\",\"target_power_zone_color\":\"white\",\"peloton_resistance\":12,\"peloton_resistance_avg\":12,\"peloton_resistance_color\":\"white\",\"peloton_resistance_lapavg\":12,\"peloton_resistance_lapmax\":12,\"peloton_req_resistance\":0,\"cadence\":85,\"cadence_color\":\"white\",\"cadence_avg\":85,\"cadence_lapavg\":85,\"cadence_lapmax\":85,\"resistance\":12,\"resistance_avg\":12,\"resistance_lapavg\":12,\"resistance_lapmax\":12,\"cranks\":325,\"cranktime\":38042,\"req_power\":0,\"req_cadence\":0,\"req_resistance\":0,\"inclination\":0,\"inclination_avg\":0}}"
seg. ago. 17 17:14:58 2026 1786997698653 Debug: homeform.cpp void homeform::update() homeform::update fired! elapsed: 989 jitter: -107
seg. ago. 17 17:14:58 2026 1786997698659 Debug: homeform.cpp void homeform::update() homeform::update tiles updated!
seg. ago. 17 17:14:58 2026 1786997698660 Debug: homeform.cpp void homeform::update() Current Distance 1s: 0.523663 28.5634 150
seg. ago. 17 17:14:58 2026 1786997698663 Debug: virtualdevices/virtualbike.cpp void virtualbike::bikeProvider() "bikeProvider" 0 2000 false
seg. ago. 17 17:14:58 2026 1786997698664 Debug: virtualdevices/virtualbike.cpp void virtualbike::bikeProvider() "virtual bike connected"
seg. ago. 17 17:14:58 2026 1786997698667 Debug: virtualdevices/virtualbike.cpp void virtualbike::writeCharacteristic(QLowEnergyService *, const QLowEnergyCharacteristic &, const QByteArray &) "virtualbike::writeCharacteristic Unknown Service  64 02 28 0b aa 00 0c 00 96 00 00 00"
seg. ago. 17 17:14:58 2026 1786997698668 Debug:   Write server characteristic with handle  9 "6402280baa000c0096000000" (service: "{00001826-0000-1000-8000-00805f9b34fb}"
seg. ago. 17 17:14:58 2026 1786997698670 Debug: virtualdevices/virtualbike.cpp void virtualbike::writeCharacteristic(QLowEnergyService *, const QLowEnergyCharacteristic &, const QByteArray &) "virtualbike::writeCharacteristic Heart Rate Heart Rate Measurement 00 00"
seg. ago. 17 17:14:58 2026 1786997698671 Debug:   Write server characteristic with handle  19 "0000" (service: "{0000180d-0000-1000-8000-00805f9b34fb}"
seg. ago. 17 17:14:58 2026 1786997698678 Debug: ./ergtable.h void ergTable::updateDataTable(const CadenceResistancePair &) Added/Updated point: C: 85 W: 150 R: 12
seg. ago. 17 17:14:58 2026 1786997698693 Debug: devices/bluetoothdevice.cpp void bluetoothdevice::update_hr_from_external() WearOS Companion Heart: 0
seg. ago. 17 17:14:58 2026 1786997698841 Debug: ./ergtable.h void ergTable::updateDataTable(const CadenceResistancePair &) Added/Updated point: C: 85 W: 150 R: 12
seg. ago. 17 17:14:58 2026 1786997698855 Debug: devices/bluetoothdevice.cpp void bluetoothdevice::update_hr_from_external() WearOS Companion Heart: 0
seg. ago. 17 17:14:59 2026 1786997699041 Debug: ./ergtable.h void ergTable::updateDataTable(const CadenceResistancePair &) Added/Updated point: C: 85 W: 150 R: 12
seg. ago. 17 17:14:59 2026 1786997699056 Debug: devices/bluetoothdevice.cpp void bluetoothdevice::update_hr_from_external() WearOS Companion Heart: 0
seg. ago. 17 17:14:59 2026 1786997699242 Debug: ./ergtable.h void ergTable::updateDataTable(const CadenceResistancePair &) Added/Updated point: C: 85 W: 150 R: 12
seg. ago. 17 17:14:59 2026 1786997699258 Debug: devices/bluetoothdevice.cpp void bluetoothdevice::update_hr_from_external() WearOS Companion Heart: 0
seg. ago. 17 17:14:59 2026 1786997699441 Debug: ./ergtable.h void ergTable::updateDataTable(const CadenceResistancePair &) Added/Updated point: C: 85 W: 150 R: 12
seg. ago. 17 17:14:59 2026 1786997699458 Debug: devices/bluetoothdevice.cpp void bluetoothdevice::update_hr_from_external() WearOS Companion Heart: 0
seg. ago. 17 17:14:59 2026 1786997699643 Debug: templateinfosender.cpp bool TemplateInfoSender::update(QJSEngine *) "eval res " "{\"msg\":\"workout\",\"content\":{\"BIKE_TYPE\":2,\"ELLIPTICAL_TYPE\":4,\"ROWING_TYPE\":3,\"TREADMILL_TYPE\":1,\"UNKNOWN_TYPE\":0,\"deviceId\":\"00:00:00:00:00:00\",\"deviceName\":\"N/A\",\"deviceRSSI\":1,\"deviceType\":2,\"deviceConnected\":true,\"devicePaused\":false,\"elapsed_s\":5,\"elapsed_m\":1,\"elapsed_h\":0,\"lapelapsed_s\":5,\"lapelapsed_m\":1,\"lapelapsed_h\":0,\"pace_s\":6,\"pace_m\":2,\"pace_h\":0,\"pace_color\":\"white\",\"avgpace_s\":6,\"avgpace_m\":2,\"avgpace_h\":0,\"maxpace_s\":6,\"maxpace_m\":2,\"maxpace_h\":0,\"moving_s\":5,\"moving_m\":1,\"moving_h\":0,\"speed\":28.56343234006481,\"speed_avg\":28.563434271784118,\"speed_color\":\"white\",\"speed_lapavg\":28.563434271784118,\"speed_lapmax\":28.563517581678,\"calories\":12.835257968749996,\"distance\":0.5548844731149366,\"heart\":0,\"heart_color\":\"lightsteelblue\",\"heart_avg\":124.51572303030304,\"heart_lapavg\":124.51572303030304,\"heart_max\":131.98506666666668,\"heart_lapmax\":131.98506666666668,\"target_heart_above\":0,\"target_heart_below\":0,\"jouls\":9874.949999999997,\"elevation\":0,\"difficult\":1,\"watts\":150,\"watts_avg\":150,\"watts_color\":\"limegreen\",\"watts_lapavg\":150,\"watts_max\":150,\"watts_lapmax\":150,\"kgwatts\":2,\"kgwatts_avg\":2,\"kgwatts_max\":2,\"workoutName\":\"Ride\",\"workoutStartDate\":\"seg. ago. 17 17:13:53 2026\",\"instructorName\":\"\",\"latitude\":null,\"longitude\":null,\"altitude\":null,\"peloton_offset\":0,\"peloton_ask_start\":false,\"autoresistance\":true,\"nextrow\":\"N/A\",\"training_row_index\":0,\"training_row_elapsed\":0,\"training_row_open_ended\":false,\"training_row_wait_for_lap\":false,\"row_remaining_time_s\":0,\"row_remaining_time_m\":0,\"row_remaining_time_h\":0,\"remaining_time_s\":0,\"remaining_time_m\":0,\"remaining_time_h\":0,\"nickName\":\"N/A\",\"gears\":0,\"target_resistance\":0,\"target_peloton_resistance\":0,\"target_cadence\":0,\"target_power\":0,\"power_zone\":2.9,\"power_zone_lapavg\":2.8712121212121247,\"power_zone_lapmax\":2.9,\"target_power_zone\":1,\"power_zone_color\":\"limegreen\",\"target_power_zone_color\":\"white\",\"peloton_resistance\":12,\"peloton_resistance_avg\":12,\"peloton_resistance_color\":\"white\",\"peloton_resistance_lapavg\":12,\"peloton_resistance_lapmax\":12,\"peloton_req_resistance\":0,\"cadence\":85,\"cadence_color\":\"white\",\"cadence_avg\":85,\"cadence_lapavg\":85,\"cadence_lapmax\":85,\"resistance\":12,\"resistance_avg\":12,\"resistance_lapavg\":12,\"resistance_lapmax\":12,\"cranks\":330,\"cranktime\":41652,\"req_power\":0,\"req_cadence\":0,\"req_resistance\":0,\"inclination\":0,\"inclination_avg\":0}}"
seg. ago. 17 17:14:59 2026 1786997699651 Debug: homeform.cpp void homeform::update() homeform::update fired! elapsed: 999 jitter: -108
seg. ago. 17 17:14:59 2026 1786997699656 Debug: homeform.cpp void homeform::update() homeform::update tiles updated!
seg. ago. 17 17:14:59 2026 1786997699657 Debug: homeform.cpp void homeform::update() Current Distance 1s: 0.531597 28.5634 150
seg. ago. 17 17:14:59 2026 1786997699659 Debug: virtualdevices/virtualbike.cpp void virtualbike::bikeProvider() "bikeProvider" 0 2000 false
seg. ago. 17 17:14:59 2026 1786997699660 Debug: virtualdevices/virtualbike.cpp void virtualbike::bikeProvider() "virtual bike connected"
seg. ago. 17 17:14:59 2026 1786997699662 Debug: virtualdevices/virtualbike.cpp void virtualbike::writeCharacteristic(QLowEnergyService *, const QLowEnergyCharacteristic &, const QByteArray &) "virtualbike::writeCharacteristic Unknown Service  64 02 28 0b aa 00 0c 00 96 00 00 00"
seg. ago. 17 17:14:59 2026 1786997699663 Debug:   Write server characteristic with handle  9 "6402280baa000c0096000000" (service: "{00001826-0000-1000-8000-00805f9b34fb}"
seg. ago. 17 17:14:59 2026 1786997699664 Debug: virtualdevices/virtualbike.cpp void virtualbike::writeCharacteristic(QLowEnergyService *, const QLowEnergyCharacteristic &, const QByteArray &) "virtualbike::writeCharacteristic Heart Rate Heart Rate Measurement 00 00"
seg. ago. 17 17:14:59 2026 1786997699665 Debug:   Write server characteristic with handle  19 "0000" (service: "{0000180d-0000-1000-8000-00805f9b34fb}"
seg. ago. 17 17:14:59 2026 1786997699669 Debug: ./ergtable.h void ergTable::updateDataTable(const CadenceResistancePair &) Added/Updated point: C: 85 W: 150 R: 12
seg. ago. 17 17:14:59 2026 1786997699688 Debug: devices/bluetoothdevice.cpp void bluetoothdevice::update_hr_from_external() WearOS Companion Heart: 0
seg. ago. 17 17:14:59 2026 1786997699844 Debug: ./ergtable.h void ergTable::updateDataTable(const CadenceResistancePair &) Added/Updated point: C: 85 W: 150 R: 12
seg. ago. 17 17:14:59 2026 1786997699884 Debug: devices/bluetoothdevice.cpp void bluetoothdevice::update_hr_from_external() WearOS Companion Heart: 0
seg. ago. 17 17:15:00 2026 1786997700049 Debug: ./ergtable.h void ergTable::updateDataTable(const CadenceResistancePair &) Added/Updated point: C: 85 W: 150 R: 12
seg. ago. 17 17:15:00 2026 1786997700089 Debug: devices/bluetoothdevice.cpp void bluetoothdevice::update_hr_from_external() WearOS Companion Heart: 0
seg. ago. 17 17:15:00 2026 1786997700246 Debug: ./ergtable.h void ergTable::updateDataTable(const CadenceResistancePair &) Added/Updated point: C: 85 W: 150 R: 12
seg. ago. 17 17:15:00 2026 1786997700264 Debug: devices/bluetoothdevice.cpp void bluetoothdevice::update_hr_from_external() WearOS Companion Heart: 0
seg. ago. 17 17:15:00 2026 1786997700445 Debug: ./ergtable.h void ergTable::updateDataTable(const CadenceResistancePair &) Added/Updated point: C: 85 W: 150 R: 12
seg. ago. 17 17:15:00 2026 1786997700478 Debug: devices/bluetoothdevice.cpp void bluetoothdevice::update_hr_from_external() WearOS Companion Heart: 0
seg. ago. 17 17:15:00 2026 1786997700646 Debug: templateinfosender.cpp bool TemplateInfoSender::update(QJSEngine *) "eval res " "{\"msg\":\"workout\",\"content\":{\"BIKE_TYPE\":2,\"ELLIPTICAL_TYPE\":4,\"ROWING_TYPE\":3,\"TREADMILL_TYPE\":1,\"UNKNOWN_TYPE\":0,\"deviceId\":\"00:00:00:00:00:00\",\"deviceName\":\"N/A\",\"deviceRSSI\":1,\"deviceType\":2,\"deviceConnected\":true,\"devicePaused\":false,\"elapsed_s\":6,\"elapsed_m\":1,\"elapsed_h\":0,\"lapelapsed_s\":6,\"lapelapsed_m\":1,\"lapelapsed_h\":0,\"pace_s\":6,\"pace_m\":2,\"pace_h\":0,\"pace_color\":\"white\",\"avgpace_s\":6,\"avgpace_m\":2,\"avgpace_h\":0,\"maxpace_s\":6,\"maxpace_m\":2,\"maxpace_h\":0,\"moving_s\":6,\"moving_m\":1,\"moving_h\":0,\"speed\":28.56343234006481,\"speed_avg\":28.563434242952482,\"speed_color\":\"white\",\"speed_lapavg\":28.563434242952482,\"speed_lapmax\":28.563517581678,\"calories\":13.019156281249996,\"distance\":0.5628346284495881,\"heart\":0,\"heart_color\":\"lightsteelblue\",\"heart_avg\":124.45452378109454,\"heart_lapavg\":124.45452378109454,\"heart_max\":131.98506666666668,\"heart_lapmax\":131.98506666666668,\"target_heart_above\":0,\"target_heart_below\":0,\"jouls\":10025.549999999997,\"elevation\":0,\"difficult\":1,\"watts\":150,\"watts_avg\":150,\"watts_color\":\"limegreen\",\"watts_lapavg\":150,\"watts_max\":150,\"watts_lapmax\":150,\"kgwatts\":2,\"kgwatts_avg\":2,\"kgwatts_max\":2,\"workoutName\":\"Ride\",\"workoutStartDate\":\"seg. ago. 17 17:13:53 2026\",\"instructorName\":\"\",\"latitude\":null,\"longitude\":null,\"altitude\":null,\"peloton_offset\":0,\"peloton_ask_start\":false,\"autoresistance\":true,\"nextrow\":\"N/A\",\"training_row_index\":0,\"training_row_elapsed\":0,\"training_row_open_ended\":false,\"training_row_wait_for_lap\":false,\"row_remaining_time_s\":0,\"row_remaining_time_m\":0,\"row_remaining_time_h\":0,\"remaining_time_s\":0,\"remaining_time_m\":0,\"remaining_time_h\":0,\"nickName\":\"N/A\",\"gears\":0,\"target_resistance\":0,\"target_peloton_resistance\":0,\"target_cadence\":0,\"target_power\":0,\"power_zone\":2.9,\"power_zone_lapavg\":2.87164179104478,\"power_zone_lapmax\":2.9,\"target_power_zone\":1,\"power_zone_color\":\"limegreen\",\"target_power_zone_color\":\"white\",\"peloton_resistance\":12,\"peloton_resistance_avg\":12,\"peloton_resistance_color\":\"white\",\"peloton_resistance_lapavg\":12,\"peloton_resistance_lapmax\":12,\"peloton_req_resistance\":0,\"cadence\":85,\"cadence_color\":\"white\",\"cadence_avg\":85,\"cadence_lapavg\":85,\"cadence_lapmax\":85,\"resistance\":12,\"resistance_avg\":12,\"resistance_lapavg\":12,\"resistance_lapmax\":12,\"cranks\":335,\"cranktime\":45262,\"req_power\":0,\"req_cadence\":0,\"req_resistance\":0,\"inclination\":0,\"inclination_avg\":0}}"
seg. ago. 17 17:15:00 2026 1786997700667 Debug: homeform.cpp void homeform::update() homeform::update fired! elapsed: 1015 jitter: -93
seg. ago. 17 17:15:00 2026 1786997700676 Debug: homeform.cpp void homeform::update() homeform::update tiles updated!
seg. ago. 17 17:15:00 2026 1786997700678 Debug: homeform.cpp void homeform::update() Current Distance 1s: 0.539532 28.5634 150
seg. ago. 17 17:15:00 2026 1786997700680 Debug: virtualdevices/virtualbike.cpp void virtualbike::bikeProvider() "bikeProvider" 0 2000 false
seg. ago. 17 17:15:00 2026 1786997700681 Debug: virtualdevices/virtualbike.cpp void virtualbike::bikeProvider() "virtual bike connected"
seg. ago. 17 17:15:00 2026 1786997700683 Debug: virtualdevices/virtualbike.cpp void virtualbike::writeCharacteristic(QLowEnergyService *, const QLowEnergyCharacteristic &, const QByteArray &) "virtualbike::writeCharacteristic Unknown Service  64 02 28 0b aa 00 0c 00 96 00 00 00"
seg. ago. 17 17:15:00 2026 1786997700684 Debug:   Write server characteristic with handle  9 "6402280baa000c0096000000" (service: "{00001826-0000-1000-8000-00805f9b34fb}"
seg. ago. 17 17:15:00 2026 1786997700686 Debug: virtualdevices/virtualbike.cpp void virtualbike::writeCharacteristic(QLowEnergyService *, const QLowEnergyCharacteristic &, const QByteArray &) "virtualbike::writeCharacteristic Heart Rate Heart Rate Measurement 00 00"
seg. ago. 17 17:15:00 2026 1786997700687 Debug:   Write server characteristic with handle  19 "0000" (service: "{0000180d-0000-1000-8000-00805f9b34fb}"
seg. ago. 17 17:15:00 2026 1786997700691 Debug: ./ergtable.h void ergTable::updateDataTable(const CadenceResistancePair &) Added/Updated point: C: 85 W: 150 R: 12
seg. ago. 17 17:15:00 2026 1786997700708 Debug: devices/bluetoothdevice.cpp void bluetoothdevice::update_hr_from_external() WearOS Companion Heart: 0
seg. ago. 17 17:15:00 2026 1786997700844 Debug: ./ergtable.h void ergTable::updateDataTable(const CadenceResistancePair &) Added/Updated point: C: 85 W: 150 R: 12
seg. ago. 17 17:15:00 2026 1786997700886 Debug: devices/bluetoothdevice.cpp void bluetoothdevice::update_hr_from_external() WearOS Companion Heart: 0
seg. ago. 17 17:15:01 2026 1786997701048 Debug: ./ergtable.h void ergTable::updateDataTable(const CadenceResistancePair &) Added/Updated point: C: 85 W: 150 R: 12
seg. ago. 17 17:15:01 2026 1786997701089 Debug: devices/bluetoothdevice.cpp void bluetoothdevice::update_hr_from_external() WearOS Companion Heart: 0
seg. ago. 17 17:15:01 2026 1786997701249 Debug: ./ergtable.h void ergTable::updateDataTable(const CadenceResistancePair &) Added/Updated point: C: 85 W: 150 R: 12
seg. ago. 17 17:15:01 2026 1786997701288 Debug: devices/bluetoothdevice.cpp void bluetoothdevice::update_hr_from_external() WearOS Companion Heart: 0
seg. ago. 17 17:15:01 2026 1786997701442 Debug: ./ergtable.h void ergTable::updateDataTable(const CadenceResistancePair &) Added/Updated point: C: 85 W: 150 R: 12
seg. ago. 17 17:15:01 2026 1786997701456 Debug: devices/bluetoothdevice.cpp void bluetoothdevice::update_hr_from_external() WearOS Companion Heart: 0
seg. ago. 17 17:15:01 2026 1786997701646 Debug: templateinfosender.cpp bool TemplateInfoSender::update(QJSEngine *) "eval res " "{\"msg\":\"workout\",\"content\":{\"BIKE_TYPE\":2,\"ELLIPTICAL_TYPE\":4,\"ROWING_TYPE\":3,\"TREADMILL_TYPE\":1,\"UNKNOWN_TYPE\":0,\"deviceId\":\"00:00:00:00:00:00\",\"deviceName\":\"N/A\",\"deviceRSSI\":1,\"deviceType\":2,\"deviceConnected\":true,\"devicePaused\":false,\"elapsed_s\":7,\"elapsed_m\":1,\"elapsed_h\":0,\"lapelapsed_s\":7,\"lapelapsed_m\":1,\"lapelapsed_h\":0,\"pace_s\":6,\"pace_m\":2,\"pace_h\":0,\"pace_color\":\"white\",\"avgpace_s\":6,\"avgpace_m\":2,\"avgpace_h\":0,\"maxpace_s\":6,\"maxpace_m\":2,\"maxpace_h\":0,\"moving_s\":7,\"moving_m\":1,\"moving_h\":0,\"speed\":28.56343234006481,\"speed_avg\":28.563434214968836,\"speed_color\":\"white\",\"speed_lapavg\":28.563434214968836,\"speed_lapmax\":28.563517581678,\"calories\":13.202503999999996,\"distance\":0.5707609809239561,\"heart\":0,\"heart_color\":\"lightsteelblue\",\"heart_avg\":124.39857029411765,\"heart_lapavg\":124.39857029411765,\"heart_max\":131.98506666666668,\"heart_lapmax\":131.98506666666668,\"target_heart_above\":0,\"target_heart_below\":0,\"jouls\":10175.099999999999,\"elevation\":0,\"difficult\":1,\"watts\":150,\"watts_avg\":150,\"watts_color\":\"limegreen\",\"watts_lapavg\":150,\"watts_max\":150,\"watts_lapmax\":150,\"kgwatts\":2,\"kgwatts_avg\":2,\"kgwatts_max\":2,\"workoutName\":\"Ride\",\"workoutStartDate\":\"seg. ago. 17 17:13:53 2026\",\"instructorName\":\"\",\"latitude\":null,\"longitude\":null,\"altitude\":null,\"peloton_offset\":0,\"peloton_ask_start\":false,\"autoresistance\":true,\"nextrow\":\"N/A\",\"training_row_index\":0,\"training_row_elapsed\":0,\"training_row_open_ended\":false,\"training_row_wait_for_lap\":false,\"row_remaining_time_s\":0,\"row_remaining_time_m\":0,\"row_remaining_time_h\":0,\"remaining_time_s\":0,\"remaining_time_m\":0,\"remaining_time_h\":0,\"nickName\":\"N/A\",\"gears\":0,\"target_resistance\":0,\"target_peloton_resistance\":0,\"target_cadence\":0,\"target_power\":0,\"power_zone\":2.9,\"power_zone_lapavg\":2.8720588235294153,\"power_zone_lapmax\":2.9,\"target_power_zone\":1,\"power_zone_color\":\"limegreen\",\"target_power_zone_color\":\"white\",\"peloton_resistance\":12,\"peloton_resistance_avg\":12,\"peloton_resistance_color\":\"white\",\"peloton_resistance_lapavg\":12,\"peloton_resistance_lapmax\":12,\"peloton_req_resistance\":0,\"cadence\":85,\"cadence_color\":\"white\",\"cadence_avg\":85,\"cadence_lapavg\":85,\"cadence_lapmax\":85,\"resistance\":12,\"resistance_avg\":12,\"resistance_lapavg\":12,\"resistance_lapmax\":12,\"cranks\":340,\"cranktime\":48872,\"req_power\":0,\"req_cadence\":0,\"req_resistance\":0,\"inclination\":0,\"inclination_avg\":0}}"
seg. ago. 17 17:15:01 2026 1786997701664 Debug: homeform.cpp void homeform::update() homeform::update fired! elapsed: 997 jitter: -96
seg. ago. 17 17:15:01 2026 1786997701670 Debug: homeform.cpp void homeform::update() homeform::update tiles updated!
seg. ago. 17 17:15:01 2026 1786997701671 Debug: homeform.cpp void homeform::update() Current Distance 1s: 0.547466 28.5634 150
seg. ago. 17 17:15:01 2026 1786997701674 Debug: virtualdevices/virtualbike.cpp void virtualbike::bikeProvider() "bikeProvider" 0 2000 false
seg. ago. 17 17:15:01 2026 1786997701675 Debug: virtualdevices/virtualbike.cpp void virtualbike::bikeProvider() "virtual bike connected"
seg. ago. 17 17:15:01 2026 1786997701676 Debug: virtualdevices/virtualbike.cpp void virtualbike::writeCharacteristic(QLowEnergyService *, const QLowEnergyCharacteristic &, const QByteArray &) "virtualbike::writeCharacteristic Unknown Service  64 02 28 0b aa 00 0c 00 96 00 00 00"
seg. ago. 17 17:15:01 2026 1786997701677 Debug:   Write server characteristic with handle  9 "6402280baa000c0096000000" (service: "{00001826-0000-1000-8000-00805f9b34fb}"
seg. ago. 17 17:15:01 2026 1786997701678 Debug: virtualdevices/virtualbike.cpp void virtualbike::writeCharacteristic(QLowEnergyService *, const QLowEnergyCharacteristic &, const QByteArray &) "virtualbike::writeCharacteristic Heart Rate Heart Rate Measurement 00 00"
seg. ago. 17 17:15:01 2026 1786997701679 Debug:   Write server characteristic with handle  19 "0000" (service: "{0000180d-0000-1000-8000-00805f9b34fb}"
seg. ago. 17 17:15:01 2026 1786997701683 Debug: ./ergtable.h void ergTable::updateDataTable(const CadenceResistancePair &) Added/Updated point: C: 85 W: 150 R: 12
seg. ago. 17 17:15:01 2026 1786997701700 Debug: devices/bluetoothdevice.cpp void bluetoothdevice::update_hr_from_external() WearOS Companion Heart: 0
seg. ago. 17 17:15:01 2026 1786997701843 Debug: ./ergtable.h void ergTable::updateDataTable(const CadenceResistancePair &) Added/Updated point: C: 85 W: 150 R: 12
seg. ago. 17 17:15:01 2026 1786997701867 Debug: devices/bluetoothdevice.cpp void bluetoothdevice::update_hr_from_external() WearOS Companion Heart: 0
seg. ago. 17 17:15:02 2026 1786997702046 Debug: ./ergtable.h void ergTable::updateDataTable(const CadenceResistancePair &) Added/Updated point: C: 85 W: 150 R: 12
seg. ago. 17 17:15:02 2026 1786997702075 Debug: devices/bluetoothdevice.cpp void bluetoothdevice::update_hr_from_external() WearOS Companion Heart: 0
seg. ago. 17 17:15:02 2026 1786997702246 Debug: ./ergtable.h void ergTable::updateDataTable(const CadenceResistancePair &) Added/Updated point: C: 85 W: 150 R: 12
seg. ago. 17 17:15:02 2026 1786997702286 Debug: devices/bluetoothdevice.cpp void bluetoothdevice::update_hr_from_external() WearOS Companion Heart: 0
seg. ago. 17 17:15:02 2026 1786997702448 Debug: ./ergtable.h void ergTable::updateDataTable(const CadenceResistancePair &) Added/Updated point: C: 85 W: 150 R: 12
seg. ago. 17 17:15:02 2026 1786997702485 Debug: devices/bluetoothdevice.cpp void bluetoothdevice::update_hr_from_external() WearOS Companion Heart: 0
seg. ago. 17 17:15:02 2026 1786997702648 Debug: templateinfosender.cpp bool TemplateInfoSender::update(QJSEngine *) "eval res " "{\"msg\":\"workout\",\"content\":{\"BIKE_TYPE\":2,\"ELLIPTICAL_TYPE\":4,\"ROWING_TYPE\":3,\"TREADMILL_TYPE\":1,\"UNKNOWN_TYPE\":0,\"deviceId\":\"00:00:00:00:00:00\",\"deviceName\":\"N/A\",\"deviceRSSI\":1,\"deviceType\":2,\"deviceConnected\":true,\"devicePaused\":false,\"elapsed_s\":8,\"elapsed_m\":1,\"elapsed_h\":0,\"lapelapsed_s\":8,\"lapelapsed_m\":1,\"lapelapsed_h\":0,\"pace_s\":6,\"pace_m\":2,\"pace_h\":0,\"pace_color\":\"white\",\"avgpace_s\":6,\"avgpace_m\":2,\"avgpace_h\":0,\"maxpace_s\":6,\"maxpace_m\":2,\"maxpace_h\":0,\"moving_s\":8,\"moving_m\":1,\"moving_h\":0,\"speed\":28.56343234006481,\"speed_avg\":28.563434187796307,\"speed_color\":\"white\",\"speed_lapavg\":28.563434187796307,\"speed_lapmax\":28.563517581678,\"calories\":13.386402312499996,\"distance\":0.5787111362586074,\"heart\":0,\"heart_color\":\"lightsteelblue\",\"heart_avg\":124.34761826086958,\"heart_lapavg\":124.34761826086958,\"heart_max\":131.98506666666668,\"heart_lapmax\":131.98506666666668,\"target_heart_above\":0,\"target_heart_below\":0,\"jouls\":10326,\"elevation\":0,\"difficult\":1,\"watts\":150,\"watts_avg\":150,\"watts_color\":\"limegreen\",\"watts_lapavg\":150,\"watts_max\":150,\"watts_lapmax\":150,\"kgwatts\":2,\"kgwatts_avg\":2,\"kgwatts_max\":2,\"workoutName\":\"Ride\",\"workoutStartDate\":\"seg. ago. 17 17:13:53 2026\",\"instructorName\":\"\",\"latitude\":null,\"longitude\":null,\"altitude\":null,\"peloton_offset\":0,\"peloton_ask_start\":false,\"autoresistance\":true,\"nextrow\":\"N/A\",\"training_row_index\":0,\"training_row_elapsed\":0,\"training_row_open_ended\":false,\"training_row_wait_for_lap\":false,\"row_remaining_time_s\":0,\"row_remaining_time_m\":0,\"row_remaining_time_h\":0,\"remaining_time_s\":0,\"remaining_time_m\":0,\"remaining_time_h\":0,\"nickName\":\"N/A\",\"gears\":0,\"target_resistance\":0,\"target_peloton_resistance\":0,\"target_cadence\":0,\"target_power\":0,\"power_zone\":2.9,\"power_zone_lapavg\":2.8724637681159457,\"power_zone_lapmax\":2.9,\"target_power_zone\":1,\"power_zone_color\":\"limegreen\",\"target_power_zone_color\":\"white\",\"peloton_resistance\":12,\"peloton_resistance_avg\":12,\"peloton_resistance_color\":\"white\",\"peloton_resistance_lapavg\":12,\"peloton_resistance_lapmax\":12,\"peloton_req_resistance\":0,\"cadence\":85,\"cadence_color\":\"white\",\"cadence_avg\":85,\"cadence_lapavg\":85,\"cadence_lapmax\":85,\"resistance\":12,\"resistance_avg\":12,\"resistance_lapavg\":12,\"resistance_lapmax\":12,\"cranks\":345,\"cranktime\":52482,\"req_power\":0,\"req_cadence\":0,\"req_resistance\":0,\"inclination\":0,\"inclination_avg\":0}}"
seg. ago. 17 17:15:02 2026 1786997702668 Debug: homeform.cpp void homeform::update() homeform::update fired! elapsed: 1005 jitter: -91
seg. ago. 17 17:15:02 2026 1786997702674 Debug: homeform.cpp void homeform::update() homeform::update tiles updated!
seg. ago. 17 17:15:02 2026 1786997702676 Debug: homeform.cpp void homeform::update() Current Distance 1s: 0.5554 28.5634 150
seg. ago. 17 17:15:02 2026 1786997702678 Debug: virtualdevices/virtualbike.cpp void virtualbike::bikeProvider() "bikeProvider" 0 2000 false
seg. ago. 17 17:15:02 2026 1786997702680 Debug: virtualdevices/virtualbike.cpp void virtualbike::bikeProvider() "virtual bike connected"
seg. ago. 17 17:15:02 2026 1786997702681 Debug: virtualdevices/virtualbike.cpp void virtualbike::writeCharacteristic(QLowEnergyService *, const QLowEnergyCharacteristic &, const QByteArray &) "virtualbike::writeCharacteristic Unknown Service  64 02 28 0b aa 00 0c 00 96 00 00 00"
seg. ago. 17 17:15:02 2026 1786997702682 Debug:   Write server characteristic with handle  9 "6402280baa000c0096000000" (service: "{00001826-0000-1000-8000-00805f9b34fb}"
seg. ago. 17 17:15:02 2026 1786997702684 Debug: virtualdevices/virtualbike.cpp void virtualbike::writeCharacteristic(QLowEnergyService *, const QLowEnergyCharacteristic &, const QByteArray &) "virtualbike::writeCharacteristic Heart Rate Heart Rate Measurement 00 00"
seg. ago. 17 17:15:02 2026 1786997702684 Debug:   Write server characteristic with handle  19 "0000" (service: "{0000180d-0000-1000-8000-00805f9b34fb}"
seg. ago. 17 17:15:02 2026 1786997702688 Debug: ./ergtable.h void ergTable::updateDataTable(const CadenceResistancePair &) Added/Updated point: C: 85 W: 150 R: 12
seg. ago. 17 17:15:02 2026 1786997702703 Debug: devices/bluetoothdevice.cpp void bluetoothdevice::update_hr_from_external() WearOS Companion Heart: 0
seg. ago. 17 17:15:02 2026 1786997702842 Debug: ./ergtable.h void ergTable::updateDataTable(const CadenceResistancePair &) Added/Updated point: C: 85 W: 150 R: 12
seg. ago. 17 17:15:02 2026 1786997702858 Debug: devices/bluetoothdevice.cpp void bluetoothdevice::update_hr_from_external() WearOS Companion Heart: 0
seg. ago. 17 17:15:03 2026 1786997703042 Debug: ./ergtable.h void ergTable::updateDataTable(const CadenceResistancePair &) Added/Updated point: C: 85 W: 150 R: 12
seg. ago. 17 17:15:03 2026 1786997703064 Debug: devices/bluetoothdevice.cpp void bluetoothdevice::update_hr_from_external() WearOS Companion Heart: 0
seg. ago. 17 17:15:03 2026 1786997703243 Debug: ./ergtable.h void ergTable::updateDataTable(const CadenceResistancePair &) Added/Updated point: C: 85 W: 150 R: 12
seg. ago. 17 17:15:03 2026 1786997703265 Debug: devices/bluetoothdevice.cpp void bluetoothdevice::update_hr_from_external() WearOS Companion Heart: 0
seg. ago. 17 17:15:03 2026 1786997703450 Debug: ./ergtable.h void ergTable::updateDataTable(const CadenceResistancePair &) Added/Updated point: C: 85 W: 150 R: 12
seg. ago. 17 17:15:03 2026 1786997703489 Debug: devices/bluetoothdevice.cpp void bluetoothdevice::update_hr_from_external() WearOS Companion Heart: 0
seg. ago. 17 17:15:03 2026 1786997703648 Debug: templateinfosender.cpp bool TemplateInfoSender::update(QJSEngine *) "eval res " "{\"msg\":\"workout\",\"content\":{\"BIKE_TYPE\":2,\"ELLIPTICAL_TYPE\":4,\"ROWING_TYPE\":3,\"TREADMILL_TYPE\":1,\"UNKNOWN_TYPE\":0,\"deviceId\":\"00:00:00:00:00:00\",\"deviceName\":\"N/A\",\"deviceRSSI\":1,\"deviceType\":2,\"deviceConnected\":true,\"devicePaused\":false,\"elapsed_s\":9,\"elapsed_m\":1,\"elapsed_h\":0,\"lapelapsed_s\":9,\"lapelapsed_m\":1,\"lapelapsed_h\":0,\"pace_s\":6,\"pace_m\":2,\"pace_h\":0,\"pace_color\":\"white\",\"avgpace_s\":6,\"avgpace_m\":2,\"avgpace_h\":0,\"maxpace_s\":6,\"maxpace_m\":2,\"maxpace_h\":0,\"moving_s\":9,\"moving_m\":1,\"moving_h\":0,\"speed\":28.56343234006481,\"speed_avg\":28.563434161400142,\"speed_color\":\"white\",\"speed_lapavg\":28.563434161400142,\"speed_lapmax\":28.563517581678,\"calories\":13.569750031249997,\"distance\":0.5866374887329753,\"heart\":0,\"heart_color\":\"lightsteelblue\",\"heart_avg\":124.30145533333335,\"heart_lapavg\":124.30145533333335,\"heart_max\":131.98506666666668,\"heart_lapmax\":131.98506666666668,\"target_heart_above\":0,\"target_heart_below\":0,\"jouls\":10476.15,\"elevation\":0,\"difficult\":1,\"watts\":150,\"watts_avg\":150,\"watts_color\":\"limegreen\",\"watts_lapavg\":150,\"watts_max\":150,\"watts_lapmax\":150,\"kgwatts\":2,\"kgwatts_avg\":2,\"kgwatts_max\":2,\"workoutName\":\"Ride\",\"workoutStartDate\":\"seg. ago. 17 17:13:53 2026\",\"instructorName\":\"\",\"latitude\":null,\"longitude\":null,\"altitude\":null,\"peloton_offset\":0,\"peloton_ask_start\":false,\"autoresistance\":true,\"nextrow\":\"N/A\",\"training_row_index\":0,\"training_row_elapsed\":0,\"training_row_open_ended\":false,\"training_row_wait_for_lap\":false,\"row_remaining_time_s\":0,\"row_remaining_time_m\":0,\"row_remaining_time_h\":0,\"remaining_time_s\":0,\"remaining_time_m\":0,\"remaining_time_h\":0,\"nickName\":\"N/A\",\"gears\":0,\"target_resistance\":0,\"target_peloton_resistance\":0,\"target_cadence\":0,\"target_power\":0,\"power_zone\":2.9,\"power_zone_lapavg\":2.8728571428571463,\"power_zone_lapmax\":2.9,\"target_power_zone\":1,\"power_zone_color\":\"limegreen\",\"target_power_zone_color\":\"white\",\"peloton_resistance\":12,\"peloton_resistance_avg\":12,\"peloton_resistance_color\":\"white\",\"peloton_resistance_lapavg\":12,\"peloton_resistance_lapmax\":12,\"peloton_req_resistance\":0,\"cadence\":85,\"cadence_color\":\"white\",\"cadence_avg\":85,\"cadence_lapavg\":85,\"cadence_lapmax\":85,\"resistance\":12,\"resistance_avg\":12,\"resistance_lapavg\":12,\"resistance_lapmax\":12,\"cranks\":350,\"cranktime\":56092,\"req_power\":0,\"req_cadence\":0,\"req_resistance\":0,\"inclination\":0,\"inclination_avg\":0}}"
seg. ago. 17 17:15:03 2026 1786997703672 Debug: homeform.cpp void homeform::update() homeform::update fired! elapsed: 1003 jitter: -88
seg. ago. 17 17:15:03 2026 1786997703680 Debug: homeform.cpp void homeform::update() homeform::update tiles updated!
seg. ago. 17 17:15:03 2026 1786997703682 Debug: homeform.cpp void homeform::update() Current Distance 1s: 0.563334 28.5634 150
seg. ago. 17 17:15:03 2026 1786997703684 Debug: virtualdevices/virtualbike.cpp void virtualbike::bikeProvider() "bikeProvider" 0 2000 false
seg. ago. 17 17:15:03 2026 1786997703686 Debug: virtualdevices/virtualbike.cpp void virtualbike::bikeProvider() "virtual bike connected"
seg. ago. 17 17:15:03 2026 1786997703687 Debug: virtualdevices/virtualbike.cpp void virtualbike::writeCharacteristic(QLowEnergyService *, const QLowEnergyCharacteristic &, const QByteArray &) "virtualbike::writeCharacteristic Unknown Service  64 02 28 0b aa 00 0c 00 96 00 00 00"
seg. ago. 17 17:15:03 2026 1786997703688 Debug:   Write server characteristic with handle  9 "6402280baa000c0096000000" (service: "{00001826-0000-1000-8000-00805f9b34fb}"
seg. ago. 17 17:15:03 2026 1786997703689 Debug: virtualdevices/virtualbike.cpp void virtualbike::writeCharacteristic(QLowEnergyService *, const QLowEnergyCharacteristic &, const QByteArray &) "virtualbike::writeCharacteristic Heart Rate Heart Rate Measurement 00 00"
seg. ago. 17 17:15:03 2026 1786997703690 Debug:   Write server characteristic with handle  19 "0000" (service: "{0000180d-0000-1000-8000-00805f9b34fb}"
seg. ago. 17 17:15:03 2026 1786997703694 Debug: ./ergtable.h void ergTable::updateDataTable(const CadenceResistancePair &) Added/Updated point: C: 85 W: 150 R: 12
seg. ago. 17 17:15:03 2026 1786997703713 Debug: devices/bluetoothdevice.cpp void bluetoothdevice::update_hr_from_external() WearOS Companion Heart: 0
seg. ago. 17 17:15:03 2026 1786997703843 Debug: ./ergtable.h void ergTable::updateDataTable(const CadenceResistancePair &) Added/Updated point: C: 85 W: 150 R: 12
seg. ago. 17 17:15:03 2026 1786997703870 Debug: devices/bluetoothdevice.cpp void bluetoothdevice::update_hr_from_external() WearOS Companion Heart: 0
seg. ago. 17 17:15:04 2026 1786997704041 Debug: ./ergtable.h void ergTable::updateDataTable(const CadenceResistancePair &) Added/Updated point: C: 85 W: 150 R: 12
seg. ago. 17 17:15:04 2026 1786997704056 Debug: devices/bluetoothdevice.cpp void bluetoothdevice::update_hr_from_external() WearOS Companion Heart: 0
seg. ago. 17 17:15:04 2026 1786997704242 Debug: ./ergtable.h void ergTable::updateDataTable(const CadenceResistancePair &) Added/Updated point: C: 85 W: 150 R: 12
seg. ago. 17 17:15:04 2026 1786997704258 Debug: devices/bluetoothdevice.cpp void bluetoothdevice::update_hr_from_external() WearOS Companion Heart: 0
seg. ago. 17 17:15:04 2026 1786997704441 Debug: ./ergtable.h void ergTable::updateDataTable(const CadenceResistancePair &) Added/Updated point: C: 85 W: 150 R: 12
seg. ago. 17 17:15:04 2026 1786997704460 Debug: devices/bluetoothdevice.cpp void bluetoothdevice::update_hr_from_external() WearOS Companion Heart: 0
seg. ago. 17 17:15:04 2026 1786997704646 Debug: templateinfosender.cpp bool TemplateInfoSender::update(QJSEngine *) "eval res " "{\"msg\":\"workout\",\"content\":{\"BIKE_TYPE\":2,\"ELLIPTICAL_TYPE\":4,\"ROWING_TYPE\":3,\"TREADMILL_TYPE\":1,\"UNKNOWN_TYPE\":0,\"deviceId\":\"00:00:00:00:00:00\",\"deviceName\":\"N/A\",\"deviceRSSI\":1,\"deviceType\":2,\"deviceConnected\":true,\"devicePaused\":false,\"elapsed_s\":10,\"elapsed_m\":1,\"elapsed_h\":0,\"lapelapsed_s\":10,\"lapelapsed_m\":1,\"lapelapsed_h\":0,\"pace_s\":6,\"pace_m\":2,\"pace_h\":0,\"pace_color\":\"white\",\"avgpace_s\":6,\"avgpace_m\":2,\"avgpace_h\":0,\"maxpace_s\":6,\"maxpace_m\":2,\"maxpace_h\":0,\"moving_s\":10,\"moving_m\":1,\"moving_h\":0,\"speed\":28.56343234006481,\"speed_avg\":28.563434135747528,\"speed_color\":\"white\",\"speed_lapavg\":28.563434135747528,\"speed_lapmax\":28.563517581678,\"calories\":13.753097749999998,\"distance\":0.5945638412073432,\"heart\":0,\"heart_color\":\"lightsteelblue\",\"heart_avg\":124.25988309859156,\"heart_lapavg\":124.25988309859156,\"heart_max\":131.98506666666668,\"heart_lapmax\":131.98506666666668,\"target_heart_above\":0,\"target_heart_below\":0,\"jouls\":10625.1,\"elevation\":0,\"difficult\":1,\"watts\":150,\"watts_avg\":150,\"watts_color\":\"limegreen\",\"watts_lapavg\":150,\"watts_max\":150,\"watts_lapmax\":150,\"kgwatts\":2,\"kgwatts_avg\":2,\"kgwatts_max\":2,\"workoutName\":\"Ride\",\"workoutStartDate\":\"seg. ago. 17 17:13:53 2026\",\"instructorName\":\"\",\"latitude\":null,\"longitude\":null,\"altitude\":null,\"peloton_offset\":0,\"peloton_ask_start\":false,\"autoresistance\":true,\"nextrow\":\"N/A\",\"training_row_index\":0,\"training_row_elapsed\":0,\"training_row_open_ended\":false,\"training_row_wait_for_lap\":false,\"row_remaining_time_s\":0,\"row_remaining_time_m\":0,\"row_remaining_time_h\":0,\"remaining_time_s\":0,\"remaining_time_m\":0,\"remaining_time_h\":0,\"nickName\":\"N/A\",\"gears\":0,\"target_resistance\":0,\"target_peloton_resistance\":0,\"target_cadence\":0,\"target_power\":0,\"power_zone\":2.9,\"power_zone_lapavg\":2.873239436619722,\"power_zone_lapmax\":2.9,\"target_power_zone\":1,\"power_zone_color\":\"limegreen\",\"target_power_zone_color\":\"white\",\"peloton_resistance\":12,\"peloton_resistance_avg\":12,\"peloton_resistance_color\":\"white\",\"peloton_resistance_lapavg\":12,\"peloton_resistance_lapmax\":12,\"peloton_req_resistance\":0,\"cadence\":85,\"cadence_color\":\"white\",\"cadence_avg\":85,\"cadence_lapavg\":85,\"cadence_lapmax\":85,\"resistance\":12,\"resistance_avg\":12,\"resistance_lapavg\":12,\"resistance_lapmax\":12,\"cranks\":355,\"cranktime\":59702,\"req_power\":0,\"req_cadence\":0,\"req_resistance\":0,\"inclination\":0,\"inclination_avg\":0}}"
seg. ago. 17 17:15:04 2026 1786997704663 Debug: homeform.cpp void homeform::update() homeform::update fired! elapsed: 992 jitter: -96
seg. ago. 17 17:15:04 2026 1786997704671 Debug: homeform.cpp void homeform::update() homeform::update tiles updated!
seg. ago. 17 17:15:04 2026 1786997704673 Debug: homeform.cpp void homeform::update() Current Distance 1s: 0.571269 28.5634 150
seg. ago. 17 17:15:04 2026 1786997704675 Debug: virtualdevices/virtualbike.cpp void virtualbike::bikeProvider() "bikeProvider" 0 2000 false
seg. ago. 17 17:15:04 2026 1786997704676 Debug: virtualdevices/virtualbike.cpp void virtualbike::bikeProvider() "virtual bike connected"
seg. ago. 17 17:15:04 2026 1786997704679 Debug: virtualdevices/virtualbike.cpp void virtualbike::writeCharacteristic(QLowEnergyService *, const QLowEnergyCharacteristic &, const QByteArray &) "virtualbike::writeCharacteristic Unknown Service  64 02 28 0b aa 00 0c 00 96 00 00 00"
seg. ago. 17 17:15:04 2026 1786997704680 Debug:   Write server characteristic with handle  9 "6402280baa000c0096000000" (service: "{00001826-0000-1000-8000-00805f9b34fb}"
seg. ago. 17 17:15:04 2026 1786997704681 Debug: virtualdevices/virtualbike.cpp void virtualbike::writeCharacteristic(QLowEnergyService *, const QLowEnergyCharacteristic &, const QByteArray &) "virtualbike::writeCharacteristic Heart Rate Heart Rate Measurement 00 00"
seg. ago. 17 17:15:04 2026 1786997704682 Debug:   Write server characteristic with handle  19 "0000" (service: "{0000180d-0000-1000-8000-00805f9b34fb}"
seg. ago. 17 17:15:04 2026 1786997704686 Debug: ./ergtable.h void ergTable::updateDataTable(const CadenceResistancePair &) Added/Updated point: C: 85 W: 150 R: 12
seg. ago. 17 17:15:04 2026 1786997704705 Debug: devices/bluetoothdevice.cpp void bluetoothdevice::update_hr_from_external() WearOS Companion Heart: 0
seg. ago. 17 17:15:04 2026 1786997704845 Debug: ./ergtable.h void ergTable::updateDataTable(const CadenceResistancePair &) Added/Updated point: C: 85 W: 150 R: 12
seg. ago. 17 17:15:04 2026 1786997704879 Debug: devices/bluetoothdevice.cpp void bluetoothdevice::update_hr_from_external() WearOS Companion Heart: 0
seg. ago. 17 17:15:05 2026 1786997705045 Debug: ./ergtable.h void ergTable::updateDataTable(const CadenceResistancePair &) Added/Updated point: C: 85 W: 150 R: 12
seg. ago. 17 17:15:05 2026 1786997705088 Debug: devices/bluetoothdevice.cpp void bluetoothdevice::update_hr_from_external() WearOS Companion Heart: 0
seg. ago. 17 17:15:05 2026 1786997705245 Debug: ./ergtable.h void ergTable::updateDataTable(const CadenceResistancePair &) Added/Updated point: C: 85 W: 150 R: 12
seg. ago. 17 17:15:05 2026 1786997705280 Debug: devices/bluetoothdevice.cpp void bluetoothdevice::update_hr_from_external() WearOS Companion Heart: 0
seg. ago. 17 17:15:05 2026 1786997705447 Debug: ./ergtable.h void ergTable::updateDataTable(const CadenceResistancePair &) Added/Updated point: C: 85 W: 150 R: 12
seg. ago. 17 17:15:05 2026 1786997705482 Debug: devices/bluetoothdevice.cpp void bluetoothdevice::update_hr_from_external() WearOS Companion Heart: 0
seg. ago. 17 17:15:05 2026 1786997705647 Debug: templateinfosender.cpp bool TemplateInfoSender::update(QJSEngine *) "eval res " "{\"msg\":\"workout\",\"content\":{\"BIKE_TYPE\":2,\"ELLIPTICAL_TYPE\":4,\"ROWING_TYPE\":3,\"TREADMILL_TYPE\":1,\"UNKNOWN_TYPE\":0,\"deviceId\":\"00:00:00:00:00:00\",\"deviceName\":\"N/A\",\"deviceRSSI\":1,\"deviceType\":2,\"deviceConnected\":true,\"devicePaused\":false,\"elapsed_s\":11,\"elapsed_m\":1,\"elapsed_h\":0,\"lapelapsed_s\":11,\"lapelapsed_m\":1,\"lapelapsed_h\":0,\"pace_s\":6,\"pace_m\":2,\"pace_h\":0,\"pace_color\":\"white\",\"avgpace_s\":6,\"avgpace_m\":2,\"avgpace_h\":0,\"maxpace_s\":6,\"maxpace_m\":2,\"maxpace_h\":0,\"moving_s\":11,\"moving_m\":1,\"moving_h\":0,\"speed\":28.56343234006481,\"speed_avg\":28.563434110807485,\"speed_color\":\"white\",\"speed_lapavg\":28.563434110807485,\"speed_lapmax\":28.563517581678,\"calories\":13.936628999999998,\"distance\":0.6024981279684722,\"heart\":0,\"heart_color\":\"lightsteelblue\",\"heart_avg\":124.22270250000001,\"heart_lapavg\":124.22270250000001,\"heart_max\":131.98506666666668,\"heart_lapmax\":131.98506666666668,\"target_heart_above\":0,\"target_heart_below\":0,\"jouls\":10775.7,\"elevation\":0,\"difficult\":1,\"watts\":150,\"watts_avg\":150,\"watts_color\":\"limegreen\",\"watts_lapavg\":150,\"watts_max\":150,\"watts_lapmax\":150,\"kgwatts\":2,\"kgwatts_avg\":2,\"kgwatts_max\":2,\"workoutName\":\"Ride\",\"workoutStartDate\":\"seg. ago. 17 17:13:53 2026\",\"instructorName\":\"\",\"latitude\":null,\"longitude\":null,\"altitude\":null,\"peloton_offset\":0,\"peloton_ask_start\":false,\"autoresistance\":true,\"nextrow\":\"N/A\",\"training_row_index\":0,\"training_row_elapsed\":0,\"training_row_open_ended\":false,\"training_row_wait_for_lap\":false,\"row_remaining_time_s\":0,\"row_remaining_time_m\":0,\"row_remaining_time_h\":0,\"remaining_time_s\":0,\"remaining_time_m\":0,\"remaining_time_h\":0,\"nickName\":\"N/A\",\"gears\":0,\"target_resistance\":0,\"target_peloton_resistance\":0,\"target_cadence\":0,\"target_power\":0,\"power_zone\":2.9,\"power_zone_lapavg\":2.873611111111115,\"power_zone_lapmax\":2.9,\"target_power_zone\":1,\"power_zone_color\":\"limegreen\",\"target_power_zone_color\":\"white\",\"peloton_resistance\":12,\"peloton_resistance_avg\":12,\"peloton_resistance_color\":\"white\",\"peloton_resistance_lapavg\":12,\"peloton_resistance_lapmax\":12,\"peloton_req_resistance\":0,\"cadence\":85,\"cadence_color\":\"white\",\"cadence_avg\":85,\"cadence_lapavg\":85,\"cadence_lapmax\":85,\"resistance\":12,\"resistance_avg\":12,\"resistance_lapavg\":12,\"resistance_lapmax\":12,\"cranks\":360,\"cranktime\":63312,\"req_power\":0,\"req_cadence\":0,\"req_resistance\":0,\"inclination\":0,\"inclination_avg\":0}}"
seg. ago. 17 17:15:05 2026 1786997705668 Debug: homeform.cpp void homeform::update() homeform::update fired! elapsed: 1004 jitter: -92
seg. ago. 17 17:15:05 2026 1786997705678 Debug: homeform.cpp void homeform::update() homeform::update tiles updated!
seg. ago. 17 17:15:05 2026 1786997705680 Debug: homeform.cpp void homeform::update() Current Distance 1s: 0.579203 28.5634 150
seg. ago. 17 17:15:05 2026 1786997705684 Debug: virtualdevices/virtualbike.cpp void virtualbike::bikeProvider() "bikeProvider" 0 2000 false
seg. ago. 17 17:15:05 2026 1786997705685 Debug: virtualdevices/virtualbike.cpp void virtualbike::bikeProvider() "virtual bike connected"
seg. ago. 17 17:15:05 2026 1786997705687 Debug: virtualdevices/virtualbike.cpp void virtualbike::writeCharacteristic(QLowEnergyService *, const QLowEnergyCharacteristic &, const QByteArray &) "virtualbike::writeCharacteristic Unknown Service  64 02 28 0b aa 00 0c 00 96 00 00 00"
seg. ago. 17 17:15:05 2026 1786997705688 Debug:   Write server characteristic with handle  9 "6402280baa000c0096000000" (service: "{00001826-0000-1000-8000-00805f9b34fb}"
seg. ago. 17 17:15:05 2026 1786997705690 Debug: virtualdevices/virtualbike.cpp void virtualbike::writeCharacteristic(QLowEnergyService *, const QLowEnergyCharacteristic &, const QByteArray &) "virtualbike::writeCharacteristic Heart Rate Heart Rate Measurement 00 00"
seg. ago. 17 17:15:05 2026 1786997705691 Debug:   Write server characteristic with handle  19 "0000" (service: "{0000180d-0000-1000-8000-00805f9b34fb}"
seg. ago. 17 17:15:05 2026 1786997705698 Debug: ./ergtable.h void ergTable::updateDataTable(const CadenceResistancePair &) Added/Updated point: C: 85 W: 150 R: 12
seg. ago. 17 17:15:05 2026 1786997705720 Debug: devices/bluetoothdevice.cpp void bluetoothdevice::update_hr_from_external() WearOS Companion Heart: 0
seg. ago. 17 17:15:05 2026 1786997705843 Debug: ./ergtable.h void ergTable::updateDataTable(const CadenceResistancePair &) Added/Updated point: C: 85 W: 150 R: 12
seg. ago. 17 17:15:05 2026 1786997705870 Debug: devices/bluetoothdevice.cpp void bluetoothdevice::update_hr_from_external() WearOS Companion Heart: 0
seg. ago. 17 17:15:06 2026 1786997706045 Debug: ./ergtable.h void ergTable::updateDataTable(const CadenceResistancePair &) Added/Updated point: C: 85 W: 150 R: 12
seg. ago. 17 17:15:06 2026 1786997706080 Debug: devices/bluetoothdevice.cpp void bluetoothdevice::update_hr_from_external() WearOS Companion Heart: 0
seg. ago. 17 17:15:06 2026 1786997706246 Debug: ./ergtable.h void ergTable::updateDataTable(const CadenceResistancePair &) Added/Updated point: C: 85 W: 150 R: 12
seg. ago. 17 17:15:06 2026 1786997706271 Debug: devices/bluetoothdevice.cpp void bluetoothdevice::update_hr_from_external() WearOS Companion Heart: 0
seg. ago. 17 17:15:06 2026 1786997706446 Debug: ./ergtable.h void ergTable::updateDataTable(const CadenceResistancePair &) Added/Updated point: C: 85 W: 150 R: 12
seg. ago. 17 17:15:06 2026 1786997706482 Debug: devices/bluetoothdevice.cpp void bluetoothdevice::update_hr_from_external() WearOS Companion Heart: 0
seg. ago. 17 17:15:06 2026 1786997706646 Debug: templateinfosender.cpp bool TemplateInfoSender::update(QJSEngine *) "eval res " "{\"msg\":\"workout\",\"content\":{\"BIKE_TYPE\":2,\"ELLIPTICAL_TYPE\":4,\"ROWING_TYPE\":3,\"TREADMILL_TYPE\":1,\"UNKNOWN_TYPE\":0,\"deviceId\":\"00:00:00:00:00:00\",\"deviceName\":\"N/A\",\"deviceRSSI\":1,\"deviceType\":2,\"deviceConnected\":true,\"devicePaused\":false,\"elapsed_s\":12,\"elapsed_m\":1,\"elapsed_h\":0,\"lapelapsed_s\":12,\"lapelapsed_m\":1,\"lapelapsed_h\":0,\"pace_s\":6,\"pace_m\":2,\"pace_h\":0,\"pace_color\":\"white\",\"avgpace_s\":6,\"avgpace_m\":2,\"avgpace_h\":0,\"maxpace_s\":6,\"maxpace_m\":2,\"maxpace_h\":0,\"moving_s\":12,\"moving_m\":1,\"moving_h\":0,\"speed\":28.56343234006481,\"speed_avg\":28.563434086550732,\"speed_color\":\"white\",\"speed_lapavg\":28.563434086550732,\"speed_lapmax\":28.563517581678,\"calories\":14.120160249999998,\"distance\":0.6104324147296014,\"heart\":0,\"heart_color\":\"lightsteelblue\",\"heart_avg\":124.18974328767122,\"heart_lapavg\":124.18974328767122,\"heart_max\":131.98506666666668,\"heart_lapmax\":131.98506666666668,\"target_heart_above\":0,\"target_heart_below\":0,\"jouls\":10925.55,\"elevation\":0,\"difficult\":1,\"watts\":150,\"watts_avg\":150,\"watts_color\":\"limegreen\",\"watts_lapavg\":150,\"watts_max\":150,\"watts_lapmax\":150,\"kgwatts\":2,\"kgwatts_avg\":2,\"kgwatts_max\":2,\"workoutName\":\"Ride\",\"workoutStartDate\":\"seg. ago. 17 17:13:53 2026\",\"instructorName\":\"\",\"latitude\":null,\"longitude\":null,\"altitude\":null,\"peloton_offset\":0,\"peloton_ask_start\":false,\"autoresistance\":true,\"nextrow\":\"N/A\",\"training_row_index\":0,\"training_row_elapsed\":0,\"training_row_open_ended\":false,\"training_row_wait_for_lap\":false,\"row_remaining_time_s\":0,\"row_remaining_time_m\":0,\"row_remaining_time_h\":0,\"remaining_time_s\":0,\"remaining_time_m\":0,\"remaining_time_h\":0,\"nickName\":\"N/A\",\"gears\":0,\"target_resistance\":0,\"target_peloton_resistance\":0,\"target_cadence\":0,\"target_power\":0,\"power_zone\":2.9,\"power_zone_lapavg\":2.87397260273973,\"power_zone_lapmax\":2.9,\"target_power_zone\":1,\"power_zone_color\":\"limegreen\",\"target_power_zone_color\":\"white\",\"peloton_resistance\":12,\"peloton_resistance_avg\":12,\"peloton_resistance_color\":\"white\",\"peloton_resistance_lapavg\":12,\"peloton_resistance_lapmax\":12,\"peloton_req_resistance\":0,\"cadence\":85,\"cadence_color\":\"white\",\"cadence_avg\":85,\"cadence_lapavg\":85,\"cadence_lapmax\":85,\"resistance\":12,\"resistance_avg\":12,\"resistance_lapavg\":12,\"resistance_lapmax\":12,\"cranks\":365,\"cranktime\":1386,\"req_power\":0,\"req_cadence\":0,\"req_resistance\":0,\"inclination\":0,\"inclination_avg\":0}}"
seg. ago. 17 17:15:06 2026 1786997706663 Debug: homeform.cpp void homeform::update() homeform::update fired! elapsed: 995 jitter: -97
seg. ago. 17 17:15:06 2026 1786997706669 Debug: homeform.cpp void homeform::update() homeform::update tiles updated!
seg. ago. 17 17:15:06 2026 1786997706671 Debug: homeform.cpp void homeform::update() Current Distance 1s: 0.587137 28.5634 150
seg. ago. 17 17:15:06 2026 1786997706673 Debug: virtualdevices/virtualbike.cpp void virtualbike::bikeProvider() "bikeProvider" 0 2000 false
seg. ago. 17 17:15:06 2026 1786997706674 Debug: virtualdevices/virtualbike.cpp void virtualbike::bikeProvider() "virtual bike connected"
seg. ago. 17 17:15:06 2026 1786997706676 Debug: virtualdevices/virtualbike.cpp void virtualbike::writeCharacteristic(QLowEnergyService *, const QLowEnergyCharacteristic &, const QByteArray &) "virtualbike::writeCharacteristic Unknown Service  64 02 28 0b aa 00 0c 00 96 00 00 00"
seg. ago. 17 17:15:06 2026 1786997706677 Debug:   Write server characteristic with handle  9 "6402280baa000c0096000000" (service: "{00001826-0000-1000-8000-00805f9b34fb}"
seg. ago. 17 17:15:06 2026 1786997706679 Debug: virtualdevices/virtualbike.cpp void virtualbike::writeCharacteristic(QLowEnergyService *, const QLowEnergyCharacteristic &, const QByteArray &) "virtualbike::writeCharacteristic Heart Rate Heart Rate Measurement 00 00"
seg. ago. 17 17:15:06 2026 1786997706681 Debug:   Write server characteristic with handle  19 "0000" (service: "{0000180d-0000-1000-8000-00805f9b34fb}"
seg. ago. 17 17:15:06 2026 1786997706688 Debug: ./ergtable.h void ergTable::updateDataTable(const CadenceResistancePair &) Added/Updated point: C: 85 W: 150 R: 12
seg. ago. 17 17:15:06 2026 1786997706709 Debug: devices/bluetoothdevice.cpp void bluetoothdevice::update_hr_from_external() WearOS Companion Heart: 0
seg. ago. 17 17:15:06 2026 1786997706842 Debug: ./ergtable.h void ergTable::updateDataTable(const CadenceResistancePair &) Added/Updated point: C: 85 W: 150 R: 12
seg. ago. 17 17:15:06 2026 1786997706872 Debug: devices/bluetoothdevice.cpp void bluetoothdevice::update_hr_from_external() WearOS Companion Heart: 0
seg. ago. 17 17:15:07 2026 1786997707050 Debug: ./ergtable.h void ergTable::updateDataTable(const CadenceResistancePair &) Added/Updated point: C: 85 W: 150 R: 12
seg. ago. 17 17:15:07 2026 1786997707090 Debug: devices/bluetoothdevice.cpp void bluetoothdevice::update_hr_from_external() WearOS Companion Heart: 0
seg. ago. 17 17:15:07 2026 1786997707251 Debug: ./ergtable.h void ergTable::updateDataTable(const CadenceResistancePair &) Added/Updated point: C: 85 W: 150 R: 12
seg. ago. 17 17:15:07 2026 1786997707290 Debug: devices/bluetoothdevice.cpp void bluetoothdevice::update_hr_from_external() WearOS Companion Heart: 0
seg. ago. 17 17:15:07 2026 1786997707447 Debug: ./ergtable.h void ergTable::updateDataTable(const CadenceResistancePair &) Added/Updated point: C: 85 W: 150 R: 12
seg. ago. 17 17:15:07 2026 1786997707486 Debug: devices/bluetoothdevice.cpp void bluetoothdevice::update_hr_from_external() WearOS Companion Heart: 0
seg. ago. 17 17:15:07 2026 1786997707649 Debug: templateinfosender.cpp bool TemplateInfoSender::update(QJSEngine *) "eval res " "{\"msg\":\"workout\",\"content\":{\"BIKE_TYPE\":2,\"ELLIPTICAL_TYPE\":4,\"ROWING_TYPE\":3,\"TREADMILL_TYPE\":1,\"UNKNOWN_TYPE\":0,\"deviceId\":\"00:00:00:00:00:00\",\"deviceName\":\"N/A\",\"deviceRSSI\":1,\"deviceType\":2,\"deviceConnected\":true,\"devicePaused\":false,\"elapsed_s\":13,\"elapsed_m\":1,\"elapsed_h\":0,\"lapelapsed_s\":13,\"lapelapsed_m\":1,\"lapelapsed_h\":0,\"pace_s\":6,\"pace_m\":2,\"pace_h\":0,\"pace_color\":\"white\",\"avgpace_s\":6,\"avgpace_m\":2,\"avgpace_h\":0,\"maxpace_s\":6,\"maxpace_m\":2,\"maxpace_h\":0,\"moving_s\":13,\"moving_m\":1,\"moving_h\":0,\"speed\":28.56343234006481,\"speed_avg\":28.563434062949568,\"speed_color\":\"white\",\"speed_lapavg\":28.563434062949568,\"speed_lapmax\":28.563517581678,\"calories\":14.303691499999998,\"distance\":0.6183667014907305,\"heart\":0,\"heart_color\":\"lightsteelblue\",\"heart_avg\":124.16082108108105,\"heart_lapavg\":124.16082108108105,\"heart_max\":131.98506666666668,\"heart_lapmax\":131.98506666666668,\"target_heart_above\":0,\"target_heart_below\":0,\"jouls\":11075.699999999999,\"elevation\":0,\"difficult\":1,\"watts\":150,\"watts_avg\":150,\"watts_color\":\"limegreen\",\"watts_lapavg\":150,\"watts_max\":150,\"watts_lapmax\":150,\"kgwatts\":2,\"kgwatts_avg\":2,\"kgwatts_max\":2,\"workoutName\":\"Ride\",\"workoutStartDate\":\"seg. ago. 17 17:13:53 2026\",\"instructorName\":\"\",\"latitude\":null,\"longitude\":null,\"altitude\":null,\"peloton_offset\":0,\"peloton_ask_start\":false,\"autoresistance\":true,\"nextrow\":\"N/A\",\"training_row_index\":0,\"training_row_elapsed\":0,\"training_row_open_ended\":false,\"training_row_wait_for_lap\":false,\"row_remaining_time_s\":0,\"row_remaining_time_m\":0,\"row_remaining_time_h\":0,\"remaining_time_s\":0,\"remaining_time_m\":0,\"remaining_time_h\":0,\"nickName\":\"N/A\",\"gears\":0,\"target_resistance\":0,\"target_peloton_resistance\":0,\"target_cadence\":0,\"target_power\":0,\"power_zone\":2.9,\"power_zone_lapavg\":2.874324324324328,\"power_zone_lapmax\":2.9,\"target_power_zone\":1,\"power_zone_color\":\"limegreen\",\"target_power_zone_color\":\"white\",\"peloton_resistance\":12,\"peloton_resistance_avg\":12,\"peloton_resistance_color\":\"white\",\"peloton_resistance_lapavg\":12,\"peloton_resistance_lapmax\":12,\"peloton_req_resistance\":0,\"cadence\":85,\"cadence_color\":\"white\",\"cadence_avg\":85,\"cadence_lapavg\":85,\"cadence_lapmax\":85,\"resistance\":12,\"resistance_avg\":12,\"resistance_lapavg\":12,\"resistance_lapmax\":12,\"cranks\":370,\"cranktime\":4996,\"req_power\":0,\"req_cadence\":0,\"req_resistance\":0,\"inclination\":0,\"inclination_avg\":0}}"
seg. ago. 17 17:15:07 2026 1786997707667 Debug: homeform.cpp void homeform::update() homeform::update fired! elapsed: 1004 jitter: -93
seg. ago. 17 17:15:07 2026 1786997707673 Debug: homeform.cpp void homeform::update() homeform::update tiles updated!
seg. ago. 17 17:15:07 2026 1786997707674 Debug: homeform.cpp void homeform::update() Current Distance 1s: 0.595072 28.5634 150
seg. ago. 17 17:15:07 2026 1786997707677 Debug: virtualdevices/virtualbike.cpp void virtualbike::bikeProvider() "bikeProvider" 0 2000 false
seg. ago. 17 17:15:07 2026 1786997707678 Debug: virtualdevices/virtualbike.cpp void virtualbike::bikeProvider() "virtual bike connected"
seg. ago. 17 17:15:07 2026 1786997707679 Debug: virtualdevices/virtualbike.cpp void virtualbike::writeCharacteristic(QLowEnergyService *, const QLowEnergyCharacteristic &, const QByteArray &) "virtualbike::writeCharacteristic Unknown Service  64 02 28 0b aa 00 0c 00 96 00 00 00"
seg. ago. 17 17:15:07 2026 1786997707681 Debug:   Write server characteristic with handle  9 "6402280baa000c0096000000" (service: "{00001826-0000-1000-8000-00805f9b34fb}"
seg. ago. 17 17:15:07 2026 1786997707683 Debug: virtualdevices/virtualbike.cpp void virtualbike::writeCharacteristic(QLowEnergyService *, const QLowEnergyCharacteristic &, const QByteArray &) "virtualbike::writeCharacteristic Heart Rate Heart Rate Measurement 00 00"
seg. ago. 17 17:15:07 2026 1786997707685 Debug:   Write server characteristic with handle  19 "0000" (service: "{0000180d-0000-1000-8000-00805f9b34fb}"
seg. ago. 17 17:15:07 2026 1786997707691 Debug: ./ergtable.h void ergTable::updateDataTable(const CadenceResistancePair &) Added/Updated point: C: 85 W: 150 R: 12
seg. ago. 17 17:15:07 2026 1786997707714 Debug: devices/bluetoothdevice.cpp void bluetoothdevice::update_hr_from_external() WearOS Companion Heart: 0
seg. ago. 17 17:15:07 2026 1786997707844 Debug: ./ergtable.h void ergTable::updateDataTable(const CadenceResistancePair &) Added/Updated point: C: 85 W: 150 R: 12
seg. ago. 17 17:15:07 2026 1786997707872 Debug: devices/bluetoothdevice.cpp void bluetoothdevice::update_hr_from_external() WearOS Companion Heart: 0
seg. ago. 17 17:15:08 2026 1786997708047 Debug: ./ergtable.h void ergTable::updateDataTable(const CadenceResistancePair &) Added/Updated point: C: 85 W: 150 R: 12
seg. ago. 17 17:15:08 2026 1786997708082 Debug: devices/bluetoothdevice.cpp void bluetoothdevice::update_hr_from_external() WearOS Companion Heart: 0
seg. ago. 17 17:15:08 2026 1786997708249 Debug: ./ergtable.h void ergTable::updateDataTable(const CadenceResistancePair &) Added/Updated point: C: 85 W: 150 R: 12
seg. ago. 17 17:15:08 2026 1786997708290 Debug: devices/bluetoothdevice.cpp void bluetoothdevice::update_hr_from_external() WearOS Companion Heart: 0
seg. ago. 17 17:15:08 2026 1786997708450 Debug: ./ergtable.h void ergTable::updateDataTable(const CadenceResistancePair &) Added/Updated point: C: 85 W: 150 R: 12
seg. ago. 17 17:15:08 2026 1786997708483 Debug: devices/bluetoothdevice.cpp void bluetoothdevice::update_hr_from_external() WearOS Companion Heart: 0
seg. ago. 17 17:15:08 2026 1786997708648 Debug: templateinfosender.cpp bool TemplateInfoSender::update(QJSEngine *) "eval res " "{\"msg\":\"workout\",\"content\":{\"BIKE_TYPE\":2,\"ELLIPTICAL_TYPE\":4,\"ROWING_TYPE\":3,\"TREADMILL_TYPE\":1,\"UNKNOWN_TYPE\":0,\"deviceId\":\"00:00:00:00:00:00\",\"deviceName\":\"N/A\",\"deviceRSSI\":1,\"deviceType\":2,\"deviceConnected\":true,\"devicePaused\":false,\"elapsed_s\":14,\"elapsed_m\":1,\"elapsed_h\":0,\"lapelapsed_s\":14,\"lapelapsed_m\":1,\"lapelapsed_h\":0,\"pace_s\":6,\"pace_m\":2,\"pace_h\":0,\"pace_color\":\"white\",\"avgpace_s\":6,\"avgpace_m\":2,\"avgpace_h\":0,\"maxpace_s\":6,\"maxpace_m\":2,\"maxpace_h\":0,\"moving_s\":14,\"moving_m\":1,\"moving_h\":0,\"speed\":28.56343234006481,\"speed_avg\":28.563434039977768,\"speed_color\":\"white\",\"speed_lapavg\":28.563434039977768,\"speed_lapmax\":28.563517581678,\"calories\":14.487222749999997,\"distance\":0.6263009882518595,\"heart\":0,\"heart_color\":\"lightsteelblue\",\"heart_avg\":124.13578622222218,\"heart_lapavg\":124.13578622222218,\"heart_max\":131.98506666666668,\"heart_lapmax\":131.98506666666668,\"target_heart_above\":0,\"target_heart_below\":0,\"jouls\":11226,\"elevation\":0,\"difficult\":1,\"watts\":150,\"watts_avg\":150,\"watts_color\":\"limegreen\",\"watts_lapavg\":150,\"watts_max\":150,\"watts_lapmax\":150,\"kgwatts\":2,\"kgwatts_avg\":2,\"kgwatts_max\":2,\"workoutName\":\"Ride\",\"workoutStartDate\":\"seg. ago. 17 17:13:53 2026\",\"instructorName\":\"\",\"latitude\":null,\"longitude\":null,\"altitude\":null,\"peloton_offset\":0,\"peloton_ask_start\":false,\"autoresistance\":true,\"nextrow\":\"N/A\",\"training_row_index\":0,\"training_row_elapsed\":0,\"training_row_open_ended\":false,\"training_row_wait_for_lap\":false,\"row_remaining_time_s\":0,\"row_remaining_time_m\":0,\"row_remaining_time_h\":0,\"remaining_time_s\":0,\"remaining_time_m\":0,\"remaining_time_h\":0,\"nickName\":\"N/A\",\"gears\":0,\"target_resistance\":0,\"target_peloton_resistance\":0,\"target_cadence\":0,\"target_power\":0,\"power_zone\":2.9,\"power_zone_lapavg\":2.8746666666666703,\"power_zone_lapmax\":2.9,\"target_power_zone\":1,\"power_zone_color\":\"limegreen\",\"target_power_zone_color\":\"white\",\"peloton_resistance\":12,\"peloton_resistance_avg\":12,\"peloton_resistance_color\":\"white\",\"peloton_resistance_lapavg\":12,\"peloton_resistance_lapmax\":12,\"peloton_req_resistance\":0,\"cadence\":85,\"cadence_color\":\"white\",\"cadence_avg\":85,\"cadence_lapavg\":85,\"cadence_lapmax\":85,\"resistance\":12,\"resistance_avg\":12,\"resistance_lapavg\":12,\"resistance_lapmax\":12,\"cranks\":375,\"cranktime\":8606,\"req_power\":0,\"req_cadence\":0,\"req_resistance\":0,\"inclination\":0,\"inclination_avg\":0}}"
seg. ago. 17 17:15:08 2026 1786997708670 Debug: homeform.cpp void homeform::update() homeform::update fired! elapsed: 1003 jitter: -90
seg. ago. 17 17:15:08 2026 1786997708677 Debug: homeform.cpp void homeform::update() homeform::update tiles updated!
seg. ago. 17 17:15:08 2026 1786997708679 Debug: homeform.cpp void homeform::update() Current Distance 1s: 0.603006 28.5634 150
seg. ago. 17 17:15:08 2026 1786997708683 Debug: virtualdevices/virtualbike.cpp void virtualbike::bikeProvider() "bikeProvider" 0 2000 false
seg. ago. 17 17:15:08 2026 1786997708684 Debug: virtualdevices/virtualbike.cpp void virtualbike::bikeProvider() "virtual bike connected"
seg. ago. 17 17:15:08 2026 1786997708685 Debug: virtualdevices/virtualbike.cpp void virtualbike::writeCharacteristic(QLowEnergyService *, const QLowEnergyCharacteristic &, const QByteArray &) "virtualbike::writeCharacteristic Unknown Service  64 02 28 0b aa 00 0c 00 96 00 00 00"
seg. ago. 17 17:15:08 2026 1786997708686 Debug:   Write server characteristic with handle  9 "6402280baa000c0096000000" (service: "{00001826-0000-1000-8000-00805f9b34fb}"
seg. ago. 17 17:15:08 2026 1786997708688 Debug: virtualdevices/virtualbike.cpp void virtualbike::writeCharacteristic(QLowEnergyService *, const QLowEnergyCharacteristic &, const QByteArray &) "virtualbike::writeCharacteristic Heart Rate Heart Rate Measurement 00 00"
seg. ago. 17 17:15:08 2026 1786997708688 Debug:   Write server characteristic with handle  19 "0000" (service: "{0000180d-0000-1000-8000-00805f9b34fb}"
seg. ago. 17 17:15:08 2026 1786997708692 Debug: ./ergtable.h void ergTable::updateDataTable(const CadenceResistancePair &) Added/Updated point: C: 85 W: 150 R: 12
seg. ago. 17 17:15:08 2026 1786997708709 Debug: devices/bluetoothdevice.cpp void bluetoothdevice::update_hr_from_external() WearOS Companion Heart: 0
seg. ago. 17 17:15:08 2026 1786997708842 Debug: ./ergtable.h void ergTable::updateDataTable(const CadenceResistancePair &) Added/Updated point: C: 85 W: 150 R: 12
seg. ago. 17 17:15:08 2026 1786997708862 Debug: devices/bluetoothdevice.cpp void bluetoothdevice::update_hr_from_external() WearOS Companion Heart: 0
seg. ago. 17 17:15:09 2026 1786997709044 Debug: ./ergtable.h void ergTable::updateDataTable(const CadenceResistancePair &) Added/Updated point: C: 85 W: 150 R: 12
seg. ago. 17 17:15:09 2026 1786997709071 Debug: devices/bluetoothdevice.cpp void bluetoothdevice::update_hr_from_external() WearOS Companion Heart: 0
seg. ago. 17 17:15:09 2026 1786997709241 Debug: ./ergtable.h void ergTable::updateDataTable(const CadenceResistancePair &) Added/Updated point: C: 85 W: 150 R: 12
seg. ago. 17 17:15:09 2026 1786997709261 Debug: devices/bluetoothdevice.cpp void bluetoothdevice::update_hr_from_external() WearOS Companion Heart: 0
seg. ago. 17 17:15:09 2026 1786997709441 Debug: ./ergtable.h void ergTable::updateDataTable(const CadenceResistancePair &) Added/Updated point: C: 85 W: 150 R: 12
seg. ago. 17 17:15:09 2026 1786997709459 Debug: devices/bluetoothdevice.cpp void bluetoothdevice::update_hr_from_external() WearOS Companion Heart: 0
seg. ago. 17 17:15:09 2026 1786997709643 Debug: templateinfosender.cpp bool TemplateInfoSender::update(QJSEngine *) "eval res " "{\"msg\":\"workout\",\"content\":{\"BIKE_TYPE\":2,\"ELLIPTICAL_TYPE\":4,\"ROWING_TYPE\":3,\"TREADMILL_TYPE\":1,\"UNKNOWN_TYPE\":0,\"deviceId\":\"00:00:00:00:00:00\",\"deviceName\":\"N/A\",\"deviceRSSI\":1,\"deviceType\":2,\"deviceConnected\":true,\"devicePaused\":false,\"elapsed_s\":15,\"elapsed_m\":1,\"elapsed_h\":0,\"lapelapsed_s\":15,\"lapelapsed_m\":1,\"lapelapsed_h\":0,\"pace_s\":6,\"pace_m\":2,\"pace_h\":0,\"pace_color\":\"white\",\"avgpace_s\":6,\"avgpace_m\":2,\"avgpace_h\":0,\"maxpace_s\":6,\"maxpace_m\":2,\"maxpace_h\":0,\"moving_s\":15,\"moving_m\":1,\"moving_h\":0,\"speed\":28.56343234006481,\"speed_avg\":28.563434017610486,\"speed_color\":\"white\",\"speed_lapavg\":28.563434017610486,\"speed_lapmax\":28.563517581678,\"calories\":14.670753999999997,\"distance\":0.6342352750129888,\"heart\":0,\"heart_color\":\"lightsteelblue\",\"heart_avg\":124.11447912280698,\"heart_lapavg\":124.11447912280698,\"heart_max\":131.98506666666668,\"heart_lapmax\":131.98506666666668,\"target_heart_above\":0,\"target_heart_below\":0,\"jouls\":11375.1,\"elevation\":0,\"difficult\":1,\"watts\":150,\"watts_avg\":150,\"watts_color\":\"limegreen\",\"watts_lapavg\":150,\"watts_max\":150,\"watts_lapmax\":150,\"kgwatts\":2,\"kgwatts_avg\":2,\"kgwatts_max\":2,\"workoutName\":\"Ride\",\"workoutStartDate\":\"seg. ago. 17 17:13:53 2026\",\"instructorName\":\"\",\"latitude\":null,\"longitude\":null,\"altitude\":null,\"peloton_offset\":0,\"peloton_ask_start\":false,\"autoresistance\":true,\"nextrow\":\"N/A\",\"training_row_index\":0,\"training_row_elapsed\":0,\"training_row_open_ended\":false,\"training_row_wait_for_lap\":false,\"row_remaining_time_s\":0,\"row_remaining_time_m\":0,\"row_remaining_time_h\":0,\"remaining_time_s\":0,\"remaining_time_m\":0,\"remaining_time_h\":0,\"nickName\":\"N/A\",\"gears\":0,\"target_resistance\":0,\"target_peloton_resistance\":0,\"target_cadence\":0,\"target_power\":0,\"power_zone\":2.9,\"power_zone_lapavg\":2.8750000000000036,\"power_zone_lapmax\":2.9,\"target_power_zone\":1,\"power_zone_color\":\"limegreen\",\"target_power_zone_color\":\"white\",\"peloton_resistance\":12,\"peloton_resistance_avg\":12,\"peloton_resistance_color\":\"white\",\"peloton_resistance_lapavg\":12,\"peloton_resistance_lapmax\":12,\"peloton_req_resistance\":0,\"cadence\":85,\"cadence_color\":\"white\",\"cadence_avg\":85,\"cadence_lapavg\":85,\"cadence_lapmax\":85,\"resistance\":12,\"resistance_avg\":12,\"resistance_lapavg\":12,\"resistance_lapmax\":12,\"cranks\":380,\"cranktime\":12216,\"req_power\":0,\"req_cadence\":0,\"req_resistance\":0,\"inclination\":0,\"inclination_avg\":0}}"
seg. ago. 17 17:15:09 2026 1786997709651 Debug: homeform.cpp void homeform::update() homeform::update fired! elapsed: 982 jitter: -108
seg. ago. 17 17:15:09 2026 1786997709655 Debug: homeform.cpp void homeform::update() homeform::update tiles updated!
seg. ago. 17 17:15:09 2026 1786997709657 Debug: homeform.cpp void homeform::update() Current Distance 1s: 0.61094 28.5634 150
seg. ago. 17 17:15:09 2026 1786997709659 Debug: virtualdevices/virtualbike.cpp void virtualbike::bikeProvider() "bikeProvider" 0 2000 false
seg. ago. 17 17:15:09 2026 1786997709660 Debug: virtualdevices/virtualbike.cpp void virtualbike::bikeProvider() "virtual bike connected"
seg. ago. 17 17:15:09 2026 1786997709662 Debug: virtualdevices/virtualbike.cpp void virtualbike::writeCharacteristic(QLowEnergyService *, const QLowEnergyCharacteristic &, const QByteArray &) "virtualbike::writeCharacteristic Unknown Service  64 02 28 0b aa 00 0c 00 96 00 00 00"
seg. ago. 17 17:15:09 2026 1786997709663 Debug:   Write server characteristic with handle  9 "6402280baa000c0096000000" (service: "{00001826-0000-1000-8000-00805f9b34fb}"
seg. ago. 17 17:15:09 2026 1786997709665 Debug: virtualdevices/virtualbike.cpp void virtualbike::writeCharacteristic(QLowEnergyService *, const QLowEnergyCharacteristic &, const QByteArray &) "virtualbike::writeCharacteristic Heart Rate Heart Rate Measurement 00 00"
seg. ago. 17 17:15:09 2026 1786997709666 Debug:   Write server characteristic with handle  19 "0000" (service: "{0000180d-0000-1000-8000-00805f9b34fb}"
seg. ago. 17 17:15:09 2026 1786997709670 Debug: ./ergtable.h void ergTable::updateDataTable(const CadenceResistancePair &) Added/Updated point: C: 85 W: 150 R: 12
seg. ago. 17 17:15:09 2026 1786997709686 Debug: devices/bluetoothdevice.cpp void bluetoothdevice::update_hr_from_external() WearOS Companion Heart: 0
seg. ago. 17 17:15:09 2026 1786997709842 Debug: ./ergtable.h void ergTable::updateDataTable(const CadenceResistancePair &) Added/Updated point: C: 85 W: 150 R: 12
seg. ago. 17 17:15:09 2026 1786997709862 Debug: devices/bluetoothdevice.cpp void bluetoothdevice::update_hr_from_external() WearOS Companion Heart: 0
seg. ago. 17 17:15:10 2026 1786997710044 Debug: ./ergtable.h void ergTable::updateDataTable(const CadenceResistancePair &) Added/Updated point: C: 85 W: 150 R: 12
seg. ago. 17 17:15:10 2026 1786997710063 Debug: devices/bluetoothdevice.cpp void bluetoothdevice::update_hr_from_external() WearOS Companion Heart: 0
seg. ago. 17 17:15:10 2026 1786997710243 Debug: ./ergtable.h void ergTable::updateDataTable(const CadenceResistancePair &) Added/Updated point: C: 85 W: 150 R: 12
seg. ago. 17 17:15:10 2026 1786997710266 Debug: devices/bluetoothdevice.cpp void bluetoothdevice::update_hr_from_external() WearOS Companion Heart: 0
seg. ago. 17 17:15:10 2026 1786997710441 Debug: ./ergtable.h void ergTable::updateDataTable(const CadenceResistancePair &) Added/Updated point: C: 85 W: 150 R: 12
seg. ago. 17 17:15:10 2026 1786997710456 Debug: devices/bluetoothdevice.cpp void bluetoothdevice::update_hr_from_external() WearOS Companion Heart: 0
seg. ago. 17 17:15:10 2026 1786997710642 Debug: templateinfosender.cpp bool TemplateInfoSender::update(QJSEngine *) "eval res " "{\"msg\":\"workout\",\"content\":{\"BIKE_TYPE\":2,\"ELLIPTICAL_TYPE\":4,\"ROWING_TYPE\":3,\"TREADMILL_TYPE\":1,\"UNKNOWN_TYPE\":0,\"deviceId\":\"00:00:00:00:00:00\",\"deviceName\":\"N/A\",\"deviceRSSI\":1,\"deviceType\":2,\"deviceConnected\":true,\"devicePaused\":false,\"elapsed_s\":16,\"elapsed_m\":1,\"elapsed_h\":0,\"lapelapsed_s\":16,\"lapelapsed_m\":1,\"lapelapsed_h\":0,\"pace_s\":6,\"pace_m\":2,\"pace_h\":0,\"pace_color\":\"white\",\"avgpace_s\":6,\"avgpace_m\":2,\"avgpace_h\":0,\"maxpace_s\":6,\"maxpace_m\":2,\"maxpace_h\":0,\"moving_s\":16,\"moving_m\":1,\"moving_h\":0,\"speed\":28.56343234006481,\"speed_avg\":28.563433995824177,\"speed_color\":\"white\",\"speed_lapavg\":28.563433995824177,\"speed_lapmax\":28.563517581678,\"calories\":14.854101718749996,\"distance\":0.642161627487357,\"heart\":0,\"heart_color\":\"lightsteelblue\",\"heart_avg\":124.09674121212119,\"heart_lapavg\":124.09674121212119,\"heart_max\":131.98506666666668,\"heart_lapmax\":131.98506666666668,\"target_heart_above\":0,\"target_heart_below\":0,\"jouls\":11524.95,\"elevation\":0,\"difficult\":1,\"watts\":150,\"watts_avg\":150,\"watts_color\":\"limegreen\",\"watts_lapavg\":150,\"watts_max\":150,\"watts_lapmax\":150,\"kgwatts\":2,\"kgwatts_avg\":2,\"kgwatts_max\":2,\"workoutName\":\"Ride\",\"workoutStartDate\":\"seg. ago. 17 17:13:53 2026\",\"instructorName\":\"\",\"latitude\":null,\"longitude\":null,\"altitude\":null,\"peloton_offset\":0,\"peloton_ask_start\":false,\"autoresistance\":true,\"nextrow\":\"N/A\",\"training_row_index\":0,\"training_row_elapsed\":0,\"training_row_open_ended\":false,\"training_row_wait_for_lap\":false,\"row_remaining_time_s\":0,\"row_remaining_time_m\":0,\"row_remaining_time_h\":0,\"remaining_time_s\":0,\"remaining_time_m\":0,\"remaining_time_h\":0,\"nickName\":\"N/A\",\"gears\":0,\"target_resistance\":0,\"target_peloton_resistance\":0,\"target_cadence\":0,\"target_power\":0,\"power_zone\":2.9,\"power_zone_lapavg\":2.8753246753246793,\"power_zone_lapmax\":2.9,\"target_power_zone\":1,\"power_zone_color\":\"limegreen\",\"target_power_zone_color\":\"white\",\"peloton_resistance\":12,\"peloton_resistance_avg\":12,\"peloton_resistance_color\":\"white\",\"peloton_resistance_lapavg\":12,\"peloton_resistance_lapmax\":12,\"peloton_req_resistance\":0,\"cadence\":85,\"cadence_color\":\"white\",\"cadence_avg\":85,\"cadence_lapavg\":85,\"cadence_lapmax\":85,\"resistance\":12,\"resistance_avg\":12,\"resistance_lapavg\":12,\"resistance_lapmax\":12,\"cranks\":385,\"cranktime\":15826,\"req_power\":0,\"req_cadence\":0,\"req_resistance\":0,\"inclination\":0,\"inclination_avg\":0}}"
seg. ago. 17 17:15:10 2026 1786997710650 Debug: homeform.cpp void homeform::update() homeform::update fired! elapsed: 999 jitter: -109
seg. ago. 17 17:15:10 2026 1786997710655 Debug: homeform.cpp void homeform::update() homeform::update tiles updated!
seg. ago. 17 17:15:10 2026 1786997710656 Debug: homeform.cpp void homeform::update() Current Distance 1s: 0.618874 28.5634 150
seg. ago. 17 17:15:10 2026 1786997710659 Debug: virtualdevices/virtualbike.cpp void virtualbike::bikeProvider() "bikeProvider" 0 2000 false
seg. ago. 17 17:15:10 2026 1786997710660 Debug: virtualdevices/virtualbike.cpp void virtualbike::bikeProvider() "virtual bike connected"
seg. ago. 17 17:15:10 2026 1786997710661 Debug: virtualdevices/virtualbike.cpp void virtualbike::writeCharacteristic(QLowEnergyService *, const QLowEnergyCharacteristic &, const QByteArray &) "virtualbike::writeCharacteristic Unknown Service  64 02 28 0b aa 00 0c 00 96 00 00 00"
seg. ago. 17 17:15:10 2026 1786997710662 Debug:   Write server characteristic with handle  9 "6402280baa000c0096000000" (service: "{00001826-0000-1000-8000-00805f9b34fb}"
seg. ago. 17 17:15:10 2026 1786997710663 Debug: virtualdevices/virtualbike.cpp void virtualbike::writeCharacteristic(QLowEnergyService *, const QLowEnergyCharacteristic &, const QByteArray &) "virtualbike::writeCharacteristic Heart Rate Heart Rate Measurement 00 00"
seg. ago. 17 17:15:10 2026 1786997710664 Debug:   Write server characteristic with handle  19 "0000" (service: "{0000180d-0000-1000-8000-00805f9b34fb}"
seg. ago. 17 17:15:10 2026 1786997710668 Debug: ./ergtable.h void ergTable::updateDataTable(const CadenceResistancePair &) Added/Updated point: C: 85 W: 150 R: 12
seg. ago. 17 17:15:10 2026 1786997710683 Debug: devices/bluetoothdevice.cpp void bluetoothdevice::update_hr_from_external() WearOS Companion Heart: 0
seg. ago. 17 17:15:10 2026 1786997710842 Debug: ./ergtable.h void ergTable::updateDataTable(const CadenceResistancePair &) Added/Updated point: C: 85 W: 150 R: 12
seg. ago. 17 17:15:10 2026 1786997710860 Debug: devices/bluetoothdevice.cpp void bluetoothdevice::update_hr_from_external() WearOS Companion Heart: 0
seg. ago. 17 17:15:11 2026 1786997711042 Debug: ./ergtable.h void ergTable::updateDataTable(const CadenceResistancePair &) Added/Updated point: C: 85 W: 150 R: 12
seg. ago. 17 17:15:11 2026 1786997711303 Debug: devices/bluetoothdevice.cpp void bluetoothdevice::update_hr_from_external() WearOS Companion Heart: 0
seg. ago. 17 17:15:11 2026 1786997711313 Debug: ./ergtable.h void ergTable::updateDataTable(const CadenceResistancePair &) Added/Updated point: C: 85 W: 150 R: 12
seg. ago. 17 17:15:11 2026 1786997711341 Debug: devices/bluetoothdevice.cpp void bluetoothdevice::update_hr_from_external() WearOS Companion Heart: 0
seg. ago. 17 17:15:11 2026 1786997711445 Debug: ./ergtable.h void ergTable::updateDataTable(const CadenceResistancePair &) Added/Updated point: C: 85 W: 150 R: 12
seg. ago. 17 17:15:11 2026 1786997711480 Debug: devices/bluetoothdevice.cpp void bluetoothdevice::update_hr_from_external() WearOS Companion Heart: 0
seg. ago. 17 17:15:11 2026 1786997711647 Debug: templateinfosender.cpp bool TemplateInfoSender::update(QJSEngine *) "eval res " "{\"msg\":\"workout\",\"content\":{\"BIKE_TYPE\":2,\"ELLIPTICAL_TYPE\":4,\"ROWING_TYPE\":3,\"TREADMILL_TYPE\":1,\"UNKNOWN_TYPE\":0,\"deviceId\":\"00:00:00:00:00:00\",\"deviceName\":\"N/A\",\"deviceRSSI\":1,\"deviceType\":2,\"deviceConnected\":true,\"devicePaused\":false,\"elapsed_s\":17,\"elapsed_m\":1,\"elapsed_h\":0,\"lapelapsed_s\":17,\"lapelapsed_m\":1,\"lapelapsed_h\":0,\"pace_s\":6,\"pace_m\":2,\"pace_h\":0,\"pace_color\":\"white\",\"avgpace_s\":6,\"avgpace_m\":2,\"avgpace_h\":0,\"maxpace_s\":6,\"maxpace_m\":2,\"maxpace_h\":0,\"moving_s\":17,\"moving_m\":1,\"moving_h\":0,\"speed\":28.56343234006481,\"speed_avg\":28.56343397459649,\"speed_color\":\"white\",\"speed_lapavg\":28.56343397459649,\"speed_lapmax\":28.563517581678,\"calories\":15.037816499999996,\"distance\":0.6501038485352474,\"heart\":0,\"heart_color\":\"lightsteelblue\",\"heart_avg\":124.08248905982904,\"heart_lapavg\":124.08248905982904,\"heart_max\":131.98506666666668,\"heart_lapmax\":131.98506666666668,\"target_heart_above\":0,\"target_heart_below\":0,\"jouls\":11675.400000000001,\"elevation\":0,\"difficult\":1,\"watts\":150,\"watts_avg\":150,\"watts_color\":\"limegreen\",\"watts_lapavg\":150,\"watts_max\":150,\"watts_lapmax\":150,\"kgwatts\":2,\"kgwatts_avg\":2,\"kgwatts_max\":2,\"workoutName\":\"Ride\",\"workoutStartDate\":\"seg. ago. 17 17:13:53 2026\",\"instructorName\":\"\",\"latitude\":null,\"longitude\":null,\"altitude\":null,\"peloton_offset\":0,\"peloton_ask_start\":false,\"autoresistance\":true,\"nextrow\":\"N/A\",\"training_row_index\":0,\"training_row_elapsed\":0,\"training_row_open_ended\":false,\"training_row_wait_for_lap\":false,\"row_remaining_time_s\":0,\"row_remaining_time_m\":0,\"row_remaining_time_h\":0,\"remaining_time_s\":0,\"remaining_time_m\":0,\"remaining_time_h\":0,\"nickName\":\"N/A\",\"gears\":0,\"target_resistance\":0,\"target_peloton_resistance\":0,\"target_cadence\":0,\"target_power\":0,\"power_zone\":2.9,\"power_zone_lapavg\":2.8756410256410296,\"power_zone_lapmax\":2.9,\"target_power_zone\":1,\"power_zone_color\":\"limegreen\",\"target_power_zone_color\":\"white\",\"peloton_resistance\":12,\"peloton_resistance_avg\":12,\"peloton_resistance_color\":\"white\",\"peloton_resistance_lapavg\":12,\"peloton_resistance_lapmax\":12,\"peloton_req_resistance\":0,\"cadence\":85,\"cadence_color\":\"white\",\"cadence_avg\":85,\"cadence_lapavg\":85,\"cadence_lapmax\":85,\"resistance\":12,\"resistance_avg\":12,\"resistance_lapavg\":12,\"resistance_lapmax\":12,\"cranks\":390,\"cranktime\":19436,\"req_power\":0,\"req_cadence\":0,\"req_resistance\":0,\"inclination\":0,\"inclination_avg\":0}}"
seg. ago. 17 17:15:11 2026 1786997711664 Debug: homeform.cpp void homeform::update() homeform::update fired! elapsed: 1013 jitter: -96
seg. ago. 17 17:15:11 2026 1786997711670 Debug: homeform.cpp void homeform::update() homeform::update tiles updated!
seg. ago. 17 17:15:11 2026 1786997711672 Debug: homeform.cpp void homeform::update() Current Distance 1s: 0.626809 28.5634 150
seg. ago. 17 17:15:11 2026 1786997711675 Debug: virtualdevices/virtualbike.cpp void virtualbike::bikeProvider() "bikeProvider" 0 2000 false
seg. ago. 17 17:15:11 2026 1786997711676 Debug: virtualdevices/virtualbike.cpp void virtualbike::bikeProvider() "virtual bike connected"
seg. ago. 17 17:15:11 2026 1786997711677 Debug: virtualdevices/virtualbike.cpp void virtualbike::writeCharacteristic(QLowEnergyService *, const QLowEnergyCharacteristic &, const QByteArray &) "virtualbike::writeCharacteristic Unknown Service  64 02 28 0b aa 00 0c 00 96 00 00 00"
seg. ago. 17 17:15:11 2026 1786997711679 Debug:   Write server characteristic with handle  9 "6402280baa000c0096000000" (service: "{00001826-0000-1000-8000-00805f9b34fb}"
seg. ago. 17 17:15:11 2026 1786997711681 Debug: virtualdevices/virtualbike.cpp void virtualbike::writeCharacteristic(QLowEnergyService *, const QLowEnergyCharacteristic &, const QByteArray &) "virtualbike::writeCharacteristic Heart Rate Heart Rate Measurement 00 00"
seg. ago. 17 17:15:11 2026 1786997711683 Debug:   Write server characteristic with handle  19 "0000" (service: "{0000180d-0000-1000-8000-00805f9b34fb}"
seg. ago. 17 17:15:11 2026 1786997711688 Debug: ./ergtable.h void ergTable::updateDataTable(const CadenceResistancePair &) Added/Updated point: C: 85 W: 150 R: 12
seg. ago. 17 17:15:11 2026 1786997711709 Debug: devices/bluetoothdevice.cpp void bluetoothdevice::update_hr_from_external() WearOS Companion Heart: 0
seg. ago. 17 17:15:11 2026 1786997711843 Debug: ./ergtable.h void ergTable::updateDataTable(const CadenceResistancePair &) Added/Updated point: C: 85 W: 150 R: 12
seg. ago. 17 17:15:11 2026 1786997711866 Debug: devices/bluetoothdevice.cpp void bluetoothdevice::update_hr_from_external() WearOS Companion Heart: 0
seg. ago. 17 17:15:12 2026 1786997712045 Debug: ./ergtable.h void ergTable::updateDataTable(const CadenceResistancePair &) Added/Updated point: C: 85 W: 150 R: 12
seg. ago. 17 17:15:12 2026 1786997712076 Debug: devices/bluetoothdevice.cpp void bluetoothdevice::update_hr_from_external() WearOS Companion Heart: 0
seg. ago. 17 17:15:12 2026 1786997712245 Debug: ./ergtable.h void ergTable::updateDataTable(const CadenceResistancePair &) Added/Updated point: C: 85 W: 150 R: 12
seg. ago. 17 17:15:12 2026 1786997712272 Debug: devices/bluetoothdevice.cpp void bluetoothdevice::update_hr_from_external() WearOS Companion Heart: 0
seg. ago. 17 17:15:12 2026 1786997712443 Debug: ./ergtable.h void ergTable::updateDataTable(const CadenceResistancePair &) Added/Updated point: C: 85 W: 150 R: 12
seg. ago. 17 17:15:12 2026 1786997712476 Debug: devices/bluetoothdevice.cpp void bluetoothdevice::update_hr_from_external() WearOS Companion Heart: 0
seg. ago. 17 17:15:12 2026 1786997712649 Debug: templateinfosender.cpp bool TemplateInfoSender::update(QJSEngine *) "eval res " "{\"msg\":\"workout\",\"content\":{\"BIKE_TYPE\":2,\"ELLIPTICAL_TYPE\":4,\"ROWING_TYPE\":3,\"TREADMILL_TYPE\":1,\"UNKNOWN_TYPE\":0,\"deviceId\":\"00:00:00:00:00:00\",\"deviceName\":\"N/A\",\"deviceRSSI\":1,\"deviceType\":2,\"deviceConnected\":true,\"devicePaused\":false,\"elapsed_s\":18,\"elapsed_m\":1,\"elapsed_h\":0,\"lapelapsed_s\":18,\"lapelapsed_m\":1,\"lapelapsed_h\":0,\"pace_s\":6,\"pace_m\":2,\"pace_h\":0,\"pace_color\":\"white\",\"avgpace_s\":6,\"avgpace_m\":2,\"avgpace_h\":0,\"maxpace_s\":6,\"maxpace_m\":2,\"maxpace_h\":0,\"moving_s\":18,\"moving_m\":1,\"moving_h\":0,\"speed\":28.56343234006481,\"speed_avg\":28.563433953906213,\"speed_color\":\"white\",\"speed_lapavg\":28.563433953906213,\"speed_lapmax\":28.563517581678,\"calories\":15.221164218749998,\"distance\":0.6580302010096154,\"heart\":0,\"heart_color\":\"lightsteelblue\",\"heart_avg\":124.07152236286917,\"heart_lapavg\":124.07152236286917,\"heart_max\":131.98506666666668,\"heart_lapmax\":131.98506666666668,\"target_heart_above\":0,\"target_heart_below\":0,\"jouls\":11825.250000000002,\"elevation\":0,\"difficult\":1,\"watts\":150,\"watts_avg\":150,\"watts_color\":\"limegreen\",\"watts_lapavg\":150,\"watts_max\":150,\"watts_lapmax\":150,\"kgwatts\":2,\"kgwatts_avg\":2,\"kgwatts_max\":2,\"workoutName\":\"Ride\",\"workoutStartDate\":\"seg. ago. 17 17:13:53 2026\",\"instructorName\":\"\",\"latitude\":null,\"longitude\":null,\"altitude\":null,\"peloton_offset\":0,\"peloton_ask_start\":false,\"autoresistance\":true,\"nextrow\":\"N/A\",\"training_row_index\":0,\"training_row_elapsed\":0,\"training_row_open_ended\":false,\"training_row_wait_for_lap\":false,\"row_remaining_time_s\":0,\"row_remaining_time_m\":0,\"row_remaining_time_h\":0,\"remaining_time_s\":0,\"remaining_time_m\":0,\"remaining_time_h\":0,\"nickName\":\"N/A\",\"gears\":0,\"target_resistance\":0,\"target_peloton_resistance\":0,\"target_cadence\":0,\"target_power\":0,\"power_zone\":2.9,\"power_zone_lapavg\":2.8759493670886114,\"power_zone_lapmax\":2.9,\"target_power_zone\":1,\"power_zone_color\":\"limegreen\",\"target_power_zone_color\":\"white\",\"peloton_resistance\":12,\"peloton_resistance_avg\":12,\"peloton_resistance_color\":\"white\",\"peloton_resistance_lapavg\":12,\"peloton_resistance_lapmax\":12,\"peloton_req_resistance\":0,\"cadence\":85,\"cadence_color\":\"white\",\"cadence_avg\":85,\"cadence_lapavg\":85,\"cadence_lapmax\":85,\"resistance\":12,\"resistance_avg\":12,\"resistance_lapavg\":12,\"resistance_lapmax\":12,\"cranks\":395,\"cranktime\":23046,\"req_power\":0,\"req_cadence\":0,\"req_resistance\":0,\"inclination\":0,\"inclination_avg\":0}}"
seg. ago. 17 17:15:12 2026 1786997712664 Debug: homeform.cpp void homeform::update() homeform::update fired! elapsed: 1001 jitter: -95
seg. ago. 17 17:15:12 2026 1786997712669 Debug: homeform.cpp void homeform::update() homeform::update tiles updated!
seg. ago. 17 17:15:12 2026 1786997712671 Debug: homeform.cpp void homeform::update() Current Distance 1s: 0.634743 28.5634 150
seg. ago. 17 17:15:12 2026 1786997712673 Debug: virtualdevices/virtualbike.cpp void virtualbike::bikeProvider() "bikeProvider" 0 2000 false
seg. ago. 17 17:15:12 2026 1786997712674 Debug: virtualdevices/virtualbike.cpp void virtualbike::bikeProvider() "virtual bike connected"
seg. ago. 17 17:15:12 2026 1786997712675 Debug: virtualdevices/virtualbike.cpp void virtualbike::writeCharacteristic(QLowEnergyService *, const QLowEnergyCharacteristic &, const QByteArray &) "virtualbike::writeCharacteristic Unknown Service  64 02 28 0b aa 00 0c 00 96 00 00 00"
seg. ago. 17 17:15:12 2026 1786997712676 Debug:   Write server characteristic with handle  9 "6402280baa000c0096000000" (service: "{00001826-0000-1000-8000-00805f9b34fb}"
seg. ago. 17 17:15:12 2026 1786997712677 Debug: virtualdevices/virtualbike.cpp void virtualbike::writeCharacteristic(QLowEnergyService *, const QLowEnergyCharacteristic &, const QByteArray &) "virtualbike::writeCharacteristic Heart Rate Heart Rate Measurement 00 00"
seg. ago. 17 17:15:12 2026 1786997712678 Debug:   Write server characteristic with handle  19 "0000" (service: "{0000180d-0000-1000-8000-00805f9b34fb}"
seg. ago. 17 17:15:12 2026 1786997712682 Debug: ./ergtable.h void ergTable::updateDataTable(const CadenceResistancePair &) Added/Updated point: C: 85 W: 150 R: 12
seg. ago. 17 17:15:12 2026 1786997712698 Debug: devices/bluetoothdevice.cpp void bluetoothdevice::update_hr_from_external() WearOS Companion Heart: 0
seg. ago. 17 17:15:12 2026 1786997712842 Debug: ./ergtable.h void ergTable::updateDataTable(const CadenceResistancePair &) Added/Updated point: C: 85 W: 150 R: 12
seg. ago. 17 17:15:12 2026 1786997712874 Debug: devices/bluetoothdevice.cpp void bluetoothdevice::update_hr_from_external() WearOS Companion Heart: 0
seg. ago. 17 17:15:13 2026 1786997713045 Debug: ./ergtable.h void ergTable::updateDataTable(const CadenceResistancePair &) Added/Updated point: C: 85 W: 150 R: 12
seg. ago. 17 17:15:13 2026 1786997713072 Debug: devices/bluetoothdevice.cpp void bluetoothdevice::update_hr_from_external() WearOS Companion Heart: 0
seg. ago. 17 17:15:13 2026 1786997713245 Debug: ./ergtable.h void ergTable::updateDataTable(const CadenceResistancePair &) Added/Updated point: C: 85 W: 150 R: 12
seg. ago. 17 17:15:13 2026 1786997713277 Debug: devices/bluetoothdevice.cpp void bluetoothdevice::update_hr_from_external() WearOS Companion Heart: 0
seg. ago. 17 17:15:13 2026 1786997713445 Debug: ./ergtable.h void ergTable::updateDataTable(const CadenceResistancePair &) Added/Updated point: C: 85 W: 150 R: 12
seg. ago. 17 17:15:13 2026 1786997713481 Debug: devices/bluetoothdevice.cpp void bluetoothdevice::update_hr_from_external() WearOS Companion Heart: 0
seg. ago. 17 17:15:13 2026 1786997713648 Debug: templateinfosender.cpp bool TemplateInfoSender::update(QJSEngine *) "eval res " "{\"msg\":\"workout\",\"content\":{\"BIKE_TYPE\":2,\"ELLIPTICAL_TYPE\":4,\"ROWING_TYPE\":3,\"TREADMILL_TYPE\":1,\"UNKNOWN_TYPE\":0,\"deviceId\":\"00:00:00:00:00:00\",\"deviceName\":\"N/A\",\"deviceRSSI\":1,\"deviceType\":2,\"deviceConnected\":true,\"devicePaused\":false,\"elapsed_s\":19,\"elapsed_m\":1,\"elapsed_h\":0,\"lapelapsed_s\":19,\"lapelapsed_m\":1,\"lapelapsed_h\":0,\"pace_s\":6,\"pace_m\":2,\"pace_h\":0,\"pace_color\":\"white\",\"avgpace_s\":6,\"avgpace_m\":2,\"avgpace_h\":0,\"maxpace_s\":6,\"maxpace_m\":2,\"maxpace_h\":0,\"moving_s\":19,\"moving_m\":1,\"moving_h\":0,\"speed\":28.56343234006481,\"speed_avg\":28.56343393373319,\"speed_color\":\"white\",\"speed_lapavg\":28.56343393373319,\"speed_lapmax\":28.563517581678,\"calories\":15.404878999999998,\"distance\":0.6659724220575057,\"heart\":0,\"heart_color\":\"lightsteelblue\",\"heart_avg\":124.06374416666665,\"heart_lapavg\":124.06374416666665,\"heart_max\":131.98506666666668,\"heart_lapmax\":131.98506666666668,\"target_heart_above\":0,\"target_heart_below\":0,\"jouls\":11975.400000000003,\"elevation\":0,\"difficult\":1,\"watts\":150,\"watts_avg\":150,\"watts_color\":\"limegreen\",\"watts_lapavg\":150,\"watts_max\":150,\"watts_lapmax\":150,\"kgwatts\":2,\"kgwatts_avg\":2,\"kgwatts_max\":2,\"workoutName\":\"Ride\",\"workoutStartDate\":\"seg. ago. 17 17:13:53 2026\",\"instructorName\":\"\",\"latitude\":null,\"longitude\":null,\"altitude\":null,\"peloton_offset\":0,\"peloton_ask_start\":false,\"autoresistance\":true,\"nextrow\":\"N/A\",\"training_row_index\":0,\"training_row_elapsed\":0,\"training_row_open_ended\":false,\"training_row_wait_for_lap\":false,\"row_remaining_time_s\":0,\"row_remaining_time_m\":0,\"row_remaining_time_h\":0,\"remaining_time_s\":0,\"remaining_time_m\":0,\"remaining_time_h\":0,\"nickName\":\"N/A\",\"gears\":0,\"target_resistance\":0,\"target_peloton_resistance\":0,\"target_cadence\":0,\"target_power\":0,\"power_zone\":2.9,\"power_zone_lapavg\":2.8762500000000037,\"power_zone_lapmax\":2.9,\"target_power_zone\":1,\"power_zone_color\":\"limegreen\",\"target_power_zone_color\":\"white\",\"peloton_resistance\":12,\"peloton_resistance_avg\":12,\"peloton_resistance_color\":\"white\",\"peloton_resistance_lapavg\":12,\"peloton_resistance_lapmax\":12,\"peloton_req_resistance\":0,\"cadence\":85,\"cadence_color\":\"white\",\"cadence_avg\":85,\"cadence_lapavg\":85,\"cadence_lapmax\":85,\"resistance\":12,\"resistance_avg\":12,\"resistance_lapavg\":12,\"resistance_lapmax\":12,\"cranks\":400,\"cranktime\":26656,\"req_power\":0,\"req_cadence\":0,\"req_resistance\":0,\"inclination\":0,\"inclination_avg\":0}}"
seg. ago. 17 17:15:13 2026 1786997713666 Debug: homeform.cpp void homeform::update() homeform::update fired! elapsed: 1001 jitter: -94
seg. ago. 17 17:15:13 2026 1786997713673 Debug: homeform.cpp void homeform::update() homeform::update tiles updated!
seg. ago. 17 17:15:13 2026 1786997713674 Debug: homeform.cpp void homeform::update() Current Distance 1s: 0.642677 28.5634 150
seg. ago. 17 17:15:13 2026 1786997713677 Debug: virtualdevices/virtualbike.cpp void virtualbike::bikeProvider() "bikeProvider" 0 2000 false
seg. ago. 17 17:15:13 2026 1786997713678 Debug: virtualdevices/virtualbike.cpp void virtualbike::bikeProvider() "virtual bike connected"
seg. ago. 17 17:15:13 2026 1786997713679 Debug: virtualdevices/virtualbike.cpp void virtualbike::writeCharacteristic(QLowEnergyService *, const QLowEnergyCharacteristic &, const QByteArray &) "virtualbike::writeCharacteristic Unknown Service  64 02 28 0b aa 00 0c 00 96 00 00 00"
seg. ago. 17 17:15:13 2026 1786997713680 Debug:   Write server characteristic with handle  9 "6402280baa000c0096000000" (service: "{00001826-0000-1000-8000-00805f9b34fb}"
seg. ago. 17 17:15:13 2026 1786997713682 Debug: virtualdevices/virtualbike.cpp void virtualbike::writeCharacteristic(QLowEnergyService *, const QLowEnergyCharacteristic &, const QByteArray &) "virtualbike::writeCharacteristic Heart Rate Heart Rate Measurement 00 00"
seg. ago. 17 17:15:13 2026 1786997713683 Debug:   Write server characteristic with handle  19 "0000" (service: "{0000180d-0000-1000-8000-00805f9b34fb}"
seg. ago. 17 17:15:13 2026 1786997713687 Debug: ./ergtable.h void ergTable::updateDataTable(const CadenceResistancePair &) Added/Updated point: C: 85 W: 150 R: 12
seg. ago. 17 17:15:13 2026 1786997713704 Debug: devices/bluetoothdevice.cpp void bluetoothdevice::update_hr_from_external() WearOS Companion Heart: 0
seg. ago. 17 17:15:13 2026 1786997713842 Debug: ./ergtable.h void ergTable::updateDataTable(const CadenceResistancePair &) Added/Updated point: C: 85 W: 150 R: 12
seg. ago. 17 17:15:13 2026 1786997713858 Debug: devices/bluetoothdevice.cpp void bluetoothdevice::update_hr_from_external() WearOS Companion Heart: 0
seg. ago. 17 17:15:14 2026 1786997714045 Debug: ./ergtable.h void ergTable::updateDataTable(const CadenceResistancePair &) Added/Updated point: C: 85 W: 150 R: 12
seg. ago. 17 17:15:14 2026 1786997714076 Debug: devices/bluetoothdevice.cpp void bluetoothdevice::update_hr_from_external() WearOS Companion Heart: 0
seg. ago. 17 17:15:14 2026 1786997714245 Debug: ./ergtable.h void ergTable::updateDataTable(const CadenceResistancePair &) Added/Updated point: C: 85 W: 150 R: 12
seg. ago. 17 17:15:14 2026 1786997714286 Debug: devices/bluetoothdevice.cpp void bluetoothdevice::update_hr_from_external() WearOS Companion Heart: 0
seg. ago. 17 17:15:14 2026 1786997714451 Debug: ./ergtable.h void ergTable::updateDataTable(const CadenceResistancePair &) Added/Updated point: C: 85 W: 150 R: 12
seg. ago. 17 17:15:14 2026 1786997714491 Debug: devices/bluetoothdevice.cpp void bluetoothdevice::update_hr_from_external() WearOS Companion Heart: 0
seg. ago. 17 17:15:14 2026 1786997714648 Debug: templateinfosender.cpp bool TemplateInfoSender::update(QJSEngine *) "eval res " "{\"msg\":\"workout\",\"content\":{\"BIKE_TYPE\":2,\"ELLIPTICAL_TYPE\":4,\"ROWING_TYPE\":3,\"TREADMILL_TYPE\":1,\"UNKNOWN_TYPE\":0,\"deviceId\":\"00:00:00:00:00:00\",\"deviceName\":\"N/A\",\"deviceRSSI\":1,\"deviceType\":2,\"deviceConnected\":true,\"devicePaused\":false,\"elapsed_s\":20,\"elapsed_m\":1,\"elapsed_h\":0,\"lapelapsed_s\":20,\"lapelapsed_m\":1,\"lapelapsed_h\":0,\"pace_s\":6,\"pace_m\":2,\"pace_h\":0,\"pace_color\":\"white\",\"avgpace_s\":6,\"avgpace_m\":2,\"avgpace_h\":0,\"maxpace_s\":6,\"maxpace_m\":2,\"maxpace_h\":0,\"moving_s\":20,\"moving_m\":1,\"moving_h\":0,\"speed\":28.56343234006481,\"speed_avg\":28.56343391405827,\"speed_color\":\"white\",\"speed_lapavg\":28.56343391405827,\"speed_lapmax\":28.563517581678,\"calories\":15.58859378125,\"distance\":0.673914643105396,\"heart\":0,\"heart_color\":\"lightsteelblue\",\"heart_avg\":124.0590421399177,\"heart_lapavg\":124.0590421399177,\"heart_max\":131.98506666666668,\"heart_lapmax\":131.98506666666668,\"target_heart_above\":0,\"target_heart_below\":0,\"jouls\":12126.150000000005,\"elevation\":0,\"difficult\":1,\"watts\":150,\"watts_avg\":150,\"watts_color\":\"limegreen\",\"watts_lapavg\":150,\"watts_max\":150,\"watts_lapmax\":150,\"kgwatts\":2,\"kgwatts_avg\":2,\"kgwatts_max\":2,\"workoutName\":\"Ride\",\"workoutStartDate\":\"seg. ago. 17 17:13:53 2026\",\"instructorName\":\"\",\"latitude\":null,\"longitude\":null,\"altitude\":null,\"peloton_offset\":0,\"peloton_ask_start\":false,\"autoresistance\":true,\"nextrow\":\"N/A\",\"training_row_index\":0,\"training_row_elapsed\":0,\"training_row_open_ended\":false,\"training_row_wait_for_lap\":false,\"row_remaining_time_s\":0,\"row_remaining_time_m\":0,\"row_remaining_time_h\":0,\"remaining_time_s\":0,\"remaining_time_m\":0,\"remaining_time_h\":0,\"nickName\":\"N/A\",\"gears\":0,\"target_resistance\":0,\"target_peloton_resistance\":0,\"target_cadence\":0,\"target_power\":0,\"power_zone\":2.9,\"power_zone_lapavg\":2.876543209876547,\"power_zone_lapmax\":2.9,\"target_power_zone\":1,\"power_zone_color\":\"limegreen\",\"target_power_zone_color\":\"white\",\"peloton_resistance\":12,\"peloton_resistance_avg\":12,\"peloton_resistance_color\":\"white\",\"peloton_resistance_lapavg\":12,\"peloton_resistance_lapmax\":12,\"peloton_req_resistance\":0,\"cadence\":85,\"cadence_color\":\"white\",\"cadence_avg\":85,\"cadence_lapavg\":85,\"cadence_lapmax\":85,\"resistance\":12,\"resistance_avg\":12,\"resistance_lapavg\":12,\"resistance_lapmax\":12,\"cranks\":405,\"cranktime\":30266,\"req_power\":0,\"req_cadence\":0,\"req_resistance\":0,\"inclination\":0,\"inclination_avg\":0}}"
seg. ago. 17 17:15:14 2026 1786997714668 Debug: homeform.cpp void homeform::update() homeform::update fired! elapsed: 1002 jitter: -92
seg. ago. 17 17:15:14 2026 1786997714673 Debug: homeform.cpp void homeform::update() homeform::update tiles updated!
seg. ago. 17 17:15:14 2026 1786997714675 Debug: homeform.cpp void homeform::update() Current Distance 1s: 0.650612 28.5634 150
seg. ago. 17 17:15:14 2026 1786997714677 Debug: virtualdevices/virtualbike.cpp void virtualbike::bikeProvider() "bikeProvider" 0 2000 false
seg. ago. 17 17:15:14 2026 1786997714678 Debug: virtualdevices/virtualbike.cpp void virtualbike::bikeProvider() "virtual bike connected"
seg. ago. 17 17:15:14 2026 1786997714679 Debug: virtualdevices/virtualbike.cpp void virtualbike::writeCharacteristic(QLowEnergyService *, const QLowEnergyCharacteristic &, const QByteArray &) "virtualbike::writeCharacteristic Unknown Service  64 02 28 0b aa 00 0c 00 96 00 00 00"
seg. ago. 17 17:15:14 2026 1786997714680 Debug:   Write server characteristic with handle  9 "6402280baa000c0096000000" (service: "{00001826-0000-1000-8000-00805f9b34fb}"
seg. ago. 17 17:15:14 2026 1786997714682 Debug: virtualdevices/virtualbike.cpp void virtualbike::writeCharacteristic(QLowEnergyService *, const QLowEnergyCharacteristic &, const QByteArray &) "virtualbike::writeCharacteristic Heart Rate Heart Rate Measurement 00 00"
seg. ago. 17 17:15:14 2026 1786997714683 Debug:   Write server characteristic with handle  19 "0000" (service: "{0000180d-0000-1000-8000-00805f9b34fb}"
seg. ago. 17 17:15:14 2026 1786997714688 Debug: ./ergtable.h void ergTable::updateDataTable(const CadenceResistancePair &) Added/Updated point: C: 85 W: 150 R: 12
seg. ago. 17 17:15:14 2026 1786997714705 Debug: devices/bluetoothdevice.cpp void bluetoothdevice::update_hr_from_external() WearOS Companion Heart: 0
seg. ago. 17 17:15:14 2026 1786997714842 Debug: ./ergtable.h void ergTable::updateDataTable(const CadenceResistancePair &) Added/Updated point: C: 85 W: 150 R: 12
seg. ago. 17 17:15:14 2026 1786997714869 Debug: devices/bluetoothdevice.cpp void bluetoothdevice::update_hr_from_external() WearOS Companion Heart: 0
seg. ago. 17 17:15:15 2026 1786997715044 Debug: ./ergtable.h void ergTable::updateDataTable(const CadenceResistancePair &) Added/Updated point: C: 85 W: 150 R: 12
seg. ago. 17 17:15:15 2026 1786997715075 Debug: devices/bluetoothdevice.cpp void bluetoothdevice::update_hr_from_external() WearOS Companion Heart: 0
seg. ago. 17 17:15:15 2026 1786997715245 Debug: ./ergtable.h void ergTable::updateDataTable(const CadenceResistancePair &) Added/Updated point: C: 85 W: 150 R: 12
seg. ago. 17 17:15:15 2026 1786997715288 Debug: devices/bluetoothdevice.cpp void bluetoothdevice::update_hr_from_external() WearOS Companion Heart: 0
seg. ago. 17 17:15:15 2026 1786997715446 Debug: ./ergtable.h void ergTable::updateDataTable(const CadenceResistancePair &) Added/Updated point: C: 85 W: 150 R: 12
seg. ago. 17 17:15:15 2026 1786997715480 Debug: devices/bluetoothdevice.cpp void bluetoothdevice::update_hr_from_external() WearOS Companion Heart: 0
seg. ago. 17 17:15:15 2026 1786997715648 Debug: templateinfosender.cpp bool TemplateInfoSender::update(QJSEngine *) "eval res " "{\"msg\":\"workout\",\"content\":{\"BIKE_TYPE\":2,\"ELLIPTICAL_TYPE\":4,\"ROWING_TYPE\":3,\"TREADMILL_TYPE\":1,\"UNKNOWN_TYPE\":0,\"deviceId\":\"00:00:00:00:00:00\",\"deviceName\":\"N/A\",\"deviceRSSI\":1,\"deviceType\":2,\"deviceConnected\":true,\"devicePaused\":false,\"elapsed_s\":21,\"elapsed_m\":1,\"elapsed_h\":0,\"lapelapsed_s\":21,\"lapelapsed_m\":1,\"lapelapsed_h\":0,\"pace_s\":6,\"pace_m\":2,\"pace_h\":0,\"pace_color\":\"white\",\"avgpace_s\":6,\"avgpace_m\":2,\"avgpace_h\":0,\"maxpace_s\":6,\"maxpace_m\":2,\"maxpace_h\":0,\"moving_s\":21,\"moving_m\":1,\"moving_h\":0,\"speed\":28.56343234006481,\"speed_avg\":28.563433894863223,\"speed_color\":\"white\",\"speed_lapavg\":28.563433894863223,\"speed_lapmax\":28.563517581678,\"calories\":15.7719415,\"distance\":0.681840995579764,\"heart\":0,\"heart_color\":\"lightsteelblue\",\"heart_avg\":124.05729975609755,\"heart_lapavg\":124.05729975609755,\"heart_max\":131.98506666666668,\"heart_lapmax\":131.98506666666668,\"target_heart_above\":0,\"target_heart_below\":0,\"jouls\":12275.550000000005,\"elevation\":0,\"difficult\":1,\"watts\":150,\"watts_avg\":150,\"watts_color\":\"limegreen\",\"watts_lapavg\":150,\"watts_max\":150,\"watts_lapmax\":150,\"kgwatts\":2,\"kgwatts_avg\":2,\"kgwatts_max\":2,\"workoutName\":\"Ride\",\"workoutStartDate\":\"seg. ago. 17 17:13:53 2026\",\"instructorName\":\"\",\"latitude\":null,\"longitude\":null,\"altitude\":null,\"peloton_offset\":0,\"peloton_ask_start\":false,\"autoresistance\":true,\"nextrow\":\"N/A\",\"training_row_index\":0,\"training_row_elapsed\":0,\"training_row_open_ended\":false,\"training_row_wait_for_lap\":false,\"row_remaining_time_s\":0,\"row_remaining_time_m\":0,\"row_remaining_time_h\":0,\"remaining_time_s\":0,\"remaining_time_m\":0,\"remaining_time_h\":0,\"nickName\":\"N/A\",\"gears\":0,\"target_resistance\":0,\"target_peloton_resistance\":0,\"target_cadence\":0,\"target_power\":0,\"power_zone\":2.9,\"power_zone_lapavg\":2.8768292682926866,\"power_zone_lapmax\":2.9,\"target_power_zone\":1,\"power_zone_color\":\"limegreen\",\"target_power_zone_color\":\"white\",\"peloton_resistance\":12,\"peloton_resistance_avg\":12,\"peloton_resistance_color\":\"white\",\"peloton_resistance_lapavg\":12,\"peloton_resistance_lapmax\":12,\"peloton_req_resistance\":0,\"cadence\":85,\"cadence_color\":\"white\",\"cadence_avg\":85,\"cadence_lapavg\":85,\"cadence_lapmax\":85,\"resistance\":12,\"resistance_avg\":12,\"resistance_lapavg\":12,\"resistance_lapmax\":12,\"cranks\":410,\"cranktime\":33876,\"req_power\":0,\"req_cadence\":0,\"req_resistance\":0,\"inclination\":0,\"inclination_avg\":0}}"
seg. ago. 17 17:15:15 2026 1786997715667 Debug: homeform.cpp void homeform::update() homeform::update fired! elapsed: 1000 jitter: -92
seg. ago. 17 17:15:15 2026 1786997715673 Debug: homeform.cpp void homeform::update() homeform::update tiles updated!
seg. ago. 17 17:15:15 2026 1786997715675 Debug: homeform.cpp void homeform::update() Current Distance 1s: 0.658546 28.5634 150
seg. ago. 17 17:15:15 2026 1786997715677 Debug: virtualdevices/virtualbike.cpp void virtualbike::bikeProvider() "bikeProvider" 0 2000 false
seg. ago. 17 17:15:15 2026 1786997715678 Debug: virtualdevices/virtualbike.cpp void virtualbike::bikeProvider() "virtual bike connected"
seg. ago. 17 17:15:15 2026 1786997715679 Debug: virtualdevices/virtualbike.cpp void virtualbike::writeCharacteristic(QLowEnergyService *, const QLowEnergyCharacteristic &, const QByteArray &) "virtualbike::writeCharacteristic Unknown Service  64 02 28 0b aa 00 0c 00 96 00 00 00"
seg. ago. 17 17:15:15 2026 1786997715680 Debug:   Write server characteristic with handle  9 "6402280baa000c0096000000" (service: "{00001826-0000-1000-8000-00805f9b34fb}"
seg. ago. 17 17:15:15 2026 1786997715681 Debug: virtualdevices/virtualbike.cpp void virtualbike::writeCharacteristic(QLowEnergyService *, const QLowEnergyCharacteristic &, const QByteArray &) "virtualbike::writeCharacteristic Heart Rate Heart Rate Measurement 00 00"
seg. ago. 17 17:15:15 2026 1786997715682 Debug:   Write server characteristic with handle  19 "0000" (service: "{0000180d-0000-1000-8000-00805f9b34fb}"
seg. ago. 17 17:15:15 2026 1786997715686 Debug: ./ergtable.h void ergTable::updateDataTable(const CadenceResistancePair &) Added/Updated point: C: 85 W: 150 R: 12
seg. ago. 17 17:15:15 2026 1786997715705 Debug: devices/bluetoothdevice.cpp void bluetoothdevice::update_hr_from_external() WearOS Companion Heart: 0
seg. ago. 17 17:15:15 2026 1786997715843 Debug: ./ergtable.h void ergTable::updateDataTable(const CadenceResistancePair &) Added/Updated point: C: 85 W: 150 R: 12
seg. ago. 17 17:15:15 2026 1786997715872 Debug: devices/bluetoothdevice.cpp void bluetoothdevice::update_hr_from_external() WearOS Companion Heart: 0
seg. ago. 17 17:15:16 2026 1786997716045 Debug: ./ergtable.h void ergTable::updateDataTable(const CadenceResistancePair &) Added/Updated point: C: 85 W: 150 R: 12
seg. ago. 17 17:15:16 2026 1786997716076 Debug: devices/bluetoothdevice.cpp void bluetoothdevice::update_hr_from_external() WearOS Companion Heart: 0
seg. ago. 17 17:15:16 2026 1786997716247 Debug: ./ergtable.h void ergTable::updateDataTable(const CadenceResistancePair &) Added/Updated point: C: 85 W: 150 R: 12
seg. ago. 17 17:15:16 2026 1786997716276 Debug: devices/bluetoothdevice.cpp void bluetoothdevice::update_hr_from_external() WearOS Companion Heart: 0
seg. ago. 17 17:15:16 2026 1786997716444 Debug: ./ergtable.h void ergTable::updateDataTable(const CadenceResistancePair &) Added/Updated point: C: 85 W: 150 R: 12
seg. ago. 17 17:15:16 2026 1786997716487 Debug: devices/bluetoothdevice.cpp void bluetoothdevice::update_hr_from_external() WearOS Companion Heart: 0
seg. ago. 17 17:15:16 2026 1786997716646 Debug: templateinfosender.cpp bool TemplateInfoSender::update(QJSEngine *) "eval res " "{\"msg\":\"workout\",\"content\":{\"BIKE_TYPE\":2,\"ELLIPTICAL_TYPE\":4,\"ROWING_TYPE\":3,\"TREADMILL_TYPE\":1,\"UNKNOWN_TYPE\":0,\"deviceId\":\"00:00:00:00:00:00\",\"deviceName\":\"N/A\",\"deviceRSSI\":1,\"deviceType\":2,\"deviceConnected\":true,\"devicePaused\":false,\"elapsed_s\":22,\"elapsed_m\":1,\"elapsed_h\":0,\"lapelapsed_s\":22,\"lapelapsed_m\":1,\"lapelapsed_h\":0,\"pace_s\":6,\"pace_m\":2,\"pace_h\":0,\"pace_color\":\"white\",\"avgpace_s\":6,\"avgpace_m\":2,\"avgpace_h\":0,\"maxpace_s\":6,\"maxpace_m\":2,\"maxpace_h\":0,\"moving_s\":22,\"moving_m\":1,\"moving_h\":0,\"speed\":28.56343234006481,\"speed_avg\":28.56343387613071,\"speed_color\":\"white\",\"speed_lapavg\":28.56343387613071,\"speed_lapmax\":28.563517581678,\"calories\":15.95547275,\"distance\":0.6897752823408931,\"heart\":0,\"heart_color\":\"lightsteelblue\",\"heart_avg\":124.05841004016064,\"heart_lapavg\":124.05841004016064,\"heart_max\":131.98506666666668,\"heart_lapmax\":131.98506666666668,\"target_heart_above\":0,\"target_heart_below\":0,\"jouls\":12425.400000000003,\"elevation\":0,\"difficult\":1,\"watts\":150,\"watts_avg\":150,\"watts_color\":\"limegreen\",\"watts_lapavg\":150,\"watts_max\":150,\"watts_lapmax\":150,\"kgwatts\":2,\"kgwatts_avg\":2,\"kgwatts_max\":2,\"workoutName\":\"Ride\",\"workoutStartDate\":\"seg. ago. 17 17:13:53 2026\",\"instructorName\":\"\",\"latitude\":null,\"longitude\":null,\"altitude\":null,\"peloton_offset\":0,\"peloton_ask_start\":false,\"autoresistance\":true,\"nextrow\":\"N/A\",\"training_row_index\":0,\"training_row_elapsed\":0,\"training_row_open_ended\":false,\"training_row_wait_for_lap\":false,\"row_remaining_time_s\":0,\"row_remaining_time_m\":0,\"row_remaining_time_h\":0,\"remaining_time_s\":0,\"remaining_time_m\":0,\"remaining_time_h\":0,\"nickName\":\"N/A\",\"gears\":0,\"target_resistance\":0,\"target_peloton_resistance\":0,\"target_cadence\":0,\"target_power\":0,\"power_zone\":2.9,\"power_zone_lapavg\":2.8771084337349437,\"power_zone_lapmax\":2.9,\"target_power_zone\":1,\"power_zone_color\":\"limegreen\",\"target_power_zone_color\":\"white\",\"peloton_resistance\":12,\"peloton_resistance_avg\":12,\"peloton_resistance_color\":\"white\",\"peloton_resistance_lapavg\":12,\"peloton_resistance_lapmax\":12,\"peloton_req_resistance\":0,\"cadence\":85,\"cadence_color\":\"white\",\"cadence_avg\":85,\"cadence_lapavg\":85,\"cadence_lapmax\":85,\"resistance\":12,\"resistance_avg\":12,\"resistance_lapavg\":12,\"resistance_lapmax\":12,\"cranks\":415,\"cranktime\":37486,\"req_power\":0,\"req_cadence\":0,\"req_resistance\":0,\"inclination\":0,\"inclination_avg\":0}}"
seg. ago. 17 17:15:16 2026 1786997716664 Debug: homeform.cpp void homeform::update() homeform::update fired! elapsed: 996 jitter: -96
seg. ago. 17 17:15:16 2026 1786997716670 Debug: homeform.cpp void homeform::update() homeform::update tiles updated!
seg. ago. 17 17:15:16 2026 1786997716672 Debug: homeform.cpp void homeform::update() Current Distance 1s: 0.66648 28.5634 150
seg. ago. 17 17:15:16 2026 1786997716674 Debug: virtualdevices/virtualbike.cpp void virtualbike::bikeProvider() "bikeProvider" 0 2000 false
seg. ago. 17 17:15:16 2026 1786997716675 Debug: virtualdevices/virtualbike.cpp void virtualbike::bikeProvider() "virtual bike connected"
seg. ago. 17 17:15:16 2026 1786997716676 Debug: virtualdevices/virtualbike.cpp void virtualbike::writeCharacteristic(QLowEnergyService *, const QLowEnergyCharacteristic &, const QByteArray &) "virtualbike::writeCharacteristic Unknown Service  64 02 28 0b aa 00 0c 00 96 00 00 00"
seg. ago. 17 17:15:16 2026 1786997716677 Debug:   Write server characteristic with handle  9 "6402280baa000c0096000000" (service: "{00001826-0000-1000-8000-00805f9b34fb}"
seg. ago. 17 17:15:16 2026 1786997716679 Debug: virtualdevices/virtualbike.cpp void virtualbike::writeCharacteristic(QLowEnergyService *, const QLowEnergyCharacteristic &, const QByteArray &) "virtualbike::writeCharacteristic Heart Rate Heart Rate Measurement 00 00"
seg. ago. 17 17:15:16 2026 1786997716679 Debug:   Write server characteristic with handle  19 "0000" (service: "{0000180d-0000-1000-8000-00805f9b34fb}"
seg. ago. 17 17:15:16 2026 1786997716683 Debug: ./ergtable.h void ergTable::updateDataTable(const CadenceResistancePair &) Added/Updated point: C: 85 W: 150 R: 12
seg. ago. 17 17:15:16 2026 1786997716700 Debug: devices/bluetoothdevice.cpp void bluetoothdevice::update_hr_from_external() WearOS Companion Heart: 0
seg. ago. 17 17:15:16 2026 1786997716843 Debug: ./ergtable.h void ergTable::updateDataTable(const CadenceResistancePair &) Added/Updated point: C: 85 W: 150 R: 12
seg. ago. 17 17:15:16 2026 1786997716870 Debug: devices/bluetoothdevice.cpp void bluetoothdevice::update_hr_from_external() WearOS Companion Heart: 0
seg. ago. 17 17:15:17 2026 1786997717045 Debug: ./ergtable.h void ergTable::updateDataTable(const CadenceResistancePair &) Added/Updated point: C: 85 W: 150 R: 12
seg. ago. 17 17:15:17 2026 1786997717077 Debug: devices/bluetoothdevice.cpp void bluetoothdevice::update_hr_from_external() WearOS Companion Heart: 0
seg. ago. 17 17:15:17 2026 1786997717242 Debug: ./ergtable.h void ergTable::updateDataTable(const CadenceResistancePair &) Added/Updated point: C: 85 W: 150 R: 12
seg. ago. 17 17:15:17 2026 1786997717260 Debug: devices/bluetoothdevice.cpp void bluetoothdevice::update_hr_from_external() WearOS Companion Heart: 0
seg. ago. 17 17:15:17 2026 1786997717441 Debug: ./ergtable.h void ergTable::updateDataTable(const CadenceResistancePair &) Added/Updated point: C: 85 W: 150 R: 12
seg. ago. 17 17:15:17 2026 1786997717460 Debug: devices/bluetoothdevice.cpp void bluetoothdevice::update_hr_from_external() WearOS Companion Heart: 0
seg. ago. 17 17:15:17 2026 1786997717646 Debug: templateinfosender.cpp bool TemplateInfoSender::update(QJSEngine *) "eval res " "{\"msg\":\"workout\",\"content\":{\"BIKE_TYPE\":2,\"ELLIPTICAL_TYPE\":4,\"ROWING_TYPE\":3,\"TREADMILL_TYPE\":1,\"UNKNOWN_TYPE\":0,\"deviceId\":\"00:00:00:00:00:00\",\"deviceName\":\"N/A\",\"deviceRSSI\":1,\"deviceType\":2,\"deviceConnected\":true,\"devicePaused\":false,\"elapsed_s\":23,\"elapsed_m\":1,\"elapsed_h\":0,\"lapelapsed_s\":23,\"lapelapsed_m\":1,\"lapelapsed_h\":0,\"pace_s\":6,\"pace_m\":2,\"pace_h\":0,\"pace_color\":\"white\",\"avgpace_s\":6,\"avgpace_m\":2,\"avgpace_h\":0,\"maxpace_s\":6,\"maxpace_m\":2,\"maxpace_h\":0,\"moving_s\":23,\"moving_m\":1,\"moving_h\":0,\"speed\":28.56343234006481,\"speed_avg\":28.563433857844206,\"speed_color\":\"white\",\"speed_lapavg\":28.563433857844206,\"speed_lapmax\":28.563517581678,\"calories\":16.13882046875,\"distance\":0.6977016348152612,\"heart\":0,\"heart_color\":\"lightsteelblue\",\"heart_avg\":124.06227055555554,\"heart_lapavg\":124.06227055555554,\"heart_max\":131.98506666666668,\"heart_lapmax\":131.98506666666668,\"target_heart_above\":0,\"target_heart_below\":0,\"jouls\":12574.950000000003,\"elevation\":0,\"difficult\":1,\"watts\":150,\"watts_avg\":150,\"watts_color\":\"limegreen\",\"watts_lapavg\":150,\"watts_max\":150,\"watts_lapmax\":150,\"kgwatts\":2,\"kgwatts_avg\":2,\"kgwatts_max\":2,\"workoutName\":\"Ride\",\"workoutStartDate\":\"seg. ago. 17 17:13:53 2026\",\"instructorName\":\"\",\"latitude\":null,\"longitude\":null,\"altitude\":null,\"peloton_offset\":0,\"peloton_ask_start\":false,\"autoresistance\":true,\"nextrow\":\"N/A\",\"training_row_index\":0,\"training_row_elapsed\":0,\"training_row_open_ended\":false,\"training_row_wait_for_lap\":false,\"row_remaining_time_s\":0,\"row_remaining_time_m\":0,\"row_remaining_time_h\":0,\"remaining_time_s\":0,\"remaining_time_m\":0,\"remaining_time_h\":0,\"nickName\":\"N/A\",\"gears\":0,\"target_resistance\":0,\"target_peloton_resistance\":0,\"target_cadence\":0,\"target_power\":0,\"power_zone\":2.9,\"power_zone_lapavg\":2.8773809523809564,\"power_zone_lapmax\":2.9,\"target_power_zone\":1,\"power_zone_color\":\"limegreen\",\"target_power_zone_color\":\"white\",\"peloton_resistance\":12,\"peloton_resistance_avg\":12,\"peloton_resistance_color\":\"white\",\"peloton_resistance_lapavg\":12,\"peloton_resistance_lapmax\":12,\"peloton_req_resistance\":0,\"cadence\":85,\"cadence_color\":\"white\",\"cadence_avg\":85,\"cadence_lapavg\":85,\"cadence_lapmax\":85,\"resistance\":12,\"resistance_avg\":12,\"resistance_lapavg\":12,\"resistance_lapmax\":12,\"cranks\":420,\"cranktime\":41096,\"req_power\":0,\"req_cadence\":0,\"req_resistance\":0,\"inclination\":0,\"inclination_avg\":0}}"
seg. ago. 17 17:15:17 2026 1786997717663 Debug: homeform.cpp void homeform::update() homeform::update fired! elapsed: 1000 jitter: -96
seg. ago. 17 17:15:17 2026 1786997717668 Debug: homeform.cpp void homeform::update() homeform::update tiles updated!
seg. ago. 17 17:15:17 2026 1786997717669 Debug: homeform.cpp void homeform::update() Current Distance 1s: 0.674414 28.5634 150
seg. ago. 17 17:15:17 2026 1786997717673 Debug: virtualdevices/virtualbike.cpp void virtualbike::bikeProvider() "bikeProvider" 0 2000 false
seg. ago. 17 17:15:17 2026 1786997717674 Debug: virtualdevices/virtualbike.cpp void virtualbike::bikeProvider() "virtual bike connected"
seg. ago. 17 17:15:17 2026 1786997717676 Debug: virtualdevices/virtualbike.cpp void virtualbike::writeCharacteristic(QLowEnergyService *, const QLowEnergyCharacteristic &, const QByteArray &) "virtualbike::writeCharacteristic Unknown Service  64 02 28 0b aa 00 0c 00 96 00 00 00"
seg. ago. 17 17:15:17 2026 1786997717677 Debug:   Write server characteristic with handle  9 "6402280baa000c0096000000" (service: "{00001826-0000-1000-8000-00805f9b34fb}"
seg. ago. 17 17:15:17 2026 1786997717679 Debug: virtualdevices/virtualbike.cpp void virtualbike::writeCharacteristic(QLowEnergyService *, const QLowEnergyCharacteristic &, const QByteArray &) "virtualbike::writeCharacteristic Heart Rate Heart Rate Measurement 00 00"
seg. ago. 17 17:15:17 2026 1786997717680 Debug:   Write server characteristic with handle  19 "0000" (service: "{0000180d-0000-1000-8000-00805f9b34fb}"
seg. ago. 17 17:15:17 2026 1786997717684 Debug: ./ergtable.h void ergTable::updateDataTable(const CadenceResistancePair &) Added/Updated point: C: 85 W: 150 R: 12
seg. ago. 17 17:15:17 2026 1786997717704 Debug: devices/bluetoothdevice.cpp void bluetoothdevice::update_hr_from_external() WearOS Companion Heart: 0
seg. ago. 17 17:15:17 2026 1786997717844 Debug: ./ergtable.h void ergTable::updateDataTable(const CadenceResistancePair &) Added/Updated point: C: 85 W: 150 R: 12
seg. ago. 17 17:15:17 2026 1786997717871 Debug: devices/bluetoothdevice.cpp void bluetoothdevice::update_hr_from_external() WearOS Companion Heart: 0
seg. ago. 17 17:15:18 2026 1786997718046 Debug: ./ergtable.h void ergTable::updateDataTable(const CadenceResistancePair &) Added/Updated point: C: 85 W: 150 R: 12
seg. ago. 17 17:15:18 2026 1786997718075 Debug: devices/bluetoothdevice.cpp void bluetoothdevice::update_hr_from_external() WearOS Companion Heart: 0
seg. ago. 17 17:15:18 2026 1786997718248 Debug: ./ergtable.h void ergTable::updateDataTable(const CadenceResistancePair &) Added/Updated point: C: 85 W: 150 R: 12
seg. ago. 17 17:15:18 2026 1786997718275 Debug: devices/bluetoothdevice.cpp void bluetoothdevice::update_hr_from_external() WearOS Companion Heart: 0
seg. ago. 17 17:15:18 2026 1786997718445 Debug: ./ergtable.h void ergTable::updateDataTable(const CadenceResistancePair &) Added/Updated point: C: 85 W: 150 R: 12
seg. ago. 17 17:15:18 2026 1786997718485 Debug: devices/bluetoothdevice.cpp void bluetoothdevice::update_hr_from_external() WearOS Companion Heart: 0
seg. ago. 17 17:15:18 2026 1786997718647 Debug: templateinfosender.cpp bool TemplateInfoSender::update(QJSEngine *) "eval res " "{\"msg\":\"workout\",\"content\":{\"BIKE_TYPE\":2,\"ELLIPTICAL_TYPE\":4,\"ROWING_TYPE\":3,\"TREADMILL_TYPE\":1,\"UNKNOWN_TYPE\":0,\"deviceId\":\"00:00:00:00:00:00\",\"deviceName\":\"N/A\",\"deviceRSSI\":1,\"deviceType\":2,\"deviceConnected\":true,\"devicePaused\":false,\"elapsed_s\":24,\"elapsed_m\":1,\"elapsed_h\":0,\"lapelapsed_s\":24,\"lapelapsed_m\":1,\"lapelapsed_h\":0,\"pace_s\":6,\"pace_m\":2,\"pace_h\":0,\"pace_color\":\"white\",\"avgpace_s\":6,\"avgpace_m\":2,\"avgpace_h\":0,\"maxpace_s\":6,\"maxpace_m\":2,\"maxpace_h\":0,\"moving_s\":24,\"moving_m\":1,\"moving_h\":0,\"speed\":28.56343234006481,\"speed_avg\":28.563433839987976,\"speed_color\":\"white\",\"speed_lapavg\":28.563433839987976,\"speed_lapmax\":28.563517581678,\"calories\":16.32253525,\"distance\":0.7056438558631513,\"heart\":0,\"heart_color\":\"lightsteelblue\",\"heart_avg\":124.06878862745096,\"heart_lapavg\":124.06878862745096,\"heart_max\":131.98506666666668,\"heart_lapmax\":131.98506666666668,\"target_heart_above\":0,\"target_heart_below\":0,\"jouls\":12725.550000000003,\"elevation\":0,\"difficult\":1,\"watts\":150,\"watts_avg\":150,\"watts_color\":\"limegreen\",\"watts_lapavg\":150,\"watts_max\":150,\"watts_lapmax\":150,\"kgwatts\":2,\"kgwatts_avg\":2,\"kgwatts_max\":2,\"workoutName\":\"Ride\",\"workoutStartDate\":\"seg. ago. 17 17:13:53 2026\",\"instructorName\":\"\",\"latitude\":null,\"longitude\":null,\"altitude\":null,\"peloton_offset\":0,\"peloton_ask_start\":false,\"autoresistance\":true,\"nextrow\":\"N/A\",\"training_row_index\":0,\"training_row_elapsed\":0,\"training_row_open_ended\":false,\"training_row_wait_for_lap\":false,\"row_remaining_time_s\":0,\"row_remaining_time_m\":0,\"row_remaining_time_h\":0,\"remaining_time_s\":0,\"remaining_time_m\":0,\"remaining_time_h\":0,\"nickName\":\"N/A\",\"gears\":0,\"target_resistance\":0,\"target_peloton_resistance\":0,\"target_cadence\":0,\"target_power\":0,\"power_zone\":2.9,\"power_zone_lapavg\":2.877647058823533,\"power_zone_lapmax\":2.9,\"target_power_zone\":1,\"power_zone_color\":\"limegreen\",\"target_power_zone_color\":\"white\",\"peloton_resistance\":12,\"peloton_resistance_avg\":12,\"peloton_resistance_color\":\"white\",\"peloton_resistance_lapavg\":12,\"peloton_resistance_lapmax\":12,\"peloton_req_resistance\":0,\"cadence\":85,\"cadence_color\":\"white\",\"cadence_avg\":85,\"cadence_lapavg\":85,\"cadence_lapmax\":85,\"resistance\":12,\"resistance_avg\":12,\"resistance_lapavg\":12,\"resistance_lapmax\":12,\"cranks\":425,\"cranktime\":44706,\"req_power\":0,\"req_cadence\":0,\"req_resistance\":0,\"inclination\":0,\"inclination_avg\":0}}"
seg. ago. 17 17:15:18 2026 1786997718667 Debug: homeform.cpp void homeform::update() homeform::update fired! elapsed: 1003 jitter: -93
seg. ago. 17 17:15:18 2026 1786997718672 Debug: homeform.cpp void homeform::update() homeform::update tiles updated!
seg. ago. 17 17:15:18 2026 1786997718674 Debug: homeform.cpp void homeform::update() Current Distance 1s: 0.682349 28.5634 150
seg. ago. 17 17:15:18 2026 1786997718676 Debug: virtualdevices/virtualbike.cpp void virtualbike::bikeProvider() "bikeProvider" 0 2000 false
seg. ago. 17 17:15:18 2026 1786997718677 Debug: virtualdevices/virtualbike.cpp void virtualbike::bikeProvider() "virtual bike connected"
seg. ago. 17 17:15:18 2026 1786997718678 Debug: virtualdevices/virtualbike.cpp void virtualbike::writeCharacteristic(QLowEnergyService *, const QLowEnergyCharacteristic &, const QByteArray &) "virtualbike::writeCharacteristic Unknown Service  64 02 28 0b aa 00 0c 00 96 00 00 00"
seg. ago. 17 17:15:18 2026 1786997718680 Debug:   Write server characteristic with handle  9 "6402280baa000c0096000000" (service: "{00001826-0000-1000-8000-00805f9b34fb}"
seg. ago. 17 17:15:18 2026 1786997718682 Debug: virtualdevices/virtualbike.cpp void virtualbike::writeCharacteristic(QLowEnergyService *, const QLowEnergyCharacteristic &, const QByteArray &) "virtualbike::writeCharacteristic Heart Rate Heart Rate Measurement 00 00"
seg. ago. 17 17:15:18 2026 1786997718683 Debug:   Write server characteristic with handle  19 "0000" (service: "{0000180d-0000-1000-8000-00805f9b34fb}"
seg. ago. 17 17:15:18 2026 1786997718687 Debug: ./ergtable.h void ergTable::updateDataTable(const CadenceResistancePair &) Added/Updated point: C: 85 W: 150 R: 12
seg. ago. 17 17:15:18 2026 1786997718707 Debug: devices/bluetoothdevice.cpp void bluetoothdevice::update_hr_from_external() WearOS Companion Heart: 0
seg. ago. 17 17:15:18 2026 1786997718843 Debug: ./ergtable.h void ergTable::updateDataTable(const CadenceResistancePair &) Added/Updated point: C: 85 W: 150 R: 12
seg. ago. 17 17:15:18 2026 1786997718868 Debug: devices/bluetoothdevice.cpp void bluetoothdevice::update_hr_from_external() WearOS Companion Heart: 0
seg. ago. 17 17:15:19 2026 1786997719042 Debug: ./ergtable.h void ergTable::updateDataTable(const CadenceResistancePair &) Added/Updated point: C: 85 W: 150 R: 12
seg. ago. 17 17:15:19 2026 1786997719063 Debug: devices/bluetoothdevice.cpp void bluetoothdevice::update_hr_from_external() WearOS Companion Heart: 0
seg. ago. 17 17:15:19 2026 1786997719241 Debug: ./ergtable.h void ergTable::updateDataTable(const CadenceResistancePair &) Added/Updated point: C: 85 W: 150 R: 12
seg. ago. 17 17:15:19 2026 1786997719258 Debug: devices/bluetoothdevice.cpp void bluetoothdevice::update_hr_from_external() WearOS Companion Heart: 0
seg. ago. 17 17:15:19 2026 1786997719443 Debug: ./ergtable.h void ergTable::updateDataTable(const CadenceResistancePair &) Added/Updated point: C: 85 W: 150 R: 12
seg. ago. 17 17:15:19 2026 1786997719466 Debug: devices/bluetoothdevice.cpp void bluetoothdevice::update_hr_from_external() WearOS Companion Heart: 0
seg. ago. 17 17:15:19 2026 1786997719648 Debug: templateinfosender.cpp bool TemplateInfoSender::update(QJSEngine *) "eval res " "{\"msg\":\"workout\",\"content\":{\"BIKE_TYPE\":2,\"ELLIPTICAL_TYPE\":4,\"ROWING_TYPE\":3,\"TREADMILL_TYPE\":1,\"UNKNOWN_TYPE\":0,\"deviceId\":\"00:00:00:00:00:00\",\"deviceName\":\"N/A\",\"deviceRSSI\":1,\"deviceType\":2,\"deviceConnected\":true,\"devicePaused\":false,\"elapsed_s\":25,\"elapsed_m\":1,\"elapsed_h\":0,\"lapelapsed_s\":25,\"lapelapsed_m\":1,\"lapelapsed_h\":0,\"pace_s\":6,\"pace_m\":2,\"pace_h\":0,\"pace_color\":\"white\",\"avgpace_s\":6,\"avgpace_m\":2,\"avgpace_h\":0,\"maxpace_s\":6,\"maxpace_m\":2,\"maxpace_h\":0,\"moving_s\":25,\"moving_m\":1,\"moving_h\":0,\"speed\":28.56343234006481,\"speed_avg\":28.563433822547005,\"speed_color\":\"white\",\"speed_lapavg\":28.563433822547005,\"speed_lapmax\":28.563517581678,\"calories\":16.506066500000003,\"distance\":0.7135781426242803,\"heart\":0,\"heart_color\":\"lightsteelblue\",\"heart_avg\":124.07786558139533,\"heart_lapavg\":124.07786558139533,\"heart_max\":131.98506666666668,\"heart_lapmax\":131.98506666666668,\"target_heart_above\":0,\"target_heart_below\":0,\"jouls\":12875.250000000002,\"elevation\":0,\"difficult\":1,\"watts\":150,\"watts_avg\":150,\"watts_color\":\"limegreen\",\"watts_lapavg\":150,\"watts_max\":150,\"watts_lapmax\":150,\"kgwatts\":2,\"kgwatts_avg\":2,\"kgwatts_max\":2,\"workoutName\":\"Ride\",\"workoutStartDate\":\"seg. ago. 17 17:13:53 2026\",\"instructorName\":\"\",\"latitude\":null,\"longitude\":null,\"altitude\":null,\"peloton_offset\":0,\"peloton_ask_start\":false,\"autoresistance\":true,\"nextrow\":\"N/A\",\"training_row_index\":0,\"training_row_elapsed\":0,\"training_row_open_ended\":false,\"training_row_wait_for_lap\":false,\"row_remaining_time_s\":0,\"row_remaining_time_m\":0,\"row_remaining_time_h\":0,\"remaining_time_s\":0,\"remaining_time_m\":0,\"remaining_time_h\":0,\"nickName\":\"N/A\",\"gears\":0,\"target_resistance\":0,\"target_peloton_resistance\":0,\"target_cadence\":0,\"target_power\":0,\"power_zone\":2.9,\"power_zone_lapavg\":2.87790697674419,\"power_zone_lapmax\":2.9,\"target_power_zone\":1,\"power_zone_color\":\"limegreen\",\"target_power_zone_color\":\"white\",\"peloton_resistance\":12,\"peloton_resistance_avg\":12,\"peloton_resistance_color\":\"white\",\"peloton_resistance_lapavg\":12,\"peloton_resistance_lapmax\":12,\"peloton_req_resistance\":0,\"cadence\":85,\"cadence_color\":\"white\",\"cadence_avg\":85,\"cadence_lapavg\":85,\"cadence_lapmax\":85,\"resistance\":12,\"resistance_avg\":12,\"resistance_lapavg\":12,\"resistance_lapmax\":12,\"cranks\":430,\"cranktime\":48316,\"req_power\":0,\"req_cadence\":0,\"req_resistance\":0,\"inclination\":0,\"inclination_avg\":0}}"
seg. ago. 17 17:15:19 2026 1786997719671 Debug: homeform.cpp void homeform::update() homeform::update fired! elapsed: 1004 jitter: -89
seg. ago. 17 17:15:19 2026 1786997719680 Debug: homeform.cpp void homeform::update() homeform::update tiles updated!
seg. ago. 17 17:15:19 2026 1786997719682 Debug: homeform.cpp void homeform::update() Current Distance 1s: 0.690283 28.5634 150
seg. ago. 17 17:15:19 2026 1786997719685 Debug: virtualdevices/virtualbike.cpp void virtualbike::bikeProvider() "bikeProvider" 0 2000 false
seg. ago. 17 17:15:19 2026 1786997719686 Debug: virtualdevices/virtualbike.cpp void virtualbike::bikeProvider() "virtual bike connected"
seg. ago. 17 17:15:19 2026 1786997719687 Debug: virtualdevices/virtualbike.cpp void virtualbike::writeCharacteristic(QLowEnergyService *, const QLowEnergyCharacteristic &, const QByteArray &) "virtualbike::writeCharacteristic Unknown Service  64 02 28 0b aa 00 0c 00 96 00 00 00"
seg. ago. 17 17:15:19 2026 1786997719688 Debug:   Write server characteristic with handle  9 "6402280baa000c0096000000" (service: "{00001826-0000-1000-8000-00805f9b34fb}"
seg. ago. 17 17:15:19 2026 1786997719690 Debug: virtualdevices/virtualbike.cpp void virtualbike::writeCharacteristic(QLowEnergyService *, const QLowEnergyCharacteristic &, const QByteArray &) "virtualbike::writeCharacteristic Heart Rate Heart Rate Measurement 00 00"
seg. ago. 17 17:15:19 2026 1786997719691 Debug:   Write server characteristic with handle  19 "0000" (service: "{0000180d-0000-1000-8000-00805f9b34fb}"
seg. ago. 17 17:15:19 2026 1786997719696 Debug: ./ergtable.h void ergTable::updateDataTable(const CadenceResistancePair &) Added/Updated point: C: 85 W: 150 R: 12
seg. ago. 17 17:15:19 2026 1786997719715 Debug: devices/bluetoothdevice.cpp void bluetoothdevice::update_hr_from_external() WearOS Companion Heart: 0
seg. ago. 17 17:15:19 2026 1786997719841 Debug: ./ergtable.h void ergTable::updateDataTable(const CadenceResistancePair &) Added/Updated point: C: 85 W: 150 R: 12
seg. ago. 17 17:15:19 2026 1786997719858 Debug: devices/bluetoothdevice.cpp void bluetoothdevice::update_hr_from_external() WearOS Companion Heart: 0
seg. ago. 17 17:15:20 2026 1786997720042 Debug: ./ergtable.h void ergTable::updateDataTable(const CadenceResistancePair &) Added/Updated point: C: 85 W: 150 R: 12
seg. ago. 17 17:15:20 2026 1786997720058 Debug: devices/bluetoothdevice.cpp void bluetoothdevice::update_hr_from_external() WearOS Companion Heart: 0
seg. ago. 17 17:15:20 2026 1786997720246 Debug: ./ergtable.h void ergTable::updateDataTable(const CadenceResistancePair &) Added/Updated point: C: 85 W: 150 R: 12
seg. ago. 17 17:15:20 2026 1786997720276 Debug: devices/bluetoothdevice.cpp void bluetoothdevice::update_hr_from_external() WearOS Companion Heart: 0
seg. ago. 17 17:15:20 2026 1786997720447 Debug: ./ergtable.h void ergTable::updateDataTable(const CadenceResistancePair &) Added/Updated point: C: 85 W: 150 R: 12
seg. ago. 17 17:15:20 2026 1786997720475 Debug: devices/bluetoothdevice.cpp void bluetoothdevice::update_hr_from_external() WearOS Companion Heart: 0
seg. ago. 17 17:15:20 2026 1786997720645 Debug: templateinfosender.cpp bool TemplateInfoSender::update(QJSEngine *) "eval res " "{\"msg\":\"workout\",\"content\":{\"BIKE_TYPE\":2,\"ELLIPTICAL_TYPE\":4,\"ROWING_TYPE\":3,\"TREADMILL_TYPE\":1,\"UNKNOWN_TYPE\":0,\"deviceId\":\"00:00:00:00:00:00\",\"deviceName\":\"N/A\",\"deviceRSSI\":1,\"deviceType\":2,\"deviceConnected\":true,\"devicePaused\":false,\"elapsed_s\":26,\"elapsed_m\":1,\"elapsed_h\":0,\"lapelapsed_s\":26,\"lapelapsed_m\":1,\"lapelapsed_h\":0,\"pace_s\":6,\"pace_m\":2,\"pace_h\":0,\"pace_color\":\"white\",\"avgpace_s\":6,\"avgpace_m\":2,\"avgpace_h\":0,\"maxpace_s\":6,\"maxpace_m\":2,\"maxpace_h\":0,\"moving_s\":26,\"moving_m\":1,\"moving_h\":0,\"speed\":28.56343234006481,\"speed_avg\":28.56343380550698,\"speed_color\":\"white\",\"speed_lapavg\":28.56343380550698,\"speed_lapmax\":28.563517581678,\"calories\":16.689964812500005,\"distance\":0.7215282979589317,\"heart\":0,\"heart_color\":\"lightsteelblue\",\"heart_avg\":124.08942229885055,\"heart_lapavg\":124.08942229885055,\"heart_max\":131.98506666666668,\"heart_lapmax\":131.98506666666668,\"target_heart_above\":0,\"target_heart_below\":0,\"jouls\":13025.700000000003,\"elevation\":0,\"difficult\":1,\"watts\":150,\"watts_avg\":150,\"watts_color\":\"limegreen\",\"watts_lapavg\":150,\"watts_max\":150,\"watts_lapmax\":150,\"kgwatts\":2,\"kgwatts_avg\":2,\"kgwatts_max\":2,\"workoutName\":\"Ride\",\"workoutStartDate\":\"seg. ago. 17 17:13:53 2026\",\"instructorName\":\"\",\"latitude\":null,\"longitude\":null,\"altitude\":null,\"peloton_offset\":0,\"peloton_ask_start\":false,\"autoresistance\":true,\"nextrow\":\"N/A\",\"training_row_index\":0,\"training_row_elapsed\":0,\"training_row_open_ended\":false,\"training_row_wait_for_lap\":false,\"row_remaining_time_s\":0,\"row_remaining_time_m\":0,\"row_remaining_time_h\":0,\"remaining_time_s\":0,\"remaining_time_m\":0,\"remaining_time_h\":0,\"nickName\":\"N/A\",\"gears\":0,\"target_resistance\":0,\"target_peloton_resistance\":0,\"target_cadence\":0,\"target_power\":0,\"power_zone\":2.9,\"power_zone_lapavg\":2.878160919540234,\"power_zone_lapmax\":2.9,\"target_power_zone\":1,\"power_zone_color\":\"limegreen\",\"target_power_zone_color\":\"white\",\"peloton_resistance\":12,\"peloton_resistance_avg\":12,\"peloton_resistance_color\":\"white\",\"peloton_resistance_lapavg\":12,\"peloton_resistance_lapmax\":12,\"peloton_req_resistance\":0,\"cadence\":85,\"cadence_color\":\"white\",\"cadence_avg\":85,\"cadence_lapavg\":85,\"cadence_lapmax\":85,\"resistance\":12,\"resistance_avg\":12,\"resistance_lapavg\":12,\"resistance_lapmax\":12,\"cranks\":435,\"cranktime\":51926,\"req_power\":0,\"req_cadence\":0,\"req_resistance\":0,\"inclination\":0,\"inclination_avg\":0}}"
seg. ago. 17 17:15:20 2026 1786997720657 Debug: homeform.cpp void homeform::update() homeform::update fired! elapsed: 987 jitter: -102
seg. ago. 17 17:15:20 2026 1786997720664 Debug: homeform.cpp void homeform::update() homeform::update tiles updated!
seg. ago. 17 17:15:20 2026 1786997720665 Debug: homeform.cpp void homeform::update() Current Distance 1s: 0.698217 28.5634 150
seg. ago. 17 17:15:20 2026 1786997720668 Debug: virtualdevices/virtualbike.cpp void virtualbike::bikeProvider() "bikeProvider" 0 2000 false
seg. ago. 17 17:15:20 2026 1786997720669 Debug: virtualdevices/virtualbike.cpp void virtualbike::bikeProvider() "virtual bike connected"
seg. ago. 17 17:15:20 2026 1786997720671 Debug: virtualdevices/virtualbike.cpp void virtualbike::writeCharacteristic(QLowEnergyService *, const QLowEnergyCharacteristic &, const QByteArray &) "virtualbike::writeCharacteristic Unknown Service  64 02 28 0b aa 00 0c 00 96 00 00 00"
seg. ago. 17 17:15:20 2026 1786997720672 Debug:   Write server characteristic with handle  9 "6402280baa000c0096000000" (service: "{00001826-0000-1000-8000-00805f9b34fb}"
seg. ago. 17 17:15:20 2026 1786997720673 Debug: virtualdevices/virtualbike.cpp void virtualbike::writeCharacteristic(QLowEnergyService *, const QLowEnergyCharacteristic &, const QByteArray &) "virtualbike::writeCharacteristic Heart Rate Heart Rate Measurement 00 00"
seg. ago. 17 17:15:20 2026 1786997720675 Debug:   Write server characteristic with handle  19 "0000" (service: "{0000180d-0000-1000-8000-00805f9b34fb}"
seg. ago. 17 17:15:20 2026 1786997720680 Debug: ./ergtable.h void ergTable::updateDataTable(const CadenceResistancePair &) Added/Updated point: C: 85 W: 150 R: 12
seg. ago. 17 17:15:20 2026 1786997720698 Debug: devices/bluetoothdevice.cpp void bluetoothdevice::update_hr_from_external() WearOS Companion Heart: 0
seg. ago. 17 17:15:20 2026 1786997720841 Debug: ./ergtable.h void ergTable::updateDataTable(const CadenceResistancePair &) Added/Updated point: C: 85 W: 150 R: 12
seg. ago. 17 17:15:20 2026 1786997720884 Debug: devices/bluetoothdevice.cpp void bluetoothdevice::update_hr_from_external() WearOS Companion Heart: 0
seg. ago. 17 17:15:21 2026 1786997721043 Debug: ./ergtable.h void ergTable::updateDataTable(const CadenceResistancePair &) Added/Updated point: C: 85 W: 150 R: 12
seg. ago. 17 17:15:21 2026 1786997721062 Debug: devices/bluetoothdevice.cpp void bluetoothdevice::update_hr_from_external() WearOS Companion Heart: 0
seg. ago. 17 17:15:21 2026 1786997721243 Debug: ./ergtable.h void ergTable::updateDataTable(const CadenceResistancePair &) Added/Updated point: C: 85 W: 150 R: 12
seg. ago. 17 17:15:21 2026 1786997721264 Debug: devices/bluetoothdevice.cpp void bluetoothdevice::update_hr_from_external() WearOS Companion Heart: 0
seg. ago. 17 17:15:21 2026 1786997721444 Debug: ./ergtable.h void ergTable::updateDataTable(const CadenceResistancePair &) Added/Updated point: C: 85 W: 150 R: 12
seg. ago. 17 17:15:21 2026 1786997721469 Debug: devices/bluetoothdevice.cpp void bluetoothdevice::update_hr_from_external() WearOS Companion Heart: 0
seg. ago. 17 17:15:21 2026 1786997721645 Debug: templateinfosender.cpp bool TemplateInfoSender::update(QJSEngine *) "eval res " "{\"msg\":\"workout\",\"content\":{\"BIKE_TYPE\":2,\"ELLIPTICAL_TYPE\":4,\"ROWING_TYPE\":3,\"TREADMILL_TYPE\":1,\"UNKNOWN_TYPE\":0,\"deviceId\":\"00:00:00:00:00:00\",\"deviceName\":\"N/A\",\"deviceRSSI\":1,\"deviceType\":2,\"deviceConnected\":true,\"devicePaused\":false,\"elapsed_s\":27,\"elapsed_m\":1,\"elapsed_h\":0,\"lapelapsed_s\":27,\"lapelapsed_m\":1,\"lapelapsed_h\":0,\"pace_s\":6,\"pace_m\":2,\"pace_h\":0,\"pace_color\":\"white\",\"avgpace_s\":6,\"avgpace_m\":2,\"avgpace_h\":0,\"maxpace_s\":6,\"maxpace_m\":2,\"maxpace_h\":0,\"moving_s\":27,\"moving_m\":1,\"moving_h\":0,\"speed\":28.56343234006481,\"speed_avg\":28.563433788854223,\"speed_color\":\"white\",\"speed_lapavg\":28.563433788854223,\"speed_lapmax\":28.563517581678,\"calories\":16.873129000000006,\"distance\":0.7294467161465386,\"heart\":0,\"heart_color\":\"lightsteelblue\",\"heart_avg\":124.10335780303026,\"heart_lapavg\":124.10335780303026,\"heart_max\":131.98506666666668,\"heart_lapmax\":131.98506666666668,\"target_heart_above\":0,\"target_heart_below\":0,\"jouls\":13175.400000000001,\"elevation\":0,\"difficult\":1,\"watts\":150,\"watts_avg\":150,\"watts_color\":\"limegreen\",\"watts_lapavg\":150,\"watts_max\":150,\"watts_lapmax\":150,\"kgwatts\":2,\"kgwatts_avg\":2,\"kgwatts_max\":2,\"workoutName\":\"Ride\",\"workoutStartDate\":\"seg. ago. 17 17:13:53 2026\",\"instructorName\":\"\",\"latitude\":null,\"longitude\":null,\"altitude\":null,\"peloton_offset\":0,\"peloton_ask_start\":false,\"autoresistance\":true,\"nextrow\":\"N/A\",\"training_row_index\":0,\"training_row_elapsed\":0,\"training_row_open_ended\":false,\"training_row_wait_for_lap\":false,\"row_remaining_time_s\":0,\"row_remaining_time_m\":0,\"row_remaining_time_h\":0,\"remaining_time_s\":0,\"remaining_time_m\":0,\"remaining_time_h\":0,\"nickName\":\"N/A\",\"gears\":0,\"target_resistance\":0,\"target_peloton_resistance\":0,\"target_cadence\":0,\"target_power\":0,\"power_zone\":2.9,\"power_zone_lapavg\":2.878409090909095,\"power_zone_lapmax\":2.9,\"target_power_zone\":1,\"power_zone_color\":\"limegreen\",\"target_power_zone_color\":\"white\",\"peloton_resistance\":12,\"peloton_resistance_avg\":12,\"peloton_resistance_color\":\"white\",\"peloton_resistance_lapavg\":12,\"peloton_resistance_lapmax\":12,\"peloton_req_resistance\":0,\"cadence\":85,\"cadence_color\":\"white\",\"cadence_avg\":85,\"cadence_lapavg\":85,\"cadence_lapmax\":85,\"resistance\":12,\"resistance_avg\":12,\"resistance_lapavg\":12,\"resistance_lapmax\":12,\"cranks\":440,\"cranktime\":55536,\"req_power\":0,\"req_cadence\":0,\"req_resistance\":0,\"inclination\":0,\"inclination_avg\":0}}"
seg. ago. 17 17:15:21 2026 1786997721658 Debug: homeform.cpp void homeform::update() homeform::update fired! elapsed: 1001 jitter: -101
seg. ago. 17 17:15:21 2026 1786997721666 Debug: homeform.cpp void homeform::update() homeform::update tiles updated!
seg. ago. 17 17:15:21 2026 1786997721668 Debug: homeform.cpp void homeform::update() Current Distance 1s: 0.706152 28.5634 150
seg. ago. 17 17:15:21 2026 1786997721671 Debug: virtualdevices/virtualbike.cpp void virtualbike::bikeProvider() "bikeProvider" 0 2000 false
seg. ago. 17 17:15:21 2026 1786997721673 Debug: virtualdevices/virtualbike.cpp void virtualbike::bikeProvider() "virtual bike connected"
seg. ago. 17 17:15:21 2026 1786997721675 Debug: virtualdevices/virtualbike.cpp void virtualbike::writeCharacteristic(QLowEnergyService *, const QLowEnergyCharacteristic &, const QByteArray &) "virtualbike::writeCharacteristic Unknown Service  64 02 28 0b aa 00 0c 00 96 00 00 00"
seg. ago. 17 17:15:21 2026 1786997721676 Debug:   Write server characteristic with handle  9 "6402280baa000c0096000000" (service: "{00001826-0000-1000-8000-00805f9b34fb}"
seg. ago. 17 17:15:21 2026 1786997721679 Debug: virtualdevices/virtualbike.cpp void virtualbike::writeCharacteristic(QLowEnergyService *, const QLowEnergyCharacteristic &, const QByteArray &) "virtualbike::writeCharacteristic Heart Rate Heart Rate Measurement 00 00"
seg. ago. 17 17:15:21 2026 1786997721680 Debug:   Write server characteristic with handle  19 "0000" (service: "{0000180d-0000-1000-8000-00805f9b34fb}"
seg. ago. 17 17:15:21 2026 1786997721685 Debug: ./ergtable.h void ergTable::updateDataTable(const CadenceResistancePair &) Added/Updated point: C: 85 W: 150 R: 12
seg. ago. 17 17:15:21 2026 1786997721708 Debug: devices/bluetoothdevice.cpp void bluetoothdevice::update_hr_from_external() WearOS Companion Heart: 0
seg. ago. 17 17:15:21 2026 1786997721843 Debug: ./ergtable.h void ergTable::updateDataTable(const CadenceResistancePair &) Added/Updated point: C: 85 W: 150 R: 12
seg. ago. 17 17:15:21 2026 1786997721860 Debug: devices/bluetoothdevice.cpp void bluetoothdevice::update_hr_from_external() WearOS Companion Heart: 0
seg. ago. 17 17:15:22 2026 1786997722042 Debug: ./ergtable.h void ergTable::updateDataTable(const CadenceResistancePair &) Added/Updated point: C: 85 W: 150 R: 12
seg. ago. 17 17:15:22 2026 1786997722055 Debug: devices/bluetoothdevice.cpp void bluetoothdevice::update_hr_from_external() WearOS Companion Heart: 0
seg. ago. 17 17:15:22 2026 1786997722241 Debug: ./ergtable.h void ergTable::updateDataTable(const CadenceResistancePair &) Added/Updated point: C: 85 W: 150 R: 12
seg. ago. 17 17:15:22 2026 1786997722260 Debug: devices/bluetoothdevice.cpp void bluetoothdevice::update_hr_from_external() WearOS Companion Heart: 0
seg. ago. 17 17:15:22 2026 1786997722443 Debug: ./ergtable.h void ergTable::updateDataTable(const CadenceResistancePair &) Added/Updated point: C: 85 W: 150 R: 12
seg. ago. 17 17:15:22 2026 1786997722463 Debug: devices/bluetoothdevice.cpp void bluetoothdevice::update_hr_from_external() WearOS Companion Heart: 0
seg. ago. 17 17:15:22 2026 1786997722644 Debug: templateinfosender.cpp bool TemplateInfoSender::update(QJSEngine *) "eval res " "{\"msg\":\"workout\",\"content\":{\"BIKE_TYPE\":2,\"ELLIPTICAL_TYPE\":4,\"ROWING_TYPE\":3,\"TREADMILL_TYPE\":1,\"UNKNOWN_TYPE\":0,\"deviceId\":\"00:00:00:00:00:00\",\"deviceName\":\"N/A\",\"deviceRSSI\":1,\"deviceType\":2,\"deviceConnected\":true,\"devicePaused\":false,\"elapsed_s\":28,\"elapsed_m\":1,\"elapsed_h\":0,\"lapelapsed_s\":28,\"lapelapsed_m\":1,\"lapelapsed_h\":0,\"pace_s\":6,\"pace_m\":2,\"pace_h\":0,\"pace_color\":\"white\",\"avgpace_s\":6,\"avgpace_m\":2,\"avgpace_h\":0,\"maxpace_s\":6,\"maxpace_m\":2,\"maxpace_h\":0,\"moving_s\":28,\"moving_m\":1,\"moving_h\":0,\"speed\":28.56343234006481,\"speed_avg\":28.563433772575685,\"speed_color\":\"white\",\"speed_lapavg\":28.563433772575685,\"speed_lapmax\":28.563517581678,\"calories\":17.05647671875001,\"distance\":0.7373730686209066,\"heart\":0,\"heart_color\":\"lightsteelblue\",\"heart_avg\":124.11960397003743,\"heart_lapavg\":124.11960397003743,\"heart_max\":131.98506666666668,\"heart_lapmax\":131.98506666666668,\"target_heart_above\":0,\"target_heart_below\":0,\"jouls\":13325.1,\"elevation\":0,\"difficult\":1,\"watts\":150,\"watts_avg\":150,\"watts_color\":\"limegreen\",\"watts_lapavg\":150,\"watts_max\":150,\"watts_lapmax\":150,\"kgwatts\":2,\"kgwatts_avg\":2,\"kgwatts_max\":2,\"workoutName\":\"Ride\",\"workoutStartDate\":\"seg. ago. 17 17:13:53 2026\",\"instructorName\":\"\",\"latitude\":null,\"longitude\":null,\"altitude\":null,\"peloton_offset\":0,\"peloton_ask_start\":false,\"autoresistance\":true,\"nextrow\":\"N/A\",\"training_row_index\":0,\"training_row_elapsed\":0,\"training_row_open_ended\":false,\"training_row_wait_for_lap\":false,\"row_remaining_time_s\":0,\"row_remaining_time_m\":0,\"row_remaining_time_h\":0,\"remaining_time_s\":0,\"remaining_time_m\":0,\"remaining_time_h\":0,\"nickName\":\"N/A\",\"gears\":0,\"target_resistance\":0,\"target_peloton_resistance\":0,\"target_cadence\":0,\"target_power\":0,\"power_zone\":2.9,\"power_zone_lapavg\":2.878651685393262,\"power_zone_lapmax\":2.9,\"target_power_zone\":1,\"power_zone_color\":\"limegreen\",\"target_power_zone_color\":\"white\",\"peloton_resistance\":12,\"peloton_resistance_avg\":12,\"peloton_resistance_color\":\"white\",\"peloton_resistance_lapavg\":12,\"peloton_resistance_lapmax\":12,\"peloton_req_resistance\":0,\"cadence\":85,\"cadence_color\":\"white\",\"cadence_avg\":85,\"cadence_lapavg\":85,\"cadence_lapmax\":85,\"resistance\":12,\"resistance_avg\":12,\"resistance_lapavg\":12,\"resistance_lapmax\":12,\"cranks\":445,\"cranktime\":59146,\"req_power\":0,\"req_cadence\":0,\"req_resistance\":0,\"inclination\":0,\"inclination_avg\":0}}"
seg. ago. 17 17:15:22 2026 1786997722653 Debug: homeform.cpp void homeform::update() homeform::update fired! elapsed: 994 jitter: -107
seg. ago. 17 17:15:22 2026 1786997722658 Debug: homeform.cpp void homeform::update() homeform::update tiles updated!
seg. ago. 17 17:15:22 2026 1786997722660 Debug: homeform.cpp void homeform::update() Current Distance 1s: 0.714086 28.5634 150
seg. ago. 17 17:15:22 2026 1786997722662 Debug: virtualdevices/virtualbike.cpp void virtualbike::bikeProvider() "bikeProvider" 0 2000 false
seg. ago. 17 17:15:22 2026 1786997722664 Debug: virtualdevices/virtualbike.cpp void virtualbike::bikeProvider() "virtual bike connected"
seg. ago. 17 17:15:22 2026 1786997722665 Debug: virtualdevices/virtualbike.cpp void virtualbike::writeCharacteristic(QLowEnergyService *, const QLowEnergyCharacteristic &, const QByteArray &) "virtualbike::writeCharacteristic Unknown Service  64 02 28 0b aa 00 0c 00 96 00 00 00"
seg. ago. 17 17:15:22 2026 1786997722666 Debug:   Write server characteristic with handle  9 "6402280baa000c0096000000" (service: "{00001826-0000-1000-8000-00805f9b34fb}"
seg. ago. 17 17:15:22 2026 1786997722668 Debug: virtualdevices/virtualbike.cpp void virtualbike::writeCharacteristic(QLowEnergyService *, const QLowEnergyCharacteristic &, const QByteArray &) "virtualbike::writeCharacteristic Heart Rate Heart Rate Measurement 00 00"
seg. ago. 17 17:15:22 2026 1786997722669 Debug:   Write server characteristic with handle  19 "0000" (service: "{0000180d-0000-1000-8000-00805f9b34fb}"
seg. ago. 17 17:15:22 2026 1786997722673 Debug: ./ergtable.h void ergTable::updateDataTable(const CadenceResistancePair &) Added/Updated point: C: 85 W: 150 R: 12
seg. ago. 17 17:15:22 2026 1786997722690 Debug: devices/bluetoothdevice.cpp void bluetoothdevice::update_hr_from_external() WearOS Companion Heart: 0
seg. ago. 17 17:15:22 2026 1786997722691 Debug: homeform.cpp void homeform::licenseReply(QNetworkReply *) ""
