seg. ago. 17 16:07:58 2026 1786993678747 Debug: main.cpp int main(int, char **) "version " "2.21.6"
seg. ago. 17 16:07:58 2026 1786993678755 Debug: main.cpp int main(int, char **) "QZ fork release" "2.21.6-qz.1"
seg. ago. 17 16:07:58 2026 1786993678758 Debug: main.cpp int main(int, char **) "QZ build" "fccce0d" "Qt" 5.15.0 "on" "Android  (16.0)"
seg. ago. 17 16:07:58 2026 1786993678761 Debug: main.cpp int main(int, char **) "age" QVariant(QString, "35")
seg. ago. 17 16:07:58 2026 1786993678762 Debug: main.cpp int main(int, char **) "android_antbike" QVariant(QString, "false")
seg. ago. 17 16:07:58 2026 1786993678763 Debug: main.cpp int main(int, char **) "android_documents_folder" QVariant(QString, "true")
seg. ago. 17 16:07:58 2026 1786993678764 Debug: main.cpp int main(int, char **) "android_notification" QVariant(QString, "false")
seg. ago. 17 16:07:58 2026 1786993678764 Debug: main.cpp int main(int, char **) "android_wakelock" QVariant(QString, "true")
seg. ago. 17 16:07:58 2026 1786993678766 Debug: main.cpp int main(int, char **) "ant_bike_device_number" QVariant(QString, "0")
seg. ago. 17 16:07:58 2026 1786993678769 Debug: main.cpp int main(int, char **) "ant_cadence" QVariant(QString, "false")
seg. ago. 17 16:07:58 2026 1786993678772 Debug: main.cpp int main(int, char **) "ant_garmin" QVariant(QString, "false")
seg. ago. 17 16:07:58 2026 1786993678772 Debug: main.cpp int main(int, char **) "ant_heart" QVariant(QString, "false")
seg. ago. 17 16:07:58 2026 1786993678773 Debug: main.cpp int main(int, char **) "ant_heart_device_number" QVariant(QString, "0")
seg. ago. 17 16:07:58 2026 1786993678774 Debug: main.cpp int main(int, char **) "ant_speed_gain" QVariant(QString, "1")
seg. ago. 17 16:07:58 2026 1786993678774 Debug: main.cpp int main(int, char **) "ant_speed_offset" QVariant(QString, "0")
seg. ago. 17 16:07:58 2026 1786993678775 Debug: main.cpp int main(int, char **) "antbike" QVariant(QString, "false")
seg. ago. 17 16:07:58 2026 1786993678775 Debug: main.cpp int main(int, char **) "app_language" QVariant(QString, "auto")
seg. ago. 17 16:07:58 2026 1786993678776 Debug: main.cpp int main(int, char **) "app_opening" QVariant(QString, "4")
seg. ago. 17 16:07:58 2026 1786993678776 Debug: main.cpp int main(int, char **) "applewatch_as_treadmill_speed" QVariant(QString, "false")
seg. ago. 17 16:07:58 2026 1786993678777 Debug: main.cpp int main(int, char **) "applewatch_fakedevice" QVariant(QString, "false")
seg. ago. 17 16:07:58 2026 1786993678777 Debug: main.cpp int main(int, char **) "asviva_bike" QVariant(QString, "false")
seg. ago. 17 16:07:58 2026 1786993678777 Debug: main.cpp int main(int, char **) "atletica_lightspeed_treadmill" QVariant(QString, "false")
seg. ago. 17 16:07:58 2026 1786993678778 Debug: main.cpp int main(int, char **) "autolap_distance" QVariant(QString, "0")
seg. ago. 17 16:07:58 2026 1786993678778 Debug: main.cpp int main(int, char **) "automatic_virtual_shifting_climb_gear_down_cadence" QVariant(QString, "65")
seg. ago. 17 16:07:58 2026 1786993678779 Debug: main.cpp int main(int, char **) "automatic_virtual_shifting_climb_gear_down_time" QVariant(QString, "2")
seg. ago. 17 16:07:58 2026 1786993678779 Debug: main.cpp int main(int, char **) "automatic_virtual_shifting_climb_gear_up_cadence" QVariant(QString, "95")
seg. ago. 17 16:07:58 2026 1786993678779 Debug: main.cpp int main(int, char **) "automatic_virtual_shifting_climb_gear_up_time" QVariant(QString, "2")
seg. ago. 17 16:07:58 2026 1786993678780 Debug: main.cpp int main(int, char **) "automatic_virtual_shifting_enabled" QVariant(QString, "false")
seg. ago. 17 16:07:58 2026 1786993678780 Debug: main.cpp int main(int, char **) "automatic_virtual_shifting_gear_down_cadence" QVariant(QString, "65")
seg. ago. 17 16:07:58 2026 1786993678781 Debug: main.cpp int main(int, char **) "automatic_virtual_shifting_gear_down_time" QVariant(QString, "2")
seg. ago. 17 16:07:58 2026 1786993678781 Debug: main.cpp int main(int, char **) "automatic_virtual_shifting_gear_up_cadence" QVariant(QString, "95")
seg. ago. 17 16:07:58 2026 1786993678782 Debug: main.cpp int main(int, char **) "automatic_virtual_shifting_gear_up_time" QVariant(QString, "2")
seg. ago. 17 16:07:58 2026 1786993678782 Debug: main.cpp int main(int, char **) "automatic_virtual_shifting_profile" QVariant(QString, "0")
seg. ago. 17 16:07:58 2026 1786993678783 Debug: main.cpp int main(int, char **) "automatic_virtual_shifting_sprint_gear_down_cadence" QVariant(QString, "65")
seg. ago. 17 16:07:58 2026 1786993678784 Debug: main.cpp int main(int, char **) "automatic_virtual_shifting_sprint_gear_down_time" QVariant(QString, "2")
seg. ago. 17 16:07:58 2026 1786993678785 Debug: main.cpp int main(int, char **) "automatic_virtual_shifting_sprint_gear_up_cadence" QVariant(QString, "95")
seg. ago. 17 16:07:58 2026 1786993678786 Debug: main.cpp int main(int, char **) "automatic_virtual_shifting_sprint_gear_up_time" QVariant(QString, "2")
seg. ago. 17 16:07:58 2026 1786993678787 Debug: main.cpp int main(int, char **) "battery_service" QVariant(QString, "false")
seg. ago. 17 16:07:58 2026 1786993678788 Debug: main.cpp int main(int, char **) "bh_spada_2" QVariant(QString, "false")
seg. ago. 17 16:07:58 2026 1786993678789 Debug: main.cpp int main(int, char **) "bh_spada_2_watt" QVariant(QString, "false")
seg. ago. 17 16:07:58 2026 1786993678790 Debug: main.cpp int main(int, char **) "bike_cadence_sensor" QVariant(QString, "false")
seg. ago. 17 16:07:58 2026 1786993678790 Debug: main.cpp int main(int, char **) "bike_heartrate_service" QVariant(QString, "false")
seg. ago. 17 16:07:58 2026 1786993678790 Debug: main.cpp int main(int, char **) "bike_power_offset" QVariant(QString, "0")
seg. ago. 17 16:07:58 2026 1786993678791 Debug: main.cpp int main(int, char **) "bike_power_sensor" QVariant(QString, "false")
seg. ago. 17 16:07:58 2026 1786993678791 Debug: main.cpp int main(int, char **) "bike_resistance_gain_f" QVariant(QString, "1")
seg. ago. 17 16:07:58 2026 1786993678792 Debug: main.cpp int main(int, char **) "bike_resistance_offset" QVariant(QString, "4")
seg. ago. 17 16:07:58 2026 1786993678792 Debug: main.cpp int main(int, char **) "bike_resistance_start" QVariant(QString, "1")
seg. ago. 17 16:07:58 2026 1786993678793 Debug: main.cpp int main(int, char **) "bike_weight" QVariant(QString, "0")
seg. ago. 17 16:07:58 2026 1786993678793 Debug: main.cpp int main(int, char **) "bluetooth_30m_hangs" QVariant(QString, "false")
seg. ago. 17 16:07:58 2026 1786993678794 Debug: main.cpp int main(int, char **) "bluetooth_relaxed" QVariant(QString, "false")
seg. ago. 17 16:07:58 2026 1786993678794 Debug: main.cpp int main(int, char **) "cadence_gain" QVariant(QString, "1")
seg. ago. 17 16:07:58 2026 1786993678795 Debug: main.cpp int main(int, char **) "cadence_offset" QVariant(QString, "0")
seg. ago. 17 16:07:58 2026 1786993678796 Debug: main.cpp int main(int, char **) "cadence_sensor_as_bike" QVariant(QString, "false")
seg. ago. 17 16:07:58 2026 1786993678797 Debug: main.cpp int main(int, char **) "cadence_sensor_as_treadmill" QVariant(QString, "false")
seg. ago. 17 16:07:58 2026 1786993678798 Debug: main.cpp int main(int, char **) "cadence_sensor_name" QVariant(QString, "Disabled")
seg. ago. 17 16:07:58 2026 1786993678800 Debug: main.cpp int main(int, char **) "cadence_sensor_speed_ratio" QVariant(QString, "0.33")
seg. ago. 17 16:07:58 2026 1786993678801 Debug: main.cpp int main(int, char **) "calories_active_only" QVariant(QString, "false")
seg. ago. 17 16:07:58 2026 1786993678802 Debug: main.cpp int main(int, char **) "calories_from_hr" QVariant(QString, "false")
seg. ago. 17 16:07:58 2026 1786993678803 Debug: main.cpp int main(int, char **) "chart_display_mode" QVariant(QString, "0")
seg. ago. 17 16:07:58 2026 1786993678804 Debug: main.cpp int main(int, char **) "computrainer_serialport" QVariant(QString, "")
seg. ago. 17 16:07:58 2026 1786993678807 Debug: main.cpp int main(int, char **) "confirm_stop_workout" QVariant(QString, "false")
seg. ago. 17 16:07:58 2026 1786993678810 Debug: main.cpp int main(int, char **) "continuous_moving" QVariant(QString, "false")
seg. ago. 17 16:07:58 2026 1786993678811 Debug: main.cpp int main(int, char **) "crrGain" QVariant(QString, "0")
seg. ago. 17 16:07:58 2026 1786993678812 Debug: main.cpp int main(int, char **) "csafe_elliptical_port" QVariant(QString, "")
seg. ago. 17 16:07:58 2026 1786993678815 Debug: main.cpp int main(int, char **) "csafe_rower" QVariant(QString, "")
seg. ago. 17 16:07:58 2026 1786993678817 Debug: main.cpp int main(int, char **) "cscbike_custom_resistance_level_1" QVariant(QString, "1")
seg. ago. 17 16:07:58 2026 1786993678819 Debug: main.cpp int main(int, char **) "cscbike_custom_resistance_level_2" QVariant(QString, "15")
seg. ago. 17 16:07:58 2026 1786993678821 Debug: main.cpp int main(int, char **) "cscbike_custom_resistance_power_table" QVariant(QString, "false")
seg. ago. 17 16:07:58 2026 1786993678822 Debug: main.cpp int main(int, char **) "cscbike_custom_watt_1" QVariant(QString, "100")
seg. ago. 17 16:07:58 2026 1786993678822 Debug: main.cpp int main(int, char **) "cscbike_custom_watt_2" QVariant(QString, "300")
seg. ago. 17 16:07:58 2026 1786993678823 Debug: main.cpp int main(int, char **) "cwGain" QVariant(QString, "0")
seg. ago. 17 16:07:58 2026 1786993678824 Debug: main.cpp int main(int, char **) "cycplus_bc2_controller" QVariant(QString, "false")
seg. ago. 17 16:07:58 2026 1786993678825 Debug: main.cpp int main(int, char **) "dircon_id" QVariant(QString, "0")
seg. ago. 17 16:07:58 2026 1786993678827 Debug: main.cpp int main(int, char **) "dircon_server_base_port" QVariant(QString, "36866")
seg. ago. 17 16:07:58 2026 1786993678828 Debug: main.cpp int main(int, char **) "dircon_yes" QVariant(QString, "true")
seg. ago. 17 16:07:58 2026 1786993678828 Debug: main.cpp int main(int, char **) "dkn_endurun_treadmill" QVariant(QString, "false")
seg. ago. 17 16:07:58 2026 1786993678829 Debug: main.cpp int main(int, char **) "domyos_bike_500_profile_v1" QVariant(QString, "false")
seg. ago. 17 16:07:58 2026 1786993678830 Debug: main.cpp int main(int, char **) "domyos_bike_500_profile_v2" QVariant(QString, "false")
seg. ago. 17 16:07:58 2026 1786993678832 Debug: main.cpp int main(int, char **) "domyos_bike_cadence_filter" QVariant(QString, "0")
seg. ago. 17 16:07:58 2026 1786993678833 Debug: main.cpp int main(int, char **) "domyos_bike_display_calories" QVariant(QString, "true")
seg. ago. 17 16:07:58 2026 1786993678834 Debug: main.cpp int main(int, char **) "domyos_elliptical_fmts" QVariant(QString, "false")
seg. ago. 17 16:07:58 2026 1786993678835 Debug: main.cpp int main(int, char **) "domyos_elliptical_inclination" QVariant(QString, "true")
seg. ago. 17 16:07:58 2026 1786993678836 Debug: main.cpp int main(int, char **) "domyos_elliptical_speed_ratio" QVariant(QString, "1")
seg. ago. 17 16:07:58 2026 1786993678836 Debug: main.cpp int main(int, char **) "domyos_run100e" QVariant(QString, "false")
seg. ago. 17 16:07:58 2026 1786993678837 Debug: main.cpp int main(int, char **) "domyos_treadmill_button_10kmh" QVariant(QString, "10")
seg. ago. 17 16:07:58 2026 1786993678837 Debug: main.cpp int main(int, char **) "domyos_treadmill_button_16kmh" QVariant(QString, "16")
seg. ago. 17 16:07:58 2026 1786993678838 Debug: main.cpp int main(int, char **) "domyos_treadmill_button_22kmh" QVariant(QString, "22")
seg. ago. 17 16:07:58 2026 1786993678838 Debug: main.cpp int main(int, char **) "domyos_treadmill_button_5kmh" QVariant(QString, "5")
seg. ago. 17 16:07:58 2026 1786993678839 Debug: main.cpp int main(int, char **) "domyos_treadmill_buttons" QVariant(QString, "false")
seg. ago. 17 16:07:58 2026 1786993678841 Debug: main.cpp int main(int, char **) "domyos_treadmill_display_invert" QVariant(QString, "false")
seg. ago. 17 16:07:58 2026 1786993678842 Debug: main.cpp int main(int, char **) "domyos_treadmill_distance_display" QVariant(QString, "true")
seg. ago. 17 16:07:58 2026 1786993678845 Debug: main.cpp int main(int, char **) "domyos_treadmill_sync_start" QVariant(QString, "false")
seg. ago. 17 16:07:58 2026 1786993678846 Debug: main.cpp int main(int, char **) "domyos_treadmill_t900a" QVariant(QString, "false")
seg. ago. 17 16:07:58 2026 1786993678848 Debug: main.cpp int main(int, char **) "domyos_treadmill_ts100" QVariant(QString, "false")
seg. ago. 17 16:07:58 2026 1786993678850 Debug: main.cpp int main(int, char **) "domyosbike_notfmts" QVariant(QString, "false")
seg. ago. 17 16:07:58 2026 1786993678852 Debug: main.cpp int main(int, char **) "domyostreadmill_notfmts" QVariant(QString, "false")
seg. ago. 17 16:07:58 2026 1786993678855 Debug: main.cpp int main(int, char **) "echelon_resistance_gain" QVariant(QString, "1")
seg. ago. 17 16:07:58 2026 1786993678856 Debug: main.cpp int main(int, char **) "echelon_resistance_offset" QVariant(QString, "0")
seg. ago. 17 16:07:58 2026 1786993678858 Debug: main.cpp int main(int, char **) "echelon_watttable" QVariant(QString, "Echelon")
seg. ago. 17 16:07:58 2026 1786993678859 Debug: main.cpp int main(int, char **) "elite_rizer_gain" QVariant(QString, "1")
seg. ago. 17 16:07:58 2026 1786993678861 Debug: main.cpp int main(int, char **) "elite_rizer_name" QVariant(QString, "Disabled")
seg. ago. 17 16:07:58 2026 1786993678862 Debug: main.cpp int main(int, char **) "elite_sterzo_smart_name" QVariant(QString, "Disabled")
seg. ago. 17 16:07:58 2026 1786993678865 Debug: main.cpp int main(int, char **) "enerfit_SPX_9500" QVariant(QString, "false")
seg. ago. 17 16:07:58 2026 1786993678867 Debug: main.cpp int main(int, char **) "ergDataPoints" QVariant(QString, "85|150|12")
seg. ago. 17 16:07:58 2026 1786993678870 Debug: main.cpp int main(int, char **) "eslinker_cadenza" QVariant(QString, "true")
seg. ago. 17 16:07:58 2026 1786993678872 Debug: main.cpp int main(int, char **) "eslinker_costaway" QVariant(QString, "false")
seg. ago. 17 16:07:58 2026 1786993678873 Debug: main.cpp int main(int, char **) "eslinker_ypoo" QVariant(QString, "false")
seg. ago. 17 16:07:58 2026 1786993678875 Debug: main.cpp int main(int, char **) "fakedevice_elliptical" QVariant(QString, "false")
seg. ago. 17 16:07:58 2026 1786993678876 Debug: main.cpp int main(int, char **) "fakedevice_rower" QVariant(QString, "false")
seg. ago. 17 16:07:58 2026 1786993678878 Debug: main.cpp int main(int, char **) "fakedevice_treadmill" QVariant(QString, "false")
seg. ago. 17 16:07:58 2026 1786993678879 Debug: main.cpp int main(int, char **) "filter_device" QVariant(QString, "Disabled")
seg. ago. 17 16:07:58 2026 1786993678881 Debug: main.cpp int main(int, char **) "fit_file_garmin_device_training_effect" QVariant(QString, "false")
seg. ago. 17 16:07:58 2026 1786993678882 Debug: main.cpp int main(int, char **) "fit_file_garmin_device_training_effect_device" QVariant(QString, "3122")
seg. ago. 17 16:07:58 2026 1786993678884 Debug: main.cpp int main(int, char **) "fitfiu_mc_v460" QVariant(QString, "false")
seg. ago. 17 16:07:58 2026 1786993678885 Debug: main.cpp int main(int, char **) "fitmetria_fanfit_enable" QVariant(QString, "false")
seg. ago. 17 16:07:58 2026 1786993678886 Debug: main.cpp int main(int, char **) "fitmetria_fanfit_max" QVariant(QString, "100")
seg. ago. 17 16:07:58 2026 1786993678886 Debug: main.cpp int main(int, char **) "fitmetria_fanfit_min" QVariant(QString, "0")
seg. ago. 17 16:07:58 2026 1786993678888 Debug: main.cpp int main(int, char **) "fitmetria_fanfit_mode" QVariant(QString, "Heart")
seg. ago. 17 16:07:58 2026 1786993678888 Debug: main.cpp int main(int, char **) "fitplus_bike" QVariant(QString, "false")
seg. ago. 17 16:07:58 2026 1786993678890 Debug: main.cpp int main(int, char **) "fitshow_anyrun" QVariant(QString, "false")
seg. ago. 17 16:07:58 2026 1786993678894 Debug: main.cpp int main(int, char **) "fitshow_treadmill_miles" QVariant(QString, "false")
seg. ago. 17 16:07:58 2026 1786993678898 Debug: main.cpp int main(int, char **) "fitshow_truetimer" QVariant(QString, "false")
seg. ago. 17 16:07:58 2026 1786993678901 Debug: main.cpp int main(int, char **) "fitshow_user_id" QVariant(QString, "5034")
seg. ago. 17 16:07:58 2026 1786993678902 Debug: main.cpp int main(int, char **) "floating_height" QVariant(QString, "210")
seg. ago. 17 16:07:58 2026 1786993678905 Debug: main.cpp int main(int, char **) "floating_startup" QVariant(QString, "false")
seg. ago. 17 16:07:58 2026 1786993678906 Debug: main.cpp int main(int, char **) "floating_transparency" QVariant(QString, "80")
seg. ago. 17 16:07:58 2026 1786993678906 Debug: main.cpp int main(int, char **) "floating_width" QVariant(QString, "370")
seg. ago. 17 16:07:58 2026 1786993678907 Debug: main.cpp int main(int, char **) "floatingwindow_type" QVariant(QString, "0")
seg. ago. 17 16:07:58 2026 1786993678907 Debug: main.cpp int main(int, char **) "flywheel_filter" QVariant(QString, "2")
seg. ago. 17 16:07:58 2026 1786993678908 Debug: main.cpp int main(int, char **) "flywheel_life_fitness_ic8" QVariant(QString, "false")
seg. ago. 17 16:07:58 2026 1786993678908 Debug: main.cpp int main(int, char **) "force_resistance_instead_inclination" QVariant(QString, "false")
seg. ago. 17 16:07:58 2026 1786993678909 Debug: main.cpp int main(int, char **) "freebeat_serialport" QVariant(QString, "")
seg. ago. 17 16:07:58 2026 1786993678909 Debug: main.cpp int main(int, char **) "freemotion_coachbike_b22_7" QVariant(QString, "false")
seg. ago. 17 16:07:58 2026 1786993678910 Debug: main.cpp int main(int, char **) "ftms_accessory_name" QVariant(QString, "Disabled")
seg. ago. 17 16:07:58 2026 1786993678910 Debug: main.cpp int main(int, char **) "ftms_bike" QVariant(QString, "Disabled")
seg. ago. 17 16:07:58 2026 1786993678911 Debug: main.cpp int main(int, char **) "ftms_elliptical" QVariant(QString, "Disabled")
seg. ago. 17 16:07:58 2026 1786993678912 Debug: main.cpp int main(int, char **) "ftms_rower" QVariant(QString, "Disabled")
seg. ago. 17 16:07:58 2026 1786993678914 Debug: main.cpp int main(int, char **) "ftms_treadmill" QVariant(QString, "Disabled")
seg. ago. 17 16:07:58 2026 1786993678916 Debug: main.cpp int main(int, char **) "ftp" QVariant(QString, "200")
seg. ago. 17 16:07:58 2026 1786993678917 Debug: main.cpp int main(int, char **) "ftp_run" QVariant(QString, "200")
seg. ago. 17 16:07:58 2026 1786993678920 Debug: main.cpp int main(int, char **) "fytter_ri08_bike" QVariant(QString, "false")
seg. ago. 17 16:07:58 2026 1786993678920 Debug: main.cpp int main(int, char **) "gamepad_enabled" QVariant(QString, "false")
seg. ago. 17 16:07:58 2026 1786993678922 Debug: main.cpp int main(int, char **) "gamepad_erg_mode" QVariant(QString, "y")
seg. ago. 17 16:07:58 2026 1786993678924 Debug: main.cpp int main(int, char **) "gamepad_gear_down" QVariant(QString, "rb,lb")
seg. ago. 17 16:07:58 2026 1786993678925 Debug: main.cpp int main(int, char **) "gamepad_gear_up" QVariant(QString, "rt,lt")
seg. ago. 17 16:07:58 2026 1786993678926 Debug: main.cpp int main(int, char **) "gamepad_repeat_delay" QVariant(QString, "400")
seg. ago. 17 16:07:58 2026 1786993678927 Debug: main.cpp int main(int, char **) "gamepad_repeat_rate" QVariant(QString, "150")
seg. ago. 17 16:07:58 2026 1786993678927 Debug: main.cpp int main(int, char **) "garmin_bluetooth_compatibility" QVariant(QString, "false")
seg. ago. 17 16:07:58 2026 1786993678928 Debug: main.cpp int main(int, char **) "garmin_companion" QVariant(QString, "false")
seg. ago. 17 16:07:58 2026 1786993678929 Debug: main.cpp int main(int, char **) "garmin_domain" QVariant(QString, "garmin.com")
seg. ago. 17 16:07:58 2026 1786993678929 Debug: main.cpp int main(int, char **) "garmin_download_workouts_on_start" QVariant(QString, "true")
seg. ago. 17 16:07:58 2026 1786993678930 Debug: main.cpp int main(int, char **) "garmin_expires_at" QVariant(QString, "0")
seg. ago. 17 16:07:58 2026 1786993678931 Debug: main.cpp int main(int, char **) "garmin_last_refresh" QVariant(QString, "")
seg. ago. 17 16:07:58 2026 1786993678935 Debug: main.cpp int main(int, char **) "garmin_last_seen_cycling_ftp_create_time" QVariant(QString, "")
seg. ago. 17 16:07:58 2026 1786993678935 Debug: main.cpp int main(int, char **) "garmin_last_seen_running_ftp_create_time" QVariant(QString, "")
seg. ago. 17 16:07:58 2026 1786993678936 Debug: main.cpp int main(int, char **) "garmin_upload_enabled" QVariant(QString, "false")
seg. ago. 17 16:07:58 2026 1786993678938 Debug: main.cpp int main(int, char **) "gear_circumference" QVariant(QString, "2070")
seg. ago. 17 16:07:58 2026 1786993678939 Debug: main.cpp int main(int, char **) "gear_cog_size" QVariant(QString, "14")
seg. ago. 17 16:07:58 2026 1786993678940 Debug: main.cpp int main(int, char **) "gear_configuration" QVariant(QString, "1|38|44|true\n2|38|38|true\n3|38|32|true\n4|38|28|true\n5|38|24|true\n6|38|21|true\n7|38|19|true\n8|38|17|true\n9|38|15|true\n10|38|13|true\n11|38|11|true\n12|38|10|true")
seg. ago. 17 16:07:58 2026 1786993678941 Debug: main.cpp int main(int, char **) "gear_crankset_size" QVariant(QString, "42")
seg. ago. 17 16:07:58 2026 1786993678943 Debug: main.cpp int main(int, char **) "gear_wheel_size" QVariant(QString, "700 x 18C")
seg. ago. 17 16:07:58 2026 1786993678943 Debug: main.cpp int main(int, char **) "gears_current_value" QVariant(QString, "0")
seg. ago. 17 16:07:58 2026 1786993678944 Debug: main.cpp int main(int, char **) "gears_current_value_f" QVariant(QString, "0")
seg. ago. 17 16:07:58 2026 1786993678945 Debug: main.cpp int main(int, char **) "gears_custom_table" QVariant(QString, "1|1\n2|2\n3|3\n4|4\n5|5\n6|6\n7|7\n8|8\n9|9\n10|10\n11|11\n12|12\n13|13\n14|14\n15|15\n16|16\n17|17\n18|18\n19|19\n20|20\n21|21\n22|22\n23|23\n24|24")
seg. ago. 17 16:07:58 2026 1786993678946 Debug: main.cpp int main(int, char **) "gears_custom_table_enabled" QVariant(QString, "false")
seg. ago. 17 16:07:58 2026 1786993678946 Debug: main.cpp int main(int, char **) "gears_from_bike" QVariant(QString, "false")
seg. ago. 17 16:07:58 2026 1786993678947 Debug: main.cpp int main(int, char **) "gears_gain" QVariant(QString, "1")
seg. ago. 17 16:07:58 2026 1786993678948 Debug: main.cpp int main(int, char **) "gears_neutral_gear" QVariant(QString, "0")
seg. ago. 17 16:07:58 2026 1786993678949 Debug: main.cpp int main(int, char **) "gears_offset" QVariant(QString, "0")
seg. ago. 17 16:07:58 2026 1786993678950 Debug: main.cpp int main(int, char **) "gears_restore_value" QVariant(QString, "false")
seg. ago. 17 16:07:58 2026 1786993678950 Debug: main.cpp int main(int, char **) "gears_volume_debouncing" QVariant(QString, "false")
seg. ago. 17 16:07:58 2026 1786993678953 Debug: main.cpp int main(int, char **) "gears_zwift_ratio" QVariant(QString, "false")
seg. ago. 17 16:07:58 2026 1786993678954 Debug: main.cpp int main(int, char **) "gem_module_inclination" QVariant(QString, "false")
seg. ago. 17 16:07:58 2026 1786993678954 Debug: main.cpp int main(int, char **) "gpx_loop" QVariant(QString, "false")
seg. ago. 17 16:07:58 2026 1786993678955 Debug: main.cpp int main(int, char **) "gym_mode" QVariant(QString, "false")
seg. ago. 17 16:07:58 2026 1786993678956 Debug: main.cpp int main(int, char **) "gymstick_gx6_0_elliptical" QVariant(QString, "false")
seg. ago. 17 16:07:58 2026 1786993678956 Debug: main.cpp int main(int, char **) "hammer_racer_s" QVariant(QString, "false")
seg. ago. 17 16:07:58 2026 1786993678957 Debug: main.cpp int main(int, char **) "heart_ignore_builtin" QVariant(QString, "false")
seg. ago. 17 16:07:58 2026 1786993678958 Debug: main.cpp int main(int, char **) "heart_max_override_enable" QVariant(QString, "false")
seg. ago. 17 16:07:58 2026 1786993678959 Debug: main.cpp int main(int, char **) "heart_max_override_value" QVariant(QString, "195")
seg. ago. 17 16:07:58 2026 1786993678960 Debug: main.cpp int main(int, char **) "heart_rate_belt_name" QVariant(QString, "Disabled")
seg. ago. 17 16:07:58 2026 1786993678962 Debug: main.cpp int main(int, char **) "heart_rate_resting" QVariant(QString, "60")
seg. ago. 17 16:07:58 2026 1786993678963 Debug: main.cpp int main(int, char **) "heart_rate_zone1" QVariant(QString, "70")
seg. ago. 17 16:07:58 2026 1786993678964 Debug: main.cpp int main(int, char **) "heart_rate_zone2" QVariant(QString, "80")
seg. ago. 17 16:07:58 2026 1786993678966 Debug: main.cpp int main(int, char **) "heart_rate_zone3" QVariant(QString, "90")
seg. ago. 17 16:07:58 2026 1786993678968 Debug: main.cpp int main(int, char **) "heart_rate_zone4" QVariant(QString, "100")
seg. ago. 17 16:07:58 2026 1786993678969 Debug: main.cpp int main(int, char **) "height" QVariant(QString, "175")
seg. ago. 17 16:07:58 2026 1786993678971 Debug: main.cpp int main(int, char **) "hertz_xr_770" QVariant(QString, "false")
seg. ago. 17 16:07:58 2026 1786993678972 Debug: main.cpp int main(int, char **) "hop_sport_hs_090h_bike" QVariant(QString, "false")
seg. ago. 17 16:07:58 2026 1786993678974 Debug: main.cpp int main(int, char **) "horizon_gr7_cadence_multiplier" QVariant(QString, "1")
seg. ago. 17 16:07:58 2026 1786993678975 Debug: main.cpp int main(int, char **) "horizon_paragon_x" QVariant(QString, "false")
seg. ago. 17 16:07:58 2026 1786993678977 Debug: main.cpp int main(int, char **) "horizon_treadmill_7_0_at_24" QVariant(QString, "false")
seg. ago. 17 16:07:58 2026 1786993678978 Debug: main.cpp int main(int, char **) "horizon_treadmill_7_8" QVariant(QString, "false")
seg. ago. 17 16:07:58 2026 1786993678980 Debug: main.cpp int main(int, char **) "horizon_treadmill_disable_pause" QVariant(QString, "false")
seg. ago. 17 16:07:58 2026 1786993678981 Debug: main.cpp int main(int, char **) "horizon_treadmill_force_ftms" QVariant(QString, "false")
seg. ago. 17 16:07:58 2026 1786993678982 Debug: main.cpp int main(int, char **) "horizon_treadmill_omega_z" QVariant(QString, "false")
seg. ago. 17 16:07:58 2026 1786993678984 Debug: main.cpp int main(int, char **) "horizon_treadmill_profile_user1" QVariant(QString, "user1")
seg. ago. 17 16:07:58 2026 1786993678985 Debug: main.cpp int main(int, char **) "horizon_treadmill_profile_user2" QVariant(QString, "user2")
seg. ago. 17 16:07:58 2026 1786993678986 Debug: main.cpp int main(int, char **) "horizon_treadmill_profile_user3" QVariant(QString, "user3")
seg. ago. 17 16:07:58 2026 1786993678987 Debug: main.cpp int main(int, char **) "horizon_treadmill_profile_user4" QVariant(QString, "user4")
seg. ago. 17 16:07:58 2026 1786993678989 Debug: main.cpp int main(int, char **) "horizon_treadmill_profile_user5" QVariant(QString, "user5")
seg. ago. 17 16:07:58 2026 1786993678991 Debug: main.cpp int main(int, char **) "horizon_treadmill_suspend_stats_pause" QVariant(QString, "false")
seg. ago. 17 16:07:58 2026 1786993678992 Debug: main.cpp int main(int, char **) "iconcept_elliptical" QVariant(QString, "false")
seg. ago. 17 16:07:58 2026 1786993678992 Debug: main.cpp int main(int, char **) "iconcept_ftms_treadmill_inclination_table" QVariant(QString, "false")
seg. ago. 17 16:07:58 2026 1786993678993 Debug: main.cpp int main(int, char **) "iconsole_elliptical" QVariant(QString, "false")
seg. ago. 17 16:07:58 2026 1786993678995 Debug: main.cpp int main(int, char **) "iconsole_rower" QVariant(QString, "false")
seg. ago. 17 16:07:58 2026 1786993678996 Debug: main.cpp int main(int, char **) "inclinationResistancePoints" QVariant(QString, "")
seg. ago. 17 16:07:58 2026 1786993678997 Debug: main.cpp int main(int, char **) "inclination_delay_seconds" QVariant(QString, "0")
seg. ago. 17 16:07:58 2026 1786993678998 Debug: main.cpp int main(int, char **) "inspire_peloton_formula" QVariant(QString, "false")
seg. ago. 17 16:07:58 2026 1786993678999 Debug: main.cpp int main(int, char **) "inspire_peloton_formula2" QVariant(QString, "false")
seg. ago. 17 16:07:58 2026 1786993678999 Debug: main.cpp int main(int, char **) "instant_power_on_pause" QVariant(QString, "false")
seg. ago. 17 16:07:59 2026 1786993679000 Debug: main.cpp int main(int, char **) "intervalsicu_athlete_id" QVariant(QString, "")
seg. ago. 17 16:07:59 2026 1786993679000 Debug: main.cpp int main(int, char **) "intervalsicu_date_prefix" QVariant(QString, "false")
seg. ago. 17 16:07:59 2026 1786993679001 Debug: main.cpp int main(int, char **) "intervalsicu_suffix" QVariant(QString, "#QZ")
seg. ago. 17 16:07:59 2026 1786993679002 Debug: main.cpp int main(int, char **) "intervalsicu_upload_enabled" QVariant(QString, "true")
seg. ago. 17 16:07:59 2026 1786993679003 Debug: main.cpp int main(int, char **) "ios_btdevice_native" QVariant(QString, "false")
seg. ago. 17 16:07:59 2026 1786993679003 Debug: main.cpp int main(int, char **) "ios_cache_heart_device" QVariant(QString, "true")
seg. ago. 17 16:07:59 2026 1786993679005 Debug: main.cpp int main(int, char **) "ios_live_activity_compact_leading_metric" QVariant(QString, "Heart Rate")
seg. ago. 17 16:07:59 2026 1786993679006 Debug: main.cpp int main(int, char **) "ios_live_activity_compact_trailing_metric" QVariant(QString, "Watt")
seg. ago. 17 16:07:59 2026 1786993679008 Debug: main.cpp int main(int, char **) "ios_peloton_workaround" QVariant(QString, "true")
seg. ago. 17 16:07:59 2026 1786993679009 Debug: main.cpp int main(int, char **) "jll_IC400_bike" QVariant(QString, "false")
seg. ago. 17 16:07:59 2026 1786993679011 Debug: main.cpp int main(int, char **) "jtx_fitness_sprint_treadmill" QVariant(QString, "false")
seg. ago. 17 16:07:59 2026 1786993679012 Debug: main.cpp int main(int, char **) "kcal_ignore_builtin" QVariant(QString, "false")
seg. ago. 17 16:07:59 2026 1786993679013 Debug: main.cpp int main(int, char **) "kettler_usb_baudrate" QVariant(QString, "9600")
seg. ago. 17 16:07:59 2026 1786993679015 Debug: main.cpp int main(int, char **) "kettler_usb_serialport" QVariant(QString, "")
seg. ago. 17 16:07:59 2026 1786993679016 Debug: main.cpp int main(int, char **) "kingsmith_encrypt_g1_walking_pad" QVariant(QString, "false")
seg. ago. 17 16:07:59 2026 1786993679018 Debug: main.cpp int main(int, char **) "kingsmith_encrypt_v2" QVariant(QString, "false")
seg. ago. 17 16:07:59 2026 1786993679019 Debug: main.cpp int main(int, char **) "kingsmith_encrypt_v3" QVariant(QString, "false")
seg. ago. 17 16:07:59 2026 1786993679020 Debug: main.cpp int main(int, char **) "kingsmith_encrypt_v4" QVariant(QString, "false")
seg. ago. 17 16:07:59 2026 1786993679023 Debug: main.cpp int main(int, char **) "kingsmith_encrypt_v5" QVariant(QString, "false")
seg. ago. 17 16:07:59 2026 1786993679024 Debug: main.cpp int main(int, char **) "kingsmith_r2_enable_hw_buttons" QVariant(QString, "false")
seg. ago. 17 16:07:59 2026 1786993679026 Debug: main.cpp int main(int, char **) "life_fitness_ic5" QVariant(QString, "false")
seg. ago. 17 16:07:59 2026 1786993679027 Debug: main.cpp int main(int, char **) "lifespan_bike" QVariant(QString, "false")
seg. ago. 17 16:07:59 2026 1786993679029 Debug: main.cpp int main(int, char **) "log_debug" QVariant(QString, "true")
seg. ago. 17 16:07:59 2026 1786993679031 Debug: main.cpp int main(int, char **) "m3i_bike_id" QVariant(QString, "256")
seg. ago. 17 16:07:59 2026 1786993679032 Debug: main.cpp int main(int, char **) "m3i_bike_kcal" QVariant(QString, "true")
seg. ago. 17 16:07:59 2026 1786993679033 Debug: main.cpp int main(int, char **) "m3i_bike_qt_search" QVariant(QString, "false")
seg. ago. 17 16:07:59 2026 1786993679034 Debug: main.cpp int main(int, char **) "m3i_bike_speed_buffsize" QVariant(QString, "90")
seg. ago. 17 16:07:59 2026 1786993679034 Debug: main.cpp int main(int, char **) "maps_type" QVariant(QString, "3D")
seg. ago. 17 16:07:59 2026 1786993679035 Debug: main.cpp int main(int, char **) "miles_unit" QVariant(QString, "false")
seg. ago. 17 16:07:59 2026 1786993679036 Debug: main.cpp int main(int, char **) "min_inclination" QVariant(QString, "-999")
seg. ago. 17 16:07:59 2026 1786993679039 Debug: main.cpp int main(int, char **) "mqtt_deviceid" QVariant(QString, "default")
seg. ago. 17 16:07:59 2026 1786993679040 Debug: main.cpp int main(int, char **) "mqtt_host" QVariant(QString, "")
seg. ago. 17 16:07:59 2026 1786993679040 Debug: main.cpp int main(int, char **) "mqtt_port" QVariant(QString, "1883")
seg. ago. 17 16:07:59 2026 1786993679041 Debug: main.cpp int main(int, char **) "mywhoosh_link_camera_value" QVariant(QString, "1")
seg. ago. 17 16:07:59 2026 1786993679041 Debug: main.cpp int main(int, char **) "mywhoosh_link_emote_value" QVariant(QString, "1")
seg. ago. 17 16:07:59 2026 1786993679042 Debug: main.cpp int main(int, char **) "mywhoosh_link_enabled" QVariant(QString, "false")
seg. ago. 17 16:07:59 2026 1786993679043 Debug: main.cpp int main(int, char **) "mywhoosh_link_left_down" QVariant(QString, "2")
seg. ago. 17 16:07:59 2026 1786993679043 Debug: main.cpp int main(int, char **) "mywhoosh_link_left_left" QVariant(QString, "0")
seg. ago. 17 16:07:59 2026 1786993679044 Debug: main.cpp int main(int, char **) "mywhoosh_link_left_power" QVariant(QString, "0")
seg. ago. 17 16:07:59 2026 1786993679045 Debug: main.cpp int main(int, char **) "mywhoosh_link_left_right" QVariant(QString, "0")
seg. ago. 17 16:07:59 2026 1786993679047 Debug: main.cpp int main(int, char **) "mywhoosh_link_left_shoulder" QVariant(QString, "5")
seg. ago. 17 16:07:59 2026 1786993679048 Debug: main.cpp int main(int, char **) "mywhoosh_link_left_up" QVariant(QString, "1")
seg. ago. 17 16:07:59 2026 1786993679049 Debug: main.cpp int main(int, char **) "mywhoosh_link_override_gears" QVariant(QString, "false")
seg. ago. 17 16:07:59 2026 1786993679050 Debug: main.cpp int main(int, char **) "mywhoosh_link_right_a" QVariant(QString, "0")
seg. ago. 17 16:07:59 2026 1786993679052 Debug: main.cpp int main(int, char **) "mywhoosh_link_right_b" QVariant(QString, "7")
seg. ago. 17 16:07:59 2026 1786993679053 Debug: main.cpp int main(int, char **) "mywhoosh_link_right_power" QVariant(QString, "0")
seg. ago. 17 16:07:59 2026 1786993679056 Debug: main.cpp int main(int, char **) "mywhoosh_link_right_shoulder" QVariant(QString, "0")
seg. ago. 17 16:07:59 2026 1786993679057 Debug: main.cpp int main(int, char **) "mywhoosh_link_right_y" QVariant(QString, "6")
seg. ago. 17 16:07:59 2026 1786993679058 Debug: main.cpp int main(int, char **) "mywhoosh_link_right_z" QVariant(QString, "0")
seg. ago. 17 16:07:59 2026 1786993679060 Debug: main.cpp int main(int, char **) "nordictrack_10_treadmill" QVariant(QString, "true")
seg. ago. 17 16:07:59 2026 1786993679061 Debug: main.cpp int main(int, char **) "nordictrack_2950_ip" QVariant(QString, "")
seg. ago. 17 16:07:59 2026 1786993679062 Debug: main.cpp int main(int, char **) "nordictrack_GX4_5_bike" QVariant(QString, "false")
seg. ago. 17 16:07:59 2026 1786993679063 Debug: main.cpp int main(int, char **) "nordictrack_elite_800" QVariant(QString, "false")
seg. ago. 17 16:07:59 2026 1786993679065 Debug: main.cpp int main(int, char **) "nordictrack_elliptical_c7_5" QVariant(QString, "false")
seg. ago. 17 16:07:59 2026 1786993679066 Debug: main.cpp int main(int, char **) "nordictrack_fs5i_treadmill" QVariant(QString, "false")
seg. ago. 17 16:07:59 2026 1786993679068 Debug: main.cpp int main(int, char **) "nordictrack_gx_2_7" QVariant(QString, "false")
seg. ago. 17 16:07:59 2026 1786993679069 Debug: main.cpp int main(int, char **) "nordictrack_gx_44_pro" QVariant(QString, "false")
seg. ago. 17 16:07:59 2026 1786993679070 Debug: main.cpp int main(int, char **) "nordictrack_gx_4_5_pro" QVariant(QString, "false")
seg. ago. 17 16:07:59 2026 1786993679072 Debug: main.cpp int main(int, char **) "nordictrack_ifit_adb_remote" QVariant(QString, "false")
seg. ago. 17 16:07:59 2026 1786993679073 Debug: main.cpp int main(int, char **) "nordictrack_incline_trainer_x7i" QVariant(QString, "false")
seg. ago. 17 16:07:59 2026 1786993679074 Debug: main.cpp int main(int, char **) "nordictrack_s20_treadmill" QVariant(QString, "false")
seg. ago. 17 16:07:59 2026 1786993679075 Debug: main.cpp int main(int, char **) "nordictrack_s20i_treadmill" QVariant(QString, "false")
seg. ago. 17 16:07:59 2026 1786993679076 Debug: main.cpp int main(int, char **) "nordictrack_s30_treadmill" QVariant(QString, "false")
seg. ago. 17 16:07:59 2026 1786993679078 Debug: main.cpp int main(int, char **) "nordictrack_se7i" QVariant(QString, "false")
seg. ago. 17 16:07:59 2026 1786993679079 Debug: main.cpp int main(int, char **) "nordictrack_series_7" QVariant(QString, "false")
seg. ago. 17 16:07:59 2026 1786993679080 Debug: main.cpp int main(int, char **) "nordictrack_t65s_83_treadmill" QVariant(QString, "false")
seg. ago. 17 16:07:59 2026 1786993679081 Debug: main.cpp int main(int, char **) "nordictrack_t65s_treadmill" QVariant(QString, "false")
seg. ago. 17 16:07:59 2026 1786993679082 Debug: main.cpp int main(int, char **) "nordictrack_t65s_treadmill_81_miles" QVariant(QString, "false")
seg. ago. 17 16:07:59 2026 1786993679083 Debug: main.cpp int main(int, char **) "nordictrack_t70_treadmill" QVariant(QString, "false")
seg. ago. 17 16:07:59 2026 1786993679085 Debug: main.cpp int main(int, char **) "nordictrack_treadmill_1750_adb" QVariant(QString, "false")
seg. ago. 17 16:07:59 2026 1786993679086 Debug: main.cpp int main(int, char **) "nordictrack_treadmill_commercial_le" QVariant(QString, "false")
seg. ago. 17 16:07:59 2026 1786993679087 Debug: main.cpp int main(int, char **) "nordictrack_treadmill_exp_5i" QVariant(QString, "false")
seg. ago. 17 16:07:59 2026 1786993679088 Debug: main.cpp int main(int, char **) "nordictrack_treadmill_t8_5s" QVariant(QString, "false")
seg. ago. 17 16:07:59 2026 1786993679089 Debug: main.cpp int main(int, char **) "nordictrack_treadmill_ultra_le" QVariant(QString, "false")
seg. ago. 17 16:07:59 2026 1786993679090 Debug: main.cpp int main(int, char **) "nordictrack_treadmill_x14i" QVariant(QString, "false")
seg. ago. 17 16:07:59 2026 1786993679092 Debug: main.cpp int main(int, char **) "nordictrack_tseries5_treadmill" QVariant(QString, "false")
seg. ago. 17 16:07:59 2026 1786993679093 Debug: main.cpp int main(int, char **) "nordictrack_vr21" QVariant(QString, "false")
seg. ago. 17 16:07:59 2026 1786993679094 Debug: main.cpp int main(int, char **) "nordictrack_x22i" QVariant(QString, "false")
seg. ago. 17 16:07:59 2026 1786993679095 Debug: main.cpp int main(int, char **) "nordictrackadbbike_resistance" QVariant(QString, "false")
seg. ago. 17 16:07:59 2026 1786993679096 Debug: main.cpp int main(int, char **) "norditrack_s25_treadmill" QVariant(QString, "false")
seg. ago. 17 16:07:59 2026 1786993679097 Debug: main.cpp int main(int, char **) "norditrack_s25i_treadmill" QVariant(QString, "false")
seg. ago. 17 16:07:59 2026 1786993679098 Debug: main.cpp int main(int, char **) "osc_ip" QVariant(QString, "")
seg. ago. 17 16:07:59 2026 1786993679100 Debug: main.cpp int main(int, char **) "osc_port" QVariant(QString, "9000")
seg. ago. 17 16:07:59 2026 1786993679101 Debug: main.cpp int main(int, char **) "pace_default" QVariant(QString, "Half Marathon")
seg. ago. 17 16:07:59 2026 1786993679102 Debug: main.cpp int main(int, char **) "pacef_10km" QVariant(QString, "320")
seg. ago. 17 16:07:59 2026 1786993679103 Debug: main.cpp int main(int, char **) "pacef_1mile" QVariant(QString, "250")
seg. ago. 17 16:07:59 2026 1786993679105 Debug: main.cpp int main(int, char **) "pacef_5km" QVariant(QString, "300")
seg. ago. 17 16:07:59 2026 1786993679106 Debug: main.cpp int main(int, char **) "pacef_halfmarathon" QVariant(QString, "340")
seg. ago. 17 16:07:59 2026 1786993679107 Debug: main.cpp int main(int, char **) "pacef_marathon" QVariant(QString, "360")
seg. ago. 17 16:07:59 2026 1786993679108 Debug: main.cpp int main(int, char **) "pafers_treadmill" QVariant(QString, "false")
seg. ago. 17 16:07:59 2026 1786993679110 Debug: main.cpp int main(int, char **) "pafers_treadmill_bh_iboxster_plus" QVariant(QString, "false")
seg. ago. 17 16:07:59 2026 1786993679111 Debug: main.cpp int main(int, char **) "pause_on_start" QVariant(QString, "false")
seg. ago. 17 16:07:59 2026 1786993679112 Debug: main.cpp int main(int, char **) "pause_on_start_treadmill" QVariant(QString, "false")
seg. ago. 17 16:07:59 2026 1786993679113 Debug: main.cpp int main(int, char **) "peloton_auto_start_with_intro" QVariant(QString, "false")
seg. ago. 17 16:07:59 2026 1786993679115 Debug: main.cpp int main(int, char **) "peloton_auto_start_without_intro" QVariant(QString, "false")
seg. ago. 17 16:07:59 2026 1786993679116 Debug: main.cpp int main(int, char **) "peloton_bike_ocr" QVariant(QString, "false")
seg. ago. 17 16:07:59 2026 1786993679117 Debug: main.cpp int main(int, char **) "peloton_cadence_metric" QVariant(QString, "Cadence")
seg. ago. 17 16:07:59 2026 1786993679119 Debug: main.cpp int main(int, char **) "peloton_code" QVariant(QString, "")
seg. ago. 17 16:07:59 2026 1786993679120 Debug: main.cpp int main(int, char **) "peloton_companion_workout_ocr" QVariant(QString, "false")
seg. ago. 17 16:07:59 2026 1786993679121 Debug: main.cpp int main(int, char **) "peloton_current_user_id" QVariant(QString, "")
seg. ago. 17 16:07:59 2026 1786993679122 Debug: main.cpp int main(int, char **) "peloton_date" QVariant(QString, "Before Title")
seg. ago. 17 16:07:59 2026 1786993679124 Debug: main.cpp int main(int, char **) "peloton_date_format" QVariant(QString, "MM/dd/yy")
seg. ago. 17 16:07:59 2026 1786993679125 Debug: main.cpp int main(int, char **) "peloton_description_link" QVariant(QString, "true")
seg. ago. 17 16:07:59 2026 1786993679126 Debug: main.cpp int main(int, char **) "peloton_difficulty" QVariant(QString, "lower")
seg. ago. 17 16:07:59 2026 1786993679128 Debug: main.cpp int main(int, char **) "peloton_expires" QVariant(QString, "")
seg. ago. 17 16:07:59 2026 1786993679129 Debug: main.cpp int main(int, char **) "peloton_gain" QVariant(QString, "1")
seg. ago. 17 16:07:59 2026 1786993679130 Debug: main.cpp int main(int, char **) "peloton_heartrate_metric" QVariant(QString, "Heart Rate")
seg. ago. 17 16:07:59 2026 1786993679132 Debug: main.cpp int main(int, char **) "peloton_lastrefresh" QVariant(QString, "")
seg. ago. 17 16:07:59 2026 1786993679132 Debug: main.cpp int main(int, char **) "peloton_offset" QVariant(QString, "0")
seg. ago. 17 16:07:59 2026 1786993679133 Debug: main.cpp int main(int, char **) "peloton_rower_level" QVariant(QString, "1")
seg. ago. 17 16:07:59 2026 1786993679133 Debug: main.cpp int main(int, char **) "peloton_spinups_autoresistance" QVariant(QString, "true")
seg. ago. 17 16:07:59 2026 1786993679134 Debug: main.cpp int main(int, char **) "peloton_treadmill_level" QVariant(QString, "1")
seg. ago. 17 16:07:59 2026 1786993679134 Debug: main.cpp int main(int, char **) "peloton_treadmill_running_min_speed" QVariant(QString, "0")
seg. ago. 17 16:07:59 2026 1786993679135 Debug: main.cpp int main(int, char **) "peloton_treadmill_walk_level" QVariant(QString, "1")
seg. ago. 17 16:07:59 2026 1786993679137 Debug: main.cpp int main(int, char **) "peloton_treadmill_walking_min_speed" QVariant(QString, "0")
seg. ago. 17 16:07:59 2026 1786993679138 Debug: main.cpp int main(int, char **) "peloton_workout_ocr" QVariant(QString, "false")
seg. ago. 17 16:07:59 2026 1786993679139 Debug: main.cpp int main(int, char **) "pid_heart_zone_erg_mode_watt_step" QVariant(QString, "5")
seg. ago. 17 16:07:59 2026 1786993679140 Debug: main.cpp int main(int, char **) "poll_device_time" QVariant(QString, "200")
seg. ago. 17 16:07:59 2026 1786993679141 Debug: main.cpp int main(int, char **) "power_avg_3s" QVariant(QString, "false")
seg. ago. 17 16:07:59 2026 1786993679143 Debug: main.cpp int main(int, char **) "power_avg_5s" QVariant(QString, "false")
seg. ago. 17 16:07:59 2026 1786993679144 Debug: main.cpp int main(int, char **) "power_hr_hr1" QVariant(QString, "150")
seg. ago. 17 16:07:59 2026 1786993679145 Debug: main.cpp int main(int, char **) "power_hr_hr2" QVariant(QString, "170")
seg. ago. 17 16:07:59 2026 1786993679146 Debug: main.cpp int main(int, char **) "power_hr_pwr1" QVariant(QString, "200")
seg. ago. 17 16:07:59 2026 1786993679148 Debug: main.cpp int main(int, char **) "power_hr_pwr2" QVariant(QString, "230")
seg. ago. 17 16:07:59 2026 1786993679149 Debug: main.cpp int main(int, char **) "power_sensor_as_bike" QVariant(QString, "false")
seg. ago. 17 16:07:59 2026 1786993679150 Debug: main.cpp int main(int, char **) "power_sensor_as_treadmill" QVariant(QString, "false")
seg. ago. 17 16:07:59 2026 1786993679151 Debug: main.cpp int main(int, char **) "power_sensor_cadence_instead_treadmill" QVariant(QString, "false")
seg. ago. 17 16:07:59 2026 1786993679152 Debug: main.cpp int main(int, char **) "power_sensor_name" QVariant(QString, "Disabled")
seg. ago. 17 16:07:59 2026 1786993679153 Debug: main.cpp int main(int, char **) "power_sensor_speed_inclination_coeff_a" QVariant(QString, "0")
seg. ago. 17 16:07:59 2026 1786993679155 Debug: main.cpp int main(int, char **) "power_sensor_speed_inclination_coeff_b" QVariant(QString, "0")
seg. ago. 17 16:07:59 2026 1786993679156 Debug: main.cpp int main(int, char **) "powr_sensor_running_cadence_double" QVariant(QString, "false")
seg. ago. 17 16:07:59 2026 1786993679157 Debug: main.cpp int main(int, char **) "powr_sensor_running_cadence_half_on_strava" QVariant(QString, "false")
seg. ago. 17 16:07:59 2026 1786993679158 Debug: main.cpp int main(int, char **) "profile_name" QVariant(QString, "default")
seg. ago. 17 16:07:59 2026 1786993679159 Debug: main.cpp int main(int, char **) "proform_2000_treadmill" QVariant(QString, "false")
seg. ago. 17 16:07:59 2026 1786993679160 Debug: main.cpp int main(int, char **) "proform_225_csx_PFEX32925_INT_0" QVariant(QString, "false")
seg. ago. 17 16:07:59 2026 1786993679162 Debug: main.cpp int main(int, char **) "proform_505_cst_80_44" QVariant(QString, "false")
seg. ago. 17 16:07:59 2026 1786993679163 Debug: main.cpp int main(int, char **) "proform_595i_proshox2" QVariant(QString, "false")
seg. ago. 17 16:07:59 2026 1786993679165 Debug: main.cpp int main(int, char **) "proform_8_5_treadmill" QVariant(QString, "false")
seg. ago. 17 16:07:59 2026 1786993679166 Debug: main.cpp int main(int, char **) "proform_bike_225_csx" QVariant(QString, "false")
seg. ago. 17 16:07:59 2026 1786993679167 Debug: main.cpp int main(int, char **) "proform_bike_325_csx" QVariant(QString, "false")
seg. ago. 17 16:07:59 2026 1786993679168 Debug: main.cpp int main(int, char **) "proform_bike_325_csx_PFEX439210INT_0" QVariant(QString, "false")
seg. ago. 17 16:07:59 2026 1786993679169 Debug: main.cpp int main(int, char **) "proform_bike_PFEVEX71316_0" QVariant(QString, "false")
seg. ago. 17 16:07:59 2026 1786993679171 Debug: main.cpp int main(int, char **) "proform_bike_PFEVEX71316_1" QVariant(QString, "false")
seg. ago. 17 16:07:59 2026 1786993679173 Debug: main.cpp int main(int, char **) "proform_bike_sb" QVariant(QString, "false")
seg. ago. 17 16:07:59 2026 1786993679174 Debug: main.cpp int main(int, char **) "proform_carbon_tl" QVariant(QString, "false")
seg. ago. 17 16:07:59 2026 1786993679177 Debug: main.cpp int main(int, char **) "proform_carbon_tl_PFTL59720" QVariant(QString, "false")
seg. ago. 17 16:07:59 2026 1786993679178 Debug: main.cpp int main(int, char **) "proform_carbon_tl_PFTL59722c" QVariant(QString, "false")
seg. ago. 17 16:07:59 2026 1786993679180 Debug: main.cpp int main(int, char **) "proform_carbon_tl_PFTL59723_6" QVariant(QString, "false")
seg. ago. 17 16:07:59 2026 1786993679181 Debug: main.cpp int main(int, char **) "proform_carbon_tlx_treadmill" QVariant(QString, "false")
seg. ago. 17 16:07:59 2026 1786993679182 Debug: main.cpp int main(int, char **) "proform_carbon_tlx_v84_314_treadmill" QVariant(QString, "false")
seg. ago. 17 16:07:59 2026 1786993679183 Debug: main.cpp int main(int, char **) "proform_csx210" QVariant(QString, "false")
seg. ago. 17 16:07:59 2026 1786993679184 Debug: main.cpp int main(int, char **) "proform_cycle_trainer_300_ci" QVariant(QString, "false")
seg. ago. 17 16:07:59 2026 1786993679185 Debug: main.cpp int main(int, char **) "proform_cycle_trainer_400" QVariant(QString, "false")
seg. ago. 17 16:07:59 2026 1786993679186 Debug: main.cpp int main(int, char **) "proform_elliptical_ip" QVariant(QString, "")
seg. ago. 17 16:07:59 2026 1786993679186 Debug: main.cpp int main(int, char **) "proform_hybrid_trainer_PFEL03815" QVariant(QString, "false")
seg. ago. 17 16:07:59 2026 1786993679187 Debug: main.cpp int main(int, char **) "proform_hybrid_trainer_xt" QVariant(QString, "false")
seg. ago. 17 16:07:59 2026 1786993679187 Debug: main.cpp int main(int, char **) "proform_performance_300i" QVariant(QString, "false")
seg. ago. 17 16:07:59 2026 1786993679188 Debug: main.cpp int main(int, char **) "proform_performance_400i" QVariant(QString, "false")
seg. ago. 17 16:07:59 2026 1786993679188 Debug: main.cpp int main(int, char **) "proform_pro_1000_treadmill" QVariant(QString, "false")
seg. ago. 17 16:07:59 2026 1786993679189 Debug: main.cpp int main(int, char **) "proform_proshox2" QVariant(QString, "false")
seg. ago. 17 16:07:59 2026 1786993679190 Debug: main.cpp int main(int, char **) "proform_rower_750r" QVariant(QString, "false")
seg. ago. 17 16:07:59 2026 1786993679190 Debug: main.cpp int main(int, char **) "proform_rower_ip" QVariant(QString, "")
seg. ago. 17 16:07:59 2026 1786993679191 Debug: main.cpp int main(int, char **) "proform_rower_sport_rl" QVariant(QString, "false")
seg. ago. 17 16:07:59 2026 1786993679191 Debug: main.cpp int main(int, char **) "proform_studio" QVariant(QString, "false")
seg. ago. 17 16:07:59 2026 1786993679192 Debug: main.cpp int main(int, char **) "proform_studio_NTEX71021" QVariant(QString, "false")
seg. ago. 17 16:07:59 2026 1786993679192 Debug: main.cpp int main(int, char **) "proform_tdf_10" QVariant(QString, "false")
seg. ago. 17 16:07:59 2026 1786993679193 Debug: main.cpp int main(int, char **) "proform_tdf_10_0" QVariant(QString, "false")
seg. ago. 17 16:07:59 2026 1786993679193 Debug: main.cpp int main(int, char **) "proform_tdf_jonseed_watt" QVariant(QString, "false")
seg. ago. 17 16:07:59 2026 1786993679194 Debug: main.cpp int main(int, char **) "proform_tour_de_france_clc" QVariant(QString, "false")
seg. ago. 17 16:07:59 2026 1786993679194 Debug: main.cpp int main(int, char **) "proform_trainer_8_0" QVariant(QString, "false")
seg. ago. 17 16:07:59 2026 1786993679195 Debug: main.cpp int main(int, char **) "proform_trainer_8_0_pftl59721_int_0" QVariant(QString, "false")
seg. ago. 17 16:07:59 2026 1786993679195 Debug: main.cpp int main(int, char **) "proform_trainer_9_0" QVariant(QString, "false")
seg. ago. 17 16:07:59 2026 1786993679196 Debug: main.cpp int main(int, char **) "proform_treadmill_105_cst" QVariant(QString, "false")
seg. ago. 17 16:07:59 2026 1786993679197 Debug: main.cpp int main(int, char **) "proform_treadmill_1500_pro" QVariant(QString, "false")
seg. ago. 17 16:07:59 2026 1786993679197 Debug: main.cpp int main(int, char **) "proform_treadmill_1800i" QVariant(QString, "false")
seg. ago. 17 16:07:59 2026 1786993679198 Debug: main.cpp int main(int, char **) "proform_treadmill_505_cst" QVariant(QString, "false")
seg. ago. 17 16:07:59 2026 1786993679198 Debug: main.cpp int main(int, char **) "proform_treadmill_575i" QVariant(QString, "false")
seg. ago. 17 16:07:59 2026 1786993679199 Debug: main.cpp int main(int, char **) "proform_treadmill_705_cst" QVariant(QString, "false")
seg. ago. 17 16:07:59 2026 1786993679199 Debug: main.cpp int main(int, char **) "proform_treadmill_705_cst_V78_239" QVariant(QString, "false")
seg. ago. 17 16:07:59 2026 1786993679200 Debug: main.cpp int main(int, char **) "proform_treadmill_705_cst_V80_44" QVariant(QString, "false")
seg. ago. 17 16:07:59 2026 1786993679201 Debug: main.cpp int main(int, char **) "proform_treadmill_8_0" QVariant(QString, "false")
seg. ago. 17 16:07:59 2026 1786993679202 Debug: main.cpp int main(int, char **) "proform_treadmill_8_7" QVariant(QString, "false")
seg. ago. 17 16:07:59 2026 1786993679202 Debug: main.cpp int main(int, char **) "proform_treadmill_995i" QVariant(QString, "false")
seg. ago. 17 16:07:59 2026 1786993679203 Debug: main.cpp int main(int, char **) "proform_treadmill_9_0" QVariant(QString, "false")
seg. ago. 17 16:07:59 2026 1786993679204 Debug: main.cpp int main(int, char **) "proform_treadmill_c700" QVariant(QString, "false")
seg. ago. 17 16:07:59 2026 1786993679204 Debug: main.cpp int main(int, char **) "proform_treadmill_c960i" QVariant(QString, "false")
seg. ago. 17 16:07:59 2026 1786993679205 Debug: main.cpp int main(int, char **) "proform_treadmill_cadence_lt" QVariant(QString, "false")
seg. ago. 17 16:07:59 2026 1786993679205 Debug: main.cpp int main(int, char **) "proform_treadmill_carbon_t7" QVariant(QString, "false")
seg. ago. 17 16:07:59 2026 1786993679206 Debug: main.cpp int main(int, char **) "proform_treadmill_carbon_tls" QVariant(QString, "false")
seg. ago. 17 16:07:59 2026 1786993679207 Debug: main.cpp int main(int, char **) "proform_treadmill_cst_505_pftl59420_0" QVariant(QString, "false")
seg. ago. 17 16:07:59 2026 1786993679207 Debug: main.cpp int main(int, char **) "proform_treadmill_l6_0s" QVariant(QString, "false")
seg. ago. 17 16:07:59 2026 1786993679208 Debug: main.cpp int main(int, char **) "proform_treadmill_se" QVariant(QString, "false")
seg. ago. 17 16:07:59 2026 1786993679208 Debug: main.cpp int main(int, char **) "proform_treadmill_sport_3_0" QVariant(QString, "false")
seg. ago. 17 16:07:59 2026 1786993679209 Debug: main.cpp int main(int, char **) "proform_treadmill_sport_70" QVariant(QString, "false")
seg. ago. 17 16:07:59 2026 1786993679210 Debug: main.cpp int main(int, char **) "proform_treadmill_sport_8_5" QVariant(QString, "false")
seg. ago. 17 16:07:59 2026 1786993679210 Debug: main.cpp int main(int, char **) "proform_treadmill_z1300i" QVariant(QString, "false")
seg. ago. 17 16:07:59 2026 1786993679211 Debug: main.cpp int main(int, char **) "proform_wheel_ratio" QVariant(QString, "0.33")
seg. ago. 17 16:07:59 2026 1786993679211 Debug: main.cpp int main(int, char **) "proform_xbike" QVariant(QString, "false")
seg. ago. 17 16:07:59 2026 1786993679212 Debug: main.cpp int main(int, char **) "proformtdf1ip" QVariant(QString, "")
seg. ago. 17 16:07:59 2026 1786993679212 Debug: main.cpp int main(int, char **) "proformtdf4ip" QVariant(QString, "")
seg. ago. 17 16:07:59 2026 1786993679213 Debug: main.cpp int main(int, char **) "proformtreadmillip" QVariant(QString, "")
seg. ago. 17 16:07:59 2026 1786993679214 Debug: main.cpp int main(int, char **) "race_mode" QVariant(QString, "false")
seg. ago. 17 16:07:59 2026 1786993679214 Debug: main.cpp int main(int, char **) "real_inclination_to_virtual_treamill_bridge" QVariant(QString, "false")
seg. ago. 17 16:07:59 2026 1786993679215 Debug: main.cpp int main(int, char **) "reebok_fr30_treadmill" QVariant(QString, "false")
seg. ago. 17 16:07:59 2026 1786993679215 Debug: main.cpp int main(int, char **) "renpho_bike_double_resistance" QVariant(QString, "false")
seg. ago. 17 16:07:59 2026 1786993679216 Debug: main.cpp int main(int, char **) "renpho_peloton_conversion_v2" QVariant(QString, "false")
seg. ago. 17 16:07:59 2026 1786993679217 Debug: main.cpp int main(int, char **) "resistance_slew_down" QVariant(QString, "0")
seg. ago. 17 16:07:59 2026 1786993679217 Debug: main.cpp int main(int, char **) "resistance_slew_up" QVariant(QString, "0")
seg. ago. 17 16:07:59 2026 1786993679218 Debug: main.cpp int main(int, char **) "restore_specific_gear" QVariant(QString, "false")
seg. ago. 17 16:07:59 2026 1786993679218 Debug: main.cpp int main(int, char **) "rogue_echo_bike" QVariant(QString, "false")
seg. ago. 17 16:07:59 2026 1786993679219 Debug: main.cpp int main(int, char **) "rolling_resistance" QVariant(QString, "0.005")
seg. ago. 17 16:07:59 2026 1786993679220 Debug: main.cpp int main(int, char **) "rouvy_compatibility" QVariant(QString, "false")
seg. ago. 17 16:07:59 2026 1786993679220 Debug: main.cpp int main(int, char **) "rpe_feel_popup_enabled" QVariant(QString, "false")
seg. ago. 17 16:07:59 2026 1786993679221 Debug: main.cpp int main(int, char **) "run_cadence_sensor" QVariant(QString, "false")
seg. ago. 17 16:07:59 2026 1786993679221 Debug: main.cpp int main(int, char **) "saris_trainer" QVariant(QString, "false")
seg. ago. 17 16:07:59 2026 1786993679221 Debug: main.cpp int main(int, char **) "schwinn_bike_resistance" QVariant(QString, "false")
seg. ago. 17 16:07:59 2026 1786993679222 Debug: main.cpp int main(int, char **) "schwinn_bike_resistance_v2" QVariant(QString, "true")
seg. ago. 17 16:07:59 2026 1786993679223 Debug: main.cpp int main(int, char **) "schwinn_bike_resistance_v3" QVariant(QString, "false")
seg. ago. 17 16:07:59 2026 1786993679224 Debug: main.cpp int main(int, char **) "schwinn_resistance_smooth" QVariant(QString, "0")
seg. ago. 17 16:07:59 2026 1786993679224 Debug: main.cpp int main(int, char **) "service_changed" QVariant(QString, "false")
seg. ago. 17 16:07:59 2026 1786993679225 Debug: main.cpp int main(int, char **) "sex" QVariant(QString, "Male")
seg. ago. 17 16:07:59 2026 1786993679225 Debug: main.cpp int main(int, char **) "shortcut_auto_resistance" QVariant(QString, "")
seg. ago. 17 16:07:59 2026 1786993679226 Debug: main.cpp int main(int, char **) "shortcut_avs_climb" QVariant(QString, "")
seg. ago. 17 16:07:59 2026 1786993679227 Debug: main.cpp int main(int, char **) "shortcut_avs_cruise" QVariant(QString, "")
seg. ago. 17 16:07:59 2026 1786993679227 Debug: main.cpp int main(int, char **) "shortcut_avs_sprint" QVariant(QString, "")
seg. ago. 17 16:07:59 2026 1786993679228 Debug: main.cpp int main(int, char **) "shortcut_biggears_minus" QVariant(QString, "")
seg. ago. 17 16:07:59 2026 1786993679228 Debug: main.cpp int main(int, char **) "shortcut_biggears_plus" QVariant(QString, "")
seg. ago. 17 16:07:59 2026 1786993679228 Debug: main.cpp int main(int, char **) "shortcut_erg_mode" QVariant(QString, "")
seg. ago. 17 16:07:59 2026 1786993679229 Debug: main.cpp int main(int, char **) "shortcut_ext_incline_minus" QVariant(QString, "")
seg. ago. 17 16:07:59 2026 1786993679230 Debug: main.cpp int main(int, char **) "shortcut_ext_incline_plus" QVariant(QString, "")
seg. ago. 17 16:07:59 2026 1786993679230 Debug: main.cpp int main(int, char **) "shortcut_fan_minus" QVariant(QString, "")
seg. ago. 17 16:07:59 2026 1786993679231 Debug: main.cpp int main(int, char **) "shortcut_fan_plus" QVariant(QString, "")
seg. ago. 17 16:07:59 2026 1786993679231 Debug: main.cpp int main(int, char **) "shortcut_gears_minus" QVariant(QString, "")
seg. ago. 17 16:07:59 2026 1786993679231 Debug: main.cpp int main(int, char **) "shortcut_gears_plus" QVariant(QString, "")
seg. ago. 17 16:07:59 2026 1786993679232 Debug: main.cpp int main(int, char **) "shortcut_inclination_minus" QVariant(QString, "")
seg. ago. 17 16:07:59 2026 1786993679232 Debug: main.cpp int main(int, char **) "shortcut_inclination_plus" QVariant(QString, "")
seg. ago. 17 16:07:59 2026 1786993679233 Debug: main.cpp int main(int, char **) "shortcut_lap" QVariant(QString, "")
seg. ago. 17 16:07:59 2026 1786993679233 Debug: main.cpp int main(int, char **) "shortcut_peloton_offset_minus" QVariant(QString, "")
seg. ago. 17 16:07:59 2026 1786993679233 Debug: main.cpp int main(int, char **) "shortcut_peloton_offset_plus" QVariant(QString, "")
seg. ago. 17 16:07:59 2026 1786993679234 Debug: main.cpp int main(int, char **) "shortcut_peloton_remaining_minus" QVariant(QString, "")
seg. ago. 17 16:07:59 2026 1786993679234 Debug: main.cpp int main(int, char **) "shortcut_peloton_remaining_plus" QVariant(QString, "")
seg. ago. 17 16:07:59 2026 1786993679235 Debug: main.cpp int main(int, char **) "shortcut_peloton_resistance_minus" QVariant(QString, "")
seg. ago. 17 16:07:59 2026 1786993679236 Debug: main.cpp int main(int, char **) "shortcut_peloton_resistance_plus" QVariant(QString, "")
seg. ago. 17 16:07:59 2026 1786993679236 Debug: main.cpp int main(int, char **) "shortcut_pid_hr_minus" QVariant(QString, "")
seg. ago. 17 16:07:59 2026 1786993679236 Debug: main.cpp int main(int, char **) "shortcut_pid_hr_plus" QVariant(QString, "")
seg. ago. 17 16:07:59 2026 1786993679237 Debug: main.cpp int main(int, char **) "shortcut_power_avg" QVariant(QString, "")
seg. ago. 17 16:07:59 2026 1786993679237 Debug: main.cpp int main(int, char **) "shortcut_preset_inclination_1" QVariant(QString, "")
seg. ago. 17 16:07:59 2026 1786993679238 Debug: main.cpp int main(int, char **) "shortcut_preset_inclination_2" QVariant(QString, "")
seg. ago. 17 16:07:59 2026 1786993679239 Debug: main.cpp int main(int, char **) "shortcut_preset_inclination_3" QVariant(QString, "")
seg. ago. 17 16:07:59 2026 1786993679240 Debug: main.cpp int main(int, char **) "shortcut_preset_inclination_4" QVariant(QString, "")
seg. ago. 17 16:07:59 2026 1786993679240 Debug: main.cpp int main(int, char **) "shortcut_preset_inclination_5" QVariant(QString, "")
seg. ago. 17 16:07:59 2026 1786993679240 Debug: main.cpp int main(int, char **) "shortcut_preset_powerzone_1" QVariant(QString, "")
seg. ago. 17 16:07:59 2026 1786993679241 Debug: main.cpp int main(int, char **) "shortcut_preset_powerzone_2" QVariant(QString, "")
seg. ago. 17 16:07:59 2026 1786993679241 Debug: main.cpp int main(int, char **) "shortcut_preset_powerzone_3" QVariant(QString, "")
seg. ago. 17 16:07:59 2026 1786993679242 Debug: main.cpp int main(int, char **) "shortcut_preset_powerzone_4" QVariant(QString, "")
seg. ago. 17 16:07:59 2026 1786993679243 Debug: main.cpp int main(int, char **) "shortcut_preset_powerzone_5" QVariant(QString, "")
seg. ago. 17 16:07:59 2026 1786993679243 Debug: main.cpp int main(int, char **) "shortcut_preset_powerzone_6" QVariant(QString, "")
seg. ago. 17 16:07:59 2026 1786993679244 Debug: main.cpp int main(int, char **) "shortcut_preset_powerzone_7" QVariant(QString, "")
seg. ago. 17 16:07:59 2026 1786993679244 Debug: main.cpp int main(int, char **) "shortcut_preset_resistance_1" QVariant(QString, "")
seg. ago. 17 16:07:59 2026 1786993679245 Debug: main.cpp int main(int, char **) "shortcut_preset_resistance_2" QVariant(QString, "")
seg. ago. 17 16:07:59 2026 1786993679245 Debug: main.cpp int main(int, char **) "shortcut_preset_resistance_3" QVariant(QString, "")
seg. ago. 17 16:07:59 2026 1786993679246 Debug: main.cpp int main(int, char **) "shortcut_preset_resistance_4" QVariant(QString, "")
seg. ago. 17 16:07:59 2026 1786993679246 Debug: main.cpp int main(int, char **) "shortcut_preset_resistance_5" QVariant(QString, "")
seg. ago. 17 16:07:59 2026 1786993679247 Debug: main.cpp int main(int, char **) "shortcut_preset_speed_1" QVariant(QString, "")
seg. ago. 17 16:07:59 2026 1786993679247 Debug: main.cpp int main(int, char **) "shortcut_preset_speed_2" QVariant(QString, "")
seg. ago. 17 16:07:59 2026 1786993679248 Debug: main.cpp int main(int, char **) "shortcut_preset_speed_3" QVariant(QString, "")
seg. ago. 17 16:07:59 2026 1786993679248 Debug: main.cpp int main(int, char **) "shortcut_preset_speed_4" QVariant(QString, "")
seg. ago. 17 16:07:59 2026 1786993679249 Debug: main.cpp int main(int, char **) "shortcut_preset_speed_5" QVariant(QString, "")
seg. ago. 17 16:07:59 2026 1786993679250 Debug: main.cpp int main(int, char **) "shortcut_remaining_time_minus" QVariant(QString, "")
seg. ago. 17 16:07:59 2026 1786993679250 Debug: main.cpp int main(int, char **) "shortcut_remaining_time_plus" QVariant(QString, "")
seg. ago. 17 16:07:59 2026 1786993679251 Debug: main.cpp int main(int, char **) "shortcut_resistance_minus" QVariant(QString, "")
seg. ago. 17 16:07:59 2026 1786993679251 Debug: main.cpp int main(int, char **) "shortcut_resistance_plus" QVariant(QString, "")
seg. ago. 17 16:07:59 2026 1786993679252 Debug: main.cpp int main(int, char **) "shortcut_speed_minus" QVariant(QString, "")
seg. ago. 17 16:07:59 2026 1786993679252 Debug: main.cpp int main(int, char **) "shortcut_speed_plus" QVariant(QString, "")
seg. ago. 17 16:07:59 2026 1786993679253 Debug: main.cpp int main(int, char **) "shortcut_start_stop" QVariant(QString, "")
seg. ago. 17 16:07:59 2026 1786993679253 Debug: main.cpp int main(int, char **) "shortcut_stop" QVariant(QString, "")
seg. ago. 17 16:07:59 2026 1786993679254 Debug: main.cpp int main(int, char **) "shortcut_target_incline_minus" QVariant(QString, "")
seg. ago. 17 16:07:59 2026 1786993679254 Debug: main.cpp int main(int, char **) "shortcut_target_incline_plus" QVariant(QString, "")
seg. ago. 17 16:07:59 2026 1786993679255 Debug: main.cpp int main(int, char **) "shortcut_target_power_minus" QVariant(QString, "")
seg. ago. 17 16:07:59 2026 1786993679255 Debug: main.cpp int main(int, char **) "shortcut_target_power_plus" QVariant(QString, "")
seg. ago. 17 16:07:59 2026 1786993679256 Debug: main.cpp int main(int, char **) "shortcut_target_resistance_minus" QVariant(QString, "")
seg. ago. 17 16:07:59 2026 1786993679256 Debug: main.cpp int main(int, char **) "shortcut_target_resistance_plus" QVariant(QString, "")
seg. ago. 17 16:07:59 2026 1786993679257 Debug: main.cpp int main(int, char **) "shortcut_target_speed_minus" QVariant(QString, "")
seg. ago. 17 16:07:59 2026 1786993679257 Debug: main.cpp int main(int, char **) "shortcut_target_speed_plus" QVariant(QString, "")
seg. ago. 17 16:07:59 2026 1786993679258 Debug: main.cpp int main(int, char **) "shortcut_target_zone_minus" QVariant(QString, "")
seg. ago. 17 16:07:59 2026 1786993679259 Debug: main.cpp int main(int, char **) "shortcut_target_zone_plus" QVariant(QString, "")
seg. ago. 17 16:07:59 2026 1786993679259 Debug: main.cpp int main(int, char **) "shortcuts_enabled" QVariant(QString, "false")
seg. ago. 17 16:07:59 2026 1786993679260 Debug: main.cpp int main(int, char **) "simulated_bike" QVariant(QString, "true")
seg. ago. 17 16:07:59 2026 1786993679261 Debug: main.cpp int main(int, char **) "simulated_bike_ride" QVariant(QString, "")
seg. ago. 17 16:07:59 2026 1786993679261 Debug: main.cpp int main(int, char **) "skandika_wiri_x2000_protocol" QVariant(QString, "true")
seg. ago. 17 16:07:59 2026 1786993679261 Debug: main.cpp int main(int, char **) "skipLocationServicesDialog" QVariant(QString, "false")
seg. ago. 17 16:07:59 2026 1786993679262 Debug: main.cpp int main(int, char **) "snode_bike" QVariant(QString, "false")
seg. ago. 17 16:07:59 2026 1786993679262 Debug: main.cpp int main(int, char **) "sole_elliptical_e55" QVariant(QString, "false")
seg. ago. 17 16:07:59 2026 1786993679263 Debug: main.cpp int main(int, char **) "sole_elliptical_inclination" QVariant(QString, "false")
seg. ago. 17 16:07:59 2026 1786993679263 Debug: main.cpp int main(int, char **) "sole_treadmill_f63" QVariant(QString, "false")
seg. ago. 17 16:07:59 2026 1786993679264 Debug: main.cpp int main(int, char **) "sole_treadmill_f65" QVariant(QString, "false")
seg. ago. 17 16:07:59 2026 1786993679264 Debug: main.cpp int main(int, char **) "sole_treadmill_inclination" QVariant(QString, "false")
seg. ago. 17 16:07:59 2026 1786993679264 Debug: main.cpp int main(int, char **) "sole_treadmill_inclination_fast" QVariant(QString, "false")
seg. ago. 17 16:07:59 2026 1786993679265 Debug: main.cpp int main(int, char **) "sole_treadmill_miles" QVariant(QString, "true")
seg. ago. 17 16:07:59 2026 1786993679266 Debug: main.cpp int main(int, char **) "sole_treadmill_tt8" QVariant(QString, "false")
seg. ago. 17 16:07:59 2026 1786993679266 Debug: main.cpp int main(int, char **) "sp_ht_9600ie" QVariant(QString, "false")
seg. ago. 17 16:07:59 2026 1786993679267 Debug: main.cpp int main(int, char **) "speed_gain" QVariant(QString, "1")
seg. ago. 17 16:07:59 2026 1786993679267 Debug: main.cpp int main(int, char **) "speed_offset" QVariant(QString, "0")
seg. ago. 17 16:07:59 2026 1786993679267 Debug: main.cpp int main(int, char **) "speed_power_based" QVariant(QString, "false")
seg. ago. 17 16:07:59 2026 1786993679268 Debug: main.cpp int main(int, char **) "sportstech_esx500" QVariant(QString, "false")
seg. ago. 17 16:07:59 2026 1786993679269 Debug: main.cpp int main(int, char **) "sportstech_sx600" QVariant(QString, "false")
seg. ago. 17 16:07:59 2026 1786993679270 Debug: main.cpp int main(int, char **) "sram_axs_controller" QVariant(QString, "false")
seg. ago. 17 16:07:59 2026 1786993679270 Debug: main.cpp int main(int, char **) "ss2k_max_resistance" QVariant(QString, "100")
seg. ago. 17 16:07:59 2026 1786993679271 Debug: main.cpp int main(int, char **) "ss2k_min_resistance" QVariant(QString, "0")
seg. ago. 17 16:07:59 2026 1786993679271 Debug: main.cpp int main(int, char **) "ss2k_peloton" QVariant(QString, "false")
seg. ago. 17 16:07:59 2026 1786993679272 Debug: main.cpp int main(int, char **) "ss2k_resistance_sample_1" QVariant(QString, "20")
seg. ago. 17 16:07:59 2026 1786993679272 Debug: main.cpp int main(int, char **) "ss2k_resistance_sample_2" QVariant(QString, "30")
seg. ago. 17 16:07:59 2026 1786993679273 Debug: main.cpp int main(int, char **) "ss2k_resistance_sample_3" QVariant(QString, "40")
seg. ago. 17 16:07:59 2026 1786993679273 Debug: main.cpp int main(int, char **) "ss2k_resistance_sample_4" QVariant(QString, "50")
seg. ago. 17 16:07:59 2026 1786993679274 Debug: main.cpp int main(int, char **) "ss2k_shift_step" QVariant(QString, "900")
seg. ago. 17 16:07:59 2026 1786993679274 Debug: main.cpp int main(int, char **) "ss2k_shift_step_sample_1" QVariant(QString, "0")
seg. ago. 17 16:07:59 2026 1786993679275 Debug: main.cpp int main(int, char **) "ss2k_shift_step_sample_2" QVariant(QString, "0")
seg. ago. 17 16:07:59 2026 1786993679276 Debug: main.cpp int main(int, char **) "ss2k_shift_step_sample_3" QVariant(QString, "0")
seg. ago. 17 16:07:59 2026 1786993679276 Debug: main.cpp int main(int, char **) "ss2k_shift_step_sample_4" QVariant(QString, "0")
seg. ago. 17 16:07:59 2026 1786993679277 Debug: main.cpp int main(int, char **) "step_gain" QVariant(QString, "1")
seg. ago. 17 16:07:59 2026 1786993679277 Debug: main.cpp int main(int, char **) "strava_auth_external_webbrowser" QVariant(QString, "false")
seg. ago. 17 16:07:59 2026 1786993679278 Debug: main.cpp int main(int, char **) "strava_date_prefix" QVariant(QString, "false")
seg. ago. 17 16:07:59 2026 1786993679279 Debug: main.cpp int main(int, char **) "strava_suffix" QVariant(QString, "#QZ")
seg. ago. 17 16:07:59 2026 1786993679280 Debug: main.cpp int main(int, char **) "strava_treadmill" QVariant(QString, "true")
seg. ago. 17 16:07:59 2026 1786993679281 Debug: main.cpp int main(int, char **) "strava_upload_mode" QVariant(QString, "Always")
seg. ago. 17 16:07:59 2026 1786993679282 Debug: main.cpp int main(int, char **) "strava_virtual_activity" QVariant(QString, "true")
seg. ago. 17 16:07:59 2026 1786993679282 Debug: main.cpp int main(int, char **) "stryd_add_inclination_gain" QVariant(QString, "false")
seg. ago. 17 16:07:59 2026 1786993679283 Debug: main.cpp int main(int, char **) "stryd_inclination_instead_treadmill" QVariant(QString, "false")
seg. ago. 17 16:07:59 2026 1786993679284 Debug: main.cpp int main(int, char **) "stryd_speed_instead_treadmill" QVariant(QString, "false")
seg. ago. 17 16:07:59 2026 1786993679285 Debug: main.cpp int main(int, char **) "tacx_neo2_peloton" QVariant(QString, "false")
seg. ago. 17 16:07:59 2026 1786993679285 Debug: main.cpp int main(int, char **) "tacxneo2_disable_negative_inclination" QVariant(QString, "false")
seg. ago. 17 16:07:59 2026 1786993679286 Debug: main.cpp int main(int, char **) "taurua_ic90" QVariant(QString, "false")
seg. ago. 17 16:07:59 2026 1786993679287 Debug: main.cpp int main(int, char **) "tdf_10_ip" QVariant(QString, "")
seg. ago. 17 16:07:59 2026 1786993679287 Debug: main.cpp int main(int, char **) "technogym_bike" QVariant(QString, "false")
seg. ago. 17 16:07:59 2026 1786993679288 Debug: main.cpp int main(int, char **) "technogym_group_cycle" QVariant(QString, "false")
seg. ago. 17 16:07:59 2026 1786993679288 Debug: main.cpp int main(int, char **) "technogym_myrun_treadmill_experimental" QVariant(QString, "false")
seg. ago. 17 16:07:59 2026 1786993679289 Debug: main.cpp int main(int, char **) "template_inner_QZWS_enabled" QVariant(QString, "true")
seg. ago. 17 16:07:59 2026 1786993679289 Debug: main.cpp int main(int, char **) "template_inner_QZWS_folders" QVariant(QStringList, (":/inner_templates//i18n", ":/inner_templates//previewchart", ":/inner_templates//floating", ":/inner_templates//workouteditor", ":/inner_templates//maps2d", ":/inner_templates//trainingbrowser", ":/inner_templates//chartjs", ":/inner_templates//workoutpreview", ":/inner_templates//googlemaps"))
seg. ago. 17 16:07:59 2026 1786993679290 Debug: main.cpp int main(int, char **) "template_inner_QZWS_ips" QVariant(Invalid)
seg. ago. 17 16:07:59 2026 1786993679291 Debug: main.cpp int main(int, char **) "template_inner_QZWS_port" QVariant(QString, "38601")
seg. ago. 17 16:07:59 2026 1786993679291 Debug: main.cpp int main(int, char **) "template_inner_QZWS_type" QVariant(QString, "WebServer")
seg. ago. 17 16:07:59 2026 1786993679292 Debug: main.cpp int main(int, char **) "template_inner_ids" QVariant(QString, "inner_QZWS")
seg. ago. 17 16:07:59 2026 1786993679292 Debug: main.cpp int main(int, char **) "template_user_QZWS_enabled" QVariant(QString, "false")
seg. ago. 17 16:07:59 2026 1786993679292 Debug: main.cpp int main(int, char **) "template_user_QZWS_folders" QVariant(QStringList, (":/templates//debug", ":/templates//example"))
seg. ago. 17 16:07:59 2026 1786993679293 Debug: main.cpp int main(int, char **) "template_user_QZWS_ips" QVariant(Invalid)
seg. ago. 17 16:07:59 2026 1786993679293 Debug: main.cpp int main(int, char **) "template_user_QZWS_type" QVariant(QString, "WebServer")
seg. ago. 17 16:07:59 2026 1786993679294 Debug: main.cpp int main(int, char **) "template_user_ids" QVariant(QStringList, ("user_qz", "user_QZWS", "user_vlc"))
seg. ago. 17 16:07:59 2026 1786993679294 Debug: main.cpp int main(int, char **) "template_user_qz_enabled" QVariant(QString, "false")
seg. ago. 17 16:07:59 2026 1786993679295 Debug: main.cpp int main(int, char **) "template_user_qz_type" QVariant(QString, "TcpClient")
seg. ago. 17 16:07:59 2026 1786993679296 Debug: main.cpp int main(int, char **) "template_user_vlc_enabled" QVariant(QString, "false")
seg. ago. 17 16:07:59 2026 1786993679296 Debug: main.cpp int main(int, char **) "template_user_vlc_type" QVariant(QString, "TcpClient")
seg. ago. 17 16:07:59 2026 1786993679297 Debug: main.cpp int main(int, char **) "theme_background_color" QVariant(QString, "#303030")
seg. ago. 17 16:07:59 2026 1786993679297 Debug: main.cpp int main(int, char **) "theme_status_bar_background_color" QVariant(QString, "#800080")
seg. ago. 17 16:07:59 2026 1786993679298 Debug: main.cpp int main(int, char **) "theme_tile_background_color" QVariant(QString, "#303030")
seg. ago. 17 16:07:59 2026 1786993679298 Debug: main.cpp int main(int, char **) "theme_tile_icon_enabled" QVariant(QString, "true")
seg. ago. 17 16:07:59 2026 1786993679299 Debug: main.cpp int main(int, char **) "theme_tile_secondline_textsize" QVariant(QString, "12")
seg. ago. 17 16:07:59 2026 1786993679299 Debug: main.cpp int main(int, char **) "theme_tile_shadow_color" QVariant(QString, "#9C27B0")
seg. ago. 17 16:07:59 2026 1786993679300 Debug: main.cpp int main(int, char **) "theme_tile_shadow_enabled" QVariant(QString, "true")
seg. ago. 17 16:07:59 2026 1786993679300 Debug: main.cpp int main(int, char **) "thinkrider_controller" QVariant(QString, "false")
seg. ago. 17 16:07:59 2026 1786993679301 Debug: main.cpp int main(int, char **) "tile_auto_virtual_shifting_climb_enabled" QVariant(QString, "false")
seg. ago. 17 16:07:59 2026 1786993679301 Debug: main.cpp int main(int, char **) "tile_auto_virtual_shifting_climb_order" QVariant(QString, "56")
seg. ago. 17 16:07:59 2026 1786993679302 Debug: main.cpp int main(int, char **) "tile_auto_virtual_shifting_cruise_enabled" QVariant(QString, "false")
seg. ago. 17 16:07:59 2026 1786993679303 Debug: main.cpp int main(int, char **) "tile_auto_virtual_shifting_cruise_order" QVariant(QString, "55")
seg. ago. 17 16:07:59 2026 1786993679303 Debug: main.cpp int main(int, char **) "tile_auto_virtual_shifting_sprint_enabled" QVariant(QString, "false")
seg. ago. 17 16:07:59 2026 1786993679304 Debug: main.cpp int main(int, char **) "tile_auto_virtual_shifting_sprint_order" QVariant(QString, "57")
seg. ago. 17 16:07:59 2026 1786993679304 Debug: main.cpp int main(int, char **) "tile_avg_pace_enabled" QVariant(QString, "false")
seg. ago. 17 16:07:59 2026 1786993679305 Debug: main.cpp int main(int, char **) "tile_avg_pace_order" QVariant(QString, "76")
seg. ago. 17 16:07:59 2026 1786993679306 Debug: main.cpp int main(int, char **) "tile_avg_watt_lap_enabled" QVariant(QString, "false")
seg. ago. 17 16:07:59 2026 1786993679306 Debug: main.cpp int main(int, char **) "tile_avg_watt_lap_order" QVariant(QString, "48")
seg. ago. 17 16:07:59 2026 1786993679307 Debug: main.cpp int main(int, char **) "tile_avgwatt_enabled" QVariant(QString, "true")
seg. ago. 17 16:07:59 2026 1786993679307 Debug: main.cpp int main(int, char **) "tile_avgwatt_order" QVariant(QString, "9")
seg. ago. 17 16:07:59 2026 1786993679307 Debug: main.cpp int main(int, char **) "tile_biggears_enabled" QVariant(QString, "false")
seg. ago. 17 16:07:59 2026 1786993679308 Debug: main.cpp int main(int, char **) "tile_biggears_order" QVariant(QString, "54")
seg. ago. 17 16:07:59 2026 1786993679308 Debug: main.cpp int main(int, char **) "tile_biggears_swap" QVariant(QString, "false")
seg. ago. 17 16:07:59 2026 1786993679309 Debug: main.cpp int main(int, char **) "tile_cadence_color_enabled" QVariant(QString, "false")
seg. ago. 17 16:07:59 2026 1786993679310 Debug: main.cpp int main(int, char **) "tile_cadence_enabled" QVariant(QString, "true")
seg. ago. 17 16:07:59 2026 1786993679311 Debug: main.cpp int main(int, char **) "tile_cadence_order" QVariant(QString, "2")
seg. ago. 17 16:07:59 2026 1786993679312 Debug: main.cpp int main(int, char **) "tile_calories_enabled" QVariant(QString, "true")
seg. ago. 17 16:07:59 2026 1786993679313 Debug: main.cpp int main(int, char **) "tile_calories_order" QVariant(QString, "4")
seg. ago. 17 16:07:59 2026 1786993679313 Debug: main.cpp int main(int, char **) "tile_coretemperature_enabled" QVariant(QString, "false")
seg. ago. 17 16:07:59 2026 1786993679314 Debug: main.cpp int main(int, char **) "tile_coretemperature_order" QVariant(QString, "67")
seg. ago. 17 16:07:59 2026 1786993679315 Debug: main.cpp int main(int, char **) "tile_datetime_enabled" QVariant(QString, "true")
seg. ago. 17 16:07:59 2026 1786993679316 Debug: main.cpp int main(int, char **) "tile_datetime_order" QVariant(QString, "16")
seg. ago. 17 16:07:59 2026 1786993679316 Debug: main.cpp int main(int, char **) "tile_elapsed_enabled" QVariant(QString, "true")
seg. ago. 17 16:07:59 2026 1786993679317 Debug: main.cpp int main(int, char **) "tile_elapsed_order" QVariant(QString, "14")
seg. ago. 17 16:07:59 2026 1786993679317 Debug: main.cpp int main(int, char **) "tile_elevation_enabled" QVariant(QString, "true")
seg. ago. 17 16:07:59 2026 1786993679318 Debug: main.cpp int main(int, char **) "tile_elevation_order" QVariant(QString, "3")
seg. ago. 17 16:07:59 2026 1786993679318 Debug: main.cpp int main(int, char **) "tile_erg_mode_enabled" QVariant(QString, "false")
seg. ago. 17 16:07:59 2026 1786993679319 Debug: main.cpp int main(int, char **) "tile_erg_mode_order" QVariant(QString, "52")
seg. ago. 17 16:07:59 2026 1786993679321 Debug: main.cpp int main(int, char **) "tile_ext_incline_enabled" QVariant(QString, "false")
seg. ago. 17 16:07:59 2026 1786993679322 Debug: main.cpp int main(int, char **) "tile_ext_incline_order" QVariant(QString, "32")
seg. ago. 17 16:07:59 2026 1786993679322 Debug: main.cpp int main(int, char **) "tile_fan_enabled" QVariant(QString, "true")
seg. ago. 17 16:07:59 2026 1786993679323 Debug: main.cpp int main(int, char **) "tile_fan_order" QVariant(QString, "12")
seg. ago. 17 16:07:59 2026 1786993679323 Debug: main.cpp int main(int, char **) "tile_ftp_enabled" QVariant(QString, "true")
seg. ago. 17 16:07:59 2026 1786993679325 Debug: main.cpp int main(int, char **) "tile_ftp_order" QVariant(QString, "10")
seg. ago. 17 16:07:59 2026 1786993679326 Debug: main.cpp int main(int, char **) "tile_gears_enabled" QVariant(QString, "false")
seg. ago. 17 16:07:59 2026 1786993679327 Debug: main.cpp int main(int, char **) "tile_gears_order" QVariant(QString, "26")
seg. ago. 17 16:07:59 2026 1786993679328 Debug: main.cpp int main(int, char **) "tile_grade_adjusted_pace_enabled" QVariant(QString, "false")
seg. ago. 17 16:07:59 2026 1786993679328 Debug: main.cpp int main(int, char **) "tile_grade_adjusted_pace_order" QVariant(QString, "79")
seg. ago. 17 16:07:59 2026 1786993679329 Debug: main.cpp int main(int, char **) "tile_ground_contact_enabled" QVariant(QString, "false")
seg. ago. 17 16:07:59 2026 1786993679329 Debug: main.cpp int main(int, char **) "tile_ground_contact_order" QVariant(QString, "33")
seg. ago. 17 16:07:59 2026 1786993679330 Debug: main.cpp int main(int, char **) "tile_heart_enabled" QVariant(QString, "true")
seg. ago. 17 16:07:59 2026 1786993679331 Debug: main.cpp int main(int, char **) "tile_heart_order" QVariant(QString, "11")
seg. ago. 17 16:07:59 2026 1786993679332 Debug: main.cpp int main(int, char **) "tile_heart_show_as_percent" QVariant(QString, "false")
seg. ago. 17 16:07:59 2026 1786993679332 Debug: main.cpp int main(int, char **) "tile_heat_time_in_zone_1_enabled" QVariant(QString, "false")
seg. ago. 17 16:07:59 2026 1786993679333 Debug: main.cpp int main(int, char **) "tile_heat_time_in_zone_1_order" QVariant(QString, "68")
seg. ago. 17 16:07:59 2026 1786993679334 Debug: main.cpp int main(int, char **) "tile_heat_time_in_zone_2_enabled" QVariant(QString, "false")
seg. ago. 17 16:07:59 2026 1786993679335 Debug: main.cpp int main(int, char **) "tile_heat_time_in_zone_2_order" QVariant(QString, "69")
seg. ago. 17 16:07:59 2026 1786993679337 Debug: main.cpp int main(int, char **) "tile_heat_time_in_zone_3_enabled" QVariant(QString, "false")
seg. ago. 17 16:07:59 2026 1786993679338 Debug: main.cpp int main(int, char **) "tile_heat_time_in_zone_3_order" QVariant(QString, "70")
seg. ago. 17 16:07:59 2026 1786993679340 Debug: main.cpp int main(int, char **) "tile_heat_time_in_zone_4_enabled" QVariant(QString, "false")
seg. ago. 17 16:07:59 2026 1786993679342 Debug: main.cpp int main(int, char **) "tile_heat_time_in_zone_4_order" QVariant(QString, "71")
seg. ago. 17 16:07:59 2026 1786993679343 Debug: main.cpp int main(int, char **) "tile_hr_time_in_zone_1_enabled" QVariant(QString, "false")
seg. ago. 17 16:07:59 2026 1786993679345 Debug: main.cpp int main(int, char **) "tile_hr_time_in_zone_1_order" QVariant(QString, "62")
seg. ago. 17 16:07:59 2026 1786993679347 Debug: main.cpp int main(int, char **) "tile_hr_time_in_zone_2_enabled" QVariant(QString, "false")
seg. ago. 17 16:07:59 2026 1786993679349 Debug: main.cpp int main(int, char **) "tile_hr_time_in_zone_2_order" QVariant(QString, "63")
seg. ago. 17 16:07:59 2026 1786993679352 Debug: main.cpp int main(int, char **) "tile_hr_time_in_zone_3_enabled" QVariant(QString, "false")
seg. ago. 17 16:07:59 2026 1786993679354 Debug: main.cpp int main(int, char **) "tile_hr_time_in_zone_3_order" QVariant(QString, "64")
seg. ago. 17 16:07:59 2026 1786993679355 Debug: main.cpp int main(int, char **) "tile_hr_time_in_zone_4_enabled" QVariant(QString, "false")
seg. ago. 17 16:07:59 2026 1786993679357 Debug: main.cpp int main(int, char **) "tile_hr_time_in_zone_4_order" QVariant(QString, "65")
seg. ago. 17 16:07:59 2026 1786993679358 Debug: main.cpp int main(int, char **) "tile_hr_time_in_zone_5_enabled" QVariant(QString, "false")
seg. ago. 17 16:07:59 2026 1786993679358 Debug: main.cpp int main(int, char **) "tile_hr_time_in_zone_5_order" QVariant(QString, "66")
seg. ago. 17 16:07:59 2026 1786993679359 Debug: main.cpp int main(int, char **) "tile_hr_time_in_zone_individual_mode" QVariant(QString, "false")
seg. ago. 17 16:07:59 2026 1786993679360 Debug: main.cpp int main(int, char **) "tile_hrv_enabled" QVariant(QString, "false")
seg. ago. 17 16:07:59 2026 1786993679361 Debug: main.cpp int main(int, char **) "tile_hrv_order" QVariant(QString, "78")
seg. ago. 17 16:07:59 2026 1786993679363 Debug: main.cpp int main(int, char **) "tile_inclination_enabled" QVariant(QString, "true")
seg. ago. 17 16:07:59 2026 1786993679364 Debug: main.cpp int main(int, char **) "tile_inclination_order" QVariant(QString, "1")
seg. ago. 17 16:07:59 2026 1786993679364 Debug: main.cpp int main(int, char **) "tile_instantaneous_stride_length_enabled" QVariant(QString, "false")
seg. ago. 17 16:07:59 2026 1786993679365 Debug: main.cpp int main(int, char **) "tile_instantaneous_stride_length_order" QVariant(QString, "32")
seg. ago. 17 16:07:59 2026 1786993679366 Debug: main.cpp int main(int, char **) "tile_jouls_enabled" QVariant(QString, "true")
seg. ago. 17 16:07:59 2026 1786993679367 Debug: main.cpp int main(int, char **) "tile_jouls_order" QVariant(QString, "13")
seg. ago. 17 16:07:59 2026 1786993679367 Debug: main.cpp int main(int, char **) "tile_lapelapsed_enabled" QVariant(QString, "false")
seg. ago. 17 16:07:59 2026 1786993679368 Debug: main.cpp int main(int, char **) "tile_lapelapsed_order" QVariant(QString, "17")
seg. ago. 17 16:07:59 2026 1786993679368 Debug: main.cpp int main(int, char **) "tile_mets_enabled" QVariant(QString, "false")
seg. ago. 17 16:07:59 2026 1786993679369 Debug: main.cpp int main(int, char **) "tile_mets_order" QVariant(QString, "28")
seg. ago. 17 16:07:59 2026 1786993679369 Debug: main.cpp int main(int, char **) "tile_moving_time_enabled" QVariant(QString, "false")
seg. ago. 17 16:07:59 2026 1786993679370 Debug: main.cpp int main(int, char **) "tile_moving_time_order" QVariant(QString, "21")
seg. ago. 17 16:07:59 2026 1786993679370 Debug: main.cpp int main(int, char **) "tile_negative_inclination_enabled" QVariant(QString, "false")
seg. ago. 17 16:07:59 2026 1786993679371 Debug: main.cpp int main(int, char **) "tile_negative_inclination_order" QVariant(QString, "75")
seg. ago. 17 16:07:59 2026 1786993679371 Debug: main.cpp int main(int, char **) "tile_nextrowstrainprogram_enabled" QVariant(QString, "false")
seg. ago. 17 16:07:59 2026 1786993679372 Debug: main.cpp int main(int, char **) "tile_nextrowstrainprogram_order" QVariant(QString, "31")
seg. ago. 17 16:07:59 2026 1786993679372 Debug: main.cpp int main(int, char **) "tile_odometer_enabled" QVariant(QString, "true")
seg. ago. 17 16:07:59 2026 1786993679373 Debug: main.cpp int main(int, char **) "tile_odometer_order" QVariant(QString, "5")
seg. ago. 17 16:07:59 2026 1786993679373 Debug: main.cpp int main(int, char **) "tile_pace_color_enabled" QVariant(QString, "true")
seg. ago. 17 16:07:59 2026 1786993679374 Debug: main.cpp int main(int, char **) "tile_pace_enabled" QVariant(QString, "true")
seg. ago. 17 16:07:59 2026 1786993679374 Debug: main.cpp int main(int, char **) "tile_pace_last500m_enabled" QVariant(QString, "true")
seg. ago. 17 16:07:59 2026 1786993679375 Debug: main.cpp int main(int, char **) "tile_pace_last500m_order" QVariant(QString, "49")
seg. ago. 17 16:07:59 2026 1786993679381 Debug: main.cpp int main(int, char **) "tile_pace_order" QVariant(QString, "6")
seg. ago. 17 16:07:59 2026 1786993679382 Debug: main.cpp int main(int, char **) "tile_peloton_difficulty_enabled" QVariant(QString, "false")
seg. ago. 17 16:07:59 2026 1786993679384 Debug: main.cpp int main(int, char **) "tile_peloton_difficulty_order" QVariant(QString, "32")
seg. ago. 17 16:07:59 2026 1786993679385 Debug: main.cpp int main(int, char **) "tile_peloton_offset_enabled" QVariant(QString, "false")
seg. ago. 17 16:07:59 2026 1786993679386 Debug: main.cpp int main(int, char **) "tile_peloton_offset_order" QVariant(QString, "22")
seg. ago. 17 16:07:59 2026 1786993679387 Debug: main.cpp int main(int, char **) "tile_peloton_remaining_enabled" QVariant(QString, "false")
seg. ago. 17 16:07:59 2026 1786993679389 Debug: main.cpp int main(int, char **) "tile_peloton_remaining_order" QVariant(QString, "22")
seg. ago. 17 16:07:59 2026 1786993679390 Debug: main.cpp int main(int, char **) "tile_peloton_resistance_color_enabled" QVariant(QString, "false")
seg. ago. 17 16:07:59 2026 1786993679391 Debug: main.cpp int main(int, char **) "tile_peloton_resistance_enabled" QVariant(QString, "true")
seg. ago. 17 16:07:59 2026 1786993679392 Debug: main.cpp int main(int, char **) "tile_peloton_resistance_order" QVariant(QString, "15")
seg. ago. 17 16:07:59 2026 1786993679393 Debug: main.cpp int main(int, char **) "tile_pid_hr_enabled" QVariant(QString, "false")
seg. ago. 17 16:07:59 2026 1786993679394 Debug: main.cpp int main(int, char **) "tile_pid_hr_order" QVariant(QString, "31")
seg. ago. 17 16:07:59 2026 1786993679394 Debug: main.cpp int main(int, char **) "tile_power_avg_enabled" QVariant(QString, "false")
seg. ago. 17 16:07:59 2026 1786993679395 Debug: main.cpp int main(int, char **) "tile_power_avg_order" QVariant(QString, "77")
seg. ago. 17 16:07:59 2026 1786993679395 Debug: main.cpp int main(int, char **) "tile_preset_inclination_1_color" QVariant(QString, "grey")
seg. ago. 17 16:07:59 2026 1786993679396 Debug: main.cpp int main(int, char **) "tile_preset_inclination_1_enabled" QVariant(QString, "false")
seg. ago. 17 16:07:59 2026 1786993679396 Debug: main.cpp int main(int, char **) "tile_preset_inclination_1_label" QVariant(QString, "0%")
seg. ago. 17 16:07:59 2026 1786993679397 Debug: main.cpp int main(int, char **) "tile_preset_inclination_1_order" QVariant(QString, "43")
seg. ago. 17 16:07:59 2026 1786993679397 Debug: main.cpp int main(int, char **) "tile_preset_inclination_1_value" QVariant(QString, "0")
seg. ago. 17 16:07:59 2026 1786993679398 Debug: main.cpp int main(int, char **) "tile_preset_inclination_2_color" QVariant(QString, "grey")
seg. ago. 17 16:07:59 2026 1786993679399 Debug: main.cpp int main(int, char **) "tile_preset_inclination_2_enabled" QVariant(QString, "false")
seg. ago. 17 16:07:59 2026 1786993679399 Debug: main.cpp int main(int, char **) "tile_preset_inclination_2_label" QVariant(QString, "1%")
seg. ago. 17 16:07:59 2026 1786993679400 Debug: main.cpp int main(int, char **) "tile_preset_inclination_2_order" QVariant(QString, "44")
seg. ago. 17 16:07:59 2026 1786993679401 Debug: main.cpp int main(int, char **) "tile_preset_inclination_2_value" QVariant(QString, "1")
seg. ago. 17 16:07:59 2026 1786993679402 Debug: main.cpp int main(int, char **) "tile_preset_inclination_3_color" QVariant(QString, "grey")
seg. ago. 17 16:07:59 2026 1786993679403 Debug: main.cpp int main(int, char **) "tile_preset_inclination_3_enabled" QVariant(QString, "false")
seg. ago. 17 16:07:59 2026 1786993679405 Debug: main.cpp int main(int, char **) "tile_preset_inclination_3_label" QVariant(QString, "2%")
seg. ago. 17 16:07:59 2026 1786993679407 Debug: main.cpp int main(int, char **) "tile_preset_inclination_3_order" QVariant(QString, "45")
seg. ago. 17 16:07:59 2026 1786993679408 Debug: main.cpp int main(int, char **) "tile_preset_inclination_3_value" QVariant(QString, "2")
seg. ago. 17 16:07:59 2026 1786993679409 Debug: main.cpp int main(int, char **) "tile_preset_inclination_4_color" QVariant(QString, "grey")
seg. ago. 17 16:07:59 2026 1786993679411 Debug: main.cpp int main(int, char **) "tile_preset_inclination_4_enabled" QVariant(QString, "false")
seg. ago. 17 16:07:59 2026 1786993679413 Debug: main.cpp int main(int, char **) "tile_preset_inclination_4_label" QVariant(QString, "3%")
seg. ago. 17 16:07:59 2026 1786993679415 Debug: main.cpp int main(int, char **) "tile_preset_inclination_4_order" QVariant(QString, "46")
seg. ago. 17 16:07:59 2026 1786993679416 Debug: main.cpp int main(int, char **) "tile_preset_inclination_4_value" QVariant(QString, "3")
seg. ago. 17 16:07:59 2026 1786993679418 Debug: main.cpp int main(int, char **) "tile_preset_inclination_5_color" QVariant(QString, "grey")
seg. ago. 17 16:07:59 2026 1786993679420 Debug: main.cpp int main(int, char **) "tile_preset_inclination_5_enabled" QVariant(QString, "false")
seg. ago. 17 16:07:59 2026 1786993679422 Debug: main.cpp int main(int, char **) "tile_preset_inclination_5_label" QVariant(QString, "4%")
seg. ago. 17 16:07:59 2026 1786993679423 Debug: main.cpp int main(int, char **) "tile_preset_inclination_5_order" QVariant(QString, "47")
seg. ago. 17 16:07:59 2026 1786993679426 Debug: main.cpp int main(int, char **) "tile_preset_inclination_5_value" QVariant(QString, "4")
seg. ago. 17 16:07:59 2026 1786993679428 Debug: main.cpp int main(int, char **) "tile_preset_powerzone_1_color" QVariant(QString, "white")
seg. ago. 17 16:07:59 2026 1786993679429 Debug: main.cpp int main(int, char **) "tile_preset_powerzone_1_enabled" QVariant(QString, "false")
seg. ago. 17 16:07:59 2026 1786993679431 Debug: main.cpp int main(int, char **) "tile_preset_powerzone_1_label" QVariant(QString, "Zone 1")
seg. ago. 17 16:07:59 2026 1786993679432 Debug: main.cpp int main(int, char **) "tile_preset_powerzone_1_order" QVariant(QString, "55")
seg. ago. 17 16:07:59 2026 1786993679433 Debug: main.cpp int main(int, char **) "tile_preset_powerzone_1_value" QVariant(QString, "1")
seg. ago. 17 16:07:59 2026 1786993679434 Debug: main.cpp int main(int, char **) "tile_preset_powerzone_2_color" QVariant(QString, "limegreen")
seg. ago. 17 16:07:59 2026 1786993679435 Debug: main.cpp int main(int, char **) "tile_preset_powerzone_2_enabled" QVariant(QString, "false")
seg. ago. 17 16:07:59 2026 1786993679435 Debug: main.cpp int main(int, char **) "tile_preset_powerzone_2_label" QVariant(QString, "Zone 2")
seg. ago. 17 16:07:59 2026 1786993679436 Debug: main.cpp int main(int, char **) "tile_preset_powerzone_2_order" QVariant(QString, "56")
seg. ago. 17 16:07:59 2026 1786993679437 Debug: main.cpp int main(int, char **) "tile_preset_powerzone_2_value" QVariant(QString, "2")
seg. ago. 17 16:07:59 2026 1786993679437 Debug: main.cpp int main(int, char **) "tile_preset_powerzone_3_color" QVariant(QString, "gold")
seg. ago. 17 16:07:59 2026 1786993679438 Debug: main.cpp int main(int, char **) "tile_preset_powerzone_3_enabled" QVariant(QString, "false")
seg. ago. 17 16:07:59 2026 1786993679439 Debug: main.cpp int main(int, char **) "tile_preset_powerzone_3_label" QVariant(QString, "Zone 3")
seg. ago. 17 16:07:59 2026 1786993679440 Debug: main.cpp int main(int, char **) "tile_preset_powerzone_3_order" QVariant(QString, "57")
seg. ago. 17 16:07:59 2026 1786993679440 Debug: main.cpp int main(int, char **) "tile_preset_powerzone_3_value" QVariant(QString, "3")
seg. ago. 17 16:07:59 2026 1786993679441 Debug: main.cpp int main(int, char **) "tile_preset_powerzone_4_color" QVariant(QString, "orange")
seg. ago. 17 16:07:59 2026 1786993679442 Debug: main.cpp int main(int, char **) "tile_preset_powerzone_4_enabled" QVariant(QString, "false")
seg. ago. 17 16:07:59 2026 1786993679443 Debug: main.cpp int main(int, char **) "tile_preset_powerzone_4_label" QVariant(QString, "Zone 4")
seg. ago. 17 16:07:59 2026 1786993679444 Debug: main.cpp int main(int, char **) "tile_preset_powerzone_4_order" QVariant(QString, "58")
seg. ago. 17 16:07:59 2026 1786993679445 Debug: main.cpp int main(int, char **) "tile_preset_powerzone_4_value" QVariant(QString, "4")
seg. ago. 17 16:07:59 2026 1786993679446 Debug: main.cpp int main(int, char **) "tile_preset_powerzone_5_color" QVariant(QString, "darkorange")
seg. ago. 17 16:07:59 2026 1786993679446 Debug: main.cpp int main(int, char **) "tile_preset_powerzone_5_enabled" QVariant(QString, "false")
seg. ago. 17 16:07:59 2026 1786993679447 Debug: main.cpp int main(int, char **) "tile_preset_powerzone_5_label" QVariant(QString, "Zone 5")
seg. ago. 17 16:07:59 2026 1786993679448 Debug: main.cpp int main(int, char **) "tile_preset_powerzone_5_order" QVariant(QString, "59")
seg. ago. 17 16:07:59 2026 1786993679448 Debug: main.cpp int main(int, char **) "tile_preset_powerzone_5_value" QVariant(QString, "5")
seg. ago. 17 16:07:59 2026 1786993679449 Debug: main.cpp int main(int, char **) "tile_preset_powerzone_6_color" QVariant(QString, "orangered")
seg. ago. 17 16:07:59 2026 1786993679450 Debug: main.cpp int main(int, char **) "tile_preset_powerzone_6_enabled" QVariant(QString, "false")
seg. ago. 17 16:07:59 2026 1786993679451 Debug: main.cpp int main(int, char **) "tile_preset_powerzone_6_label" QVariant(QString, "Zone 6")
seg. ago. 17 16:07:59 2026 1786993679451 Debug: main.cpp int main(int, char **) "tile_preset_powerzone_6_order" QVariant(QString, "60")
seg. ago. 17 16:07:59 2026 1786993679452 Debug: main.cpp int main(int, char **) "tile_preset_powerzone_6_value" QVariant(QString, "6")
seg. ago. 17 16:07:59 2026 1786993679453 Debug: main.cpp int main(int, char **) "tile_preset_powerzone_7_color" QVariant(QString, "red")
seg. ago. 17 16:07:59 2026 1786993679453 Debug: main.cpp int main(int, char **) "tile_preset_powerzone_7_enabled" QVariant(QString, "false")
seg. ago. 17 16:07:59 2026 1786993679454 Debug: main.cpp int main(int, char **) "tile_preset_powerzone_7_label" QVariant(QString, "Zone 7")
seg. ago. 17 16:07:59 2026 1786993679455 Debug: main.cpp int main(int, char **) "tile_preset_powerzone_7_order" QVariant(QString, "61")
seg. ago. 17 16:07:59 2026 1786993679458 Debug: main.cpp int main(int, char **) "tile_preset_powerzone_7_value" QVariant(QString, "7")
seg. ago. 17 16:07:59 2026 1786993679459 Debug: main.cpp int main(int, char **) "tile_preset_resistance_1_color" QVariant(QString, "grey")
seg. ago. 17 16:07:59 2026 1786993679460 Debug: main.cpp int main(int, char **) "tile_preset_resistance_1_enabled" QVariant(QString, "false")
seg. ago. 17 16:07:59 2026 1786993679461 Debug: main.cpp int main(int, char **) "tile_preset_resistance_1_label" QVariant(QString, "Res. 1")
seg. ago. 17 16:07:59 2026 1786993679463 Debug: main.cpp int main(int, char **) "tile_preset_resistance_1_order" QVariant(QString, "33")
seg. ago. 17 16:07:59 2026 1786993679464 Debug: main.cpp int main(int, char **) "tile_preset_resistance_1_value" QVariant(QString, "1")
seg. ago. 17 16:07:59 2026 1786993679465 Debug: main.cpp int main(int, char **) "tile_preset_resistance_2_color" QVariant(QString, "grey")
seg. ago. 17 16:07:59 2026 1786993679466 Debug: main.cpp int main(int, char **) "tile_preset_resistance_2_enabled" QVariant(QString, "false")
seg. ago. 17 16:07:59 2026 1786993679467 Debug: main.cpp int main(int, char **) "tile_preset_resistance_2_label" QVariant(QString, "Res. 10")
seg. ago. 17 16:07:59 2026 1786993679468 Debug: main.cpp int main(int, char **) "tile_preset_resistance_2_order" QVariant(QString, "34")
seg. ago. 17 16:07:59 2026 1786993679468 Debug: main.cpp int main(int, char **) "tile_preset_resistance_2_value" QVariant(QString, "10")
seg. ago. 17 16:07:59 2026 1786993679469 Debug: main.cpp int main(int, char **) "tile_preset_resistance_3_color" QVariant(QString, "grey")
seg. ago. 17 16:07:59 2026 1786993679470 Debug: main.cpp int main(int, char **) "tile_preset_resistance_3_enabled" QVariant(QString, "false")
seg. ago. 17 16:07:59 2026 1786993679470 Debug: main.cpp int main(int, char **) "tile_preset_resistance_3_label" QVariant(QString, "Res. 20")
seg. ago. 17 16:07:59 2026 1786993679471 Debug: main.cpp int main(int, char **) "tile_preset_resistance_3_order" QVariant(QString, "35")
seg. ago. 17 16:07:59 2026 1786993679472 Debug: main.cpp int main(int, char **) "tile_preset_resistance_3_value" QVariant(QString, "20")
seg. ago. 17 16:07:59 2026 1786993679473 Debug: main.cpp int main(int, char **) "tile_preset_resistance_4_color" QVariant(QString, "grey")
seg. ago. 17 16:07:59 2026 1786993679474 Debug: main.cpp int main(int, char **) "tile_preset_resistance_4_enabled" QVariant(QString, "false")
seg. ago. 17 16:07:59 2026 1786993679476 Debug: main.cpp int main(int, char **) "tile_preset_resistance_4_label" QVariant(QString, "Res. 25")
seg. ago. 17 16:07:59 2026 1786993679477 Debug: main.cpp int main(int, char **) "tile_preset_resistance_4_order" QVariant(QString, "36")
seg. ago. 17 16:07:59 2026 1786993679478 Debug: main.cpp int main(int, char **) "tile_preset_resistance_4_value" QVariant(QString, "25")
seg. ago. 17 16:07:59 2026 1786993679478 Debug: main.cpp int main(int, char **) "tile_preset_resistance_5_color" QVariant(QString, "grey")
seg. ago. 17 16:07:59 2026 1786993679479 Debug: main.cpp int main(int, char **) "tile_preset_resistance_5_enabled" QVariant(QString, "false")
seg. ago. 17 16:07:59 2026 1786993679480 Debug: main.cpp int main(int, char **) "tile_preset_resistance_5_label" QVariant(QString, "Res. 30")
seg. ago. 17 16:07:59 2026 1786993679481 Debug: main.cpp int main(int, char **) "tile_preset_resistance_5_order" QVariant(QString, "37")
seg. ago. 17 16:07:59 2026 1786993679482 Debug: main.cpp int main(int, char **) "tile_preset_resistance_5_value" QVariant(QString, "30")
seg. ago. 17 16:07:59 2026 1786993679483 Debug: main.cpp int main(int, char **) "tile_preset_speed_1_color" QVariant(QString, "grey")
seg. ago. 17 16:07:59 2026 1786993679484 Debug: main.cpp int main(int, char **) "tile_preset_speed_1_enabled" QVariant(QString, "false")
seg. ago. 17 16:07:59 2026 1786993679485 Debug: main.cpp int main(int, char **) "tile_preset_speed_1_label" QVariant(QString, "5 km/h")
seg. ago. 17 16:07:59 2026 1786993679485 Debug: main.cpp int main(int, char **) "tile_preset_speed_1_order" QVariant(QString, "38")
seg. ago. 17 16:07:59 2026 1786993679485 Debug: main.cpp int main(int, char **) "tile_preset_speed_1_value" QVariant(QString, "5")
seg. ago. 17 16:07:59 2026 1786993679486 Debug: main.cpp int main(int, char **) "tile_preset_speed_2_color" QVariant(QString, "grey")
seg. ago. 17 16:07:59 2026 1786993679487 Debug: main.cpp int main(int, char **) "tile_preset_speed_2_enabled" QVariant(QString, "false")
seg. ago. 17 16:07:59 2026 1786993679487 Debug: main.cpp int main(int, char **) "tile_preset_speed_2_label" QVariant(QString, "7 km/h")
seg. ago. 17 16:07:59 2026 1786993679488 Debug: main.cpp int main(int, char **) "tile_preset_speed_2_order" QVariant(QString, "39")
seg. ago. 17 16:07:59 2026 1786993679488 Debug: main.cpp int main(int, char **) "tile_preset_speed_2_value" QVariant(QString, "7")
seg. ago. 17 16:07:59 2026 1786993679489 Debug: main.cpp int main(int, char **) "tile_preset_speed_3_color" QVariant(QString, "grey")
seg. ago. 17 16:07:59 2026 1786993679489 Debug: main.cpp int main(int, char **) "tile_preset_speed_3_enabled" QVariant(QString, "false")
seg. ago. 17 16:07:59 2026 1786993679490 Debug: main.cpp int main(int, char **) "tile_preset_speed_3_label" QVariant(QString, "10 km/h")
seg. ago. 17 16:07:59 2026 1786993679491 Debug: main.cpp int main(int, char **) "tile_preset_speed_3_order" QVariant(QString, "40")
seg. ago. 17 16:07:59 2026 1786993679492 Debug: main.cpp int main(int, char **) "tile_preset_speed_3_value" QVariant(QString, "10")
seg. ago. 17 16:07:59 2026 1786993679493 Debug: main.cpp int main(int, char **) "tile_preset_speed_4_color" QVariant(QString, "grey")
seg. ago. 17 16:07:59 2026 1786993679494 Debug: main.cpp int main(int, char **) "tile_preset_speed_4_enabled" QVariant(QString, "false")
seg. ago. 17 16:07:59 2026 1786993679495 Debug: main.cpp int main(int, char **) "tile_preset_speed_4_label" QVariant(QString, "11 km/h")
seg. ago. 17 16:07:59 2026 1786993679496 Debug: main.cpp int main(int, char **) "tile_preset_speed_4_order" QVariant(QString, "41")
seg. ago. 17 16:07:59 2026 1786993679496 Debug: main.cpp int main(int, char **) "tile_preset_speed_4_value" QVariant(QString, "11")
seg. ago. 17 16:07:59 2026 1786993679497 Debug: main.cpp int main(int, char **) "tile_preset_speed_5_color" QVariant(QString, "grey")
seg. ago. 17 16:07:59 2026 1786993679497 Debug: main.cpp int main(int, char **) "tile_preset_speed_5_enabled" QVariant(QString, "false")
seg. ago. 17 16:07:59 2026 1786993679498 Debug: main.cpp int main(int, char **) "tile_preset_speed_5_label" QVariant(QString, "12 km/h")
seg. ago. 17 16:07:59 2026 1786993679499 Debug: main.cpp int main(int, char **) "tile_preset_speed_5_order" QVariant(QString, "42")
seg. ago. 17 16:07:59 2026 1786993679500 Debug: main.cpp int main(int, char **) "tile_preset_speed_5_value" QVariant(QString, "12")
seg. ago. 17 16:07:59 2026 1786993679501 Debug: main.cpp int main(int, char **) "tile_remainingtimetrainprogramrow_enabled" QVariant(QString, "false")
seg. ago. 17 16:07:59 2026 1786993679502 Debug: main.cpp int main(int, char **) "tile_remainingtimetrainprogramrow_order" QVariant(QString, "27")
seg. ago. 17 16:07:59 2026 1786993679502 Debug: main.cpp int main(int, char **) "tile_resistance_enabled" QVariant(QString, "true")
seg. ago. 17 16:07:59 2026 1786993679503 Debug: main.cpp int main(int, char **) "tile_resistance_order" QVariant(QString, "7")
seg. ago. 17 16:07:59 2026 1786993679504 Debug: main.cpp int main(int, char **) "tile_rss_enabled" QVariant(QString, "false")
seg. ago. 17 16:07:59 2026 1786993679505 Debug: main.cpp int main(int, char **) "tile_rss_order" QVariant(QString, "53")
seg. ago. 17 16:07:59 2026 1786993679506 Debug: main.cpp int main(int, char **) "tile_speed_enabled" QVariant(QString, "true")
seg. ago. 17 16:07:59 2026 1786993679506 Debug: main.cpp int main(int, char **) "tile_speed_order" QVariant(QString, "0")
seg. ago. 17 16:07:59 2026 1786993679507 Debug: main.cpp int main(int, char **) "tile_steering_angle_enabled" QVariant(QString, "false")
seg. ago. 17 16:07:59 2026 1786993679508 Debug: main.cpp int main(int, char **) "tile_steering_angle_order" QVariant(QString, "30")
seg. ago. 17 16:07:59 2026 1786993679509 Debug: main.cpp int main(int, char **) "tile_step_count_enabled" QVariant(QString, "false")
seg. ago. 17 16:07:59 2026 1786993679509 Debug: main.cpp int main(int, char **) "tile_step_count_order" QVariant(QString, "51")
seg. ago. 17 16:07:59 2026 1786993679510 Debug: main.cpp int main(int, char **) "tile_strokes_count_enabled" QVariant(QString, "false")
seg. ago. 17 16:07:59 2026 1786993679510 Debug: main.cpp int main(int, char **) "tile_strokes_count_order" QVariant(QString, "22")
seg. ago. 17 16:07:59 2026 1786993679511 Debug: main.cpp int main(int, char **) "tile_strokes_length_enabled" QVariant(QString, "false")
seg. ago. 17 16:07:59 2026 1786993679511 Debug: main.cpp int main(int, char **) "tile_strokes_length_order" QVariant(QString, "23")
seg. ago. 17 16:07:59 2026 1786993679512 Debug: main.cpp int main(int, char **) "tile_target_cadence_enabled" QVariant(QString, "false")
seg. ago. 17 16:07:59 2026 1786993679512 Debug: main.cpp int main(int, char **) "tile_target_cadence_order" QVariant(QString, "19")
seg. ago. 17 16:07:59 2026 1786993679513 Debug: main.cpp int main(int, char **) "tile_target_incline_enabled" QVariant(QString, "false")
seg. ago. 17 16:07:59 2026 1786993679513 Debug: main.cpp int main(int, char **) "tile_target_incline_order" QVariant(QString, "28")
seg. ago. 17 16:07:59 2026 1786993679514 Debug: main.cpp int main(int, char **) "tile_target_pace_enabled" QVariant(QString, "false")
seg. ago. 17 16:07:59 2026 1786993679515 Debug: main.cpp int main(int, char **) "tile_target_pace_order" QVariant(QString, "50")
seg. ago. 17 16:07:59 2026 1786993679516 Debug: main.cpp int main(int, char **) "tile_target_peloton_resistance_enabled" QVariant(QString, "false")
seg. ago. 17 16:07:59 2026 1786993679516 Debug: main.cpp int main(int, char **) "tile_target_peloton_resistance_order" QVariant(QString, "21")
seg. ago. 17 16:07:59 2026 1786993679517 Debug: main.cpp int main(int, char **) "tile_target_power_enabled" QVariant(QString, "false")
seg. ago. 17 16:07:59 2026 1786993679517 Debug: main.cpp int main(int, char **) "tile_target_power_order" QVariant(QString, "20")
seg. ago. 17 16:07:59 2026 1786993679518 Debug: main.cpp int main(int, char **) "tile_target_resistance_enabled" QVariant(QString, "true")
seg. ago. 17 16:07:59 2026 1786993679519 Debug: main.cpp int main(int, char **) "tile_target_resistance_order" QVariant(QString, "15")
seg. ago. 17 16:07:59 2026 1786993679520 Debug: main.cpp int main(int, char **) "tile_target_speed_enabled" QVariant(QString, "false")
seg. ago. 17 16:07:59 2026 1786993679520 Debug: main.cpp int main(int, char **) "tile_target_speed_order" QVariant(QString, "27")
seg. ago. 17 16:07:59 2026 1786993679521 Debug: main.cpp int main(int, char **) "tile_target_zone_enabled" QVariant(QString, "false")
seg. ago. 17 16:07:59 2026 1786993679522 Debug: main.cpp int main(int, char **) "tile_target_zone_order" QVariant(QString, "24")
seg. ago. 17 16:07:59 2026 1786993679523 Debug: main.cpp int main(int, char **) "tile_targetmets_enabled" QVariant(QString, "false")
seg. ago. 17 16:07:59 2026 1786993679524 Debug: main.cpp int main(int, char **) "tile_targetmets_order" QVariant(QString, "29")
seg. ago. 17 16:07:59 2026 1786993679524 Debug: main.cpp int main(int, char **) "tile_vertical_oscillation_enabled" QVariant(QString, "false")
seg. ago. 17 16:07:59 2026 1786993679525 Debug: main.cpp int main(int, char **) "tile_vertical_oscillation_order" QVariant(QString, "34")
seg. ago. 17 16:07:59 2026 1786993679526 Debug: main.cpp int main(int, char **) "tile_watt_color_enabled" QVariant(QString, "true")
seg. ago. 17 16:07:59 2026 1786993679527 Debug: main.cpp int main(int, char **) "tile_watt_enabled" QVariant(QString, "true")
seg. ago. 17 16:07:59 2026 1786993679530 Debug: main.cpp int main(int, char **) "tile_watt_kg_enabled" QVariant(QString, "false")
seg. ago. 17 16:07:59 2026 1786993679531 Debug: main.cpp int main(int, char **) "tile_watt_kg_order" QVariant(QString, "25")
seg. ago. 17 16:07:59 2026 1786993679533 Debug: main.cpp int main(int, char **) "tile_watt_order" QVariant(QString, "8")
seg. ago. 17 16:07:59 2026 1786993679534 Debug: main.cpp int main(int, char **) "tile_weight_loss_enabled" QVariant(QString, "false")
seg. ago. 17 16:07:59 2026 1786993679535 Debug: main.cpp int main(int, char **) "tile_weight_loss_order" QVariant(QString, "24")
seg. ago. 17 16:07:59 2026 1786993679536 Debug: main.cpp int main(int, char **) "toorx_3_0" QVariant(QString, "false")
seg. ago. 17 16:07:59 2026 1786993679538 Debug: main.cpp int main(int, char **) "toorx_65s_evo" QVariant(QString, "false")
seg. ago. 17 16:07:59 2026 1786993679539 Debug: main.cpp int main(int, char **) "toorx_bike" QVariant(QString, "false")
seg. ago. 17 16:07:59 2026 1786993679540 Debug: main.cpp int main(int, char **) "toorx_bike_srx_500" QVariant(QString, "false")
seg. ago. 17 16:07:59 2026 1786993679540 Debug: main.cpp int main(int, char **) "toorx_ftms" QVariant(QString, "false")
seg. ago. 17 16:07:59 2026 1786993679541 Debug: main.cpp int main(int, char **) "toorx_ftms_treadmill" QVariant(QString, "false")
seg. ago. 17 16:07:59 2026 1786993679543 Debug: main.cpp int main(int, char **) "toorx_srx_3500" QVariant(QString, "false")
seg. ago. 17 16:07:59 2026 1786993679544 Debug: main.cpp int main(int, char **) "toorxtreadmill_discovery_completed" QVariant(QString, "false")
seg. ago. 17 16:07:59 2026 1786993679545 Debug: main.cpp int main(int, char **) "top_bar_enabled" QVariant(QString, "true")
seg. ago. 17 16:07:59 2026 1786993679546 Debug: main.cpp int main(int, char **) "toputure_teb1" QVariant(QString, "false")
seg. ago. 17 16:07:59 2026 1786993679546 Debug: main.cpp int main(int, char **) "trainprogram_auto_lap_on_segment" QVariant(QString, "false")
seg. ago. 17 16:07:59 2026 1786993679547 Debug: main.cpp int main(int, char **) "trainprogram_clipboard_workout_enabled" QVariant(QString, "false")
seg. ago. 17 16:07:59 2026 1786993679549 Debug: main.cpp int main(int, char **) "trainprogram_cooldown_speed" QVariant(QString, "420")
seg. ago. 17 16:07:59 2026 1786993679550 Debug: main.cpp int main(int, char **) "trainprogram_incline_max" QVariant(QString, "15")
seg. ago. 17 16:07:59 2026 1786993679551 Debug: main.cpp int main(int, char **) "trainprogram_incline_min" QVariant(QString, "0")
seg. ago. 17 16:07:59 2026 1786993679552 Debug: main.cpp int main(int, char **) "trainprogram_period_seconds" QVariant(QString, "60")
seg. ago. 17 16:07:59 2026 1786993679552 Debug: main.cpp int main(int, char **) "trainprogram_pid_hr_pushy_zone_limit" QVariant(QString, "0.8")
seg. ago. 17 16:07:59 2026 1786993679553 Debug: main.cpp int main(int, char **) "trainprogram_pid_hr_recovery_zone_limit" QVariant(QString, "60")
seg. ago. 17 16:07:59 2026 1786993679553 Debug: main.cpp int main(int, char **) "trainprogram_pid_ignore_inclination" QVariant(QString, "false")
seg. ago. 17 16:07:59 2026 1786993679554 Debug: main.cpp int main(int, char **) "trainprogram_pid_pushy" QVariant(QString, "true")
seg. ago. 17 16:07:59 2026 1786993679555 Debug: main.cpp int main(int, char **) "trainprogram_random" QVariant(QString, "false")
seg. ago. 17 16:07:59 2026 1786993679556 Debug: main.cpp int main(int, char **) "trainprogram_resistance_max" QVariant(QString, "32")
seg. ago. 17 16:07:59 2026 1786993679556 Debug: main.cpp int main(int, char **) "trainprogram_resistance_min" QVariant(QString, "1")
seg. ago. 17 16:07:59 2026 1786993679557 Debug: main.cpp int main(int, char **) "trainprogram_rest_speed" QVariant(QString, "420")
seg. ago. 17 16:07:59 2026 1786993679558 Debug: main.cpp int main(int, char **) "trainprogram_sound_on_segment" QVariant(QString, "false")
seg. ago. 17 16:07:59 2026 1786993679558 Debug: main.cpp int main(int, char **) "trainprogram_speed_max" QVariant(QString, "16")
seg. ago. 17 16:07:59 2026 1786993679559 Debug: main.cpp int main(int, char **) "trainprogram_speed_min" QVariant(QString, "8")
seg. ago. 17 16:07:59 2026 1786993679560 Debug: main.cpp int main(int, char **) "trainprogram_stop_at_end" QVariant(QString, "false")
seg. ago. 17 16:07:59 2026 1786993679560 Debug: main.cpp int main(int, char **) "trainprogram_total" QVariant(QString, "60")
seg. ago. 17 16:07:59 2026 1786993679561 Debug: main.cpp int main(int, char **) "trainprogram_warmup_speed" QVariant(QString, "420")
seg. ago. 17 16:07:59 2026 1786993679562 Debug: main.cpp int main(int, char **) "treadmillDataPoints" QVariant(QString, "")
seg. ago. 17 16:07:59 2026 1786993679562 Debug: main.cpp int main(int, char **) "treadmill_difficulty_gain_or_offset" QVariant(QString, "false")
seg. ago. 17 16:07:59 2026 1786993679563 Debug: main.cpp int main(int, char **) "treadmill_direct_distance" QVariant(QString, "false")
seg. ago. 17 16:07:59 2026 1786993679563 Debug: main.cpp int main(int, char **) "treadmill_follow_wattage" QVariant(QString, "false")
seg. ago. 17 16:07:59 2026 1786993679564 Debug: main.cpp int main(int, char **) "treadmill_force_running_activity" QVariant(QString, "false")
seg. ago. 17 16:07:59 2026 1786993679564 Debug: main.cpp int main(int, char **) "treadmill_force_speed" QVariant(QString, "false")
seg. ago. 17 16:07:59 2026 1786993679565 Debug: main.cpp int main(int, char **) "treadmill_inclination_override_0" QVariant(QString, "0")
seg. ago. 17 16:07:59 2026 1786993679566 Debug: main.cpp int main(int, char **) "treadmill_inclination_override_05" QVariant(QString, "0.5")
seg. ago. 17 16:07:59 2026 1786993679567 Debug: main.cpp int main(int, char **) "treadmill_inclination_override_10" QVariant(QString, "1")
seg. ago. 17 16:07:59 2026 1786993679567 Debug: main.cpp int main(int, char **) "treadmill_inclination_override_100" QVariant(QString, "10")
seg. ago. 17 16:07:59 2026 1786993679567 Debug: main.cpp int main(int, char **) "treadmill_inclination_override_105" QVariant(QString, "10.5")
seg. ago. 17 16:07:59 2026 1786993679568 Debug: main.cpp int main(int, char **) "treadmill_inclination_override_110" QVariant(QString, "11")
seg. ago. 17 16:07:59 2026 1786993679568 Debug: main.cpp int main(int, char **) "treadmill_inclination_override_115" QVariant(QString, "11.5")
seg. ago. 17 16:07:59 2026 1786993679569 Debug: main.cpp int main(int, char **) "treadmill_inclination_override_120" QVariant(QString, "12")
seg. ago. 17 16:07:59 2026 1786993679569 Debug: main.cpp int main(int, char **) "treadmill_inclination_override_125" QVariant(QString, "12.5")
seg. ago. 17 16:07:59 2026 1786993679570 Debug: main.cpp int main(int, char **) "treadmill_inclination_override_130" QVariant(QString, "13")
seg. ago. 17 16:07:59 2026 1786993679570 Debug: main.cpp int main(int, char **) "treadmill_inclination_override_135" QVariant(QString, "13.5")
seg. ago. 17 16:07:59 2026 1786993679571 Debug: main.cpp int main(int, char **) "treadmill_inclination_override_140" QVariant(QString, "14")
seg. ago. 17 16:07:59 2026 1786993679571 Debug: main.cpp int main(int, char **) "treadmill_inclination_override_145" QVariant(QString, "14.5")
seg. ago. 17 16:07:59 2026 1786993679572 Debug: main.cpp int main(int, char **) "treadmill_inclination_override_15" QVariant(QString, "1.5")
seg. ago. 17 16:07:59 2026 1786993679572 Debug: main.cpp int main(int, char **) "treadmill_inclination_override_150" QVariant(QString, "15")
seg. ago. 17 16:07:59 2026 1786993679573 Debug: main.cpp int main(int, char **) "treadmill_inclination_override_20" QVariant(QString, "2")
seg. ago. 17 16:07:59 2026 1786993679573 Debug: main.cpp int main(int, char **) "treadmill_inclination_override_25" QVariant(QString, "2.5")
seg. ago. 17 16:07:59 2026 1786993679573 Debug: main.cpp int main(int, char **) "treadmill_inclination_override_30" QVariant(QString, "3")
seg. ago. 17 16:07:59 2026 1786993679574 Debug: main.cpp int main(int, char **) "treadmill_inclination_override_35" QVariant(QString, "3.5")
seg. ago. 17 16:07:59 2026 1786993679575 Debug: main.cpp int main(int, char **) "treadmill_inclination_override_40" QVariant(QString, "4")
seg. ago. 17 16:07:59 2026 1786993679576 Debug: main.cpp int main(int, char **) "treadmill_inclination_override_45" QVariant(QString, "4.5")
seg. ago. 17 16:07:59 2026 1786993679576 Debug: main.cpp int main(int, char **) "treadmill_inclination_override_50" QVariant(QString, "5")
seg. ago. 17 16:07:59 2026 1786993679576 Debug: main.cpp int main(int, char **) "treadmill_inclination_override_55" QVariant(QString, "5.5")
seg. ago. 17 16:07:59 2026 1786993679577 Debug: main.cpp int main(int, char **) "treadmill_inclination_override_60" QVariant(QString, "6")
seg. ago. 17 16:07:59 2026 1786993679578 Debug: main.cpp int main(int, char **) "treadmill_inclination_override_65" QVariant(QString, "6.5")
seg. ago. 17 16:07:59 2026 1786993679578 Debug: main.cpp int main(int, char **) "treadmill_inclination_override_70" QVariant(QString, "7")
seg. ago. 17 16:07:59 2026 1786993679579 Debug: main.cpp int main(int, char **) "treadmill_inclination_override_75" QVariant(QString, "7.5")
seg. ago. 17 16:07:59 2026 1786993679579 Debug: main.cpp int main(int, char **) "treadmill_inclination_override_80" QVariant(QString, "8")
seg. ago. 17 16:07:59 2026 1786993679580 Debug: main.cpp int main(int, char **) "treadmill_inclination_override_85" QVariant(QString, "8.5")
seg. ago. 17 16:07:59 2026 1786993679580 Debug: main.cpp int main(int, char **) "treadmill_inclination_override_90" QVariant(QString, "9")
seg. ago. 17 16:07:59 2026 1786993679581 Debug: main.cpp int main(int, char **) "treadmill_inclination_override_95" QVariant(QString, "9.5")
seg. ago. 17 16:07:59 2026 1786993679581 Debug: main.cpp int main(int, char **) "treadmill_inclination_ovveride_gain" QVariant(QString, "1")
seg. ago. 17 16:07:59 2026 1786993679581 Debug: main.cpp int main(int, char **) "treadmill_inclination_ovveride_offset" QVariant(QString, "0")
seg. ago. 17 16:07:59 2026 1786993679582 Debug: main.cpp int main(int, char **) "treadmill_incline_max" QVariant(QString, "100")
seg. ago. 17 16:07:59 2026 1786993679582 Debug: main.cpp int main(int, char **) "treadmill_incline_min" QVariant(QString, "-100")
seg. ago. 17 16:07:59 2026 1786993679583 Debug: main.cpp int main(int, char **) "treadmill_pid_heart_max" QVariant(QString, "0")
seg. ago. 17 16:07:59 2026 1786993679583 Debug: main.cpp int main(int, char **) "treadmill_pid_heart_min" QVariant(QString, "0")
seg. ago. 17 16:07:59 2026 1786993679583 Debug: main.cpp int main(int, char **) "treadmill_pid_heart_zone" QVariant(QString, "Disabled")
seg. ago. 17 16:07:59 2026 1786993679584 Debug: main.cpp int main(int, char **) "treadmill_simulate_inclination_with_speed" QVariant(QString, "false")
seg. ago. 17 16:07:59 2026 1786993679585 Debug: main.cpp int main(int, char **) "treadmill_speed_max" QVariant(QString, "100")
seg. ago. 17 16:07:59 2026 1786993679585 Debug: main.cpp int main(int, char **) "treadmill_speed_min" QVariant(QString, "0")
seg. ago. 17 16:07:59 2026 1786993679585 Debug: main.cpp int main(int, char **) "treadmill_step_incline" QVariant(QString, "0.5")
seg. ago. 17 16:07:59 2026 1786993679586 Debug: main.cpp int main(int, char **) "treadmill_step_speed" QVariant(QString, "0.5")
seg. ago. 17 16:07:59 2026 1786993679586 Debug: main.cpp int main(int, char **) "trx_route_key" QVariant(QString, "false")
seg. ago. 17 16:07:59 2026 1786993679587 Debug: main.cpp int main(int, char **) "tts_act_cadence" QVariant(QString, "false")
seg. ago. 17 16:07:59 2026 1786993679587 Debug: main.cpp int main(int, char **) "tts_act_calories" QVariant(QString, "true")
seg. ago. 17 16:07:59 2026 1786993679588 Debug: main.cpp int main(int, char **) "tts_act_elapsed" QVariant(QString, "true")
seg. ago. 17 16:07:59 2026 1786993679588 Debug: main.cpp int main(int, char **) "tts_act_elevation" QVariant(QString, "true")
seg. ago. 17 16:07:59 2026 1786993679589 Debug: main.cpp int main(int, char **) "tts_act_ftp" QVariant(QString, "false")
seg. ago. 17 16:07:59 2026 1786993679589 Debug: main.cpp int main(int, char **) "tts_act_heart" QVariant(QString, "true")
seg. ago. 17 16:07:59 2026 1786993679589 Debug: main.cpp int main(int, char **) "tts_act_inclination" QVariant(QString, "false")
seg. ago. 17 16:07:59 2026 1786993679590 Debug: main.cpp int main(int, char **) "tts_act_jouls" QVariant(QString, "true")
seg. ago. 17 16:07:59 2026 1786993679591 Debug: main.cpp int main(int, char **) "tts_act_odometer" QVariant(QString, "true")
seg. ago. 17 16:07:59 2026 1786993679591 Debug: main.cpp int main(int, char **) "tts_act_pace" QVariant(QString, "false")
seg. ago. 17 16:07:59 2026 1786993679591 Debug: main.cpp int main(int, char **) "tts_act_peloton_resistance" QVariant(QString, "false")
seg. ago. 17 16:07:59 2026 1786993679592 Debug: main.cpp int main(int, char **) "tts_act_resistance" QVariant(QString, "true")
seg. ago. 17 16:07:59 2026 1786993679592 Debug: main.cpp int main(int, char **) "tts_act_speed" QVariant(QString, "false")
seg. ago. 17 16:07:59 2026 1786993679592 Debug: main.cpp int main(int, char **) "tts_act_target_cadence" QVariant(QString, "true")
seg. ago. 17 16:07:59 2026 1786993679593 Debug: main.cpp int main(int, char **) "tts_act_target_incline" QVariant(QString, "true")
seg. ago. 17 16:07:59 2026 1786993679593 Debug: main.cpp int main(int, char **) "tts_act_target_pace" QVariant(QString, "false")
seg. ago. 17 16:07:59 2026 1786993679594 Debug: main.cpp int main(int, char **) "tts_act_target_peloton_resistance" QVariant(QString, "true")
seg. ago. 17 16:07:59 2026 1786993679594 Debug: main.cpp int main(int, char **) "tts_act_target_power" QVariant(QString, "true")
seg. ago. 17 16:07:59 2026 1786993679594 Debug: main.cpp int main(int, char **) "tts_act_target_speed" QVariant(QString, "true")
seg. ago. 17 16:07:59 2026 1786993679595 Debug: main.cpp int main(int, char **) "tts_act_target_zone" QVariant(QString, "true")
seg. ago. 17 16:07:59 2026 1786993679595 Debug: main.cpp int main(int, char **) "tts_act_watt" QVariant(QString, "false")
seg. ago. 17 16:07:59 2026 1786993679595 Debug: main.cpp int main(int, char **) "tts_act_watt_kg" QVariant(QString, "false")
seg. ago. 17 16:07:59 2026 1786993679596 Debug: main.cpp int main(int, char **) "tts_avg_cadence" QVariant(QString, "true")
seg. ago. 17 16:07:59 2026 1786993679596 Debug: main.cpp int main(int, char **) "tts_avg_ftp" QVariant(QString, "true")
seg. ago. 17 16:07:59 2026 1786993679596 Debug: main.cpp int main(int, char **) "tts_avg_heart" QVariant(QString, "true")
seg. ago. 17 16:07:59 2026 1786993679597 Debug: main.cpp int main(int, char **) "tts_avg_pace" QVariant(QString, "true")
seg. ago. 17 16:07:59 2026 1786993679597 Debug: main.cpp int main(int, char **) "tts_avg_peloton_resistance" QVariant(QString, "false")
seg. ago. 17 16:07:59 2026 1786993679597 Debug: main.cpp int main(int, char **) "tts_avg_resistance" QVariant(QString, "true")
seg. ago. 17 16:07:59 2026 1786993679598 Debug: main.cpp int main(int, char **) "tts_avg_speed" QVariant(QString, "true")
seg. ago. 17 16:07:59 2026 1786993679599 Debug: main.cpp int main(int, char **) "tts_avg_watt" QVariant(QString, "true")
seg. ago. 17 16:07:59 2026 1786993679599 Debug: main.cpp int main(int, char **) "tts_avg_watt_kg" QVariant(QString, "false")
seg. ago. 17 16:07:59 2026 1786993679600 Debug: main.cpp int main(int, char **) "tts_description_enabled" QVariant(QString, "true")
seg. ago. 17 16:07:59 2026 1786993679600 Debug: main.cpp int main(int, char **) "tts_enabled" QVariant(QString, "false")
seg. ago. 17 16:07:59 2026 1786993679600 Debug: main.cpp int main(int, char **) "tts_max_cadence" QVariant(QString, "false")
seg. ago. 17 16:07:59 2026 1786993679600 Debug: main.cpp int main(int, char **) "tts_max_ftp" QVariant(QString, "false")
seg. ago. 17 16:07:59 2026 1786993679601 Debug: main.cpp int main(int, char **) "tts_max_heart" QVariant(QString, "false")
seg. ago. 17 16:07:59 2026 1786993679601 Debug: main.cpp int main(int, char **) "tts_max_pace" QVariant(QString, "false")
seg. ago. 17 16:07:59 2026 1786993679602 Debug: main.cpp int main(int, char **) "tts_max_peloton_resistance" QVariant(QString, "false")
seg. ago. 17 16:07:59 2026 1786993679602 Debug: main.cpp int main(int, char **) "tts_max_resistance" QVariant(QString, "false")
seg. ago. 17 16:07:59 2026 1786993679602 Debug: main.cpp int main(int, char **) "tts_max_speed" QVariant(QString, "false")
seg. ago. 17 16:07:59 2026 1786993679603 Debug: main.cpp int main(int, char **) "tts_max_watt" QVariant(QString, "true")
seg. ago. 17 16:07:59 2026 1786993679603 Debug: main.cpp int main(int, char **) "tts_max_watt_kg" QVariant(QString, "false")
seg. ago. 17 16:07:59 2026 1786993679603 Debug: main.cpp int main(int, char **) "tts_summary_sec" QVariant(QString, "120")
seg. ago. 17 16:07:59 2026 1786993679604 Debug: main.cpp int main(int, char **) "ui_zoom" QVariant(QString, "100")
seg. ago. 17 16:07:59 2026 1786993679604 Debug: main.cpp int main(int, char **) "umay_s100_treadmill" QVariant(QString, "false")
seg. ago. 17 16:07:59 2026 1786993679605 Debug: main.cpp int main(int, char **) "user_nickname" QVariant(QString, "")
seg. ago. 17 16:07:59 2026 1786993679605 Debug: main.cpp int main(int, char **) "video_playback_window_s" QVariant(QString, "12")
seg. ago. 17 16:07:59 2026 1786993679606 Debug: main.cpp int main(int, char **) "virtual_device_bluetooth" QVariant(QString, "true")
seg. ago. 17 16:07:59 2026 1786993679606 Debug: main.cpp int main(int, char **) "virtual_device_echelon" QVariant(QString, "false")
seg. ago. 17 16:07:59 2026 1786993679607 Debug: main.cpp int main(int, char **) "virtual_device_enabled" QVariant(QString, "true")
seg. ago. 17 16:07:59 2026 1786993679607 Debug: main.cpp int main(int, char **) "virtual_device_force_bike" QVariant(QString, "false")
seg. ago. 17 16:07:59 2026 1786993679607 Debug: main.cpp int main(int, char **) "virtual_device_force_treadmill" QVariant(QString, "false")
seg. ago. 17 16:07:59 2026 1786993679608 Debug: main.cpp int main(int, char **) "virtual_device_ifit" QVariant(QString, "false")
seg. ago. 17 16:07:59 2026 1786993679608 Debug: main.cpp int main(int, char **) "virtual_device_onlyheart" QVariant(QString, "false")
seg. ago. 17 16:07:59 2026 1786993679608 Debug: main.cpp int main(int, char **) "virtual_device_rower" QVariant(QString, "false")
seg. ago. 17 16:07:59 2026 1786993679609 Debug: main.cpp int main(int, char **) "virtual_device_rower_pm5" QVariant(QString, "false")
seg. ago. 17 16:07:59 2026 1786993679609 Debug: main.cpp int main(int, char **) "virtualbike_forceresistance" QVariant(QString, "true")
seg. ago. 17 16:07:59 2026 1786993679609 Debug: main.cpp int main(int, char **) "virtufit_etappe" QVariant(QString, "false")
seg. ago. 17 16:07:59 2026 1786993679609 Debug: main.cpp int main(int, char **) "volume_change_gears" QVariant(QString, "false")
seg. ago. 17 16:07:59 2026 1786993679610 Debug: main.cpp int main(int, char **) "wahoo_rgt_dircon" QVariant(QString, "false")
seg. ago. 17 16:07:59 2026 1786993679610 Debug: main.cpp int main(int, char **) "wahoo_without_wheel_diameter" QVariant(QString, "false")
seg. ago. 17 16:07:59 2026 1786993679610 Debug: main.cpp int main(int, char **) "waterrower_usb" QVariant(QString, "false")
seg. ago. 17 16:07:59 2026 1786993679611 Debug: main.cpp int main(int, char **) "watt_bike_emulator" QVariant(QString, "false")
seg. ago. 17 16:07:59 2026 1786993679611 Debug: main.cpp int main(int, char **) "watt_gain" QVariant(QString, "1")
seg. ago. 17 16:07:59 2026 1786993679611 Debug: main.cpp int main(int, char **) "watt_ignore_builtin" QVariant(QString, "true")
seg. ago. 17 16:07:59 2026 1786993679612 Debug: main.cpp int main(int, char **) "watt_offset" QVariant(QString, "0")
seg. ago. 17 16:07:59 2026 1786993679612 Debug: main.cpp int main(int, char **) "weight" QVariant(QString, "75")
seg. ago. 17 16:07:59 2026 1786993679612 Debug: main.cpp int main(int, char **) "weight_kg_unit" QVariant(QString, "false")
seg. ago. 17 16:07:59 2026 1786993679613 Debug: main.cpp int main(int, char **) "yesoul_peloton_formula" QVariant(QString, "false")
seg. ago. 17 16:07:59 2026 1786993679613 Debug: main.cpp int main(int, char **) "zero_zt2500_treadmill" QVariant(QString, "false")
seg. ago. 17 16:07:59 2026 1786993679613 Debug: main.cpp int main(int, char **) "zwift_api_autoinclination" QVariant(QString, "true")
seg. ago. 17 16:07:59 2026 1786993679614 Debug: main.cpp int main(int, char **) "zwift_api_poll" QVariant(QString, "5")
seg. ago. 17 16:07:59 2026 1786993679614 Debug: main.cpp int main(int, char **) "zwift_click" QVariant(QString, "false")
seg. ago. 17 16:07:59 2026 1786993679614 Debug: main.cpp int main(int, char **) "zwift_erg" QVariant(QString, "false")
seg. ago. 17 16:07:59 2026 1786993679615 Debug: main.cpp int main(int, char **) "zwift_erg_filter" QVariant(QString, "10")
seg. ago. 17 16:07:59 2026 1786993679615 Debug: main.cpp int main(int, char **) "zwift_erg_filter_down" QVariant(QString, "10")
seg. ago. 17 16:07:59 2026 1786993679615 Debug: main.cpp int main(int, char **) "zwift_erg_resistance_down" QVariant(QString, "0")
seg. ago. 17 16:07:59 2026 1786993679616 Debug: main.cpp int main(int, char **) "zwift_erg_resistance_up" QVariant(QString, "999")
seg. ago. 17 16:07:59 2026 1786993679616 Debug: main.cpp int main(int, char **) "zwift_gear_ui_aligned" QVariant(QString, "false")
seg. ago. 17 16:07:59 2026 1786993679616 Debug: main.cpp int main(int, char **) "zwift_inclination_gain" QVariant(QString, "1")
seg. ago. 17 16:07:59 2026 1786993679617 Debug: main.cpp int main(int, char **) "zwift_inclination_offset" QVariant(QString, "0")
seg. ago. 17 16:07:59 2026 1786993679617 Debug: main.cpp int main(int, char **) "zwift_negative_inclination_x2" QVariant(QString, "false")
seg. ago. 17 16:07:59 2026 1786993679617 Debug: main.cpp int main(int, char **) "zwift_ocr" QVariant(QString, "false")
seg. ago. 17 16:07:59 2026 1786993679618 Debug: main.cpp int main(int, char **) "zwift_ocr_climb_portal" QVariant(QString, "false")
seg. ago. 17 16:07:59 2026 1786993679619 Debug: main.cpp int main(int, char **) "zwift_play" QVariant(QString, "false")
seg. ago. 17 16:07:59 2026 1786993679619 Debug: main.cpp int main(int, char **) "zwift_play_emulator" QVariant(QString, "false")
seg. ago. 17 16:07:59 2026 1786993679619 Debug: main.cpp int main(int, char **) "zwift_play_vibration" QVariant(QString, "true")
seg. ago. 17 16:07:59 2026 1786993679620 Debug: main.cpp int main(int, char **) "zwift_workout_ocr" QVariant(QString, "false")
seg. ago. 17 16:07:59 2026 1786993679620 Debug: main.cpp int main(int, char **) "zwiftplay_gear_lb" QVariant(QString, "0")
seg. ago. 17 16:07:59 2026 1786993679620 Debug: main.cpp int main(int, char **) "zwiftplay_gear_ls1" QVariant(QString, "2")
seg. ago. 17 16:07:59 2026 1786993679621 Debug: main.cpp int main(int, char **) "zwiftplay_gear_ls2" QVariant(QString, "2")
seg. ago. 17 16:07:59 2026 1786993679621 Debug: main.cpp int main(int, char **) "zwiftplay_gear_paddle_left" QVariant(QString, "2")
seg. ago. 17 16:07:59 2026 1786993679621 Debug: main.cpp int main(int, char **) "zwiftplay_gear_paddle_right" QVariant(QString, "1")
seg. ago. 17 16:07:59 2026 1786993679622 Debug: main.cpp int main(int, char **) "zwiftplay_gear_rb" QVariant(QString, "0")
seg. ago. 17 16:07:59 2026 1786993679622 Debug: main.cpp int main(int, char **) "zwiftplay_gear_rs1" QVariant(QString, "1")
seg. ago. 17 16:07:59 2026 1786993679622 Debug: main.cpp int main(int, char **) "zwiftplay_gear_rs2" QVariant(QString, "1")
seg. ago. 17 16:07:59 2026 1786993679623 Debug: main.cpp int main(int, char **) "zwiftplay_swap" QVariant(QString, "false")
seg. ago. 17 16:07:59 2026 1786993679756 Debug: main.cpp int main(int, char **) READ_EXTERNAL_STORAGE denied!
seg. ago. 17 16:07:59 2026 1786993679762 Debug: devices/bluetooth.cpp void bluetooth::debug(const QString &) "simulated bike enabled, skipping discovery"
seg. ago. 17 16:07:59 2026 1786993679770 Warning:   QNetworkInterface/AF_NETLINK: found unknown interface with index 1
seg. ago. 17 16:07:59 2026 1786993679772 Warning:   QNetworkInterface/AF_NETLINK: found unknown interface with index 59
seg. ago. 17 16:07:59 2026 1786993679776 Warning:   QNetworkInterface/AF_NETLINK: found unknown interface with index 1
seg. ago. 17 16:07:59 2026 1786993679778 Warning:   QNetworkInterface/AF_NETLINK: found unknown interface with index 2
seg. ago. 17 16:07:59 2026 1786993679780 Warning:   QNetworkInterface/AF_NETLINK: found unknown interface with index 14
seg. ago. 17 16:07:59 2026 1786993679782 Warning:   QNetworkInterface/AF_NETLINK: found unknown interface with index 16
seg. ago. 17 16:07:59 2026 1786993679784 Warning:   QNetworkInterface/AF_NETLINK: found unknown interface with index 1
seg. ago. 17 16:07:59 2026 1786993679786 Warning:   QNetworkInterface/AF_NETLINK: found unknown interface with index 59
seg. ago. 17 16:07:59 2026 1786993679787 Warning:   QNetworkInterface/AF_NETLINK: found unknown interface with index 1
seg. ago. 17 16:07:59 2026 1786993679790 Warning:   QNetworkInterface/AF_NETLINK: found unknown interface with index 2
seg. ago. 17 16:07:59 2026 1786993679791 Warning:   QNetworkInterface/AF_NETLINK: found unknown interface with index 14
seg. ago. 17 16:07:59 2026 1786993679793 Warning:   QNetworkInterface/AF_NETLINK: found unknown interface with index 16
seg. ago. 17 16:07:59 2026 1786993679813 Debug: fontmanager.cpp void FontManager::loadLocalEmojiFont() Font file path: "/data/user/0/org.cagnulen.qdomyoszwift/cache/fonts/NotoColorEmoji.ttf"
seg. ago. 17 16:07:59 2026 1786993679813 Warning:   QNetworkInterface/AF_NETLINK: found unknown interface with index 1
seg. ago. 17 16:07:59 2026 1786993679814 Debug: fontmanager.cpp void FontManager::loadLocalEmojiFont() Font file exists: true
seg. ago. 17 16:07:59 2026 1786993679814 Warning:   QNetworkInterface/AF_NETLINK: found unknown interface with index 59
seg. ago. 17 16:07:59 2026 1786993679815 Debug: fontmanager.cpp void FontManager::loadLocalEmojiFont() Font file size: 10673480 bytes
seg. ago. 17 16:07:59 2026 1786993679815 Warning:   QNetworkInterface/AF_NETLINK: found unknown interface with index 1
seg. ago. 17 16:07:59 2026 1786993679816 Debug: fontmanager.cpp void FontManager::loadLocalEmojiFont() Font file readable: true
seg. ago. 17 16:07:59 2026 1786993679816 Warning:   QNetworkInterface/AF_NETLINK: found unknown interface with index 2
seg. ago. 17 16:07:59 2026 1786993679818 Warning:   QNetworkInterface/AF_NETLINK: found unknown interface with index 14
seg. ago. 17 16:07:59 2026 1786993679819 Warning:   QNetworkInterface/AF_NETLINK: found unknown interface with index 16
seg. ago. 17 16:07:59 2026 1786993679820 Warning:   QNetworkInterface/AF_NETLINK: found unknown interface with index 1
seg. ago. 17 16:07:59 2026 1786993679821 Warning:   QNetworkInterface/AF_NETLINK: found unknown interface with index 59
seg. ago. 17 16:07:59 2026 1786993679821 Warning:   QNetworkInterface/AF_NETLINK: found unknown interface with index 1
seg. ago. 17 16:07:59 2026 1786993679821 Debug: fontmanager.cpp void FontManager::loadLocalEmojiFont() Font file header (hex): "00010000000d00800003005043424454"
seg. ago. 17 16:07:59 2026 1786993679824 Warning:   QNetworkInterface/AF_NETLINK: found unknown interface with index 2
seg. ago. 17 16:07:59 2026 1786993679824 Warning:   QNetworkInterface/AF_NETLINK: found unknown interface with index 14
seg. ago. 17 16:07:59 2026 1786993679824 Debug: fontmanager.cpp void FontManager::loadLocalEmojiFont() Font file header (text): "\x00\x01\x00\x00\x00\r\x00\x80\x00\x03\x00PCBDT"
seg. ago. 17 16:07:59 2026 1786993679825 Warning:   QNetworkInterface/AF_NETLINK: found unknown interface with index 16
seg. ago. 17 16:07:59 2026 1786993679826 Debug: fontmanager.cpp void FontManager::loadLocalEmojiFont() QFontDatabase::addApplicationFont returned: 0
seg. ago. 17 16:07:59 2026 1786993679828 Debug: fontmanager.cpp void FontManager::loadLocalEmojiFont() Available font families: ("Noto Color Emoji")
seg. ago. 17 16:07:59 2026 1786993679831 Debug: fontmanager.cpp void FontManager::loadLocalEmojiFont() Cached emoji font loaded: "Noto Color Emoji"
seg. ago. 17 16:07:59 2026 1786993679833 Debug: main.cpp auto main(int, char **)::(anonymous class)::operator()(const QString &, const QString &) const Translation loaded successfully for "locale" : "pt_BR"
seg. ago. 17 16:07:59 2026 1786993679851 Warning:   Ignoring duplicate QML module registration for QtQuick 2
seg. ago. 17 16:07:59 2026 1786993679935 Warning:   Could not attach Keys property to:  ApplicationWindow_QMLTYPE_45_QML_53(0xb400007dcf923090, name = "stack")  is not an Item
seg. ago. 17 16:07:59 2026 1786993679941 Warning: androidqlog.cpp void Java_org_cagnulen_qdomyoszwift_QLog_sendToQt(JNIEnv *, jclass, jint, jstring, jstring) [WARN: "InAppPurchase" ] "initializeConnection start"
seg. ago. 17 16:07:59 2026 1786993679964 Debug: qrc:/main.qml onCurrentOrientationChanged Orientation changed to: 1
seg. ago. 17 16:07:59 2026 1786993679979 Warning:   QQmlComponent: Component is not ready
seg. ago. 17 16:07:59 2026 1786993679980 Warning: qrc:/main.qml  qrc:/main.qml:1420:9: QML StackView: initialItem: qrc:/Home.qml:625 Cannot assign to non-existent property "onErrorOccurred"
seg. ago. 17 16:08:00 2026 1786993680005 Warning: androidqlog.cpp void Java_org_cagnulen_qdomyoszwift_QLog_sendToQt(JNIEnv *, jclass, jint, jstring, jstring) [WARN: "InAppPurchase" ] "onBillingSetupFinished"
seg. ago. 17 16:08:00 2026 1786993680180 Warning: qrc:/main.qml  qrc:/main.qml:924: ReferenceError: rootItem is not defined
seg. ago. 17 16:08:00 2026 1786993680181 Warning: qrc:/main.qml  qrc:/main.qml:1038: ReferenceError: rootItem is not defined
seg. ago. 17 16:08:00 2026 1786993680181 Warning: qrc:/main.qml  qrc:/main.qml:1055: ReferenceError: rootItem is not defined
seg. ago. 17 16:08:00 2026 1786993680182 Warning: qrc:/main.qml  qrc:/main.qml:1063: ReferenceError: rootItem is not defined
seg. ago. 17 16:08:00 2026 1786993680182 Warning: qrc:/main.qml  qrc:/main.qml:1076: ReferenceError: rootItem is not defined
seg. ago. 17 16:08:00 2026 1786993680182 Warning: qrc:/main.qml  qrc:/main.qml:1084: TypeError: Cannot read property 'title' of null
seg. ago. 17 16:08:00 2026 1786993680183 Warning: qrc:/main.qml  qrc:/main.qml:314: ReferenceError: rootItem is not defined
seg. ago. 17 16:08:00 2026 1786993680183 Warning: qrc:/main.qml  qrc:/main.qml:512: ReferenceError: rootItem is not defined
seg. ago. 17 16:08:00 2026 1786993680183 Warning: qrc:/main.qml  qrc:/main.qml:653: ReferenceError: rootItem is not defined
seg. ago. 17 16:08:00 2026 1786993680184 Warning: qrc:/main.qml  qrc:/main.qml:687: ReferenceError: rootItem is not defined
seg. ago. 17 16:08:00 2026 1786993680184 Warning: qrc:/main.qml  qrc:/main.qml:720: ReferenceError: rootItem is not defined
seg. ago. 17 16:08:00 2026 1786993680184 Warning: qrc:/main.qml  qrc:/main.qml:727: ReferenceError: rootItem is not defined
seg. ago. 17 16:08:00 2026 1786993680184 Warning: qrc:/main.qml  qrc:/main.qml:774: ReferenceError: rootItem is not defined
seg. ago. 17 16:08:00 2026 1786993680185 Warning: qrc:/main.qml  qrc:/main.qml:785: ReferenceError: rootItem is not defined
seg. ago. 17 16:08:00 2026 1786993680185 Warning: qrc:/main.qml  qrc:/main.qml:779: ReferenceError: rootItem is not defined
seg. ago. 17 16:08:00 2026 1786993680185 Warning: qrc:/main.qml  qrc:/main.qml:794: ReferenceError: rootItem is not defined
seg. ago. 17 16:08:00 2026 1786993680186 Warning: qrc:/main.qml  qrc:/main.qml:790: ReferenceError: rootItem is not defined
seg. ago. 17 16:08:00 2026 1786993680186 Warning: qrc:/main.qml  qrc:/main.qml:819: ReferenceError: rootItem is not defined
seg. ago. 17 16:08:00 2026 1786993680186 Warning: qrc:/main.qml  qrc:/main.qml:799: ReferenceError: rootItem is not defined
seg. ago. 17 16:08:00 2026 1786993680187 Warning: qrc:/main.qml  qrc:/main.qml:828: ReferenceError: rootItem is not defined
seg. ago. 17 16:08:00 2026 1786993680187 Warning: qrc:/main.qml  qrc:/main.qml:1399: ReferenceError: rootItem is not defined
seg. ago. 17 16:08:00 2026 1786993680220 Debug: PathController.cpp PathController::PathController(QObject *) Found QGeoPositionInfoSource: sourceName: "android" , objectName: ""
seg. ago. 17 16:08:00 2026 1786993680226 Warning:   QNetworkInterface/AF_NETLINK: found unknown interface with index 1
seg. ago. 17 16:08:00 2026 1786993680229 Warning:   QNetworkInterface/AF_NETLINK: found unknown interface with index 59
seg. ago. 17 16:08:00 2026 1786993680230 Warning:   QNetworkInterface/AF_NETLINK: found unknown interface with index 1
seg. ago. 17 16:08:00 2026 1786993680230 Warning:   QNetworkInterface/AF_NETLINK: found unknown interface with index 2
seg. ago. 17 16:08:00 2026 1786993680231 Warning:   QNetworkInterface/AF_NETLINK: found unknown interface with index 14
seg. ago. 17 16:08:00 2026 1786993680231 Warning:   QNetworkInterface/AF_NETLINK: found unknown interface with index 16
seg. ago. 17 16:08:00 2026 1786993680232 Debug: androidqlog.cpp void Java_org_cagnulen_qdomyoszwift_QLog_sendToQt(JNIEnv *, jclass, jint, jstring, jstring) [DEBUG: "LocationHelper" ] "Starting LocationHelper check..."
seg. ago. 17 16:08:00 2026 1786993680243 Debug: templateinfosenderbuilder.cpp void TemplateInfoSenderBuilder::load(const QString &, const QStringList &) "Load start from" "/storage/emulated/0/Documents/QZ/QZTemplates"
seg. ago. 17 16:08:00 2026 1786993680244 Debug: templateinfosenderbuilder.cpp void TemplateInfoSenderBuilder::load(const QString &, const QStringList &) "Load start from" ":/templates/"
seg. ago. 17 16:08:00 2026 1786993680244 Debug: templateinfosenderbuilder.cpp void TemplateInfoSenderBuilder::createTemplatesFromFolder(const QString &, const QString &, QStringList &) "Template Dir Found" ":/templates/debug"
seg. ago. 17 16:08:00 2026 1786993680245 Debug: templateinfosenderbuilder.cpp void TemplateInfoSenderBuilder::createTemplatesFromFolder(const QString &, const QString &, QStringList &) "Template File Found" ":/templates/vlc-TcpClient.qzt"
seg. ago. 17 16:08:00 2026 1786993680245 Debug: templateinfosenderbuilder.cpp void TemplateInfoSenderBuilder::createTemplatesFromFolder(const QString &, const QString &, QStringList &) "Template type" "TcpClient" " id" "user_vlc"
seg. ago. 17 16:08:00 2026 1786993680246 Debug: templateinfosenderbuilder.cpp void TemplateInfoSenderBuilder::createTemplatesFromFolder(const QString &, const QString &, QStringList &) "Template" "user_vlc" " is disabled: not created"
seg. ago. 17 16:08:00 2026 1786993680246 Debug: templateinfosenderbuilder.cpp void TemplateInfoSenderBuilder::createTemplatesFromFolder(const QString &, const QString &, QStringList &) "Template File Found" ":/templates/qz-TcpClient.qzt"
seg. ago. 17 16:08:00 2026 1786993680246 Debug: templateinfosenderbuilder.cpp void TemplateInfoSenderBuilder::createTemplatesFromFolder(const QString &, const QString &, QStringList &) "Template type" "TcpClient" " id" "user_qz"
seg. ago. 17 16:08:00 2026 1786993680247 Debug: templateinfosenderbuilder.cpp void TemplateInfoSenderBuilder::createTemplatesFromFolder(const QString &, const QString &, QStringList &) "Template" "user_qz" " is disabled: not created"
seg. ago. 17 16:08:00 2026 1786993680247 Debug: templateinfosenderbuilder.cpp void TemplateInfoSenderBuilder::createTemplatesFromFolder(const QString &, const QString &, QStringList &) "Template Dir Found" ":/templates/example"
seg. ago. 17 16:08:00 2026 1786993680247 Debug: templateinfosenderbuilder.cpp void TemplateInfoSenderBuilder::load(const QString &, const QStringList &) "Folder List" (":/templates//debug", ":/templates//example")
seg. ago. 17 16:08:00 2026 1786993680248 Warning:   QNetworkInterface/AF_NETLINK: found unknown interface with index 1
seg. ago. 17 16:08:00 2026 1786993680248 Warning:   QNetworkInterface/AF_NETLINK: found unknown interface with index 59
seg. ago. 17 16:08:00 2026 1786993680249 Warning:   QNetworkInterface/AF_NETLINK: found unknown interface with index 1
seg. ago. 17 16:08:00 2026 1786993680249 Warning:   QNetworkInterface/AF_NETLINK: found unknown interface with index 2
seg. ago. 17 16:08:00 2026 1786993680250 Warning:   QNetworkInterface/AF_NETLINK: found unknown interface with index 14
seg. ago. 17 16:08:00 2026 1786993680250 Warning:   QNetworkInterface/AF_NETLINK: found unknown interface with index 16
seg. ago. 17 16:08:00 2026 1786993680251 Debug: templateinfosenderbuilder.cpp void TemplateInfoSenderBuilder::load(const QString &, const QStringList &) "addressList " ()
seg. ago. 17 16:08:00 2026 1786993680295 Debug: templateinfosenderbuilder.cpp void TemplateInfoSenderBuilder::load(const QString &, const QStringList &) "Template" "user_QZWS" " is disabled: not created"
seg. ago. 17 16:08:00 2026 1786993680296 Debug: templateinfosenderbuilder.cpp void TemplateInfoSenderBuilder::load(const QString &, const QStringList &) "Setting template_ids" ("user_QZWS", "user_qz", "user_vlc")
seg. ago. 17 16:08:00 2026 1786993680303 Debug: templateinfosenderbuilder.cpp void TemplateInfoSenderBuilder::load(const QString &, const QStringList &) "Load start from" ":/inner_templates/"
seg. ago. 17 16:08:00 2026 1786993680303 Debug: templateinfosenderbuilder.cpp void TemplateInfoSenderBuilder::createTemplatesFromFolder(const QString &, const QString &, QStringList &) "Template Dir Found" ":/inner_templates/i18n"
seg. ago. 17 16:08:00 2026 1786993680304 Debug: templateinfosenderbuilder.cpp void TemplateInfoSenderBuilder::createTemplatesFromFolder(const QString &, const QString &, QStringList &) "Template Dir Found" ":/inner_templates/previewchart"
seg. ago. 17 16:08:00 2026 1786993680304 Debug: templateinfosenderbuilder.cpp void TemplateInfoSenderBuilder::createTemplatesFromFolder(const QString &, const QString &, QStringList &) "Template Dir Found" ":/inner_templates/floating"
seg. ago. 17 16:08:00 2026 1786993680304 Debug: templateinfosenderbuilder.cpp void TemplateInfoSenderBuilder::createTemplatesFromFolder(const QString &, const QString &, QStringList &) "Template Dir Found" ":/inner_templates/workouteditor"
seg. ago. 17 16:08:00 2026 1786993680305 Debug: templateinfosenderbuilder.cpp void TemplateInfoSenderBuilder::createTemplatesFromFolder(const QString &, const QString &, QStringList &) "Template Dir Found" ":/inner_templates/maps2d"
seg. ago. 17 16:08:00 2026 1786993680305 Debug: templateinfosenderbuilder.cpp void TemplateInfoSenderBuilder::createTemplatesFromFolder(const QString &, const QString &, QStringList &) "Template Dir Found" ":/inner_templates/trainingbrowser"
seg. ago. 17 16:08:00 2026 1786993680305 Debug: templateinfosenderbuilder.cpp void TemplateInfoSenderBuilder::createTemplatesFromFolder(const QString &, const QString &, QStringList &) "Template Dir Found" ":/inner_templates/chartjs"
seg. ago. 17 16:08:00 2026 1786993680306 Debug: templateinfosenderbuilder.cpp void TemplateInfoSenderBuilder::createTemplatesFromFolder(const QString &, const QString &, QStringList &) "Template Dir Found" ":/inner_templates/workoutpreview"
seg. ago. 17 16:08:00 2026 1786993680307 Debug: templateinfosenderbuilder.cpp void TemplateInfoSenderBuilder::createTemplatesFromFolder(const QString &, const QString &, QStringList &) "Template Dir Found" ":/inner_templates/googlemaps"
seg. ago. 17 16:08:00 2026 1786993680307 Debug: templateinfosenderbuilder.cpp void TemplateInfoSenderBuilder::load(const QString &, const QStringList &) "Folder List" (":/inner_templates//i18n", ":/inner_templates//previewchart", ":/inner_templates//floating", ":/inner_templates//workouteditor", ":/inner_templates//maps2d", ":/inner_templates//trainingbrowser", ":/inner_templates//chartjs", ":/inner_templates//workoutpreview", ":/inner_templates//googlemaps")
seg. ago. 17 16:08:00 2026 1786993680307 Warning:   QNetworkInterface/AF_NETLINK: found unknown interface with index 1
seg. ago. 17 16:08:00 2026 1786993680308 Warning:   QNetworkInterface/AF_NETLINK: found unknown interface with index 59
seg. ago. 17 16:08:00 2026 1786993680308 Warning:   QNetworkInterface/AF_NETLINK: found unknown interface with index 1
seg. ago. 17 16:08:00 2026 1786993680308 Warning:   QNetworkInterface/AF_NETLINK: found unknown interface with index 2
seg. ago. 17 16:08:00 2026 1786993680309 Warning:   QNetworkInterface/AF_NETLINK: found unknown interface with index 14
seg. ago. 17 16:08:00 2026 1786993680309 Warning:   QNetworkInterface/AF_NETLINK: found unknown interface with index 16
seg. ago. 17 16:08:00 2026 1786993680309 Debug: templateinfosenderbuilder.cpp void TemplateInfoSenderBuilder::load(const QString &, const QStringList &) "addressList " ()
seg. ago. 17 16:08:00 2026 1786993680313 Debug: templateinfosenderbuilder.cpp TemplateInfoSender *TemplateInfoSenderBuilder::newTemplate(const QString &, const QString &, const QString &) "Template Registered" "inner_QZWS" " type" "WebServer" " Template" "JSON.stringify({msg: \"workout\", content: this.workout})"
seg. ago. 17 16:08:00 2026 1786993680458 Debug: webserverinfosender.cpp virtual bool WebServerInfoSender::init() "Folder" ":/inner_templates//i18n"
seg. ago. 17 16:08:00 2026 1786993680459 Debug: webserverinfosender.cpp virtual bool WebServerInfoSender::init() "Relative" "i18n"
seg. ago. 17 16:08:00 2026 1786993680459 Debug: webserverinfosender.cpp virtual bool WebServerInfoSender::init() "Folder" ":/inner_templates//previewchart"
seg. ago. 17 16:08:00 2026 1786993680460 Debug: webserverinfosender.cpp virtual bool WebServerInfoSender::init() "Relative" "previewchart"
seg. ago. 17 16:08:00 2026 1786993680460 Debug: webserverinfosender.cpp virtual bool WebServerInfoSender::init() "Folder" ":/inner_templates//floating"
seg. ago. 17 16:08:00 2026 1786993680461 Debug: webserverinfosender.cpp virtual bool WebServerInfoSender::init() "Relative" "floating"
seg. ago. 17 16:08:00 2026 1786993680461 Debug: webserverinfosender.cpp virtual bool WebServerInfoSender::init() "Folder" ":/inner_templates//workouteditor"
seg. ago. 17 16:08:00 2026 1786993680462 Debug: webserverinfosender.cpp virtual bool WebServerInfoSender::init() "Relative" "workouteditor"
seg. ago. 17 16:08:00 2026 1786993680462 Debug: webserverinfosender.cpp virtual bool WebServerInfoSender::init() "Folder" ":/inner_templates//maps2d"
seg. ago. 17 16:08:00 2026 1786993680462 Debug: webserverinfosender.cpp virtual bool WebServerInfoSender::init() "Relative" "maps2d"
seg. ago. 17 16:08:00 2026 1786993680463 Debug: webserverinfosender.cpp virtual bool WebServerInfoSender::init() "Folder" ":/inner_templates//trainingbrowser"
seg. ago. 17 16:08:00 2026 1786993680463 Debug: webserverinfosender.cpp virtual bool WebServerInfoSender::init() "Relative" "trainingbrowser"
seg. ago. 17 16:08:00 2026 1786993680464 Debug: webserverinfosender.cpp virtual bool WebServerInfoSender::init() "Folder" ":/inner_templates//chartjs"
seg. ago. 17 16:08:00 2026 1786993680464 Debug: webserverinfosender.cpp virtual bool WebServerInfoSender::init() "Relative" "chartjs"
seg. ago. 17 16:08:00 2026 1786993680464 Debug: webserverinfosender.cpp virtual bool WebServerInfoSender::init() "Folder" ":/inner_templates//workoutpreview"
seg. ago. 17 16:08:00 2026 1786993680465 Debug: webserverinfosender.cpp virtual bool WebServerInfoSender::init() "Relative" "workoutpreview"
seg. ago. 17 16:08:00 2026 1786993680465 Debug: webserverinfosender.cpp virtual bool WebServerInfoSender::init() "Folder" ":/inner_templates//googlemaps"
seg. ago. 17 16:08:00 2026 1786993680466 Debug: webserverinfosender.cpp virtual bool WebServerInfoSender::init() "Relative" "googlemaps"
seg. ago. 17 16:08:00 2026 1786993680482 Debug: webserverinfosender.cpp virtual bool WebServerInfoSender::init() "WebServer listening on port" 42931 " " QHash(("i18n", ":/inner_templates//i18n")("chartjs", ":/inner_templates//chartjs")("workoutpreview", ":/inner_templates//workoutpreview")("previewchart", ":/inner_templates//previewchart")("trainingbrowser", ":/inner_templates//trainingbrowser")("googlemaps", ":/inner_templates//googlemaps")("floating", ":/inner_templates//floating")("workouteditor", ":/inner_templates//workouteditor")("maps2d", ":/inner_templates//maps2d"))
seg. ago. 17 16:08:00 2026 1786993680483 Debug: templateinfosenderbuilder.cpp void TemplateInfoSenderBuilder::load(const QString &, const QStringList &) "Setting template_ids" ("inner_QZWS")
seg. ago. 17 16:08:00 2026 1786993680529 Warning: qrc:/main.qml  qrc:/main.qml:1084: TypeError: Cannot read property 'title' of null
seg. ago. 17 16:08:00 2026 1786993680533 Warning: qrc:/main.qml  qrc:/main.qml:1084: TypeError: Cannot read property 'title' of null
seg. ago. 17 16:08:00 2026 1786993680535 Warning:   QObject::connect: Cannot connect (nullptr)::start_clicked() to homeform::Start()
seg. ago. 17 16:08:00 2026 1786993680535 Warning:   QObject::connect: Cannot connect (nullptr)::stop_clicked() to homeform::Stop()
seg. ago. 17 16:08:00 2026 1786993680536 Warning:   QObject::connect: Cannot connect (nullptr)::lap_clicked() to homeform::Lap()
seg. ago. 17 16:08:00 2026 1786993680536 Warning:   QObject::connect: Cannot connect (nullptr)::peloton_start_workout() to homeform::peloton_start_workout()
seg. ago. 17 16:08:00 2026 1786993680536 Warning:   QObject::connect: Cannot connect (nullptr)::peloton_abort_workout() to homeform::peloton_abort_workout()
seg. ago. 17 16:08:00 2026 1786993680537 Warning:   QObject::connect: No such signal ApplicationWindow_QMLTYPE_45_QML_53::intervalsicu_upload_file_prepare() in homeform.cpp:1013
seg. ago. 17 16:08:00 2026 1786993680537 Warning:   QObject::connect:  (sender name:   'stack')
seg. ago. 17 16:08:00 2026 1786993680538 Debug: homeform.cpp homeform::homeform(QQmlApplicationEngine *, bluetooth *) homeform constructor events linked
seg. ago. 17 16:08:00 2026 1786993680539 Debug: powerzonepack.cpp powerzonepack::powerzonepack(bluetooth *, QObject *) "invalid peloton credentials"
seg. ago. 17 16:08:00 2026 1786993680540 Debug: homefitnessbuddy.cpp homefitnessbuddy::homefitnessbuddy(bluetooth *, QObject *) "invalid peloton credentials"
seg. ago. 17 16:08:00 2026 1786993680540 Debug: peloton.cpp peloton::peloton(bluetooth *, QObject *) userId ""
seg. ago. 17 16:08:00 2026 1786993680541 Debug: ./peloton.h QString peloton::getPelotonSettingKey(const QString &, const QString &) ERROR: userid is empty!
seg. ago. 17 16:08:00 2026 1786993680541 Debug: peloton.cpp peloton::peloton(bluetooth *, QObject *) "invalid peloton credentials"
seg. ago. 17 16:08:00 2026 1786993680542 Debug: homeform.cpp homeform::homeform(QQmlApplicationEngine *, bluetooth *) ":/zwo/VO2max with sweet spot.zwo" "VO2max with sweet spot.zwo"
seg. ago. 17 16:08:00 2026 1786993680543 Debug: homeform.cpp homeform::homeform(QQmlApplicationEngine *, bluetooth *) ":/zwo/Tempo and endurance.zwo" "Tempo and endurance.zwo"
seg. ago. 17 16:08:00 2026 1786993680544 Debug: homeform.cpp homeform::homeform(QQmlApplicationEngine *, bluetooth *) ":/zwo/HIIT Aerobic.zwo" "HIIT Aerobic.zwo"
seg. ago. 17 16:08:00 2026 1786993680544 Debug: homeform.cpp homeform::homeform(QQmlApplicationEngine *, bluetooth *) ":/zwo/Easy intervals.zwo" "Easy intervals.zwo"
seg. ago. 17 16:08:00 2026 1786993680545 Debug: homeform.cpp homeform::homeform(QQmlApplicationEngine *, bluetooth *) ":/zwo/HIIT Neuromuscular.zwo" "HIIT Neuromuscular.zwo"
seg. ago. 17 16:08:00 2026 1786993680546 Debug: homeform.cpp homeform::homeform(QQmlApplicationEngine *, bluetooth *) ":/zwo/VO2max with recovery.zwo" "VO2max with recovery.zwo"
seg. ago. 17 16:08:00 2026 1786993680547 Debug: homeform.cpp homeform::homeform(QQmlApplicationEngine *, bluetooth *) ":/zwo/Tabata with sweet spot.zwo" "Tabata with sweet spot.zwo"
seg. ago. 17 16:08:00 2026 1786993680548 Debug: homeform.cpp homeform::homeform(QQmlApplicationEngine *, bluetooth *) ":/zwo/Tabata plus 2 with sweet spot and threshold.zwo" "Tabata plus 2 with sweet spot and threshold.zwo"
seg. ago. 17 16:08:00 2026 1786993680548 Debug: homeform.cpp homeform::homeform(QQmlApplicationEngine *, bluetooth *) ":/zwo/HIIT Anaerobic Sprint.zwo" "HIIT Anaerobic Sprint.zwo"
seg. ago. 17 16:08:00 2026 1786993680549 Debug: homeform.cpp homeform::homeform(QQmlApplicationEngine *, bluetooth *) ":/zwo/HIIT Anaerobic.zwo" "HIIT Anaerobic.zwo"
seg. ago. 17 16:08:00 2026 1786993680550 Debug: homeform.cpp homeform::homeform(QQmlApplicationEngine *, bluetooth *) ":/zwo/Short Mix by Jonathan.zwo" "Short Mix by Jonathan.zwo"
seg. ago. 17 16:08:00 2026 1786993680552 Debug: homeform.cpp homeform::homeform(QQmlApplicationEngine *, bluetooth *) ":/gpx/Richmond Park.gpx" "Richmond Park.gpx"
seg. ago. 17 16:08:00 2026 1786993680553 Debug: homeform.cpp homeform::homeform(QQmlApplicationEngine *, bluetooth *) ":/gpx/Butterfield Canyon Road.gpx" "Butterfield Canyon Road.gpx"
seg. ago. 17 16:08:00 2026 1786993680553 Debug: homeform.cpp homeform::homeform(QQmlApplicationEngine *, bluetooth *) ":/gpx/Govi to Hood.gpx" "Govi to Hood.gpx"
seg. ago. 17 16:08:00 2026 1786993680554 Debug: homeform.cpp homeform::homeform(QQmlApplicationEngine *, bluetooth *) ":/gpx/Box Hill.gpx" "Box Hill.gpx"
seg. ago. 17 16:08:00 2026 1786993680555 Debug: homeform.cpp homeform::homeform(QQmlApplicationEngine *, bluetooth *) ":/gpx/Crater Lake.gpx" "Crater Lake.gpx"
seg. ago. 17 16:08:00 2026 1786993680556 Debug: homeform.cpp homeform::homeform(QQmlApplicationEngine *, bluetooth *) ":/gpx/Italy - Passo dello Stelvio.gpx" "Italy - Passo dello Stelvio.gpx"
seg. ago. 17 16:08:00 2026 1786993680557 Debug: homeform.cpp homeform::homeform(QQmlApplicationEngine *, bluetooth *) ":/gpx/Pittenweem to St Andrews.gpx" "Pittenweem to St Andrews.gpx"
seg. ago. 17 16:08:00 2026 1786993680558 Debug: homeform.cpp homeform::homeform(QQmlApplicationEngine *, bluetooth *) ":/gpx/St Andrews to Pittenweem.gpx" "St Andrews to Pittenweem.gpx"
seg. ago. 17 16:08:02 2026 1786993682525 Debug: homeform.cpp homeform::homeform(QQmlApplicationEngine *, bluetooth *) "/storage/emulated/0/Documents/QZ/"
seg. ago. 17 16:08:02 2026 1786993682529 Debug: homeform.cpp homeform::homeform(QQmlApplicationEngine *, bluetooth *) getBluetoothName() "A34"
seg. ago. 17 16:08:02 2026 1786993682537 Debug: homeform.cpp homeform::homeform(QQmlApplicationEngine *, bluetooth *) "" "" ""
seg. ago. 17 16:08:02 2026 1786993682539 Debug: homeform.cpp homeform::homeform(QQmlApplicationEngine *, bluetooth *) "/storage/emulated/0/Android/data/org.cagnulen.qdomyoszwift/files/." "." "/."
seg. ago. 17 16:08:02 2026 1786993682561 Debug: workoutmodel.cpp WorkoutModel::WorkoutModel(const QString &, QObject *) Failed to open database in main thread: "unable to open database file Error opening database"
seg. ago. 17 16:08:02 2026 1786993682565 Warning: qrc:/main.qml  qrc:/main.qml:1084: TypeError: Cannot read property 'title' of null
seg. ago. 17 16:08:02 2026 1786993682719 Warning:   QNetworkInterface/AF_NETLINK: found unknown interface with index 1
seg. ago. 17 16:08:02 2026 1786993682721 Warning:   QNetworkInterface/AF_NETLINK: found unknown interface with index 59
seg. ago. 17 16:08:02 2026 1786993682722 Warning:   QNetworkInterface/AF_NETLINK: found unknown interface with index 1
seg. ago. 17 16:08:02 2026 1786993682723 Warning:   QNetworkInterface/AF_NETLINK: found unknown interface with index 2
seg. ago. 17 16:08:02 2026 1786993682724 Warning:   QNetworkInterface/AF_NETLINK: found unknown interface with index 14
seg. ago. 17 16:08:02 2026 1786993682724 Warning:   QNetworkInterface/AF_NETLINK: found unknown interface with index 16
seg. ago. 17 16:08:02 2026 1786993682725 Warning:   QNetworkInterface/AF_NETLINK: found unknown interface with index 1
seg. ago. 17 16:08:02 2026 1786993682726 Warning:   QNetworkInterface/AF_NETLINK: found unknown interface with index 59
seg. ago. 17 16:08:02 2026 1786993682726 Warning:   QNetworkInterface/AF_NETLINK: found unknown interface with index 1
seg. ago. 17 16:08:02 2026 1786993682727 Warning:   QNetworkInterface/AF_NETLINK: found unknown interface with index 2
seg. ago. 17 16:08:02 2026 1786993682727 Warning:   QNetworkInterface/AF_NETLINK: found unknown interface with index 14
seg. ago. 17 16:08:02 2026 1786993682728 Warning:   QNetworkInterface/AF_NETLINK: found unknown interface with index 16
seg. ago. 17 16:08:02 2026 1786993682729 Warning:   QNetworkInterface/AF_NETLINK: found unknown interface with index 1
seg. ago. 17 16:08:02 2026 1786993682729 Warning:   QNetworkInterface/AF_NETLINK: found unknown interface with index 59
seg. ago. 17 16:08:02 2026 1786993682730 Warning:   QNetworkInterface/AF_NETLINK: found unknown interface with index 1
seg. ago. 17 16:08:02 2026 1786993682730 Warning:   QNetworkInterface/AF_NETLINK: found unknown interface with index 2
seg. ago. 17 16:08:02 2026 1786993682731 Warning:   QNetworkInterface/AF_NETLINK: found unknown interface with index 14
seg. ago. 17 16:08:02 2026 1786993682732 Warning:   QNetworkInterface/AF_NETLINK: found unknown interface with index 16
seg. ago. 17 16:08:02 2026 1786993682732 Debug: homeform.cpp homeform::homeform(QQmlApplicationEngine *, bluetooth *) SSL supported
seg. ago. 17 16:08:02 2026 1786993682734 Debug: androidqlog.cpp void Java_org_cagnulen_qdomyoszwift_QLog_sendToQt(JNIEnv *, jclass, jint, jstring, jstring) [DEBUG: "Shortcuts" ] "/storage/emulated/0/Documents/QZ/"
seg. ago. 17 16:08:02 2026 1786993682799 Debug: devices/dircon/dirconmanager.cpp static void DirconManager::startIdleEndpoint() Starting the Dircon endpoint at launch, with no device attached yet
seg. ago. 17 16:08:02 2026 1786993682803 Debug: devices/dircon/dirconmanager.cpp DirconManager::DirconManager(bluetoothdevice *, int8_t, double, QObject *) Building Dircom Manager
seg. ago. 17 16:08:02 2026 1786993682808 Warning:   QNetworkInterface/AF_NETLINK: found unknown interface with index 1
seg. ago. 17 16:08:02 2026 1786993682809 Warning:   QNetworkInterface/AF_NETLINK: found unknown interface with index 59
seg. ago. 17 16:08:02 2026 1786993682810 Warning:   QNetworkInterface/AF_NETLINK: found unknown interface with index 1
seg. ago. 17 16:08:02 2026 1786993682811 Warning:   QNetworkInterface/AF_NETLINK: found unknown interface with index 2
seg. ago. 17 16:08:02 2026 1786993682812 Warning:   QNetworkInterface/AF_NETLINK: found unknown interface with index 14
seg. ago. 17 16:08:02 2026 1786993682813 Warning:   QNetworkInterface/AF_NETLINK: found unknown interface with index 16
seg. ago. 17 16:08:02 2026 1786993682815 Debug: devices/dircon/dirconprocessor.cpp DirconProcessor::DirconProcessor(const QList<DirconProcessorService *> &, const QString &, quint16, const QString &, const QString &, QObject *) In the constructor of dircon processor for "Wahoo KICKR 0000"
seg. ago. 17 16:08:02 2026 1786993682817 Debug: devices/dircon/dirconmanager.cpp DirconManager::DirconManager(bluetoothdevice *, int8_t, double, QObject *) Initializing dircon for "Wahoo KICKR $uuid_hex$" with serv "servname=FITNESS_MACHINE_CYCLE uuid=1826 machine=0 [uuid=2acc read=835400000ce00000 type=1,uuid=2ad6 read=0a0096000a00 type=1,uuid=2ad9 read=00 type=10,uuid=e005 read=00 type=2,uuid=2ad2 read=00 type=4,uuid=2ad3 read=0001 type=1,],servname=CYCLING_POWER uuid=1818 machine=0 [uuid=2a65 read=08000000 type=1,uuid=2a5d read=0d type=1,uuid=2a63 read=00 type=4,],servname=CYCLING_SPEED_AND_CADENCE uuid=1816 machine=0 [uuid=2a5c read=0200 type=1,uuid=2a5d read=0d type=1,uuid=2a5b read=00 type=4,uuid=2a55 read=00 type=2,],"
seg. ago. 17 16:08:02 2026 1786993682818 Debug: devices/dircon/dirconprocessor.cpp bool DirconProcessor::init() Dircon Processor init for "Wahoo KICKR 0000"
seg. ago. 17 16:08:02 2026 1786993682820 Debug: devices/dircon/dirconprocessor.cpp bool DirconProcessor::initServer() Initializing dircon tcp server for "Wahoo KICKR 0000"
seg. ago. 17 16:08:02 2026 1786993682822 Debug: devices/dircon/dirconprocessor.cpp bool DirconProcessor::initServer() Dircon TCP Server built "Wahoo KICKR 0000"
seg. ago. 17 16:08:02 2026 1786993682823 Debug: devices/dircon/dirconprocessor.cpp bool DirconProcessor::initServer() Dircon TCP Server trying to listen 36866
seg. ago. 17 16:08:02 2026 1786993682824 Debug: devices/dircon/dirconprocessor.cpp bool DirconProcessor::init() Dircon TCP Server RV true
seg. ago. 17 16:08:02 2026 1786993682826 Debug: devices/dircon/dirconprocessor.cpp void DirconProcessor::initAdvertising() Dircon Adv init for "Wahoo KICKR 0000"
seg. ago. 17 16:08:02 2026 1786993682828 Warning:   QNetworkInterface/AF_NETLINK: found unknown interface with index 1
seg. ago. 17 16:08:02 2026 1786993682829 Warning:   QNetworkInterface/AF_NETLINK: found unknown interface with index 59
seg. ago. 17 16:08:02 2026 1786993682831 Warning:   QNetworkInterface/AF_NETLINK: found unknown interface with index 1
seg. ago. 17 16:08:02 2026 1786993682832 Warning:   QNetworkInterface/AF_NETLINK: found unknown interface with index 2
seg. ago. 17 16:08:02 2026 1786993682832 Warning:   QNetworkInterface/AF_NETLINK: found unknown interface with index 14
seg. ago. 17 16:08:02 2026 1786993682833 Warning:   QNetworkInterface/AF_NETLINK: found unknown interface with index 16
seg. ago. 17 16:08:02 2026 1786993682835 Warning:   QNetworkInterface/AF_NETLINK: found unknown interface with index 1
seg. ago. 17 16:08:02 2026 1786993682836 Warning:   QNetworkInterface/AF_NETLINK: found unknown interface with index 59
seg. ago. 17 16:08:02 2026 1786993682836 Warning:   QNetworkInterface/AF_NETLINK: found unknown interface with index 1
seg. ago. 17 16:08:02 2026 1786993682836 Warning:   QNetworkInterface/AF_NETLINK: found unknown interface with index 2
seg. ago. 17 16:08:02 2026 1786993682837 Warning:   QNetworkInterface/AF_NETLINK: found unknown interface with index 14
seg. ago. 17 16:08:02 2026 1786993682837 Warning:   QNetworkInterface/AF_NETLINK: found unknown interface with index 16
seg. ago. 17 16:08:02 2026 1786993682838 Warning:   QNetworkInterface/AF_NETLINK: found unknown interface with index 1
seg. ago. 17 16:08:02 2026 1786993682838 Warning:   QNetworkInterface/AF_NETLINK: found unknown interface with index 59
seg. ago. 17 16:08:02 2026 1786993682838 Warning:   QNetworkInterface/AF_NETLINK: found unknown interface with index 1
seg. ago. 17 16:08:02 2026 1786993682839 Warning:   QNetworkInterface/AF_NETLINK: found unknown interface with index 2
seg. ago. 17 16:08:02 2026 1786993682839 Warning:   QNetworkInterface/AF_NETLINK: found unknown interface with index 14
seg. ago. 17 16:08:02 2026 1786993682839 Warning:   QNetworkInterface/AF_NETLINK: found unknown interface with index 16
seg. ago. 17 16:08:02 2026 1786993682840 Warning:   QNetworkInterface/AF_NETLINK: found unknown interface with index 1
seg. ago. 17 16:08:02 2026 1786993682840 Warning:   QNetworkInterface/AF_NETLINK: found unknown interface with index 59
seg. ago. 17 16:08:02 2026 1786993682840 Warning:   QNetworkInterface/AF_NETLINK: found unknown interface with index 1
seg. ago. 17 16:08:02 2026 1786993682840 Warning:   QNetworkInterface/AF_NETLINK: found unknown interface with index 2
seg. ago. 17 16:08:02 2026 1786993682841 Warning:   QNetworkInterface/AF_NETLINK: found unknown interface with index 14
seg. ago. 17 16:08:02 2026 1786993682841 Warning:   QNetworkInterface/AF_NETLINK: found unknown interface with index 16
seg. ago. 17 16:08:02 2026 1786993682842 Debug: devices/dircon/dirconprocessor.cpp void DirconProcessor::initAdvertising() Dircon Adv init for "Wahoo KICKR 0000"  end
seg. ago. 17 16:08:02 2026 1786993682842 Debug: devices/dircon/dirconprocessor.cpp DirconProcessor::DirconProcessor(const QList<DirconProcessorService *> &, const QString &, quint16, const QString &, const QString &, QObject *) In the constructor of dircon processor for "Wahoo HRM"
seg. ago. 17 16:08:02 2026 1786993682842 Debug: devices/dircon/dirconmanager.cpp DirconManager::DirconManager(bluetoothdevice *, int8_t, double, QObject *) Initializing dircon for "Wahoo HRM" with serv "servname=HEART_RATE uuid=180d machine=1 [uuid=2a37 read=00 type=4,],"
seg. ago. 17 16:08:02 2026 1786993682843 Debug: devices/dircon/dirconprocessor.cpp bool DirconProcessor::init() Dircon Processor init for "Wahoo HRM"
seg. ago. 17 16:08:02 2026 1786993682843 Debug: devices/dircon/dirconprocessor.cpp bool DirconProcessor::initServer() Initializing dircon tcp server for "Wahoo HRM"
seg. ago. 17 16:08:02 2026 1786993682843 Debug: devices/dircon/dirconprocessor.cpp bool DirconProcessor::initServer() Dircon TCP Server built "Wahoo HRM"
seg. ago. 17 16:08:02 2026 1786993682844 Debug: devices/dircon/dirconprocessor.cpp bool DirconProcessor::initServer() Dircon TCP Server trying to listen 36867
seg. ago. 17 16:08:02 2026 1786993682844 Debug: devices/dircon/dirconprocessor.cpp bool DirconProcessor::init() Dircon TCP Server RV true
seg. ago. 17 16:08:02 2026 1786993682845 Debug: devices/dircon/dirconprocessor.cpp void DirconProcessor::initAdvertising() Dircon Adv init for "Wahoo HRM"
seg. ago. 17 16:08:02 2026 1786993682845 Warning:   QNetworkInterface/AF_NETLINK: found unknown interface with index 1
seg. ago. 17 16:08:02 2026 1786993682846 Warning:   QNetworkInterface/AF_NETLINK: found unknown interface with index 59
seg. ago. 17 16:08:02 2026 1786993682846 Warning:   QNetworkInterface/AF_NETLINK: found unknown interface with index 1
seg. ago. 17 16:08:02 2026 1786993682846 Warning:   QNetworkInterface/AF_NETLINK: found unknown interface with index 2
seg. ago. 17 16:08:02 2026 1786993682846 Warning:   QNetworkInterface/AF_NETLINK: found unknown interface with index 14
seg. ago. 17 16:08:02 2026 1786993682847 Warning:   QNetworkInterface/AF_NETLINK: found unknown interface with index 16
seg. ago. 17 16:08:02 2026 1786993682847 Warning:   QNetworkInterface/AF_NETLINK: found unknown interface with index 1
seg. ago. 17 16:08:02 2026 1786993682848 Warning:   QNetworkInterface/AF_NETLINK: found unknown interface with index 59
seg. ago. 17 16:08:02 2026 1786993682849 Warning:   QNetworkInterface/AF_NETLINK: found unknown interface with index 1
seg. ago. 17 16:08:02 2026 1786993682849 Warning:   QNetworkInterface/AF_NETLINK: found unknown interface with index 2
seg. ago. 17 16:08:02 2026 1786993682849 Warning:   QNetworkInterface/AF_NETLINK: found unknown interface with index 14
seg. ago. 17 16:08:02 2026 1786993682850 Warning:   QNetworkInterface/AF_NETLINK: found unknown interface with index 16
seg. ago. 17 16:08:02 2026 1786993682851 Warning:   QNetworkInterface/AF_NETLINK: found unknown interface with index 1
seg. ago. 17 16:08:02 2026 1786993682852 Warning:   QNetworkInterface/AF_NETLINK: found unknown interface with index 59
seg. ago. 17 16:08:02 2026 1786993682852 Warning:   QNetworkInterface/AF_NETLINK: found unknown interface with index 1
seg. ago. 17 16:08:02 2026 1786993682852 Warning:   QNetworkInterface/AF_NETLINK: found unknown interface with index 2
seg. ago. 17 16:08:02 2026 1786993682853 Warning:   QNetworkInterface/AF_NETLINK: found unknown interface with index 14
seg. ago. 17 16:08:02 2026 1786993682853 Warning:   QNetworkInterface/AF_NETLINK: found unknown interface with index 16
seg. ago. 17 16:08:02 2026 1786993682854 Warning:   QNetworkInterface/AF_NETLINK: found unknown interface with index 1
seg. ago. 17 16:08:02 2026 1786993682854 Warning:   QNetworkInterface/AF_NETLINK: found unknown interface with index 59
seg. ago. 17 16:08:02 2026 1786993682855 Warning:   QNetworkInterface/AF_NETLINK: found unknown interface with index 1
seg. ago. 17 16:08:02 2026 1786993682855 Warning:   QNetworkInterface/AF_NETLINK: found unknown interface with index 2
seg. ago. 17 16:08:02 2026 1786993682855 Warning:   QNetworkInterface/AF_NETLINK: found unknown interface with index 14
seg. ago. 17 16:08:02 2026 1786993682856 Warning:   QNetworkInterface/AF_NETLINK: found unknown interface with index 16
seg. ago. 17 16:08:02 2026 1786993682857 Debug: devices/dircon/dirconprocessor.cpp void DirconProcessor::initAdvertising() Dircon Adv init for "Wahoo HRM"  end
seg. ago. 17 16:08:02 2026 1786993682863 Debug: keepawakehelper.cpp KeepAwakeHelper::KeepAwakeHelper() Locked device, can't go to standby anymore
seg. ago. 17 16:08:02 2026 1786993682864 Debug: androidqlog.cpp void Java_org_cagnulen_qdomyoszwift_QLog_sendToQt(JNIEnv *, jclass, jint, jstring, jstring) [DEBUG: "InAppPurchase" ] "queryDetails: start"
seg. ago. 17 16:08:02 2026 1786993682865 Debug: keepawakehelper.cpp auto KeepAwakeHelper::keepScreenOn(bool)::(anonymous class)::operator()() const Activated : Keep screen ON
seg. ago. 17 16:08:02 2026 1786993682865 Debug: androidqlog.cpp void Java_org_cagnulen_qdomyoszwift_QLog_sendToQt(JNIEnv *, jclass, jint, jstring, jstring) [DEBUG: "InAppPurchase" ] "queryDetails: productIds.length 1"
seg. ago. 17 16:08:02 2026 1786993682867 Debug: homeform.cpp auto homeform::homeform(QQmlApplicationEngine *, bluetooth *)::(anonymous class)::operator()(const QString &) const FitDatabaseProcessor Error: "Failed to open database: unable to open database file Error opening database"
seg. ago. 17 16:08:02 2026 1786993682868 Debug: ./ergtable.h void ergTable::collectData(uint16_t, uint16_t, uint16_t, bool) resistance changed
seg. ago. 17 16:08:02 2026 1786993682869 Debug: ./ergtable.h void ergTable::collectData(uint16_t, uint16_t, uint16_t, bool) skipping collecting data due to resistance changing too fast
seg. ago. 17 16:08:02 2026 1786993682869 Debug: devices/bluetooth.cpp void bluetooth::debug(const QString &) "creating virtual bike interface..."
seg. ago. 17 16:08:02 2026 1786993682871 Debug: devices/dircon/dirconmanager.cpp static DirconManager *DirconManager::shared(bluetoothdevice *, int8_t, double) Reusing the shared Dircon manager for a new virtual device
seg. ago. 17 16:08:02 2026 1786993682871 Debug: devices/dircon/dirconmanager.cpp void DirconManager::setDevice(bluetoothdevice *) DirconManager::setDevice rebinding from 0x0 to 0xb400007d0f91eff0
seg. ago. 17 16:08:02 2026 1786993682878 Debug:   Creating Android Peripheral/Server support for BTLE
seg. ago. 17 16:08:02 2026 1786993682893 Debug: androidqlog.cpp void Java_org_cagnulen_qdomyoszwift_QLog_sendToQt(JNIEnv *, jclass, jint, jstring, jstring) [DEBUG: "InAppPurchase" ] "onProductDetailsResponse: responseCode 0"
seg. ago. 17 16:08:02 2026 1786993682896 Debug: androidqlog.cpp void Java_org_cagnulen_qdomyoszwift_QLog_sendToQt(JNIEnv *, jclass, jint, jstring, jstring) [DEBUG: "InAppPurchase" ] "onProductDetailsResponse: productDetailsList [ProductDetails{jsonString='{\"productId\":\"org.cagnulein.qdomyoszwift.swagbag\",\"type\":\"subs\",\"title\":\"Swag Bag (QZ (qdomyos-zwift))\",\"name\":\"Swag Bag\",\"description\":\"Swag Bag\",\"localizedIn\":[\"en-US\"],\"skuDetailsToken\":\"AEuhp4KuEZhghF9wQa-x8DC6tzrqEuWlEFM4DA7JUOYMQCBhOg98D1qiK55NQGB-9tc_\",\"subscriptionOfferDetails\":[{\"offerIdToken\":\"AXW7mMuF7X5Tc2QFN9xkEs52Ptflw9ljHioKzm16wdYXpGBG+gwQsnvc4iT07u40G+5pY4eYQw==\",\"basePlanId\":\"p1m\",\"pricingPhases\":[{\"priceAmountMicros\":9990000,\"priceCurrencyCode\":\"BRL\",\"formattedPrice\":\"R$ 9,99\",\"billingPeriod\":\"P1M\",\"recurrenceMode\":1}],\"offerTags\":[]}]}', parsedJson={\"productId\":\"org.cagnulein.qdomyoszwift.swagbag\",\"type\":\"subs\",\"title\":\"Swag Bag (QZ (qdomyos-zwift))\",\"name\":\"Swag Bag\",\"description\":\"Swag Bag\",\"localizedIn\":[\"en-US\"],\"skuDetailsToken\":\"AEuhp4KuEZhghF9wQa-x8DC6tzrqEuWlEFM4DA7JUOYMQCBhOg98D1qiK55NQGB-9tc_\",\"subscriptionOfferDetails\":[{\"offerIdToken\":\"AXW7mMuF7X5Tc2QFN9xkEs52Ptflw9ljHioKzm16wdYXpGBG+gwQsnvc4iT07u40G+5pY4eYQw==\",\"basePlanId\":\"p1m\",\"pricingPhases\":[{\"priceAmountMicros\":9990000,\"priceCurrencyCode\":\"BRL\",\"formattedPrice\":\"R$ 9,99\",\"billingPeriod\":\"P1M\",\"recurrenceMode\":1}],\"offerTags\":[]}]}, productId='org.cagnulein.qdomyoszwift.swagbag', productType='subs', title='Swag Bag (QZ (qdomyos-zwift))', productDetailsToken='AEuhp4KuEZhghF9wQa-x8DC6tzrqEuWlEFM4DA7JUOYMQCBhOg98D1qiK55NQGB-9tc_', subscriptionOfferDetails=[com.android.billingclient.api.ProductDetails$SubscriptionOfferDetails@8a28796]}]"
seg. ago. 17 16:08:02 2026 1786993682991 Warning:   QObject::connect(QLowEnergyService, virtualbike): invalid nullptr parameter
seg. ago. 17 16:08:02 2026 1786993682992 Warning:   QObject::connect(QLowEnergyService, virtualbike): invalid nullptr parameter
seg. ago. 17 16:08:03 2026 1786993683002 Debug: devices/bluetooth.cpp void bluetooth::connectedAndDiscovered() bluetooth::connectedAndDiscovered()
seg. ago. 17 16:08:03 2026 1786993683011 Debug: devices/bluetoothdevice.cpp void bluetoothdevice::update_hr_from_external() WearOS Companion Heart: 0
seg. ago. 17 16:08:03 2026 1786993683013 Debug: homeform.cpp void homeform::update() homeform::update fired! elapsed: 2824 jitter: 1824
seg. ago. 17 16:08:03 2026 1786993683019 Debug: homeform.cpp void homeform::update() homeform::update tiles updated!
seg. ago. 17 16:08:03 2026 1786993683022 Debug: homeform.cpp void homeform::update() Current Distance 1s: 0.006208 22.3488 0
seg. ago. 17 16:08:03 2026 1786993683024 Debug:   Connection updated: error: QLowEnergyController::NoError oldState: QLowEnergyController::AdvertisingState newState: QLowEnergyController::ConnectedState
seg. ago. 17 16:08:03 2026 1786993683081 Debug: ./ergtable.h void ergTable::collectData(uint16_t, uint16_t, uint16_t, bool) skipping collecting data due to resistance changing too fast
seg. ago. 17 16:08:03 2026 1786993683084 Debug: devices/bluetoothdevice.cpp void bluetoothdevice::update_hr_from_external() WearOS Companion Heart: 0
seg. ago. 17 16:08:03 2026 1786993683292 Debug: ./ergtable.h void ergTable::collectData(uint16_t, uint16_t, uint16_t, bool) skipping collecting data due to resistance changing too fast
seg. ago. 17 16:08:03 2026 1786993683296 Debug: devices/bluetoothdevice.cpp void bluetoothdevice::update_hr_from_external() WearOS Companion Heart: 0
seg. ago. 17 16:08:03 2026 1786993683505 Debug: ./ergtable.h void ergTable::collectData(uint16_t, uint16_t, uint16_t, bool) skipping collecting data due to resistance changing too fast
seg. ago. 17 16:08:03 2026 1786993683506 Debug: devices/bluetoothdevice.cpp void bluetoothdevice::update_hr_from_external() WearOS Companion Heart: 0
seg. ago. 17 16:08:03 2026 1786993683709 Debug: ./ergtable.h void ergTable::collectData(uint16_t, uint16_t, uint16_t, bool) skipping collecting data due to resistance changing too fast
seg. ago. 17 16:08:03 2026 1786993683710 Debug: devices/bluetoothdevice.cpp void bluetoothdevice::update_hr_from_external() WearOS Companion Heart: 0
seg. ago. 17 16:08:03 2026 1786993683839 Debug: homeform.cpp void homeform::update() homeform::update fired! elapsed: 827 jitter: -173
seg. ago. 17 16:08:03 2026 1786993683840 Debug: homeform.cpp void homeform::update() homeform::update tiles updated!
seg. ago. 17 16:08:03 2026 1786993683841 Debug: homeform.cpp void homeform::update() Current Distance 1s: 0.0130861 24.761 150
seg. ago. 17 16:08:03 2026 1786993683919 Debug: devices/bluetoothdevice.cpp void bluetoothdevice::update_hr_from_external() WearOS Companion Heart: 0
seg. ago. 17 16:08:03 2026 1786993683952 Debug: virtualdevices/virtualbike.cpp void virtualbike::bikeProvider() "bikeProvider" 0 2000 false
seg. ago. 17 16:08:03 2026 1786993683953 Debug: virtualdevices/virtualbike.cpp void virtualbike::bikeProvider() "virtual bike connected"
seg. ago. 17 16:08:03 2026 1786993683953 Debug: virtualdevices/virtualbike.cpp void virtualbike::writeCharacteristic(QLowEnergyService *, const QLowEnergyCharacteristic &, const QByteArray &) "virtualbike::writeCharacteristic Unknown Service  64 02 da 09 aa 00 0c 00 96 00 00 00"
seg. ago. 17 16:08:03 2026 1786993683954 Debug:   Write server characteristic with handle  9 "6402da09aa000c0096000000" (service: "{00001826-0000-1000-8000-00805f9b34fb}"
seg. ago. 17 16:08:03 2026 1786993683955 Debug: virtualdevices/virtualbike.cpp void virtualbike::writeCharacteristic(QLowEnergyService *, const QLowEnergyCharacteristic &, const QByteArray &) "virtualbike::writeCharacteristic Heart Rate Heart Rate Measurement 00 00"
seg. ago. 17 16:08:03 2026 1786993683956 Debug:   Write server characteristic with handle  19 "0000" (service: "{0000180d-0000-1000-8000-00805f9b34fb}"
seg. ago. 17 16:08:04 2026 1786993684129 Debug: devices/bluetoothdevice.cpp void bluetoothdevice::update_hr_from_external() WearOS Companion Heart: 0
seg. ago. 17 16:08:04 2026 1786993684340 Debug: devices/bluetoothdevice.cpp void bluetoothdevice::update_hr_from_external() WearOS Companion Heart: 0
seg. ago. 17 16:08:04 2026 1786993684539 Debug: devices/bluetoothdevice.cpp void bluetoothdevice::update_hr_from_external() WearOS Companion Heart: 0
seg. ago. 17 16:08:04 2026 1786993684739 Debug: devices/bluetoothdevice.cpp void bluetoothdevice::update_hr_from_external() WearOS Companion Heart: 0
seg. ago. 17 16:08:04 2026 1786993684838 Debug: qmdnsengine/src/src/prober.cpp QMdnsEngine::ProberPrivate::ProberPrivate(QMdnsEngine::Prober *, QMdnsEngine::AbstractServer *, const QMdnsEngine::Record &) ProberPrivate::ProberPrivate() "Wahoo KICKR 0000._wahoo-fitness-tnp._tcp.local."
seg. ago. 17 16:08:04 2026 1786993684839 Warning:   QNetworkInterface/AF_NETLINK: found unknown interface with index 1
seg. ago. 17 16:08:04 2026 1786993684840 Warning:   QNetworkInterface/AF_NETLINK: found unknown interface with index 59
seg. ago. 17 16:08:04 2026 1786993684840 Warning:   QNetworkInterface/AF_NETLINK: found unknown interface with index 1
seg. ago. 17 16:08:04 2026 1786993684841 Warning:   QNetworkInterface/AF_NETLINK: found unknown interface with index 2
seg. ago. 17 16:08:04 2026 1786993684841 Warning:   QNetworkInterface/AF_NETLINK: found unknown interface with index 14
seg. ago. 17 16:08:04 2026 1786993684841 Warning:   QNetworkInterface/AF_NETLINK: found unknown interface with index 16
seg. ago. 17 16:08:04 2026 1786993684842 Warning:   QNetworkInterface/AF_NETLINK: found unknown interface with index 1
seg. ago. 17 16:08:04 2026 1786993684842 Warning:   QNetworkInterface/AF_NETLINK: found unknown interface with index 59
seg. ago. 17 16:08:04 2026 1786993684843 Warning:   QNetworkInterface/AF_NETLINK: found unknown interface with index 1
seg. ago. 17 16:08:04 2026 1786993684843 Warning:   QNetworkInterface/AF_NETLINK: found unknown interface with index 2
seg. ago. 17 16:08:04 2026 1786993684844 Warning:   QNetworkInterface/AF_NETLINK: found unknown interface with index 14
seg. ago. 17 16:08:04 2026 1786993684844 Warning:   QNetworkInterface/AF_NETLINK: found unknown interface with index 16
seg. ago. 17 16:08:04 2026 1786993684845 Warning:   QNetworkInterface/AF_NETLINK: found unknown interface with index 1
seg. ago. 17 16:08:04 2026 1786993684845 Warning:   QNetworkInterface/AF_NETLINK: found unknown interface with index 59
seg. ago. 17 16:08:04 2026 1786993684845 Warning:   QNetworkInterface/AF_NETLINK: found unknown interface with index 1
seg. ago. 17 16:08:04 2026 1786993684846 Warning:   QNetworkInterface/AF_NETLINK: found unknown interface with index 2
seg. ago. 17 16:08:04 2026 1786993684846 Warning:   QNetworkInterface/AF_NETLINK: found unknown interface with index 14
seg. ago. 17 16:08:04 2026 1786993684847 Warning:   QNetworkInterface/AF_NETLINK: found unknown interface with index 16
seg. ago. 17 16:08:04 2026 1786993684848 Debug: qmdnsengine/src/src/provider.cpp void QMdnsEngine::ProviderPrivate::confirm() ProviderPrivate::confirm()
seg. ago. 17 16:08:04 2026 1786993684848 Debug: qmdnsengine/src/src/prober.cpp QMdnsEngine::ProberPrivate::ProberPrivate(QMdnsEngine::Prober *, QMdnsEngine::AbstractServer *, const QMdnsEngine::Record &) ProberPrivate::ProberPrivate() "Wahoo HRM._wahoo-fitness-tnp._tcp.local."
seg. ago. 17 16:08:04 2026 1786993684849 Warning:   QNetworkInterface/AF_NETLINK: found unknown interface with index 1
seg. ago. 17 16:08:04 2026 1786993684849 Warning:   QNetworkInterface/AF_NETLINK: found unknown interface with index 59
seg. ago. 17 16:08:04 2026 1786993684850 Warning:   QNetworkInterface/AF_NETLINK: found unknown interface with index 1
seg. ago. 17 16:08:04 2026 1786993684850 Warning:   QNetworkInterface/AF_NETLINK: found unknown interface with index 2
seg. ago. 17 16:08:04 2026 1786993684850 Warning:   QNetworkInterface/AF_NETLINK: found unknown interface with index 14
seg. ago. 17 16:08:04 2026 1786993684851 Warning:   QNetworkInterface/AF_NETLINK: found unknown interface with index 16
seg. ago. 17 16:08:04 2026 1786993684852 Warning:   QNetworkInterface/AF_NETLINK: found unknown interface with index 1
seg. ago. 17 16:08:04 2026 1786993684852 Warning:   QNetworkInterface/AF_NETLINK: found unknown interface with index 59
seg. ago. 17 16:08:04 2026 1786993684853 Warning:   QNetworkInterface/AF_NETLINK: found unknown interface with index 1
seg. ago. 17 16:08:04 2026 1786993684854 Warning:   QNetworkInterface/AF_NETLINK: found unknown interface with index 2
seg. ago. 17 16:08:04 2026 1786993684854 Warning:   QNetworkInterface/AF_NETLINK: found unknown interface with index 14
seg. ago. 17 16:08:04 2026 1786993684854 Warning:   QNetworkInterface/AF_NETLINK: found unknown interface with index 16
seg. ago. 17 16:08:04 2026 1786993684855 Warning:   QNetworkInterface/AF_NETLINK: found unknown interface with index 1
seg. ago. 17 16:08:04 2026 1786993684856 Warning:   QNetworkInterface/AF_NETLINK: found unknown interface with index 59
seg. ago. 17 16:08:04 2026 1786993684856 Warning:   QNetworkInterface/AF_NETLINK: found unknown interface with index 1
seg. ago. 17 16:08:04 2026 1786993684857 Warning:   QNetworkInterface/AF_NETLINK: found unknown interface with index 2
seg. ago. 17 16:08:04 2026 1786993684857 Warning:   QNetworkInterface/AF_NETLINK: found unknown interface with index 14
seg. ago. 17 16:08:04 2026 1786993684857 Warning:   QNetworkInterface/AF_NETLINK: found unknown interface with index 16
seg. ago. 17 16:08:04 2026 1786993684858 Debug: qmdnsengine/src/src/provider.cpp void QMdnsEngine::ProviderPrivate::confirm() ProviderPrivate::confirm()
seg. ago. 17 16:08:04 2026 1786993684859 Debug: homeform.cpp void homeform::update() homeform::update fired! elapsed: 1020 jitter: -153
seg. ago. 17 16:08:04 2026 1786993684861 Debug: homeform.cpp void homeform::update() homeform::update tiles updated!
seg. ago. 17 16:08:04 2026 1786993684861 Debug: homeform.cpp void homeform::update() Current Distance 1s: 0.0204693 26.5798 150
seg. ago. 17 16:08:04 2026 1786993684902 Debug: virtualdevices/virtualbike.cpp void virtualbike::bikeProvider() "bikeProvider" 0 2000 false
seg. ago. 17 16:08:04 2026 1786993684903 Debug: virtualdevices/virtualbike.cpp void virtualbike::bikeProvider() "virtual bike connected"
seg. ago. 17 16:08:04 2026 1786993684903 Debug: virtualdevices/virtualbike.cpp void virtualbike::writeCharacteristic(QLowEnergyService *, const QLowEnergyCharacteristic &, const QByteArray &) "virtualbike::writeCharacteristic Unknown Service  64 02 62 0a aa 00 0c 00 96 00 00 00"
seg. ago. 17 16:08:04 2026 1786993684904 Debug:   Write server characteristic with handle  9 "6402620aaa000c0096000000" (service: "{00001826-0000-1000-8000-00805f9b34fb}"
seg. ago. 17 16:08:04 2026 1786993684904 Debug: virtualdevices/virtualbike.cpp void virtualbike::writeCharacteristic(QLowEnergyService *, const QLowEnergyCharacteristic &, const QByteArray &) "virtualbike::writeCharacteristic Heart Rate Heart Rate Measurement 00 00"
seg. ago. 17 16:08:04 2026 1786993684905 Debug:   Write server characteristic with handle  19 "0000" (service: "{0000180d-0000-1000-8000-00805f9b34fb}"
seg. ago. 17 16:08:04 2026 1786993684939 Debug: devices/bluetoothdevice.cpp void bluetoothdevice::update_hr_from_external() WearOS Companion Heart: 0
seg. ago. 17 16:08:05 2026 1786993685140 Debug: devices/bluetoothdevice.cpp void bluetoothdevice::update_hr_from_external() WearOS Companion Heart: 0
seg. ago. 17 16:08:05 2026 1786993685345 Debug: devices/bluetoothdevice.cpp void bluetoothdevice::update_hr_from_external() WearOS Companion Heart: 0
seg. ago. 17 16:08:05 2026 1786993685547 Debug: devices/bluetoothdevice.cpp void bluetoothdevice::update_hr_from_external() WearOS Companion Heart: 0
seg. ago. 17 16:08:05 2026 1786993685744 Debug: ./ergtable.h void ergTable::updateDataTable(const CadenceResistancePair &) Added/Updated point: C: 85 W: 150 R: 12
seg. ago. 17 16:08:05 2026 1786993685760 Debug: devices/bluetoothdevice.cpp void bluetoothdevice::update_hr_from_external() WearOS Companion Heart: 0
seg. ago. 17 16:08:05 2026 1786993685842 Debug: homeform.cpp void homeform::update() homeform::update fired! elapsed: 983 jitter: -170
seg. ago. 17 16:08:05 2026 1786993685848 Debug: homeform.cpp void homeform::update() homeform::update tiles updated!
seg. ago. 17 16:08:05 2026 1786993685850 Debug: homeform.cpp void homeform::update() Current Distance 1s: 0.0281197 27.5413 150
seg. ago. 17 16:08:05 2026 1786993685853 Debug: virtualdevices/virtualbike.cpp void virtualbike::bikeProvider() "bikeProvider" 0 2000 false
seg. ago. 17 16:08:05 2026 1786993685855 Debug: virtualdevices/virtualbike.cpp void virtualbike::bikeProvider() "virtual bike connected"
seg. ago. 17 16:08:05 2026 1786993685856 Debug: virtualdevices/virtualbike.cpp void virtualbike::writeCharacteristic(QLowEnergyService *, const QLowEnergyCharacteristic &, const QByteArray &) "virtualbike::writeCharacteristic Unknown Service  64 02 c2 0a aa 00 0c 00 96 00 00 00"
seg. ago. 17 16:08:05 2026 1786993685857 Debug:   Write server characteristic with handle  9 "6402c20aaa000c0096000000" (service: "{00001826-0000-1000-8000-00805f9b34fb}"
seg. ago. 17 16:08:05 2026 1786993685859 Debug: virtualdevices/virtualbike.cpp void virtualbike::writeCharacteristic(QLowEnergyService *, const QLowEnergyCharacteristic &, const QByteArray &) "virtualbike::writeCharacteristic Heart Rate Heart Rate Measurement 00 00"
seg. ago. 17 16:08:05 2026 1786993685860 Debug:   Write server characteristic with handle  19 "0000" (service: "{0000180d-0000-1000-8000-00805f9b34fb}"
seg. ago. 17 16:08:05 2026 1786993685943 Debug: ./ergtable.h void ergTable::updateDataTable(const CadenceResistancePair &) Added/Updated point: C: 85 W: 150 R: 12
seg. ago. 17 16:08:05 2026 1786993685968 Debug: devices/bluetoothdevice.cpp void bluetoothdevice::update_hr_from_external() WearOS Companion Heart: 0
seg. ago. 17 16:08:06 2026 1786993686144 Debug: ./ergtable.h void ergTable::updateDataTable(const CadenceResistancePair &) Added/Updated point: C: 85 W: 150 R: 12
seg. ago. 17 16:08:06 2026 1786993686170 Debug: devices/bluetoothdevice.cpp void bluetoothdevice::update_hr_from_external() WearOS Companion Heart: 0
seg. ago. 17 16:08:06 2026 1786993686344 Debug: ./ergtable.h void ergTable::updateDataTable(const CadenceResistancePair &) Added/Updated point: C: 85 W: 150 R: 12
seg. ago. 17 16:08:06 2026 1786993686369 Debug: devices/bluetoothdevice.cpp void bluetoothdevice::update_hr_from_external() WearOS Companion Heart: 0
seg. ago. 17 16:08:06 2026 1786993686544 Debug: ./ergtable.h void ergTable::updateDataTable(const CadenceResistancePair &) Added/Updated point: C: 85 W: 150 R: 12
seg. ago. 17 16:08:06 2026 1786993686570 Debug: devices/bluetoothdevice.cpp void bluetoothdevice::update_hr_from_external() WearOS Companion Heart: 0
seg. ago. 17 16:08:06 2026 1786993686746 Debug: ./ergtable.h void ergTable::updateDataTable(const CadenceResistancePair &) Added/Updated point: C: 85 W: 150 R: 12
seg. ago. 17 16:08:06 2026 1786993686755 Debug: devices/bluetoothdevice.cpp void bluetoothdevice::update_hr_from_external() WearOS Companion Heart: 0
seg. ago. 17 16:08:06 2026 1786993686838 Debug: qmdnsengine/src/src/prober.cpp void QMdnsEngine::ProberPrivate::onTimeout() ProberPrivate::onTimeout()
seg. ago. 17 16:08:06 2026 1786993686840 Debug: qmdnsengine/src/src/provider.cpp auto QMdnsEngine::ProviderPrivate::confirm()::(anonymous class)::operator()(const QByteArray &) const Prober::nameConfirmed false
seg. ago. 17 16:08:06 2026 1786993686841 Debug: localipaddress.cpp jobject getWifiManagerObj(JNIEnv *, jobject) gotWifiMangerObj 
seg. ago. 17 16:08:06 2026 1786993686845 Debug: localipaddress.cpp jobject getWifiInfoObj(JNIEnv *, jobject) getWifiInfoObj 
seg. ago. 17 16:08:06 2026 1786993686848 Debug: localipaddress.cpp int getIpAddress(JNIEnv *, jobject) getIpAddress.... 
seg. ago. 17 16:08:06 2026 1786993686849 Debug: localipaddress.cpp static QHostAddress localipaddress::getIP(const QHostAddress &) getIP from JNI QHostAddress("0.0.0.0")
seg. ago. 17 16:08:06 2026 1786993686850 Warning:   QNetworkInterface/AF_NETLINK: found unknown interface with index 1
seg. ago. 17 16:08:06 2026 1786993686851 Warning:   QNetworkInterface/AF_NETLINK: found unknown interface with index 59
seg. ago. 17 16:08:06 2026 1786993686853 Warning:   QNetworkInterface/AF_NETLINK: found unknown interface with index 1
seg. ago. 17 16:08:06 2026 1786993686853 Warning:   QNetworkInterface/AF_NETLINK: found unknown interface with index 2
seg. ago. 17 16:08:06 2026 1786993686854 Warning:   QNetworkInterface/AF_NETLINK: found unknown interface with index 14
seg. ago. 17 16:08:06 2026 1786993686855 Warning:   QNetworkInterface/AF_NETLINK: found unknown interface with index 16
seg. ago. 17 16:08:06 2026 1786993686857 Debug: localipaddress.cpp static QHostAddress localipaddress::getIP(const QHostAddress &) getIP fallback QHostAddress("")
seg. ago. 17 16:08:06 2026 1786993686857 Debug: qmdnsengine/src/src/provider.cpp void QMdnsEngine::ProviderPrivate::publish() ProviderPrivate::publish QHostAddress("")
seg. ago. 17 16:08:06 2026 1786993686859 Warning:   QNetworkInterface/AF_NETLINK: found unknown interface with index 1
seg. ago. 17 16:08:06 2026 1786993686860 Warning:   QNetworkInterface/AF_NETLINK: found unknown interface with index 59
seg. ago. 17 16:08:06 2026 1786993686860 Warning:   QNetworkInterface/AF_NETLINK: found unknown interface with index 1
seg. ago. 17 16:08:06 2026 1786993686861 Warning:   QNetworkInterface/AF_NETLINK: found unknown interface with index 2
seg. ago. 17 16:08:06 2026 1786993686862 Warning:   QNetworkInterface/AF_NETLINK: found unknown interface with index 14
seg. ago. 17 16:08:06 2026 1786993686862 Warning:   QNetworkInterface/AF_NETLINK: found unknown interface with index 16
seg. ago. 17 16:08:06 2026 1786993686863 Warning:   QNetworkInterface/AF_NETLINK: found unknown interface with index 1
seg. ago. 17 16:08:06 2026 1786993686864 Warning:   QNetworkInterface/AF_NETLINK: found unknown interface with index 59
seg. ago. 17 16:08:06 2026 1786993686865 Warning:   QNetworkInterface/AF_NETLINK: found unknown interface with index 1
seg. ago. 17 16:08:06 2026 1786993686865 Warning:   QNetworkInterface/AF_NETLINK: found unknown interface with index 2
seg. ago. 17 16:08:06 2026 1786993686866 Warning:   QNetworkInterface/AF_NETLINK: found unknown interface with index 14
seg. ago. 17 16:08:06 2026 1786993686867 Warning:   QNetworkInterface/AF_NETLINK: found unknown interface with index 16
seg. ago. 17 16:08:06 2026 1786993686867 Warning:   QNetworkInterface/AF_NETLINK: found unknown interface with index 1
seg. ago. 17 16:08:06 2026 1786993686868 Warning:   QNetworkInterface/AF_NETLINK: found unknown interface with index 59
seg. ago. 17 16:08:06 2026 1786993686868 Warning:   QNetworkInterface/AF_NETLINK: found unknown interface with index 1
seg. ago. 17 16:08:06 2026 1786993686869 Warning:   QNetworkInterface/AF_NETLINK: found unknown interface with index 2
seg. ago. 17 16:08:06 2026 1786993686869 Warning:   QNetworkInterface/AF_NETLINK: found unknown interface with index 14
seg. ago. 17 16:08:06 2026 1786993686870 Warning:   QNetworkInterface/AF_NETLINK: found unknown interface with index 16
seg. ago. 17 16:08:06 2026 1786993686871 Debug: qmdnsengine/src/src/prober.cpp void QMdnsEngine::ProberPrivate::onTimeout() ProberPrivate::onTimeout()
seg. ago. 17 16:08:06 2026 1786993686872 Debug: qmdnsengine/src/src/provider.cpp auto QMdnsEngine::ProviderPrivate::confirm()::(anonymous class)::operator()(const QByteArray &) const Prober::nameConfirmed false
seg. ago. 17 16:08:06 2026 1786993686873 Debug: localipaddress.cpp jobject getWifiManagerObj(JNIEnv *, jobject) gotWifiMangerObj 
seg. ago. 17 16:08:06 2026 1786993686874 Debug: localipaddress.cpp jobject getWifiInfoObj(JNIEnv *, jobject) getWifiInfoObj 
seg. ago. 17 16:08:06 2026 1786993686876 Debug: localipaddress.cpp int getIpAddress(JNIEnv *, jobject) getIpAddress.... 
seg. ago. 17 16:08:06 2026 1786993686876 Debug: localipaddress.cpp static QHostAddress localipaddress::getIP(const QHostAddress &) getIP from JNI QHostAddress("0.0.0.0")
seg. ago. 17 16:08:06 2026 1786993686877 Warning:   QNetworkInterface/AF_NETLINK: found unknown interface with index 1
seg. ago. 17 16:08:06 2026 1786993686878 Warning:   QNetworkInterface/AF_NETLINK: found unknown interface with index 59
seg. ago. 17 16:08:06 2026 1786993686879 Warning:   QNetworkInterface/AF_NETLINK: found unknown interface with index 1
seg. ago. 17 16:08:06 2026 1786993686879 Warning:   QNetworkInterface/AF_NETLINK: found unknown interface with index 2
seg. ago. 17 16:08:06 2026 1786993686880 Warning:   QNetworkInterface/AF_NETLINK: found unknown interface with index 14
seg. ago. 17 16:08:06 2026 1786993686880 Warning:   QNetworkInterface/AF_NETLINK: found unknown interface with index 16
seg. ago. 17 16:08:06 2026 1786993686881 Debug: localipaddress.cpp static QHostAddress localipaddress::getIP(const QHostAddress &) getIP fallback QHostAddress("")
seg. ago. 17 16:08:06 2026 1786993686882 Debug: qmdnsengine/src/src/provider.cpp void QMdnsEngine::ProviderPrivate::publish() ProviderPrivate::publish QHostAddress("")
seg. ago. 17 16:08:06 2026 1786993686883 Warning:   QNetworkInterface/AF_NETLINK: found unknown interface with index 1
seg. ago. 17 16:08:06 2026 1786993686883 Warning:   QNetworkInterface/AF_NETLINK: found unknown interface with index 59
seg. ago. 17 16:08:06 2026 1786993686884 Warning:   QNetworkInterface/AF_NETLINK: found unknown interface with index 1
seg. ago. 17 16:08:06 2026 1786993686884 Warning:   QNetworkInterface/AF_NETLINK: found unknown interface with index 2
seg. ago. 17 16:08:06 2026 1786993686884 Warning:   QNetworkInterface/AF_NETLINK: found unknown interface with index 14
seg. ago. 17 16:08:06 2026 1786993686885 Warning:   QNetworkInterface/AF_NETLINK: found unknown interface with index 16
seg. ago. 17 16:08:06 2026 1786993686886 Warning:   QNetworkInterface/AF_NETLINK: found unknown interface with index 1
seg. ago. 17 16:08:06 2026 1786993686886 Warning:   QNetworkInterface/AF_NETLINK: found unknown interface with index 59
seg. ago. 17 16:08:06 2026 1786993686887 Warning:   QNetworkInterface/AF_NETLINK: found unknown interface with index 1
seg. ago. 17 16:08:06 2026 1786993686887 Warning:   QNetworkInterface/AF_NETLINK: found unknown interface with index 2
seg. ago. 17 16:08:06 2026 1786993686888 Warning:   QNetworkInterface/AF_NETLINK: found unknown interface with index 14
seg. ago. 17 16:08:06 2026 1786993686888 Warning:   QNetworkInterface/AF_NETLINK: found unknown interface with index 16
seg. ago. 17 16:08:06 2026 1786993686889 Warning:   QNetworkInterface/AF_NETLINK: found unknown interface with index 1
seg. ago. 17 16:08:06 2026 1786993686889 Warning:   QNetworkInterface/AF_NETLINK: found unknown interface with index 59
seg. ago. 17 16:08:06 2026 1786993686890 Warning:   QNetworkInterface/AF_NETLINK: found unknown interface with index 1
seg. ago. 17 16:08:06 2026 1786993686891 Warning:   QNetworkInterface/AF_NETLINK: found unknown interface with index 2
seg. ago. 17 16:08:06 2026 1786993686891 Warning:   QNetworkInterface/AF_NETLINK: found unknown interface with index 14
seg. ago. 17 16:08:06 2026 1786993686892 Warning:   QNetworkInterface/AF_NETLINK: found unknown interface with index 16
seg. ago. 17 16:08:06 2026 1786993686894 Debug: homeform.cpp void homeform::update() homeform::update fired! elapsed: 1051 jitter: -119
seg. ago. 17 16:08:06 2026 1786993686895 Debug: homeform.cpp void homeform::update() homeform::update tiles updated!
seg. ago. 17 16:08:06 2026 1786993686896 Debug: homeform.cpp void homeform::update() Current Distance 1s: 0.0359106 28.0472 150
seg. ago. 17 16:08:06 2026 1786993686897 Debug: virtualdevices/virtualbike.cpp void virtualbike::bikeProvider() "bikeProvider" 0 2000 false
seg. ago. 17 16:08:06 2026 1786993686898 Debug: virtualdevices/virtualbike.cpp void virtualbike::bikeProvider() "virtual bike connected"
seg. ago. 17 16:08:06 2026 1786993686898 Debug: virtualdevices/virtualbike.cpp void virtualbike::writeCharacteristic(QLowEnergyService *, const QLowEnergyCharacteristic &, const QByteArray &) "virtualbike::writeCharacteristic Unknown Service  64 02 f5 0a aa 00 0c 00 96 00 00 00"
seg. ago. 17 16:08:06 2026 1786993686899 Debug:   Write server characteristic with handle  9 "6402f50aaa000c0096000000" (service: "{00001826-0000-1000-8000-00805f9b34fb}"
seg. ago. 17 16:08:06 2026 1786993686900 Debug: virtualdevices/virtualbike.cpp void virtualbike::writeCharacteristic(QLowEnergyService *, const QLowEnergyCharacteristic &, const QByteArray &) "virtualbike::writeCharacteristic Heart Rate Heart Rate Measurement 00 00"
seg. ago. 17 16:08:06 2026 1786993686900 Debug:   Write server characteristic with handle  19 "0000" (service: "{0000180d-0000-1000-8000-00805f9b34fb}"
seg. ago. 17 16:08:06 2026 1786993686941 Debug: ./ergtable.h void ergTable::updateDataTable(const CadenceResistancePair &) Added/Updated point: C: 85 W: 150 R: 12
seg. ago. 17 16:08:06 2026 1786993686951 Debug: devices/bluetoothdevice.cpp void bluetoothdevice::update_hr_from_external() WearOS Companion Heart: 0
seg. ago. 17 16:08:07 2026 1786993687139 Debug: ./ergtable.h void ergTable::updateDataTable(const CadenceResistancePair &) Added/Updated point: C: 85 W: 150 R: 12
seg. ago. 17 16:08:07 2026 1786993687148 Debug: devices/bluetoothdevice.cpp void bluetoothdevice::update_hr_from_external() WearOS Companion Heart: 0
seg. ago. 17 16:08:07 2026 1786993687339 Debug: ./ergtable.h void ergTable::updateDataTable(const CadenceResistancePair &) Added/Updated point: C: 85 W: 150 R: 12
seg. ago. 17 16:08:07 2026 1786993687347 Debug: devices/bluetoothdevice.cpp void bluetoothdevice::update_hr_from_external() WearOS Companion Heart: 0
seg. ago. 17 16:08:07 2026 1786993687540 Debug: ./ergtable.h void ergTable::updateDataTable(const CadenceResistancePair &) Added/Updated point: C: 85 W: 150 R: 12
seg. ago. 17 16:08:07 2026 1786993687549 Debug: devices/bluetoothdevice.cpp void bluetoothdevice::update_hr_from_external() WearOS Companion Heart: 0
seg. ago. 17 16:08:07 2026 1786993687549 Debug: homeform.cpp auto homeform::homeform(QQmlApplicationEngine *, bluetooth *)::(anonymous class)::operator()() const Garmin Connect: Startup check skipped (not enabled or credentials not configured)
seg. ago. 17 16:08:07 2026 1786993687741 Debug: ./ergtable.h void ergTable::updateDataTable(const CadenceResistancePair &) Added/Updated point: C: 85 W: 150 R: 12
seg. ago. 17 16:08:07 2026 1786993687750 Debug: devices/bluetoothdevice.cpp void bluetoothdevice::update_hr_from_external() WearOS Companion Heart: 0
seg. ago. 17 16:08:07 2026 1786993687839 Debug: qmdnsengine/src/src/provider.cpp void QMdnsEngine::ProviderPrivate::onAnnounceTimeout() ProviderPrivate::onAnnounceTimeout repeat, remaining 2
seg. ago. 17 16:08:07 2026 1786993687840 Warning:   QNetworkInterface/AF_NETLINK: found unknown interface with index 1
seg. ago. 17 16:08:07 2026 1786993687840 Warning:   QNetworkInterface/AF_NETLINK: found unknown interface with index 59
seg. ago. 17 16:08:07 2026 1786993687841 Warning:   QNetworkInterface/AF_NETLINK: found unknown interface with index 1
seg. ago. 17 16:08:07 2026 1786993687842 Warning:   QNetworkInterface/AF_NETLINK: found unknown interface with index 2
seg. ago. 17 16:08:07 2026 1786993687842 Warning:   QNetworkInterface/AF_NETLINK: found unknown interface with index 14
seg. ago. 17 16:08:07 2026 1786993687843 Warning:   QNetworkInterface/AF_NETLINK: found unknown interface with index 16
seg. ago. 17 16:08:07 2026 1786993687843 Warning:   QNetworkInterface/AF_NETLINK: found unknown interface with index 1
seg. ago. 17 16:08:07 2026 1786993687844 Warning:   QNetworkInterface/AF_NETLINK: found unknown interface with index 59
seg. ago. 17 16:08:07 2026 1786993687844 Warning:   QNetworkInterface/AF_NETLINK: found unknown interface with index 1
seg. ago. 17 16:08:07 2026 1786993687845 Warning:   QNetworkInterface/AF_NETLINK: found unknown interface with index 2
seg. ago. 17 16:08:07 2026 1786993687845 Warning:   QNetworkInterface/AF_NETLINK: found unknown interface with index 14
seg. ago. 17 16:08:07 2026 1786993687846 Warning:   QNetworkInterface/AF_NETLINK: found unknown interface with index 16
seg. ago. 17 16:08:07 2026 1786993687847 Warning:   QNetworkInterface/AF_NETLINK: found unknown interface with index 1
seg. ago. 17 16:08:07 2026 1786993687848 Warning:   QNetworkInterface/AF_NETLINK: found unknown interface with index 59
seg. ago. 17 16:08:07 2026 1786993687849 Warning:   QNetworkInterface/AF_NETLINK: found unknown interface with index 1
seg. ago. 17 16:08:07 2026 1786993687849 Warning:   QNetworkInterface/AF_NETLINK: found unknown interface with index 2
seg. ago. 17 16:08:07 2026 1786993687850 Warning:   QNetworkInterface/AF_NETLINK: found unknown interface with index 14
seg. ago. 17 16:08:07 2026 1786993687850 Warning:   QNetworkInterface/AF_NETLINK: found unknown interface with index 16
seg. ago. 17 16:08:07 2026 1786993687853 Debug: homeform.cpp void homeform::update() homeform::update fired! elapsed: 960 jitter: -159
seg. ago. 17 16:08:07 2026 1786993687855 Debug: homeform.cpp void homeform::update() homeform::update tiles updated!
seg. ago. 17 16:08:07 2026 1786993687856 Debug: homeform.cpp void homeform::update() Current Distance 1s: 0.0437729 28.3044 150
seg. ago. 17 16:08:07 2026 1786993687857 Debug: virtualdevices/virtualbike.cpp void virtualbike::bikeProvider() "bikeProvider" 0 2000 false
seg. ago. 17 16:08:07 2026 1786993687858 Debug: virtualdevices/virtualbike.cpp void virtualbike::bikeProvider() "virtual bike connected"
seg. ago. 17 16:08:07 2026 1786993687859 Debug: virtualdevices/virtualbike.cpp void virtualbike::writeCharacteristic(QLowEnergyService *, const QLowEnergyCharacteristic &, const QByteArray &) "virtualbike::writeCharacteristic Unknown Service  64 02 0e 0b aa 00 0c 00 96 00 00 00"
seg. ago. 17 16:08:07 2026 1786993687859 Debug:   Write server characteristic with handle  9 "64020e0baa000c0096000000" (service: "{00001826-0000-1000-8000-00805f9b34fb}"
seg. ago. 17 16:08:07 2026 1786993687860 Debug: virtualdevices/virtualbike.cpp void virtualbike::writeCharacteristic(QLowEnergyService *, const QLowEnergyCharacteristic &, const QByteArray &) "virtualbike::writeCharacteristic Heart Rate Heart Rate Measurement 00 00"
seg. ago. 17 16:08:07 2026 1786993687861 Debug:   Write server characteristic with handle  19 "0000" (service: "{0000180d-0000-1000-8000-00805f9b34fb}"
seg. ago. 17 16:08:07 2026 1786993687862 Debug: qmdnsengine/src/src/provider.cpp void QMdnsEngine::ProviderPrivate::onAnnounceTimeout() ProviderPrivate::onAnnounceTimeout repeat, remaining 2
seg. ago. 17 16:08:07 2026 1786993687864 Warning:   QNetworkInterface/AF_NETLINK: found unknown interface with index 1
seg. ago. 17 16:08:07 2026 1786993687865 Warning:   QNetworkInterface/AF_NETLINK: found unknown interface with index 59
seg. ago. 17 16:08:07 2026 1786993687866 Warning:   QNetworkInterface/AF_NETLINK: found unknown interface with index 1
seg. ago. 17 16:08:07 2026 1786993687867 Warning:   QNetworkInterface/AF_NETLINK: found unknown interface with index 2
seg. ago. 17 16:08:07 2026 1786993687867 Warning:   QNetworkInterface/AF_NETLINK: found unknown interface with index 14
seg. ago. 17 16:08:07 2026 1786993687868 Warning:   QNetworkInterface/AF_NETLINK: found unknown interface with index 16
seg. ago. 17 16:08:07 2026 1786993687869 Warning:   QNetworkInterface/AF_NETLINK: found unknown interface with index 1
seg. ago. 17 16:08:07 2026 1786993687870 Warning:   QNetworkInterface/AF_NETLINK: found unknown interface with index 59
seg. ago. 17 16:08:07 2026 1786993687870 Warning:   QNetworkInterface/AF_NETLINK: found unknown interface with index 1
seg. ago. 17 16:08:07 2026 1786993687871 Warning:   QNetworkInterface/AF_NETLINK: found unknown interface with index 2
seg. ago. 17 16:08:07 2026 1786993687871 Warning:   QNetworkInterface/AF_NETLINK: found unknown interface with index 14
seg. ago. 17 16:08:07 2026 1786993687872 Warning:   QNetworkInterface/AF_NETLINK: found unknown interface with index 16
seg. ago. 17 16:08:07 2026 1786993687872 Warning:   QNetworkInterface/AF_NETLINK: found unknown interface with index 1
seg. ago. 17 16:08:07 2026 1786993687873 Warning:   QNetworkInterface/AF_NETLINK: found unknown interface with index 59
seg. ago. 17 16:08:07 2026 1786993687873 Warning:   QNetworkInterface/AF_NETLINK: found unknown interface with index 1
seg. ago. 17 16:08:07 2026 1786993687874 Warning:   QNetworkInterface/AF_NETLINK: found unknown interface with index 2
seg. ago. 17 16:08:07 2026 1786993687874 Warning:   QNetworkInterface/AF_NETLINK: found unknown interface with index 14
seg. ago. 17 16:08:07 2026 1786993687875 Warning:   QNetworkInterface/AF_NETLINK: found unknown interface with index 16
seg. ago. 17 16:08:07 2026 1786993687938 Debug: ./ergtable.h void ergTable::updateDataTable(const CadenceResistancePair &) Added/Updated point: C: 85 W: 150 R: 12
seg. ago. 17 16:08:07 2026 1786993687959 Debug: devices/bluetoothdevice.cpp void bluetoothdevice::update_hr_from_external() WearOS Companion Heart: 0
seg. ago. 17 16:08:08 2026 1786993688142 Debug: ./ergtable.h void ergTable::updateDataTable(const CadenceResistancePair &) Added/Updated point: C: 85 W: 150 R: 12
seg. ago. 17 16:08:08 2026 1786993688158 Debug: devices/bluetoothdevice.cpp void bluetoothdevice::update_hr_from_external() WearOS Companion Heart: 0
seg. ago. 17 16:08:08 2026 1786993688343 Debug: ./ergtable.h void ergTable::updateDataTable(const CadenceResistancePair &) Added/Updated point: C: 85 W: 150 R: 12
seg. ago. 17 16:08:08 2026 1786993688362 Debug: devices/bluetoothdevice.cpp void bluetoothdevice::update_hr_from_external() WearOS Companion Heart: 0
seg. ago. 17 16:08:08 2026 1786993688541 Debug: ./ergtable.h void ergTable::updateDataTable(const CadenceResistancePair &) Added/Updated point: C: 85 W: 150 R: 12
seg. ago. 17 16:08:08 2026 1786993688563 Debug: devices/bluetoothdevice.cpp void bluetoothdevice::update_hr_from_external() WearOS Companion Heart: 0
seg. ago. 17 16:08:08 2026 1786993688741 Debug: ./ergtable.h void ergTable::updateDataTable(const CadenceResistancePair &) Added/Updated point: C: 85 W: 150 R: 12
seg. ago. 17 16:08:08 2026 1786993688758 Debug: devices/bluetoothdevice.cpp void bluetoothdevice::update_hr_from_external() WearOS Companion Heart: 0
seg. ago. 17 16:08:08 2026 1786993688847 Debug: homeform.cpp void homeform::update() homeform::update fired! elapsed: 993 jitter: -166
seg. ago. 17 16:08:08 2026 1786993688859 Debug: homeform.cpp void homeform::update() homeform::update tiles updated!
seg. ago. 17 16:08:08 2026 1786993688863 Debug: homeform.cpp void homeform::update() Current Distance 1s: 0.0516712 28.4339 150
seg. ago. 17 16:08:08 2026 1786993688870 Debug: virtualdevices/virtualbike.cpp void virtualbike::bikeProvider() "bikeProvider" 0 2000 false
seg. ago. 17 16:08:08 2026 1786993688874 Debug: virtualdevices/virtualbike.cpp void virtualbike::bikeProvider() "virtual bike connected"
seg. ago. 17 16:08:08 2026 1786993688877 Debug: virtualdevices/virtualbike.cpp void virtualbike::writeCharacteristic(QLowEnergyService *, const QLowEnergyCharacteristic &, const QByteArray &) "virtualbike::writeCharacteristic Unknown Service  64 02 1b 0b aa 00 0c 00 96 00 00 00"
seg. ago. 17 16:08:08 2026 1786993688879 Debug:   Write server characteristic with handle  9 "64021b0baa000c0096000000" (service: "{00001826-0000-1000-8000-00805f9b34fb}"
seg. ago. 17 16:08:08 2026 1786993688883 Debug: virtualdevices/virtualbike.cpp void virtualbike::writeCharacteristic(QLowEnergyService *, const QLowEnergyCharacteristic &, const QByteArray &) "virtualbike::writeCharacteristic Heart Rate Heart Rate Measurement 00 00"
seg. ago. 17 16:08:08 2026 1786993688884 Debug:   Write server characteristic with handle  19 "0000" (service: "{0000180d-0000-1000-8000-00805f9b34fb}"
seg. ago. 17 16:08:08 2026 1786993688942 Debug: ./ergtable.h void ergTable::updateDataTable(const CadenceResistancePair &) Added/Updated point: C: 85 W: 150 R: 12
seg. ago. 17 16:08:08 2026 1786993688963 Debug: devices/bluetoothdevice.cpp void bluetoothdevice::update_hr_from_external() WearOS Companion Heart: 0
seg. ago. 17 16:08:09 2026 1786993689144 Debug: ./ergtable.h void ergTable::updateDataTable(const CadenceResistancePair &) Added/Updated point: C: 85 W: 150 R: 12
seg. ago. 17 16:08:09 2026 1786993689161 Debug: devices/bluetoothdevice.cpp void bluetoothdevice::update_hr_from_external() WearOS Companion Heart: 0
seg. ago. 17 16:08:09 2026 1786993689347 Debug: ./ergtable.h void ergTable::updateDataTable(const CadenceResistancePair &) Added/Updated point: C: 85 W: 150 R: 12
seg. ago. 17 16:08:09 2026 1786993689361 Debug: devices/bluetoothdevice.cpp void bluetoothdevice::update_hr_from_external() WearOS Companion Heart: 0
seg. ago. 17 16:08:09 2026 1786993689543 Debug: ./ergtable.h void ergTable::updateDataTable(const CadenceResistancePair &) Added/Updated point: C: 85 W: 150 R: 12
seg. ago. 17 16:08:09 2026 1786993689560 Debug: devices/bluetoothdevice.cpp void bluetoothdevice::update_hr_from_external() WearOS Companion Heart: 0
seg. ago. 17 16:08:09 2026 1786993689743 Debug: ./ergtable.h void ergTable::updateDataTable(const CadenceResistancePair &) Added/Updated point: C: 85 W: 150 R: 12
seg. ago. 17 16:08:09 2026 1786993689761 Debug: devices/bluetoothdevice.cpp void bluetoothdevice::update_hr_from_external() WearOS Companion Heart: 0
seg. ago. 17 16:08:09 2026 1786993689841 Debug: qmdnsengine/src/src/provider.cpp void QMdnsEngine::ProviderPrivate::onAnnounceTimeout() ProviderPrivate::onAnnounceTimeout repeat, remaining 1
seg. ago. 17 16:08:09 2026 1786993689844 Warning:   QNetworkInterface/AF_NETLINK: found unknown interface with index 1
seg. ago. 17 16:08:09 2026 1786993689847 Warning:   QNetworkInterface/AF_NETLINK: found unknown interface with index 59
seg. ago. 17 16:08:09 2026 1786993689849 Warning:   QNetworkInterface/AF_NETLINK: found unknown interface with index 1
seg. ago. 17 16:08:09 2026 1786993689851 Warning:   QNetworkInterface/AF_NETLINK: found unknown interface with index 2
seg. ago. 17 16:08:09 2026 1786993689854 Warning:   QNetworkInterface/AF_NETLINK: found unknown interface with index 14
seg. ago. 17 16:08:09 2026 1786993689855 Warning:   QNetworkInterface/AF_NETLINK: found unknown interface with index 16
seg. ago. 17 16:08:09 2026 1786993689858 Warning:   QNetworkInterface/AF_NETLINK: found unknown interface with index 1
seg. ago. 17 16:08:09 2026 1786993689863 Warning:   QNetworkInterface/AF_NETLINK: found unknown interface with index 59
seg. ago. 17 16:08:09 2026 1786993689865 Warning:   QNetworkInterface/AF_NETLINK: found unknown interface with index 1
seg. ago. 17 16:08:09 2026 1786993689866 Warning:   QNetworkInterface/AF_NETLINK: found unknown interface with index 2
seg. ago. 17 16:08:09 2026 1786993689868 Warning:   QNetworkInterface/AF_NETLINK: found unknown interface with index 14
seg. ago. 17 16:08:09 2026 1786993689869 Warning:   QNetworkInterface/AF_NETLINK: found unknown interface with index 16
seg. ago. 17 16:08:09 2026 1786993689872 Warning:   QNetworkInterface/AF_NETLINK: found unknown interface with index 1
seg. ago. 17 16:08:09 2026 1786993689875 Warning:   QNetworkInterface/AF_NETLINK: found unknown interface with index 59
seg. ago. 17 16:08:09 2026 1786993689877 Warning:   QNetworkInterface/AF_NETLINK: found unknown interface with index 1
seg. ago. 17 16:08:09 2026 1786993689880 Warning:   QNetworkInterface/AF_NETLINK: found unknown interface with index 2
seg. ago. 17 16:08:09 2026 1786993689882 Warning:   QNetworkInterface/AF_NETLINK: found unknown interface with index 14
seg. ago. 17 16:08:09 2026 1786993689885 Warning:   QNetworkInterface/AF_NETLINK: found unknown interface with index 16
seg. ago. 17 16:08:09 2026 1786993689888 Debug: qmdnsengine/src/src/provider.cpp void QMdnsEngine::ProviderPrivate::onAnnounceTimeout() ProviderPrivate::onAnnounceTimeout repeat, remaining 1
seg. ago. 17 16:08:09 2026 1786993689890 Warning:   QNetworkInterface/AF_NETLINK: found unknown interface with index 1
seg. ago. 17 16:08:09 2026 1786993689892 Warning:   QNetworkInterface/AF_NETLINK: found unknown interface with index 59
seg. ago. 17 16:08:09 2026 1786993689893 Warning:   QNetworkInterface/AF_NETLINK: found unknown interface with index 1
seg. ago. 17 16:08:09 2026 1786993689894 Warning:   QNetworkInterface/AF_NETLINK: found unknown interface with index 2
seg. ago. 17 16:08:09 2026 1786993689896 Warning:   QNetworkInterface/AF_NETLINK: found unknown interface with index 14
seg. ago. 17 16:08:09 2026 1786993689901 Warning:   QNetworkInterface/AF_NETLINK: found unknown interface with index 16
seg. ago. 17 16:08:09 2026 1786993689910 Warning:   QNetworkInterface/AF_NETLINK: found unknown interface with index 1
seg. ago. 17 16:08:09 2026 1786993689911 Warning:   QNetworkInterface/AF_NETLINK: found unknown interface with index 59
seg. ago. 17 16:08:09 2026 1786993689914 Warning:   QNetworkInterface/AF_NETLINK: found unknown interface with index 1
seg. ago. 17 16:08:09 2026 1786993689915 Warning:   QNetworkInterface/AF_NETLINK: found unknown interface with index 2
seg. ago. 17 16:08:09 2026 1786993689917 Warning:   QNetworkInterface/AF_NETLINK: found unknown interface with index 14
seg. ago. 17 16:08:09 2026 1786993689919 Warning:   QNetworkInterface/AF_NETLINK: found unknown interface with index 16
seg. ago. 17 16:08:09 2026 1786993689924 Warning:   QNetworkInterface/AF_NETLINK: found unknown interface with index 1
seg. ago. 17 16:08:09 2026 1786993689929 Warning:   QNetworkInterface/AF_NETLINK: found unknown interface with index 59
seg. ago. 17 16:08:09 2026 1786993689932 Warning:   QNetworkInterface/AF_NETLINK: found unknown interface with index 1
seg. ago. 17 16:08:09 2026 1786993689934 Warning:   QNetworkInterface/AF_NETLINK: found unknown interface with index 2
seg. ago. 17 16:08:09 2026 1786993689937 Warning:   QNetworkInterface/AF_NETLINK: found unknown interface with index 14
seg. ago. 17 16:08:09 2026 1786993689939 Warning:   QNetworkInterface/AF_NETLINK: found unknown interface with index 16
seg. ago. 17 16:08:09 2026 1786993689945 Debug: homeform.cpp void homeform::update() homeform::update fired! elapsed: 1099 jitter: -67
seg. ago. 17 16:08:09 2026 1786993689952 Debug: homeform.cpp void homeform::update() homeform::update tiles updated!
seg. ago. 17 16:08:09 2026 1786993689962 Debug: homeform.cpp void homeform::update() Current Distance 1s: 0.0595876 28.4991 150
seg. ago. 17 16:08:09 2026 1786993689966 Debug: virtualdevices/virtualbike.cpp void virtualbike::bikeProvider() "bikeProvider" 0 2000 false
seg. ago. 17 16:08:09 2026 1786993689967 Debug: virtualdevices/virtualbike.cpp void virtualbike::bikeProvider() "virtual bike connected"
seg. ago. 17 16:08:09 2026 1786993689969 Debug: virtualdevices/virtualbike.cpp void virtualbike::writeCharacteristic(QLowEnergyService *, const QLowEnergyCharacteristic &, const QByteArray &) "virtualbike::writeCharacteristic Unknown Service  64 02 22 0b aa 00 0c 00 96 00 00 00"
seg. ago. 17 16:08:09 2026 1786993689971 Debug:   Write server characteristic with handle  9 "6402220baa000c0096000000" (service: "{00001826-0000-1000-8000-00805f9b34fb}"
seg. ago. 17 16:08:09 2026 1786993689973 Debug: virtualdevices/virtualbike.cpp void virtualbike::writeCharacteristic(QLowEnergyService *, const QLowEnergyCharacteristic &, const QByteArray &) "virtualbike::writeCharacteristic Heart Rate Heart Rate Measurement 00 00"
seg. ago. 17 16:08:09 2026 1786993689975 Debug:   Write server characteristic with handle  19 "0000" (service: "{0000180d-0000-1000-8000-00805f9b34fb}"
seg. ago. 17 16:08:09 2026 1786993689980 Debug: ./ergtable.h void ergTable::updateDataTable(const CadenceResistancePair &) Added/Updated point: C: 85 W: 150 R: 12
seg. ago. 17 16:08:09 2026 1786993689995 Debug: devices/bluetoothdevice.cpp void bluetoothdevice::update_hr_from_external() WearOS Companion Heart: 0
seg. ago. 17 16:08:10 2026 1786993690142 Debug: ./ergtable.h void ergTable::updateDataTable(const CadenceResistancePair &) Added/Updated point: C: 85 W: 150 R: 12
seg. ago. 17 16:08:10 2026 1786993690199 Debug: devices/bluetoothdevice.cpp void bluetoothdevice::update_hr_from_external() WearOS Companion Heart: 0
seg. ago. 17 16:08:10 2026 1786993690342 Debug: ./ergtable.h void ergTable::updateDataTable(const CadenceResistancePair &) Added/Updated point: C: 85 W: 150 R: 12
seg. ago. 17 16:08:10 2026 1786993690357 Debug: devices/bluetoothdevice.cpp void bluetoothdevice::update_hr_from_external() WearOS Companion Heart: 0
seg. ago. 17 16:08:10 2026 1786993690541 Debug: ./ergtable.h void ergTable::updateDataTable(const CadenceResistancePair &) Added/Updated point: C: 85 W: 150 R: 12
seg. ago. 17 16:08:10 2026 1786993690560 Debug: devices/bluetoothdevice.cpp void bluetoothdevice::update_hr_from_external() WearOS Companion Heart: 0
seg. ago. 17 16:08:10 2026 1786993690741 Debug: ./ergtable.h void ergTable::updateDataTable(const CadenceResistancePair &) Added/Updated point: C: 85 W: 150 R: 12
seg. ago. 17 16:08:10 2026 1786993690760 Debug: devices/bluetoothdevice.cpp void bluetoothdevice::update_hr_from_external() WearOS Companion Heart: 0
seg. ago. 17 16:08:10 2026 1786993690845 Debug: homeform.cpp void homeform::update() homeform::update fired! elapsed: 899 jitter: -168
seg. ago. 17 16:08:10 2026 1786993690861 Debug: homeform.cpp void homeform::update() homeform::update tiles updated!
seg. ago. 17 16:08:10 2026 1786993690864 Debug: homeform.cpp void homeform::update() Current Distance 1s: 0.067513 28.5314 150
seg. ago. 17 16:08:10 2026 1786993690872 Debug: virtualdevices/virtualbike.cpp void virtualbike::bikeProvider() "bikeProvider" 0 2000 false
seg. ago. 17 16:08:10 2026 1786993690874 Debug: virtualdevices/virtualbike.cpp void virtualbike::bikeProvider() "virtual bike connected"
seg. ago. 17 16:08:10 2026 1786993690875 Debug: virtualdevices/virtualbike.cpp void virtualbike::writeCharacteristic(QLowEnergyService *, const QLowEnergyCharacteristic &, const QByteArray &) "virtualbike::writeCharacteristic Unknown Service  64 02 25 0b aa 00 0c 00 96 00 00 00"
seg. ago. 17 16:08:10 2026 1786993690880 Debug:   Write server characteristic with handle  9 "6402250baa000c0096000000" (service: "{00001826-0000-1000-8000-00805f9b34fb}"
seg. ago. 17 16:08:10 2026 1786993690882 Debug: virtualdevices/virtualbike.cpp void virtualbike::writeCharacteristic(QLowEnergyService *, const QLowEnergyCharacteristic &, const QByteArray &) "virtualbike::writeCharacteristic Heart Rate Heart Rate Measurement 00 00"
seg. ago. 17 16:08:10 2026 1786993690884 Debug:   Write server characteristic with handle  19 "0000" (service: "{0000180d-0000-1000-8000-00805f9b34fb}"
seg. ago. 17 16:08:10 2026 1786993690941 Debug: ./ergtable.h void ergTable::updateDataTable(const CadenceResistancePair &) Added/Updated point: C: 85 W: 150 R: 12
seg. ago. 17 16:08:10 2026 1786993690960 Debug: devices/bluetoothdevice.cpp void bluetoothdevice::update_hr_from_external() WearOS Companion Heart: 0
seg. ago. 17 16:08:11 2026 1786993691141 Debug: ./ergtable.h void ergTable::updateDataTable(const CadenceResistancePair &) Added/Updated point: C: 85 W: 150 R: 12
seg. ago. 17 16:08:11 2026 1786993691154 Debug: devices/bluetoothdevice.cpp void bluetoothdevice::update_hr_from_external() WearOS Companion Heart: 0
seg. ago. 17 16:08:11 2026 1786993691341 Debug: ./ergtable.h void ergTable::updateDataTable(const CadenceResistancePair &) Added/Updated point: C: 85 W: 150 R: 12
seg. ago. 17 16:08:11 2026 1786993691357 Debug: devices/bluetoothdevice.cpp void bluetoothdevice::update_hr_from_external() WearOS Companion Heart: 0
seg. ago. 17 16:08:11 2026 1786993691542 Debug: ./ergtable.h void ergTable::updateDataTable(const CadenceResistancePair &) Added/Updated point: C: 85 W: 150 R: 12
seg. ago. 17 16:08:11 2026 1786993691559 Debug: devices/bluetoothdevice.cpp void bluetoothdevice::update_hr_from_external() WearOS Companion Heart: 0
seg. ago. 17 16:08:11 2026 1786993691743 Debug: ./ergtable.h void ergTable::updateDataTable(const CadenceResistancePair &) Added/Updated point: C: 85 W: 150 R: 12
seg. ago. 17 16:08:11 2026 1786993691759 Debug: devices/bluetoothdevice.cpp void bluetoothdevice::update_hr_from_external() WearOS Companion Heart: 0
seg. ago. 17 16:08:11 2026 1786993691842 Debug: homeform.cpp void homeform::update() homeform::update fired! elapsed: 998 jitter: -170
seg. ago. 17 16:08:11 2026 1786993691847 Debug: homeform.cpp void homeform::update() homeform::update tiles updated!
seg. ago. 17 16:08:11 2026 1786993691849 Debug: homeform.cpp void homeform::update() Current Distance 1s: 0.0754429 28.5475 150
seg. ago. 17 16:08:11 2026 1786993691852 Debug: virtualdevices/virtualbike.cpp void virtualbike::bikeProvider() "bikeProvider" 0 2000 false
seg. ago. 17 16:08:11 2026 1786993691853 Debug: virtualdevices/virtualbike.cpp void virtualbike::bikeProvider() "virtual bike connected"
seg. ago. 17 16:08:11 2026 1786993691854 Debug: virtualdevices/virtualbike.cpp void virtualbike::writeCharacteristic(QLowEnergyService *, const QLowEnergyCharacteristic &, const QByteArray &) "virtualbike::writeCharacteristic Unknown Service  64 02 27 0b aa 00 0c 00 96 00 00 00"
seg. ago. 17 16:08:11 2026 1786993691856 Debug:   Write server characteristic with handle  9 "6402270baa000c0096000000" (service: "{00001826-0000-1000-8000-00805f9b34fb}"
seg. ago. 17 16:08:11 2026 1786993691858 Debug: virtualdevices/virtualbike.cpp void virtualbike::writeCharacteristic(QLowEnergyService *, const QLowEnergyCharacteristic &, const QByteArray &) "virtualbike::writeCharacteristic Heart Rate Heart Rate Measurement 00 00"
seg. ago. 17 16:08:11 2026 1786993691859 Debug:   Write server characteristic with handle  19 "0000" (service: "{0000180d-0000-1000-8000-00805f9b34fb}"
seg. ago. 17 16:08:11 2026 1786993691941 Debug: ./ergtable.h void ergTable::updateDataTable(const CadenceResistancePair &) Added/Updated point: C: 85 W: 150 R: 12
seg. ago. 17 16:08:11 2026 1786993691956 Debug: devices/bluetoothdevice.cpp void bluetoothdevice::update_hr_from_external() WearOS Companion Heart: 0
seg. ago. 17 16:08:12 2026 1786993692141 Debug: ./ergtable.h void ergTable::updateDataTable(const CadenceResistancePair &) Added/Updated point: C: 85 W: 150 R: 12
seg. ago. 17 16:08:12 2026 1786993692155 Debug: devices/bluetoothdevice.cpp void bluetoothdevice::update_hr_from_external() WearOS Companion Heart: 0
seg. ago. 17 16:08:12 2026 1786993692338 Debug: homeform.cpp auto homeform::homeform(QQmlApplicationEngine *, bluetooth *)::(anonymous class)::operator()() const Intervals.icu: Auto-download skipped (not configured or not enabled)
seg. ago. 17 16:08:12 2026 1786993692342 Debug: ./ergtable.h void ergTable::updateDataTable(const CadenceResistancePair &) Added/Updated point: C: 85 W: 150 R: 12
seg. ago. 17 16:08:12 2026 1786993692357 Debug: devices/bluetoothdevice.cpp void bluetoothdevice::update_hr_from_external() WearOS Companion Heart: 0
seg. ago. 17 16:08:12 2026 1786993692541 Debug: ./ergtable.h void ergTable::updateDataTable(const CadenceResistancePair &) Added/Updated point: C: 85 W: 150 R: 12
seg. ago. 17 16:08:12 2026 1786993692563 Debug: devices/bluetoothdevice.cpp void bluetoothdevice::update_hr_from_external() WearOS Companion Heart: 0
seg. ago. 17 16:08:12 2026 1786993692742 Debug: ./ergtable.h void ergTable::updateDataTable(const CadenceResistancePair &) Added/Updated point: C: 85 W: 150 R: 12
seg. ago. 17 16:08:12 2026 1786993692819 Debug: devices/bluetoothdevice.cpp void bluetoothdevice::update_hr_from_external() WearOS Companion Heart: 0
seg. ago. 17 16:08:12 2026 1786993692841 Debug: homeform.cpp void homeform::update() homeform::update fired! elapsed: 999 jitter: -171
seg. ago. 17 16:08:12 2026 1786993692846 Debug: homeform.cpp void homeform::update() homeform::update tiles updated!
seg. ago. 17 16:08:12 2026 1786993692848 Debug: homeform.cpp void homeform::update() Current Distance 1s: 0.083375 28.5555 150
seg. ago. 17 16:08:12 2026 1786993692851 Debug: virtualdevices/virtualbike.cpp void virtualbike::bikeProvider() "bikeProvider" 0 2000 false
seg. ago. 17 16:08:12 2026 1786993692852 Debug: virtualdevices/virtualbike.cpp void virtualbike::bikeProvider() "virtual bike connected"
seg. ago. 17 16:08:12 2026 1786993692854 Debug: virtualdevices/virtualbike.cpp void virtualbike::writeCharacteristic(QLowEnergyService *, const QLowEnergyCharacteristic &, const QByteArray &) "virtualbike::writeCharacteristic Unknown Service  64 02 28 0b aa 00 0c 00 96 00 00 00"
seg. ago. 17 16:08:12 2026 1786993692855 Debug:   Write server characteristic with handle  9 "6402280baa000c0096000000" (service: "{00001826-0000-1000-8000-00805f9b34fb}"
seg. ago. 17 16:08:12 2026 1786993692856 Debug: virtualdevices/virtualbike.cpp void virtualbike::writeCharacteristic(QLowEnergyService *, const QLowEnergyCharacteristic &, const QByteArray &) "virtualbike::writeCharacteristic Heart Rate Heart Rate Measurement 00 00"
seg. ago. 17 16:08:12 2026 1786993692857 Debug:   Write server characteristic with handle  19 "0000" (service: "{0000180d-0000-1000-8000-00805f9b34fb}"
seg. ago. 17 16:08:12 2026 1786993692941 Debug: ./ergtable.h void ergTable::updateDataTable(const CadenceResistancePair &) Added/Updated point: C: 85 W: 150 R: 12
seg. ago. 17 16:08:12 2026 1786993692960 Debug: devices/bluetoothdevice.cpp void bluetoothdevice::update_hr_from_external() WearOS Companion Heart: 0
seg. ago. 17 16:08:13 2026 1786993693141 Debug: ./ergtable.h void ergTable::updateDataTable(const CadenceResistancePair &) Added/Updated point: C: 85 W: 150 R: 12
seg. ago. 17 16:08:13 2026 1786993693156 Debug: devices/bluetoothdevice.cpp void bluetoothdevice::update_hr_from_external() WearOS Companion Heart: 0
seg. ago. 17 16:08:13 2026 1786993693341 Debug: ./ergtable.h void ergTable::updateDataTable(const CadenceResistancePair &) Added/Updated point: C: 85 W: 150 R: 12
seg. ago. 17 16:08:13 2026 1786993693356 Debug: devices/bluetoothdevice.cpp void bluetoothdevice::update_hr_from_external() WearOS Companion Heart: 0
seg. ago. 17 16:08:13 2026 1786993693541 Debug: ./ergtable.h void ergTable::updateDataTable(const CadenceResistancePair &) Added/Updated point: C: 85 W: 150 R: 12
seg. ago. 17 16:08:13 2026 1786993693555 Debug: devices/bluetoothdevice.cpp void bluetoothdevice::update_hr_from_external() WearOS Companion Heart: 0
seg. ago. 17 16:08:13 2026 1786993693743 Debug: ./ergtable.h void ergTable::updateDataTable(const CadenceResistancePair &) Added/Updated point: C: 85 W: 150 R: 12
seg. ago. 17 16:08:13 2026 1786993693775 Debug: devices/bluetoothdevice.cpp void bluetoothdevice::update_hr_from_external() WearOS Companion Heart: 0
seg. ago. 17 16:08:13 2026 1786993693839 Debug: qmdnsengine/src/src/provider.cpp void QMdnsEngine::ProviderPrivate::onAnnounceTimeout() ProviderPrivate::onAnnounceTimeout repeat, remaining 0
seg. ago. 17 16:08:13 2026 1786993693841 Warning:   QNetworkInterface/AF_NETLINK: found unknown interface with index 1
seg. ago. 17 16:08:13 2026 1786993693843 Warning:   QNetworkInterface/AF_NETLINK: found unknown interface with index 59
seg. ago. 17 16:08:13 2026 1786993693844 Warning:   QNetworkInterface/AF_NETLINK: found unknown interface with index 1
seg. ago. 17 16:08:13 2026 1786993693846 Warning:   QNetworkInterface/AF_NETLINK: found unknown interface with index 2
seg. ago. 17 16:08:13 2026 1786993693847 Warning:   QNetworkInterface/AF_NETLINK: found unknown interface with index 14
seg. ago. 17 16:08:13 2026 1786993693849 Warning:   QNetworkInterface/AF_NETLINK: found unknown interface with index 16
seg. ago. 17 16:08:13 2026 1786993693854 Warning:   QNetworkInterface/AF_NETLINK: found unknown interface with index 1
seg. ago. 17 16:08:13 2026 1786993693856 Warning:   QNetworkInterface/AF_NETLINK: found unknown interface with index 59
seg. ago. 17 16:08:13 2026 1786993693857 Warning:   QNetworkInterface/AF_NETLINK: found unknown interface with index 1
seg. ago. 17 16:08:13 2026 1786993693859 Warning:   QNetworkInterface/AF_NETLINK: found unknown interface with index 2
seg. ago. 17 16:08:13 2026 1786993693860 Warning:   QNetworkInterface/AF_NETLINK: found unknown interface with index 14
seg. ago. 17 16:08:13 2026 1786993693861 Warning:   QNetworkInterface/AF_NETLINK: found unknown interface with index 16
seg. ago. 17 16:08:13 2026 1786993693862 Warning:   QNetworkInterface/AF_NETLINK: found unknown interface with index 1
seg. ago. 17 16:08:13 2026 1786993693863 Warning:   QNetworkInterface/AF_NETLINK: found unknown interface with index 59
seg. ago. 17 16:08:13 2026 1786993693864 Warning:   QNetworkInterface/AF_NETLINK: found unknown interface with index 1
seg. ago. 17 16:08:13 2026 1786993693865 Warning:   QNetworkInterface/AF_NETLINK: found unknown interface with index 2
seg. ago. 17 16:08:13 2026 1786993693866 Warning:   QNetworkInterface/AF_NETLINK: found unknown interface with index 14
seg. ago. 17 16:08:13 2026 1786993693868 Warning:   QNetworkInterface/AF_NETLINK: found unknown interface with index 16
seg. ago. 17 16:08:13 2026 1786993693870 Debug: qmdnsengine/src/src/provider.cpp void QMdnsEngine::ProviderPrivate::onAnnounceTimeout() ProviderPrivate::onAnnounceTimeout repeat, remaining 0
seg. ago. 17 16:08:13 2026 1786993693871 Warning:   QNetworkInterface/AF_NETLINK: found unknown interface with index 1
seg. ago. 17 16:08:13 2026 1786993693872 Warning:   QNetworkInterface/AF_NETLINK: found unknown interface with index 59
seg. ago. 17 16:08:13 2026 1786993693873 Warning:   QNetworkInterface/AF_NETLINK: found unknown interface with index 1
seg. ago. 17 16:08:13 2026 1786993693874 Warning:   QNetworkInterface/AF_NETLINK: found unknown interface with index 2
seg. ago. 17 16:08:13 2026 1786993693874 Warning:   QNetworkInterface/AF_NETLINK: found unknown interface with index 14
seg. ago. 17 16:08:13 2026 1786993693875 Warning:   QNetworkInterface/AF_NETLINK: found unknown interface with index 16
seg. ago. 17 16:08:13 2026 1786993693877 Warning:   QNetworkInterface/AF_NETLINK: found unknown interface with index 1
seg. ago. 17 16:08:13 2026 1786993693878 Warning:   QNetworkInterface/AF_NETLINK: found unknown interface with index 59
seg. ago. 17 16:08:13 2026 1786993693879 Warning:   QNetworkInterface/AF_NETLINK: found unknown interface with index 1
seg. ago. 17 16:08:13 2026 1786993693880 Warning:   QNetworkInterface/AF_NETLINK: found unknown interface with index 2
seg. ago. 17 16:08:13 2026 1786993693881 Warning:   QNetworkInterface/AF_NETLINK: found unknown interface with index 14
seg. ago. 17 16:08:13 2026 1786993693882 Warning:   QNetworkInterface/AF_NETLINK: found unknown interface with index 16
seg. ago. 17 16:08:13 2026 1786993693883 Warning:   QNetworkInterface/AF_NETLINK: found unknown interface with index 1
seg. ago. 17 16:08:13 2026 1786993693883 Warning:   QNetworkInterface/AF_NETLINK: found unknown interface with index 59
seg. ago. 17 16:08:13 2026 1786993693884 Warning:   QNetworkInterface/AF_NETLINK: found unknown interface with index 1
seg. ago. 17 16:08:13 2026 1786993693885 Warning:   QNetworkInterface/AF_NETLINK: found unknown interface with index 2
seg. ago. 17 16:08:13 2026 1786993693886 Warning:   QNetworkInterface/AF_NETLINK: found unknown interface with index 14
seg. ago. 17 16:08:13 2026 1786993693887 Warning:   QNetworkInterface/AF_NETLINK: found unknown interface with index 16
seg. ago. 17 16:08:13 2026 1786993693892 Debug: homeform.cpp void homeform::update() homeform::update fired! elapsed: 1050 jitter: -121
seg. ago. 17 16:08:13 2026 1786993693896 Debug: homeform.cpp void homeform::update() homeform::update tiles updated!
seg. ago. 17 16:08:13 2026 1786993693897 Debug: homeform.cpp void homeform::update() Current Distance 1s: 0.0913082 28.5595 150
seg. ago. 17 16:08:13 2026 1786993693900 Debug: virtualdevices/virtualbike.cpp void virtualbike::bikeProvider() "bikeProvider" 0 2000 false
seg. ago. 17 16:08:13 2026 1786993693901 Debug: virtualdevices/virtualbike.cpp void virtualbike::bikeProvider() "virtual bike connected"
seg. ago. 17 16:08:13 2026 1786993693902 Debug: virtualdevices/virtualbike.cpp void virtualbike::writeCharacteristic(QLowEnergyService *, const QLowEnergyCharacteristic &, const QByteArray &) "virtualbike::writeCharacteristic Unknown Service  64 02 28 0b aa 00 0c 00 96 00 00 00"
seg. ago. 17 16:08:13 2026 1786993693903 Debug:   Write server characteristic with handle  9 "6402280baa000c0096000000" (service: "{00001826-0000-1000-8000-00805f9b34fb}"
seg. ago. 17 16:08:13 2026 1786993693905 Debug: virtualdevices/virtualbike.cpp void virtualbike::writeCharacteristic(QLowEnergyService *, const QLowEnergyCharacteristic &, const QByteArray &) "virtualbike::writeCharacteristic Heart Rate Heart Rate Measurement 00 00"
seg. ago. 17 16:08:13 2026 1786993693905 Debug:   Write server characteristic with handle  19 "0000" (service: "{0000180d-0000-1000-8000-00805f9b34fb}"
seg. ago. 17 16:08:13 2026 1786993693941 Debug: ./ergtable.h void ergTable::updateDataTable(const CadenceResistancePair &) Added/Updated point: C: 85 W: 150 R: 12
seg. ago. 17 16:08:13 2026 1786993693966 Debug: devices/bluetoothdevice.cpp void bluetoothdevice::update_hr_from_external() WearOS Companion Heart: 0
seg. ago. 17 16:08:14 2026 1786993694142 Debug: ./ergtable.h void ergTable::updateDataTable(const CadenceResistancePair &) Added/Updated point: C: 85 W: 150 R: 12
seg. ago. 17 16:08:14 2026 1786993694159 Debug: devices/bluetoothdevice.cpp void bluetoothdevice::update_hr_from_external() WearOS Companion Heart: 0
seg. ago. 17 16:08:14 2026 1786993694343 Debug: ./ergtable.h void ergTable::updateDataTable(const CadenceResistancePair &) Added/Updated point: C: 85 W: 150 R: 12
seg. ago. 17 16:08:14 2026 1786993694363 Debug: devices/bluetoothdevice.cpp void bluetoothdevice::update_hr_from_external() WearOS Companion Heart: 0
seg. ago. 17 16:08:14 2026 1786993694541 Debug: ./ergtable.h void ergTable::updateDataTable(const CadenceResistancePair &) Added/Updated point: C: 85 W: 150 R: 12
seg. ago. 17 16:08:14 2026 1786993694577 Debug: devices/bluetoothdevice.cpp void bluetoothdevice::update_hr_from_external() WearOS Companion Heart: 0
seg. ago. 17 16:08:14 2026 1786993694741 Debug: ./ergtable.h void ergTable::updateDataTable(const CadenceResistancePair &) Added/Updated point: C: 85 W: 150 R: 12
seg. ago. 17 16:08:14 2026 1786993694757 Debug: devices/bluetoothdevice.cpp void bluetoothdevice::update_hr_from_external() WearOS Companion Heart: 0
seg. ago. 17 16:08:14 2026 1786993694842 Debug: homeform.cpp void homeform::update() homeform::update fired! elapsed: 951 jitter: -170
seg. ago. 17 16:08:14 2026 1786993694848 Debug: homeform.cpp void homeform::update() homeform::update tiles updated!
seg. ago. 17 16:08:14 2026 1786993694850 Debug: homeform.cpp void homeform::update() Current Distance 1s: 0.0992419 28.5615 150
seg. ago. 17 16:08:14 2026 1786993694853 Debug: virtualdevices/virtualbike.cpp void virtualbike::bikeProvider() "bikeProvider" 0 2000 false
seg. ago. 17 16:08:14 2026 1786993694855 Debug: virtualdevices/virtualbike.cpp void virtualbike::bikeProvider() "virtual bike connected"
seg. ago. 17 16:08:14 2026 1786993694857 Debug: virtualdevices/virtualbike.cpp void virtualbike::writeCharacteristic(QLowEnergyService *, const QLowEnergyCharacteristic &, const QByteArray &) "virtualbike::writeCharacteristic Unknown Service  64 02 28 0b aa 00 0c 00 96 00 00 00"
seg. ago. 17 16:08:14 2026 1786993694859 Debug:   Write server characteristic with handle  9 "6402280baa000c0096000000" (service: "{00001826-0000-1000-8000-00805f9b34fb}"
seg. ago. 17 16:08:14 2026 1786993694861 Debug: virtualdevices/virtualbike.cpp void virtualbike::writeCharacteristic(QLowEnergyService *, const QLowEnergyCharacteristic &, const QByteArray &) "virtualbike::writeCharacteristic Heart Rate Heart Rate Measurement 00 00"
seg. ago. 17 16:08:14 2026 1786993694863 Debug:   Write server characteristic with handle  19 "0000" (service: "{0000180d-0000-1000-8000-00805f9b34fb}"
seg. ago. 17 16:08:14 2026 1786993694941 Debug: ./ergtable.h void ergTable::updateDataTable(const CadenceResistancePair &) Added/Updated point: C: 85 W: 150 R: 12
seg. ago. 17 16:08:14 2026 1786993694957 Debug: devices/bluetoothdevice.cpp void bluetoothdevice::update_hr_from_external() WearOS Companion Heart: 0
seg. ago. 17 16:08:15 2026 1786993695141 Debug: ./ergtable.h void ergTable::updateDataTable(const CadenceResistancePair &) Added/Updated point: C: 85 W: 150 R: 12
seg. ago. 17 16:08:15 2026 1786993695156 Debug: devices/bluetoothdevice.cpp void bluetoothdevice::update_hr_from_external() WearOS Companion Heart: 0
seg. ago. 17 16:08:15 2026 1786993695342 Debug: ./ergtable.h void ergTable::updateDataTable(const CadenceResistancePair &) Added/Updated point: C: 85 W: 150 R: 12
seg. ago. 17 16:08:15 2026 1786993695358 Debug: devices/bluetoothdevice.cpp void bluetoothdevice::update_hr_from_external() WearOS Companion Heart: 0
seg. ago. 17 16:08:15 2026 1786993695542 Debug: ./ergtable.h void ergTable::updateDataTable(const CadenceResistancePair &) Added/Updated point: C: 85 W: 150 R: 12
seg. ago. 17 16:08:15 2026 1786993695558 Debug: devices/bluetoothdevice.cpp void bluetoothdevice::update_hr_from_external() WearOS Companion Heart: 0
seg. ago. 17 16:08:15 2026 1786993695742 Debug: ./ergtable.h void ergTable::updateDataTable(const CadenceResistancePair &) Added/Updated point: C: 85 W: 150 R: 12
seg. ago. 17 16:08:15 2026 1786993695759 Debug: devices/bluetoothdevice.cpp void bluetoothdevice::update_hr_from_external() WearOS Companion Heart: 0
seg. ago. 17 16:08:15 2026 1786993695842 Debug: homeform.cpp void homeform::update() homeform::update fired! elapsed: 1000 jitter: -170
seg. ago. 17 16:08:15 2026 1786993695847 Debug: homeform.cpp void homeform::update() homeform::update tiles updated!
seg. ago. 17 16:08:15 2026 1786993695850 Debug: homeform.cpp void homeform::update() Current Distance 1s: 0.107176 28.5625 150
seg. ago. 17 16:08:15 2026 1786993695852 Debug: virtualdevices/virtualbike.cpp void virtualbike::bikeProvider() "bikeProvider" 0 2000 false
seg. ago. 17 16:08:15 2026 1786993695853 Debug: virtualdevices/virtualbike.cpp void virtualbike::bikeProvider() "virtual bike connected"
seg. ago. 17 16:08:15 2026 1786993695856 Debug: virtualdevices/virtualbike.cpp void virtualbike::writeCharacteristic(QLowEnergyService *, const QLowEnergyCharacteristic &, const QByteArray &) "virtualbike::writeCharacteristic Unknown Service  64 02 28 0b aa 00 0c 00 96 00 00 00"
seg. ago. 17 16:08:15 2026 1786993695857 Debug:   Write server characteristic with handle  9 "6402280baa000c0096000000" (service: "{00001826-0000-1000-8000-00805f9b34fb}"
seg. ago. 17 16:08:15 2026 1786993695859 Debug: virtualdevices/virtualbike.cpp void virtualbike::writeCharacteristic(QLowEnergyService *, const QLowEnergyCharacteristic &, const QByteArray &) "virtualbike::writeCharacteristic Heart Rate Heart Rate Measurement 00 00"
seg. ago. 17 16:08:15 2026 1786993695860 Debug:   Write server characteristic with handle  19 "0000" (service: "{0000180d-0000-1000-8000-00805f9b34fb}"
seg. ago. 17 16:08:15 2026 1786993695941 Debug: ./ergtable.h void ergTable::updateDataTable(const CadenceResistancePair &) Added/Updated point: C: 85 W: 150 R: 12
seg. ago. 17 16:08:15 2026 1786993695958 Debug: devices/bluetoothdevice.cpp void bluetoothdevice::update_hr_from_external() WearOS Companion Heart: 0
seg. ago. 17 16:08:16 2026 1786993696142 Debug: ./ergtable.h void ergTable::updateDataTable(const CadenceResistancePair &) Added/Updated point: C: 85 W: 150 R: 12
seg. ago. 17 16:08:16 2026 1786993696161 Debug: devices/bluetoothdevice.cpp void bluetoothdevice::update_hr_from_external() WearOS Companion Heart: 0
seg. ago. 17 16:08:16 2026 1786993696342 Debug: ./ergtable.h void ergTable::updateDataTable(const CadenceResistancePair &) Added/Updated point: C: 85 W: 150 R: 12
seg. ago. 17 16:08:16 2026 1786993696359 Debug: devices/bluetoothdevice.cpp void bluetoothdevice::update_hr_from_external() WearOS Companion Heart: 0
seg. ago. 17 16:08:16 2026 1786993696544 Debug: ./ergtable.h void ergTable::updateDataTable(const CadenceResistancePair &) Added/Updated point: C: 85 W: 150 R: 12
seg. ago. 17 16:08:16 2026 1786993696564 Debug: devices/bluetoothdevice.cpp void bluetoothdevice::update_hr_from_external() WearOS Companion Heart: 0
seg. ago. 17 16:08:16 2026 1786993696750 Debug: ./ergtable.h void ergTable::updateDataTable(const CadenceResistancePair &) Added/Updated point: C: 85 W: 150 R: 12
seg. ago. 17 16:08:16 2026 1786993696788 Debug: devices/bluetoothdevice.cpp void bluetoothdevice::update_hr_from_external() WearOS Companion Heart: 0
seg. ago. 17 16:08:16 2026 1786993696848 Debug: homeform.cpp void homeform::update() homeform::update fired! elapsed: 1006 jitter: -164
seg. ago. 17 16:08:16 2026 1786993696860 Debug: homeform.cpp void homeform::update() homeform::update tiles updated!
seg. ago. 17 16:08:16 2026 1786993696863 Debug: homeform.cpp void homeform::update() Current Distance 1s: 0.11511 28.563 150
seg. ago. 17 16:08:16 2026 1786993696866 Debug: virtualdevices/virtualbike.cpp void virtualbike::bikeProvider() "bikeProvider" 0 2000 false
seg. ago. 17 16:08:16 2026 1786993696867 Debug: virtualdevices/virtualbike.cpp void virtualbike::bikeProvider() "virtual bike connected"
seg. ago. 17 16:08:16 2026 1786993696869 Debug: virtualdevices/virtualbike.cpp void virtualbike::writeCharacteristic(QLowEnergyService *, const QLowEnergyCharacteristic &, const QByteArray &) "virtualbike::writeCharacteristic Unknown Service  64 02 28 0b aa 00 0c 00 96 00 00 00"
seg. ago. 17 16:08:16 2026 1786993696870 Debug:   Write server characteristic with handle  9 "6402280baa000c0096000000" (service: "{00001826-0000-1000-8000-00805f9b34fb}"
seg. ago. 17 16:08:16 2026 1786993696872 Debug: virtualdevices/virtualbike.cpp void virtualbike::writeCharacteristic(QLowEnergyService *, const QLowEnergyCharacteristic &, const QByteArray &) "virtualbike::writeCharacteristic Heart Rate Heart Rate Measurement 00 00"
seg. ago. 17 16:08:16 2026 1786993696873 Debug:   Write server characteristic with handle  19 "0000" (service: "{0000180d-0000-1000-8000-00805f9b34fb}"
seg. ago. 17 16:08:16 2026 1786993696943 Debug: ./ergtable.h void ergTable::updateDataTable(const CadenceResistancePair &) Added/Updated point: C: 85 W: 150 R: 12
seg. ago. 17 16:08:16 2026 1786993696984 Debug: devices/bluetoothdevice.cpp void bluetoothdevice::update_hr_from_external() WearOS Companion Heart: 0
seg. ago. 17 16:08:17 2026 1786993697150 Debug: ./ergtable.h void ergTable::updateDataTable(const CadenceResistancePair &) Added/Updated point: C: 85 W: 150 R: 12
seg. ago. 17 16:08:17 2026 1786993697192 Debug: devices/bluetoothdevice.cpp void bluetoothdevice::update_hr_from_external() WearOS Companion Heart: 0
seg. ago. 17 16:08:17 2026 1786993697339 Debug: homeform.cpp auto homeform::homeform(QQmlApplicationEngine *, bluetooth *)::(anonymous class)::operator()() const Garmin Connect: Workout auto-download skipped (not configured or not authenticated)
seg. ago. 17 16:08:17 2026 1786993697345 Debug: ./ergtable.h void ergTable::updateDataTable(const CadenceResistancePair &) Added/Updated point: C: 85 W: 150 R: 12
seg. ago. 17 16:08:17 2026 1786993697366 Debug: devices/bluetoothdevice.cpp void bluetoothdevice::update_hr_from_external() WearOS Companion Heart: 0
seg. ago. 17 16:08:17 2026 1786993697544 Debug: ./ergtable.h void ergTable::updateDataTable(const CadenceResistancePair &) Added/Updated point: C: 85 W: 150 R: 12
seg. ago. 17 16:08:17 2026 1786993697562 Debug: devices/bluetoothdevice.cpp void bluetoothdevice::update_hr_from_external() WearOS Companion Heart: 0
seg. ago. 17 16:08:17 2026 1786993697743 Debug: ./ergtable.h void ergTable::updateDataTable(const CadenceResistancePair &) Added/Updated point: C: 85 W: 150 R: 12
seg. ago. 17 16:08:17 2026 1786993697765 Debug: devices/bluetoothdevice.cpp void bluetoothdevice::update_hr_from_external() WearOS Companion Heart: 0
seg. ago. 17 16:08:17 2026 1786993697845 Debug: homeform.cpp void homeform::update() homeform::update fired! elapsed: 996 jitter: -168
seg. ago. 17 16:08:17 2026 1786993697852 Debug: homeform.cpp void homeform::update() homeform::update tiles updated!
seg. ago. 17 16:08:17 2026 1786993697855 Debug: homeform.cpp void homeform::update() Current Distance 1s: 0.123044 28.5632 150
seg. ago. 17 16:08:17 2026 1786993697859 Debug: virtualdevices/virtualbike.cpp void virtualbike::bikeProvider() "bikeProvider" 0 2000 false
seg. ago. 17 16:08:17 2026 1786993697860 Debug: virtualdevices/virtualbike.cpp void virtualbike::bikeProvider() "virtual bike connected"
seg. ago. 17 16:08:17 2026 1786993697863 Debug: virtualdevices/virtualbike.cpp void virtualbike::writeCharacteristic(QLowEnergyService *, const QLowEnergyCharacteristic &, const QByteArray &) "virtualbike::writeCharacteristic Unknown Service  64 02 28 0b aa 00 0c 00 96 00 00 00"
seg. ago. 17 16:08:17 2026 1786993697864 Debug:   Write server characteristic with handle  9 "6402280baa000c0096000000" (service: "{00001826-0000-1000-8000-00805f9b34fb}"
seg. ago. 17 16:08:17 2026 1786993697866 Debug: virtualdevices/virtualbike.cpp void virtualbike::writeCharacteristic(QLowEnergyService *, const QLowEnergyCharacteristic &, const QByteArray &) "virtualbike::writeCharacteristic Heart Rate Heart Rate Measurement 00 00"
seg. ago. 17 16:08:17 2026 1786993697868 Debug:   Write server characteristic with handle  19 "0000" (service: "{0000180d-0000-1000-8000-00805f9b34fb}"
seg. ago. 17 16:08:17 2026 1786993697943 Debug: ./ergtable.h void ergTable::updateDataTable(const CadenceResistancePair &) Added/Updated point: C: 85 W: 150 R: 12
seg. ago. 17 16:08:17 2026 1786993697965 Debug: devices/bluetoothdevice.cpp void bluetoothdevice::update_hr_from_external() WearOS Companion Heart: 0
seg. ago. 17 16:08:18 2026 1786993698150 Debug: ./ergtable.h void ergTable::updateDataTable(const CadenceResistancePair &) Added/Updated point: C: 85 W: 150 R: 12
seg. ago. 17 16:08:18 2026 1786993698186 Debug: devices/bluetoothdevice.cpp void bluetoothdevice::update_hr_from_external() WearOS Companion Heart: 0
seg. ago. 17 16:08:18 2026 1786993698346 Debug: ./ergtable.h void ergTable::updateDataTable(const CadenceResistancePair &) Added/Updated point: C: 85 W: 150 R: 12
seg. ago. 17 16:08:18 2026 1786993698390 Debug: devices/bluetoothdevice.cpp void bluetoothdevice::update_hr_from_external() WearOS Companion Heart: 0
seg. ago. 17 16:08:18 2026 1786993698544 Debug: ./ergtable.h void ergTable::updateDataTable(const CadenceResistancePair &) Added/Updated point: C: 85 W: 150 R: 12
seg. ago. 17 16:08:18 2026 1786993698561 Debug: devices/bluetoothdevice.cpp void bluetoothdevice::update_hr_from_external() WearOS Companion Heart: 0
seg. ago. 17 16:08:18 2026 1786993698745 Debug: ./ergtable.h void ergTable::updateDataTable(const CadenceResistancePair &) Added/Updated point: C: 85 W: 150 R: 12
seg. ago. 17 16:08:18 2026 1786993698765 Debug: devices/bluetoothdevice.cpp void bluetoothdevice::update_hr_from_external() WearOS Companion Heart: 0
seg. ago. 17 16:08:18 2026 1786993698844 Debug: homeform.cpp void homeform::update() homeform::update fired! elapsed: 999 jitter: -169
seg. ago. 17 16:08:18 2026 1786993698851 Debug: homeform.cpp void homeform::update() homeform::update tiles updated!
seg. ago. 17 16:08:18 2026 1786993698853 Debug: homeform.cpp void homeform::update() Current Distance 1s: 0.130979 28.5633 150
seg. ago. 17 16:08:18 2026 1786993698856 Debug: virtualdevices/virtualbike.cpp void virtualbike::bikeProvider() "bikeProvider" 0 2000 false
seg. ago. 17 16:08:18 2026 1786993698858 Debug: virtualdevices/virtualbike.cpp void virtualbike::bikeProvider() "virtual bike connected"
seg. ago. 17 16:08:18 2026 1786993698860 Debug: virtualdevices/virtualbike.cpp void virtualbike::writeCharacteristic(QLowEnergyService *, const QLowEnergyCharacteristic &, const QByteArray &) "virtualbike::writeCharacteristic Unknown Service  64 02 28 0b aa 00 0c 00 96 00 00 00"
seg. ago. 17 16:08:18 2026 1786993698861 Debug:   Write server characteristic with handle  9 "6402280baa000c0096000000" (service: "{00001826-0000-1000-8000-00805f9b34fb}"
seg. ago. 17 16:08:18 2026 1786993698863 Debug: virtualdevices/virtualbike.cpp void virtualbike::writeCharacteristic(QLowEnergyService *, const QLowEnergyCharacteristic &, const QByteArray &) "virtualbike::writeCharacteristic Heart Rate Heart Rate Measurement 00 00"
seg. ago. 17 16:08:18 2026 1786993698865 Debug:   Write server characteristic with handle  19 "0000" (service: "{0000180d-0000-1000-8000-00805f9b34fb}"
seg. ago. 17 16:08:18 2026 1786993698941 Debug: ./ergtable.h void ergTable::updateDataTable(const CadenceResistancePair &) Added/Updated point: C: 85 W: 150 R: 12
seg. ago. 17 16:08:18 2026 1786993698955 Debug: devices/bluetoothdevice.cpp void bluetoothdevice::update_hr_from_external() WearOS Companion Heart: 0
seg. ago. 17 16:08:19 2026 1786993699141 Debug: ./ergtable.h void ergTable::updateDataTable(const CadenceResistancePair &) Added/Updated point: C: 85 W: 150 R: 12
seg. ago. 17 16:08:19 2026 1786993699156 Debug: devices/bluetoothdevice.cpp void bluetoothdevice::update_hr_from_external() WearOS Companion Heart: 0
seg. ago. 17 16:08:19 2026 1786993699343 Debug: ./ergtable.h void ergTable::updateDataTable(const CadenceResistancePair &) Added/Updated point: C: 85 W: 150 R: 12
seg. ago. 17 16:08:19 2026 1786993699360 Debug: devices/bluetoothdevice.cpp void bluetoothdevice::update_hr_from_external() WearOS Companion Heart: 0
seg. ago. 17 16:08:19 2026 1786993699541 Debug: ./ergtable.h void ergTable::updateDataTable(const CadenceResistancePair &) Added/Updated point: C: 85 W: 150 R: 12
seg. ago. 17 16:08:19 2026 1786993699555 Debug: devices/bluetoothdevice.cpp void bluetoothdevice::update_hr_from_external() WearOS Companion Heart: 0
seg. ago. 17 16:08:19 2026 1786993699741 Debug: ./ergtable.h void ergTable::updateDataTable(const CadenceResistancePair &) Added/Updated point: C: 85 W: 150 R: 12
seg. ago. 17 16:08:19 2026 1786993699756 Debug: devices/bluetoothdevice.cpp void bluetoothdevice::update_hr_from_external() WearOS Companion Heart: 0
seg. ago. 17 16:08:19 2026 1786993699842 Debug: homeform.cpp void homeform::update() homeform::update fired! elapsed: 998 jitter: -171
seg. ago. 17 16:08:19 2026 1786993699846 Debug: homeform.cpp void homeform::update() homeform::update tiles updated!
seg. ago. 17 16:08:19 2026 1786993699847 Debug: homeform.cpp void homeform::update() Current Distance 1s: 0.138913 28.5634 150
seg. ago. 17 16:08:19 2026 1786993699849 Debug: virtualdevices/virtualbike.cpp void virtualbike::bikeProvider() "bikeProvider" 0 2000 false
seg. ago. 17 16:08:19 2026 1786993699850 Debug: virtualdevices/virtualbike.cpp void virtualbike::bikeProvider() "virtual bike connected"
seg. ago. 17 16:08:19 2026 1786993699852 Debug: virtualdevices/virtualbike.cpp void virtualbike::writeCharacteristic(QLowEnergyService *, const QLowEnergyCharacteristic &, const QByteArray &) "virtualbike::writeCharacteristic Unknown Service  64 02 28 0b aa 00 0c 00 96 00 00 00"
seg. ago. 17 16:08:19 2026 1786993699852 Debug:   Write server characteristic with handle  9 "6402280baa000c0096000000" (service: "{00001826-0000-1000-8000-00805f9b34fb}"
seg. ago. 17 16:08:19 2026 1786993699854 Debug: virtualdevices/virtualbike.cpp void virtualbike::writeCharacteristic(QLowEnergyService *, const QLowEnergyCharacteristic &, const QByteArray &) "virtualbike::writeCharacteristic Heart Rate Heart Rate Measurement 00 00"
seg. ago. 17 16:08:19 2026 1786993699855 Debug:   Write server characteristic with handle  19 "0000" (service: "{0000180d-0000-1000-8000-00805f9b34fb}"
seg. ago. 17 16:08:19 2026 1786993699941 Debug: ./ergtable.h void ergTable::updateDataTable(const CadenceResistancePair &) Added/Updated point: C: 85 W: 150 R: 12
seg. ago. 17 16:08:19 2026 1786993699954 Debug: devices/bluetoothdevice.cpp void bluetoothdevice::update_hr_from_external() WearOS Companion Heart: 0
seg. ago. 17 16:08:20 2026 1786993700141 Debug: ./ergtable.h void ergTable::updateDataTable(const CadenceResistancePair &) Added/Updated point: C: 85 W: 150 R: 12
seg. ago. 17 16:08:20 2026 1786993700157 Debug: devices/bluetoothdevice.cpp void bluetoothdevice::update_hr_from_external() WearOS Companion Heart: 0
seg. ago. 17 16:08:20 2026 1786993700341 Debug: ./ergtable.h void ergTable::updateDataTable(const CadenceResistancePair &) Added/Updated point: C: 85 W: 150 R: 12
seg. ago. 17 16:08:20 2026 1786993700356 Debug: devices/bluetoothdevice.cpp void bluetoothdevice::update_hr_from_external() WearOS Companion Heart: 0
seg. ago. 17 16:08:20 2026 1786993700541 Debug: ./ergtable.h void ergTable::updateDataTable(const CadenceResistancePair &) Added/Updated point: C: 85 W: 150 R: 12
seg. ago. 17 16:08:20 2026 1786993700555 Debug: devices/bluetoothdevice.cpp void bluetoothdevice::update_hr_from_external() WearOS Companion Heart: 0
seg. ago. 17 16:08:20 2026 1786993700741 Debug: ./ergtable.h void ergTable::updateDataTable(const CadenceResistancePair &) Added/Updated point: C: 85 W: 150 R: 12
seg. ago. 17 16:08:20 2026 1786993700757 Debug: devices/bluetoothdevice.cpp void bluetoothdevice::update_hr_from_external() WearOS Companion Heart: 0
seg. ago. 17 16:08:20 2026 1786993700844 Debug: homeform.cpp void homeform::update() homeform::update fired! elapsed: 1002 jitter: -169
seg. ago. 17 16:08:20 2026 1786993700850 Debug: homeform.cpp void homeform::update() homeform::update tiles updated!
seg. ago. 17 16:08:20 2026 1786993700852 Debug: homeform.cpp void homeform::update() Current Distance 1s: 0.146847 28.5634 150
seg. ago. 17 16:08:20 2026 1786993700855 Debug: virtualdevices/virtualbike.cpp void virtualbike::bikeProvider() "bikeProvider" 0 2000 false
seg. ago. 17 16:08:20 2026 1786993700857 Debug: virtualdevices/virtualbike.cpp void virtualbike::bikeProvider() "virtual bike connected"
seg. ago. 17 16:08:20 2026 1786993700859 Debug: virtualdevices/virtualbike.cpp void virtualbike::writeCharacteristic(QLowEnergyService *, const QLowEnergyCharacteristic &, const QByteArray &) "virtualbike::writeCharacteristic Unknown Service  64 02 28 0b aa 00 0c 00 96 00 00 00"
seg. ago. 17 16:08:20 2026 1786993700861 Debug:   Write server characteristic with handle  9 "6402280baa000c0096000000" (service: "{00001826-0000-1000-8000-00805f9b34fb}"
seg. ago. 17 16:08:20 2026 1786993700863 Debug: virtualdevices/virtualbike.cpp void virtualbike::writeCharacteristic(QLowEnergyService *, const QLowEnergyCharacteristic &, const QByteArray &) "virtualbike::writeCharacteristic Heart Rate Heart Rate Measurement 00 00"
seg. ago. 17 16:08:20 2026 1786993700864 Debug:   Write server characteristic with handle  19 "0000" (service: "{0000180d-0000-1000-8000-00805f9b34fb}"
seg. ago. 17 16:08:20 2026 1786993700942 Debug: ./ergtable.h void ergTable::updateDataTable(const CadenceResistancePair &) Added/Updated point: C: 85 W: 150 R: 12
seg. ago. 17 16:08:20 2026 1786993700961 Debug: devices/bluetoothdevice.cpp void bluetoothdevice::update_hr_from_external() WearOS Companion Heart: 0
seg. ago. 17 16:08:21 2026 1786993701141 Debug: ./ergtable.h void ergTable::updateDataTable(const CadenceResistancePair &) Added/Updated point: C: 85 W: 150 R: 12
seg. ago. 17 16:08:21 2026 1786993701158 Debug: devices/bluetoothdevice.cpp void bluetoothdevice::update_hr_from_external() WearOS Companion Heart: 0
seg. ago. 17 16:08:21 2026 1786993701341 Debug: ./ergtable.h void ergTable::updateDataTable(const CadenceResistancePair &) Added/Updated point: C: 85 W: 150 R: 12
seg. ago. 17 16:08:21 2026 1786993701355 Debug: devices/bluetoothdevice.cpp void bluetoothdevice::update_hr_from_external() WearOS Companion Heart: 0
seg. ago. 17 16:08:21 2026 1786993701542 Debug: ./ergtable.h void ergTable::updateDataTable(const CadenceResistancePair &) Added/Updated point: C: 85 W: 150 R: 12
seg. ago. 17 16:08:21 2026 1786993701559 Debug: devices/bluetoothdevice.cpp void bluetoothdevice::update_hr_from_external() WearOS Companion Heart: 0
seg. ago. 17 16:08:21 2026 1786993701742 Debug: ./ergtable.h void ergTable::updateDataTable(const CadenceResistancePair &) Added/Updated point: C: 85 W: 150 R: 12
seg. ago. 17 16:08:21 2026 1786993701761 Debug: devices/bluetoothdevice.cpp void bluetoothdevice::update_hr_from_external() WearOS Companion Heart: 0
seg. ago. 17 16:08:21 2026 1786993701842 Debug: homeform.cpp void homeform::update() homeform::update fired! elapsed: 999 jitter: -170
seg. ago. 17 16:08:21 2026 1786993701849 Debug: homeform.cpp void homeform::update() homeform::update tiles updated!
seg. ago. 17 16:08:21 2026 1786993701850 Debug: homeform.cpp void homeform::update() Current Distance 1s: 0.154781 28.5634 150
seg. ago. 17 16:08:21 2026 1786993701853 Debug: virtualdevices/virtualbike.cpp void virtualbike::bikeProvider() "bikeProvider" 0 2000 false
seg. ago. 17 16:08:21 2026 1786993701854 Debug: virtualdevices/virtualbike.cpp void virtualbike::bikeProvider() "virtual bike connected"
seg. ago. 17 16:08:21 2026 1786993701855 Debug: virtualdevices/virtualbike.cpp void virtualbike::writeCharacteristic(QLowEnergyService *, const QLowEnergyCharacteristic &, const QByteArray &) "virtualbike::writeCharacteristic Unknown Service  64 02 28 0b aa 00 0c 00 96 00 00 00"
seg. ago. 17 16:08:21 2026 1786993701856 Debug:   Write server characteristic with handle  9 "6402280baa000c0096000000" (service: "{00001826-0000-1000-8000-00805f9b34fb}"
seg. ago. 17 16:08:21 2026 1786993701858 Debug: virtualdevices/virtualbike.cpp void virtualbike::writeCharacteristic(QLowEnergyService *, const QLowEnergyCharacteristic &, const QByteArray &) "virtualbike::writeCharacteristic Heart Rate Heart Rate Measurement 00 00"
seg. ago. 17 16:08:21 2026 1786993701859 Debug:   Write server characteristic with handle  19 "0000" (service: "{0000180d-0000-1000-8000-00805f9b34fb}"
seg. ago. 17 16:08:21 2026 1786993701943 Debug: ./ergtable.h void ergTable::updateDataTable(const CadenceResistancePair &) Added/Updated point: C: 85 W: 150 R: 12
seg. ago. 17 16:08:21 2026 1786993701962 Debug: devices/bluetoothdevice.cpp void bluetoothdevice::update_hr_from_external() WearOS Companion Heart: 0
seg. ago. 17 16:08:22 2026 1786993702145 Debug: ./ergtable.h void ergTable::updateDataTable(const CadenceResistancePair &) Added/Updated point: C: 85 W: 150 R: 12
seg. ago. 17 16:08:22 2026 1786993702167 Debug: devices/bluetoothdevice.cpp void bluetoothdevice::update_hr_from_external() WearOS Companion Heart: 0
seg. ago. 17 16:08:22 2026 1786993702342 Debug: ./ergtable.h void ergTable::updateDataTable(const CadenceResistancePair &) Added/Updated point: C: 85 W: 150 R: 12
seg. ago. 17 16:08:22 2026 1786993702356 Debug: devices/bluetoothdevice.cpp void bluetoothdevice::update_hr_from_external() WearOS Companion Heart: 0
seg. ago. 17 16:08:22 2026 1786993702542 Debug: ./ergtable.h void ergTable::updateDataTable(const CadenceResistancePair &) Added/Updated point: C: 85 W: 150 R: 12
seg. ago. 17 16:08:22 2026 1786993702565 Debug: devices/bluetoothdevice.cpp void bluetoothdevice::update_hr_from_external() WearOS Companion Heart: 0
seg. ago. 17 16:08:22 2026 1786993702742 Debug: ./ergtable.h void ergTable::updateDataTable(const CadenceResistancePair &) Added/Updated point: C: 85 W: 150 R: 12
seg. ago. 17 16:08:22 2026 1786993702775 Debug: devices/bluetoothdevice.cpp void bluetoothdevice::update_hr_from_external() WearOS Companion Heart: 0
seg. ago. 17 16:08:22 2026 1786993702842 Debug: homeform.cpp void homeform::update() homeform::update fired! elapsed: 999 jitter: -171
seg. ago. 17 16:08:22 2026 1786993702848 Debug: homeform.cpp void homeform::update() homeform::update tiles updated!
seg. ago. 17 16:08:22 2026 1786993702849 Debug: homeform.cpp void homeform::update() Current Distance 1s: 0.162716 28.5634 150
seg. ago. 17 16:08:22 2026 1786993702852 Debug: virtualdevices/virtualbike.cpp void virtualbike::bikeProvider() "bikeProvider" 0 2000 false
seg. ago. 17 16:08:22 2026 1786993702854 Debug: virtualdevices/virtualbike.cpp void virtualbike::bikeProvider() "virtual bike connected"
seg. ago. 17 16:08:22 2026 1786993702855 Debug: virtualdevices/virtualbike.cpp void virtualbike::writeCharacteristic(QLowEnergyService *, const QLowEnergyCharacteristic &, const QByteArray &) "virtualbike::writeCharacteristic Unknown Service  64 02 28 0b aa 00 0c 00 96 00 00 00"
seg. ago. 17 16:08:22 2026 1786993702857 Debug:   Write server characteristic with handle  9 "6402280baa000c0096000000" (service: "{00001826-0000-1000-8000-00805f9b34fb}"
seg. ago. 17 16:08:22 2026 1786993702859 Debug: virtualdevices/virtualbike.cpp void virtualbike::writeCharacteristic(QLowEnergyService *, const QLowEnergyCharacteristic &, const QByteArray &) "virtualbike::writeCharacteristic Heart Rate Heart Rate Measurement 00 00"
seg. ago. 17 16:08:22 2026 1786993702861 Debug:   Write server characteristic with handle  19 "0000" (service: "{0000180d-0000-1000-8000-00805f9b34fb}"
seg. ago. 17 16:08:22 2026 1786993702942 Debug: ./ergtable.h void ergTable::updateDataTable(const CadenceResistancePair &) Added/Updated point: C: 85 W: 150 R: 12
seg. ago. 17 16:08:22 2026 1786993702963 Debug: devices/bluetoothdevice.cpp void bluetoothdevice::update_hr_from_external() WearOS Companion Heart: 0
seg. ago. 17 16:08:23 2026 1786993703143 Debug: ./ergtable.h void ergTable::updateDataTable(const CadenceResistancePair &) Added/Updated point: C: 85 W: 150 R: 12
seg. ago. 17 16:08:23 2026 1786993703166 Debug: devices/bluetoothdevice.cpp void bluetoothdevice::update_hr_from_external() WearOS Companion Heart: 0
seg. ago. 17 16:08:23 2026 1786993703342 Debug: ./ergtable.h void ergTable::updateDataTable(const CadenceResistancePair &) Added/Updated point: C: 85 W: 150 R: 12
seg. ago. 17 16:08:23 2026 1786993703361 Debug: devices/bluetoothdevice.cpp void bluetoothdevice::update_hr_from_external() WearOS Companion Heart: 0
seg. ago. 17 16:08:23 2026 1786993703544 Debug: ./ergtable.h void ergTable::updateDataTable(const CadenceResistancePair &) Added/Updated point: C: 85 W: 150 R: 12
seg. ago. 17 16:08:23 2026 1786993703565 Debug: devices/bluetoothdevice.cpp void bluetoothdevice::update_hr_from_external() WearOS Companion Heart: 0
seg. ago. 17 16:08:23 2026 1786993703744 Debug: ./ergtable.h void ergTable::updateDataTable(const CadenceResistancePair &) Added/Updated point: C: 85 W: 150 R: 12
seg. ago. 17 16:08:23 2026 1786993703765 Debug: devices/bluetoothdevice.cpp void bluetoothdevice::update_hr_from_external() WearOS Companion Heart: 0
seg. ago. 17 16:08:23 2026 1786993703844 Debug: homeform.cpp void homeform::update() homeform::update fired! elapsed: 1003 jitter: -168
seg. ago. 17 16:08:23 2026 1786993703851 Debug: homeform.cpp void homeform::update() homeform::update tiles updated!
seg. ago. 17 16:08:23 2026 1786993703853 Debug: homeform.cpp void homeform::update() Current Distance 1s: 0.17065 28.5634 150
seg. ago. 17 16:08:23 2026 1786993703857 Debug: virtualdevices/virtualbike.cpp void virtualbike::bikeProvider() "bikeProvider" 0 2000 false
seg. ago. 17 16:08:23 2026 1786993703859 Debug: virtualdevices/virtualbike.cpp void virtualbike::bikeProvider() "virtual bike connected"
seg. ago. 17 16:08:23 2026 1786993703861 Debug: virtualdevices/virtualbike.cpp void virtualbike::writeCharacteristic(QLowEnergyService *, const QLowEnergyCharacteristic &, const QByteArray &) "virtualbike::writeCharacteristic Unknown Service  64 02 28 0b aa 00 0c 00 96 00 00 00"
seg. ago. 17 16:08:23 2026 1786993703862 Debug:   Write server characteristic with handle  9 "6402280baa000c0096000000" (service: "{00001826-0000-1000-8000-00805f9b34fb}"
seg. ago. 17 16:08:23 2026 1786993703864 Debug: virtualdevices/virtualbike.cpp void virtualbike::writeCharacteristic(QLowEnergyService *, const QLowEnergyCharacteristic &, const QByteArray &) "virtualbike::writeCharacteristic Heart Rate Heart Rate Measurement 00 00"
seg. ago. 17 16:08:23 2026 1786993703866 Debug:   Write server characteristic with handle  19 "0000" (service: "{0000180d-0000-1000-8000-00805f9b34fb}"
seg. ago. 17 16:08:23 2026 1786993703943 Debug: ./ergtable.h void ergTable::updateDataTable(const CadenceResistancePair &) Added/Updated point: C: 85 W: 150 R: 12
seg. ago. 17 16:08:23 2026 1786993703964 Debug: devices/bluetoothdevice.cpp void bluetoothdevice::update_hr_from_external() WearOS Companion Heart: 0
seg. ago. 17 16:08:24 2026 1786993704150 Debug: ./ergtable.h void ergTable::updateDataTable(const CadenceResistancePair &) Added/Updated point: C: 85 W: 150 R: 12
seg. ago. 17 16:08:24 2026 1786993704192 Debug: devices/bluetoothdevice.cpp void bluetoothdevice::update_hr_from_external() WearOS Companion Heart: 0
seg. ago. 17 16:08:24 2026 1786993704347 Debug: ./ergtable.h void ergTable::updateDataTable(const CadenceResistancePair &) Added/Updated point: C: 85 W: 150 R: 12
seg. ago. 17 16:08:24 2026 1786993704387 Debug: devices/bluetoothdevice.cpp void bluetoothdevice::update_hr_from_external() WearOS Companion Heart: 0
seg. ago. 17 16:08:24 2026 1786993704547 Debug: ./ergtable.h void ergTable::updateDataTable(const CadenceResistancePair &) Added/Updated point: C: 85 W: 150 R: 12
seg. ago. 17 16:08:24 2026 1786993704588 Debug: devices/bluetoothdevice.cpp void bluetoothdevice::update_hr_from_external() WearOS Companion Heart: 0
seg. ago. 17 16:08:24 2026 1786993704748 Debug: ./ergtable.h void ergTable::updateDataTable(const CadenceResistancePair &) Added/Updated point: C: 85 W: 150 R: 12
seg. ago. 17 16:08:24 2026 1786993704769 Debug: devices/bluetoothdevice.cpp void bluetoothdevice::update_hr_from_external() WearOS Companion Heart: 0
seg. ago. 17 16:08:24 2026 1786993704845 Debug: homeform.cpp void homeform::update() homeform::update fired! elapsed: 1000 jitter: -168
seg. ago. 17 16:08:24 2026 1786993704852 Debug: homeform.cpp void homeform::update() homeform::update tiles updated!
seg. ago. 17 16:08:24 2026 1786993704854 Debug: homeform.cpp void homeform::update() Current Distance 1s: 0.178584 28.5634 150
seg. ago. 17 16:08:24 2026 1786993704858 Debug: virtualdevices/virtualbike.cpp void virtualbike::bikeProvider() "bikeProvider" 0 2000 false
seg. ago. 17 16:08:24 2026 1786993704859 Debug: virtualdevices/virtualbike.cpp void virtualbike::bikeProvider() "virtual bike connected"
seg. ago. 17 16:08:24 2026 1786993704862 Debug: virtualdevices/virtualbike.cpp void virtualbike::writeCharacteristic(QLowEnergyService *, const QLowEnergyCharacteristic &, const QByteArray &) "virtualbike::writeCharacteristic Unknown Service  64 02 28 0b aa 00 0c 00 96 00 00 00"
seg. ago. 17 16:08:24 2026 1786993704863 Debug:   Write server characteristic with handle  9 "6402280baa000c0096000000" (service: "{00001826-0000-1000-8000-00805f9b34fb}"
seg. ago. 17 16:08:24 2026 1786993704866 Debug: virtualdevices/virtualbike.cpp void virtualbike::writeCharacteristic(QLowEnergyService *, const QLowEnergyCharacteristic &, const QByteArray &) "virtualbike::writeCharacteristic Heart Rate Heart Rate Measurement 00 00"
seg. ago. 17 16:08:24 2026 1786993704867 Debug:   Write server characteristic with handle  19 "0000" (service: "{0000180d-0000-1000-8000-00805f9b34fb}"
seg. ago. 17 16:08:24 2026 1786993704943 Debug: ./ergtable.h void ergTable::updateDataTable(const CadenceResistancePair &) Added/Updated point: C: 85 W: 150 R: 12
seg. ago. 17 16:08:24 2026 1786993704963 Debug: devices/bluetoothdevice.cpp void bluetoothdevice::update_hr_from_external() WearOS Companion Heart: 0
seg. ago. 17 16:08:25 2026 1786993705143 Debug: ./ergtable.h void ergTable::updateDataTable(const CadenceResistancePair &) Added/Updated point: C: 85 W: 150 R: 12
seg. ago. 17 16:08:25 2026 1786993705164 Debug: devices/bluetoothdevice.cpp void bluetoothdevice::update_hr_from_external() WearOS Companion Heart: 0
seg. ago. 17 16:08:25 2026 1786993705343 Debug: ./ergtable.h void ergTable::updateDataTable(const CadenceResistancePair &) Added/Updated point: C: 85 W: 150 R: 12
seg. ago. 17 16:08:25 2026 1786993705366 Debug: devices/bluetoothdevice.cpp void bluetoothdevice::update_hr_from_external() WearOS Companion Heart: 0
seg. ago. 17 16:08:25 2026 1786993705544 Debug: ./ergtable.h void ergTable::updateDataTable(const CadenceResistancePair &) Added/Updated point: C: 85 W: 150 R: 12
seg. ago. 17 16:08:25 2026 1786993705567 Debug: devices/bluetoothdevice.cpp void bluetoothdevice::update_hr_from_external() WearOS Companion Heart: 0
seg. ago. 17 16:08:25 2026 1786993705745 Debug: ./ergtable.h void ergTable::updateDataTable(const CadenceResistancePair &) Added/Updated point: C: 85 W: 150 R: 12
seg. ago. 17 16:08:25 2026 1786993705766 Debug: devices/bluetoothdevice.cpp void bluetoothdevice::update_hr_from_external() WearOS Companion Heart: 0
seg. ago. 17 16:08:25 2026 1786993705846 Debug: homeform.cpp void homeform::update() homeform::update fired! elapsed: 1001 jitter: -167
seg. ago. 17 16:08:25 2026 1786993705854 Debug: homeform.cpp void homeform::update() homeform::update tiles updated!
seg. ago. 17 16:08:25 2026 1786993705856 Debug: homeform.cpp void homeform::update() Current Distance 1s: 0.186519 28.5634 150
seg. ago. 17 16:08:25 2026 1786993705860 Debug: virtualdevices/virtualbike.cpp void virtualbike::bikeProvider() "bikeProvider" 0 2000 false
seg. ago. 17 16:08:25 2026 1786993705862 Debug: virtualdevices/virtualbike.cpp void virtualbike::bikeProvider() "virtual bike connected"
seg. ago. 17 16:08:25 2026 1786993705864 Debug: virtualdevices/virtualbike.cpp void virtualbike::writeCharacteristic(QLowEnergyService *, const QLowEnergyCharacteristic &, const QByteArray &) "virtualbike::writeCharacteristic Unknown Service  64 02 28 0b aa 00 0c 00 96 00 00 00"
seg. ago. 17 16:08:25 2026 1786993705865 Debug:   Write server characteristic with handle  9 "6402280baa000c0096000000" (service: "{00001826-0000-1000-8000-00805f9b34fb}"
seg. ago. 17 16:08:25 2026 1786993705868 Debug: virtualdevices/virtualbike.cpp void virtualbike::writeCharacteristic(QLowEnergyService *, const QLowEnergyCharacteristic &, const QByteArray &) "virtualbike::writeCharacteristic Heart Rate Heart Rate Measurement 00 00"
seg. ago. 17 16:08:25 2026 1786993705869 Debug:   Write server characteristic with handle  19 "0000" (service: "{0000180d-0000-1000-8000-00805f9b34fb}"
seg. ago. 17 16:08:25 2026 1786993705943 Debug: ./ergtable.h void ergTable::updateDataTable(const CadenceResistancePair &) Added/Updated point: C: 85 W: 150 R: 12
seg. ago. 17 16:08:25 2026 1786993705966 Debug: devices/bluetoothdevice.cpp void bluetoothdevice::update_hr_from_external() WearOS Companion Heart: 0
seg. ago. 17 16:08:26 2026 1786993706144 Debug: ./ergtable.h void ergTable::updateDataTable(const CadenceResistancePair &) Added/Updated point: C: 85 W: 150 R: 12
seg. ago. 17 16:08:26 2026 1786993706166 Debug: devices/bluetoothdevice.cpp void bluetoothdevice::update_hr_from_external() WearOS Companion Heart: 0
seg. ago. 17 16:08:26 2026 1786993706344 Debug: ./ergtable.h void ergTable::updateDataTable(const CadenceResistancePair &) Added/Updated point: C: 85 W: 150 R: 12
seg. ago. 17 16:08:26 2026 1786993706367 Debug: devices/bluetoothdevice.cpp void bluetoothdevice::update_hr_from_external() WearOS Companion Heart: 0
seg. ago. 17 16:08:26 2026 1786993706544 Debug: ./ergtable.h void ergTable::updateDataTable(const CadenceResistancePair &) Added/Updated point: C: 85 W: 150 R: 12
seg. ago. 17 16:08:26 2026 1786993706566 Debug: devices/bluetoothdevice.cpp void bluetoothdevice::update_hr_from_external() WearOS Companion Heart: 0
seg. ago. 17 16:08:26 2026 1786993706744 Debug: ./ergtable.h void ergTable::updateDataTable(const CadenceResistancePair &) Added/Updated point: C: 85 W: 150 R: 12
seg. ago. 17 16:08:26 2026 1786993706763 Debug: devices/bluetoothdevice.cpp void bluetoothdevice::update_hr_from_external() WearOS Companion Heart: 0
seg. ago. 17 16:08:26 2026 1786993706845 Debug: homeform.cpp void homeform::update() homeform::update fired! elapsed: 999 jitter: -168
seg. ago. 17 16:08:26 2026 1786993706852 Debug: homeform.cpp void homeform::update() homeform::update tiles updated!
seg. ago. 17 16:08:26 2026 1786993706854 Debug: homeform.cpp void homeform::update() Current Distance 1s: 0.194453 28.5634 150
seg. ago. 17 16:08:26 2026 1786993706858 Debug: virtualdevices/virtualbike.cpp void virtualbike::bikeProvider() "bikeProvider" 0 2000 false
seg. ago. 17 16:08:26 2026 1786993706859 Debug: virtualdevices/virtualbike.cpp void virtualbike::bikeProvider() "virtual bike connected"
seg. ago. 17 16:08:26 2026 1786993706861 Debug: virtualdevices/virtualbike.cpp void virtualbike::writeCharacteristic(QLowEnergyService *, const QLowEnergyCharacteristic &, const QByteArray &) "virtualbike::writeCharacteristic Unknown Service  64 02 28 0b aa 00 0c 00 96 00 00 00"
seg. ago. 17 16:08:26 2026 1786993706863 Debug:   Write server characteristic with handle  9 "6402280baa000c0096000000" (service: "{00001826-0000-1000-8000-00805f9b34fb}"
seg. ago. 17 16:08:26 2026 1786993706865 Debug: virtualdevices/virtualbike.cpp void virtualbike::writeCharacteristic(QLowEnergyService *, const QLowEnergyCharacteristic &, const QByteArray &) "virtualbike::writeCharacteristic Heart Rate Heart Rate Measurement 00 00"
seg. ago. 17 16:08:26 2026 1786993706866 Debug:   Write server characteristic with handle  19 "0000" (service: "{0000180d-0000-1000-8000-00805f9b34fb}"
seg. ago. 17 16:08:26 2026 1786993706943 Debug: ./ergtable.h void ergTable::updateDataTable(const CadenceResistancePair &) Added/Updated point: C: 85 W: 150 R: 12
seg. ago. 17 16:08:26 2026 1786993706964 Debug: devices/bluetoothdevice.cpp void bluetoothdevice::update_hr_from_external() WearOS Companion Heart: 0
seg. ago. 17 16:08:27 2026 1786993707150 Debug: ./ergtable.h void ergTable::updateDataTable(const CadenceResistancePair &) Added/Updated point: C: 85 W: 150 R: 12
seg. ago. 17 16:08:27 2026 1786993707190 Debug: devices/bluetoothdevice.cpp void bluetoothdevice::update_hr_from_external() WearOS Companion Heart: 0
seg. ago. 17 16:08:27 2026 1786993707348 Debug: ./ergtable.h void ergTable::updateDataTable(const CadenceResistancePair &) Added/Updated point: C: 85 W: 150 R: 12
seg. ago. 17 16:08:27 2026 1786993707386 Debug: devices/bluetoothdevice.cpp void bluetoothdevice::update_hr_from_external() WearOS Companion Heart: 0
seg. ago. 17 16:08:27 2026 1786993707542 Debug: ./ergtable.h void ergTable::updateDataTable(const CadenceResistancePair &) Added/Updated point: C: 85 W: 150 R: 12
seg. ago. 17 16:08:27 2026 1786993707562 Debug: devices/bluetoothdevice.cpp void bluetoothdevice::update_hr_from_external() WearOS Companion Heart: 0
seg. ago. 17 16:08:27 2026 1786993707743 Debug: ./ergtable.h void ergTable::updateDataTable(const CadenceResistancePair &) Added/Updated point: C: 85 W: 150 R: 12
seg. ago. 17 16:08:27 2026 1786993707766 Debug: devices/bluetoothdevice.cpp void bluetoothdevice::update_hr_from_external() WearOS Companion Heart: 0
seg. ago. 17 16:08:27 2026 1786993707844 Debug: homeform.cpp void homeform::update() homeform::update fired! elapsed: 999 jitter: -169
seg. ago. 17 16:08:27 2026 1786993707851 Debug: homeform.cpp void homeform::update() homeform::update tiles updated!
seg. ago. 17 16:08:27 2026 1786993707854 Debug: homeform.cpp void homeform::update() Current Distance 1s: 0.202387 28.5634 150
seg. ago. 17 16:08:27 2026 1786993707858 Debug: virtualdevices/virtualbike.cpp void virtualbike::bikeProvider() "bikeProvider" 0 2000 false
seg. ago. 17 16:08:27 2026 1786993707859 Debug: virtualdevices/virtualbike.cpp void virtualbike::bikeProvider() "virtual bike connected"
seg. ago. 17 16:08:27 2026 1786993707861 Debug: virtualdevices/virtualbike.cpp void virtualbike::writeCharacteristic(QLowEnergyService *, const QLowEnergyCharacteristic &, const QByteArray &) "virtualbike::writeCharacteristic Unknown Service  64 02 28 0b aa 00 0c 00 96 00 00 00"
seg. ago. 17 16:08:27 2026 1786993707863 Debug:   Write server characteristic with handle  9 "6402280baa000c0096000000" (service: "{00001826-0000-1000-8000-00805f9b34fb}"
seg. ago. 17 16:08:27 2026 1786993707865 Debug: virtualdevices/virtualbike.cpp void virtualbike::writeCharacteristic(QLowEnergyService *, const QLowEnergyCharacteristic &, const QByteArray &) "virtualbike::writeCharacteristic Heart Rate Heart Rate Measurement 00 00"
seg. ago. 17 16:08:27 2026 1786993707866 Debug:   Write server characteristic with handle  19 "0000" (service: "{0000180d-0000-1000-8000-00805f9b34fb}"
seg. ago. 17 16:08:27 2026 1786993707942 Debug: ./ergtable.h void ergTable::updateDataTable(const CadenceResistancePair &) Added/Updated point: C: 85 W: 150 R: 12
seg. ago. 17 16:08:27 2026 1786993707962 Debug: devices/bluetoothdevice.cpp void bluetoothdevice::update_hr_from_external() WearOS Companion Heart: 0
seg. ago. 17 16:08:28 2026 1786993708141 Debug: ./ergtable.h void ergTable::updateDataTable(const CadenceResistancePair &) Added/Updated point: C: 85 W: 150 R: 12
seg. ago. 17 16:08:28 2026 1786993708160 Debug: devices/bluetoothdevice.cpp void bluetoothdevice::update_hr_from_external() WearOS Companion Heart: 0
seg. ago. 17 16:08:28 2026 1786993708342 Debug: ./ergtable.h void ergTable::updateDataTable(const CadenceResistancePair &) Added/Updated point: C: 85 W: 150 R: 12
seg. ago. 17 16:08:28 2026 1786993708359 Debug: devices/bluetoothdevice.cpp void bluetoothdevice::update_hr_from_external() WearOS Companion Heart: 0
seg. ago. 17 16:08:28 2026 1786993708542 Debug: ./ergtable.h void ergTable::updateDataTable(const CadenceResistancePair &) Added/Updated point: C: 85 W: 150 R: 12
seg. ago. 17 16:08:28 2026 1786993708560 Debug: devices/bluetoothdevice.cpp void bluetoothdevice::update_hr_from_external() WearOS Companion Heart: 0
seg. ago. 17 16:08:28 2026 1786993708745 Debug: ./ergtable.h void ergTable::updateDataTable(const CadenceResistancePair &) Added/Updated point: C: 85 W: 150 R: 12
seg. ago. 17 16:08:28 2026 1786993708762 Debug: devices/bluetoothdevice.cpp void bluetoothdevice::update_hr_from_external() WearOS Companion Heart: 0
seg. ago. 17 16:08:28 2026 1786993708848 Debug: homeform.cpp void homeform::update() homeform::update fired! elapsed: 1005 jitter: -164
seg. ago. 17 16:08:28 2026 1786993708862 Debug: homeform.cpp void homeform::update() homeform::update tiles updated!
seg. ago. 17 16:08:28 2026 1786993708865 Debug: homeform.cpp void homeform::update() Current Distance 1s: 0.210321 28.5634 150
seg. ago. 17 16:08:28 2026 1786993708875 Debug: virtualdevices/virtualbike.cpp void virtualbike::bikeProvider() "bikeProvider" 0 2000 false
seg. ago. 17 16:08:28 2026 1786993708878 Debug: virtualdevices/virtualbike.cpp void virtualbike::bikeProvider() "virtual bike connected"
seg. ago. 17 16:08:28 2026 1786993708881 Debug: virtualdevices/virtualbike.cpp void virtualbike::writeCharacteristic(QLowEnergyService *, const QLowEnergyCharacteristic &, const QByteArray &) "virtualbike::writeCharacteristic Unknown Service  64 02 28 0b aa 00 0c 00 96 00 00 00"
seg. ago. 17 16:08:28 2026 1786993708883 Debug:   Write server characteristic with handle  9 "6402280baa000c0096000000" (service: "{00001826-0000-1000-8000-00805f9b34fb}"
seg. ago. 17 16:08:28 2026 1786993708886 Debug: virtualdevices/virtualbike.cpp void virtualbike::writeCharacteristic(QLowEnergyService *, const QLowEnergyCharacteristic &, const QByteArray &) "virtualbike::writeCharacteristic Heart Rate Heart Rate Measurement 00 00"
seg. ago. 17 16:08:28 2026 1786993708889 Debug:   Write server characteristic with handle  19 "0000" (service: "{0000180d-0000-1000-8000-00805f9b34fb}"
seg. ago. 17 16:08:28 2026 1786993708942 Debug: ./ergtable.h void ergTable::updateDataTable(const CadenceResistancePair &) Added/Updated point: C: 85 W: 150 R: 12
seg. ago. 17 16:08:28 2026 1786993708965 Debug: devices/bluetoothdevice.cpp void bluetoothdevice::update_hr_from_external() WearOS Companion Heart: 0
seg. ago. 17 16:08:29 2026 1786993709141 Debug: ./ergtable.h void ergTable::updateDataTable(const CadenceResistancePair &) Added/Updated point: C: 85 W: 150 R: 12
seg. ago. 17 16:08:29 2026 1786993709159 Debug: devices/bluetoothdevice.cpp void bluetoothdevice::update_hr_from_external() WearOS Companion Heart: 0
seg. ago. 17 16:08:29 2026 1786993709343 Debug: ./ergtable.h void ergTable::updateDataTable(const CadenceResistancePair &) Added/Updated point: C: 85 W: 150 R: 12
seg. ago. 17 16:08:29 2026 1786993709366 Debug: devices/bluetoothdevice.cpp void bluetoothdevice::update_hr_from_external() WearOS Companion Heart: 0
seg. ago. 17 16:08:29 2026 1786993709543 Debug: ./ergtable.h void ergTable::updateDataTable(const CadenceResistancePair &) Added/Updated point: C: 85 W: 150 R: 12
seg. ago. 17 16:08:29 2026 1786993709565 Debug: devices/bluetoothdevice.cpp void bluetoothdevice::update_hr_from_external() WearOS Companion Heart: 0
seg. ago. 17 16:08:29 2026 1786993709741 Debug: ./ergtable.h void ergTable::updateDataTable(const CadenceResistancePair &) Added/Updated point: C: 85 W: 150 R: 12
seg. ago. 17 16:08:29 2026 1786993709785 Debug: devices/bluetoothdevice.cpp void bluetoothdevice::update_hr_from_external() WearOS Companion Heart: 0
seg. ago. 17 16:08:29 2026 1786993709844 Debug: homeform.cpp void homeform::update() homeform::update fired! elapsed: 996 jitter: -168
seg. ago. 17 16:08:29 2026 1786993709850 Debug: homeform.cpp void homeform::update() homeform::update tiles updated!
seg. ago. 17 16:08:29 2026 1786993709852 Debug: homeform.cpp void homeform::update() Current Distance 1s: 0.218256 28.5634 150
seg. ago. 17 16:08:29 2026 1786993709856 Debug: virtualdevices/virtualbike.cpp void virtualbike::bikeProvider() "bikeProvider" 0 2000 false
seg. ago. 17 16:08:29 2026 1786993709857 Debug: virtualdevices/virtualbike.cpp void virtualbike::bikeProvider() "virtual bike connected"
seg. ago. 17 16:08:29 2026 1786993709859 Debug: virtualdevices/virtualbike.cpp void virtualbike::writeCharacteristic(QLowEnergyService *, const QLowEnergyCharacteristic &, const QByteArray &) "virtualbike::writeCharacteristic Unknown Service  64 02 28 0b aa 00 0c 00 96 00 00 00"
seg. ago. 17 16:08:29 2026 1786993709862 Debug:   Write server characteristic with handle  9 "6402280baa000c0096000000" (service: "{00001826-0000-1000-8000-00805f9b34fb}"
seg. ago. 17 16:08:29 2026 1786993709864 Debug: virtualdevices/virtualbike.cpp void virtualbike::writeCharacteristic(QLowEnergyService *, const QLowEnergyCharacteristic &, const QByteArray &) "virtualbike::writeCharacteristic Heart Rate Heart Rate Measurement 00 00"
seg. ago. 17 16:08:29 2026 1786993709866 Debug:   Write server characteristic with handle  19 "0000" (service: "{0000180d-0000-1000-8000-00805f9b34fb}"
seg. ago. 17 16:08:29 2026 1786993709941 Debug: ./ergtable.h void ergTable::updateDataTable(const CadenceResistancePair &) Added/Updated point: C: 85 W: 150 R: 12
seg. ago. 17 16:08:29 2026 1786993709964 Debug: devices/bluetoothdevice.cpp void bluetoothdevice::update_hr_from_external() WearOS Companion Heart: 0
seg. ago. 17 16:08:30 2026 1786993710141 Debug: ./ergtable.h void ergTable::updateDataTable(const CadenceResistancePair &) Added/Updated point: C: 85 W: 150 R: 12
seg. ago. 17 16:08:30 2026 1786993710160 Debug: devices/bluetoothdevice.cpp void bluetoothdevice::update_hr_from_external() WearOS Companion Heart: 0
seg. ago. 17 16:08:30 2026 1786993710364 Debug: ./ergtable.h void ergTable::updateDataTable(const CadenceResistancePair &) Added/Updated point: C: 85 W: 150 R: 12
seg. ago. 17 16:08:30 2026 1786993710382 Debug: devices/bluetoothdevice.cpp void bluetoothdevice::update_hr_from_external() WearOS Companion Heart: 0
seg. ago. 17 16:08:30 2026 1786993710385 Debug: homeform.cpp void homeform::licenseReply(QNetworkReply *) ""
seg. ago. 17 16:08:30 2026 1786993710541 Debug: ./ergtable.h void ergTable::updateDataTable(const CadenceResistancePair &) Added/Updated point: C: 85 W: 150 R: 12
seg. ago. 17 16:08:30 2026 1786993710560 Debug: devices/bluetoothdevice.cpp void bluetoothdevice::update_hr_from_external() WearOS Companion Heart: 0
seg. ago. 17 16:08:30 2026 1786993710742 Debug: ./ergtable.h void ergTable::updateDataTable(const CadenceResistancePair &) Added/Updated point: C: 85 W: 150 R: 12
seg. ago. 17 16:08:30 2026 1786993710760 Debug: devices/bluetoothdevice.cpp void bluetoothdevice::update_hr_from_external() WearOS Companion Heart: 0
seg. ago. 17 16:08:30 2026 1786993710844 Debug: homeform.cpp void homeform::update() homeform::update fired! elapsed: 999 jitter: -169
seg. ago. 17 16:08:30 2026 1786993710851 Debug: homeform.cpp void homeform::update() homeform::update tiles updated!
seg. ago. 17 16:08:30 2026 1786993710854 Debug: homeform.cpp void homeform::update() Current Distance 1s: 0.22619 28.5634 150
seg. ago. 17 16:08:30 2026 1786993710858 Debug: virtualdevices/virtualbike.cpp void virtualbike::bikeProvider() "bikeProvider" 0 2000 false
seg. ago. 17 16:08:30 2026 1786993710860 Debug: virtualdevices/virtualbike.cpp void virtualbike::bikeProvider() "virtual bike connected"
seg. ago. 17 16:08:30 2026 1786993710863 Debug: virtualdevices/virtualbike.cpp void virtualbike::writeCharacteristic(QLowEnergyService *, const QLowEnergyCharacteristic &, const QByteArray &) "virtualbike::writeCharacteristic Unknown Service  64 02 28 0b aa 00 0c 00 96 00 00 00"
seg. ago. 17 16:08:30 2026 1786993710865 Debug:   Write server characteristic with handle  9 "6402280baa000c0096000000" (service: "{00001826-0000-1000-8000-00805f9b34fb}"
seg. ago. 17 16:08:30 2026 1786993710868 Debug: virtualdevices/virtualbike.cpp void virtualbike::writeCharacteristic(QLowEnergyService *, const QLowEnergyCharacteristic &, const QByteArray &) "virtualbike::writeCharacteristic Heart Rate Heart Rate Measurement 00 00"
seg. ago. 17 16:08:30 2026 1786993710869 Debug:   Write server characteristic with handle  19 "0000" (service: "{0000180d-0000-1000-8000-00805f9b34fb}"
seg. ago. 17 16:08:30 2026 1786993710942 Debug: ./ergtable.h void ergTable::updateDataTable(const CadenceResistancePair &) Added/Updated point: C: 85 W: 150 R: 12
seg. ago. 17 16:08:30 2026 1786993710962 Debug: devices/bluetoothdevice.cpp void bluetoothdevice::update_hr_from_external() WearOS Companion Heart: 0
seg. ago. 17 16:08:31 2026 1786993711142 Debug: ./ergtable.h void ergTable::updateDataTable(const CadenceResistancePair &) Added/Updated point: C: 85 W: 150 R: 12
seg. ago. 17 16:08:31 2026 1786993711160 Debug: devices/bluetoothdevice.cpp void bluetoothdevice::update_hr_from_external() WearOS Companion Heart: 0
seg. ago. 17 16:08:31 2026 1786993711344 Debug: ./ergtable.h void ergTable::updateDataTable(const CadenceResistancePair &) Added/Updated point: C: 85 W: 150 R: 12
seg. ago. 17 16:08:31 2026 1786993711367 Debug: devices/bluetoothdevice.cpp void bluetoothdevice::update_hr_from_external() WearOS Companion Heart: 0
seg. ago. 17 16:08:31 2026 1786993711544 Debug: ./ergtable.h void ergTable::updateDataTable(const CadenceResistancePair &) Added/Updated point: C: 85 W: 150 R: 12
seg. ago. 17 16:08:31 2026 1786993711566 Debug: devices/bluetoothdevice.cpp void bluetoothdevice::update_hr_from_external() WearOS Companion Heart: 0
seg. ago. 17 16:08:31 2026 1786993711745 Debug: ./ergtable.h void ergTable::updateDataTable(const CadenceResistancePair &) Added/Updated point: C: 85 W: 150 R: 12
seg. ago. 17 16:08:31 2026 1786993711777 Debug: devices/bluetoothdevice.cpp void bluetoothdevice::update_hr_from_external() WearOS Companion Heart: 0
seg. ago. 17 16:08:31 2026 1786993711848 Debug: homeform.cpp void homeform::update() homeform::update fired! elapsed: 1004 jitter: -165
seg. ago. 17 16:08:31 2026 1786993711859 Debug: homeform.cpp void homeform::update() homeform::update tiles updated!
seg. ago. 17 16:08:31 2026 1786993711861 Debug: homeform.cpp void homeform::update() Current Distance 1s: 0.234124 28.5634 150
seg. ago. 17 16:08:31 2026 1786993711865 Debug: virtualdevices/virtualbike.cpp void virtualbike::bikeProvider() "bikeProvider" 0 2000 false
seg. ago. 17 16:08:31 2026 1786993711867 Debug: virtualdevices/virtualbike.cpp void virtualbike::bikeProvider() "virtual bike connected"
seg. ago. 17 16:08:31 2026 1786993711869 Debug: virtualdevices/virtualbike.cpp void virtualbike::writeCharacteristic(QLowEnergyService *, const QLowEnergyCharacteristic &, const QByteArray &) "virtualbike::writeCharacteristic Unknown Service  64 02 28 0b aa 00 0c 00 96 00 00 00"
seg. ago. 17 16:08:31 2026 1786993711870 Debug:   Write server characteristic with handle  9 "6402280baa000c0096000000" (service: "{00001826-0000-1000-8000-00805f9b34fb}"
seg. ago. 17 16:08:31 2026 1786993711871 Debug: virtualdevices/virtualbike.cpp void virtualbike::writeCharacteristic(QLowEnergyService *, const QLowEnergyCharacteristic &, const QByteArray &) "virtualbike::writeCharacteristic Heart Rate Heart Rate Measurement 00 00"
seg. ago. 17 16:08:31 2026 1786993711872 Debug:   Write server characteristic with handle  19 "0000" (service: "{0000180d-0000-1000-8000-00805f9b34fb}"
seg. ago. 17 16:08:31 2026 1786993711942 Debug: ./ergtable.h void ergTable::updateDataTable(const CadenceResistancePair &) Added/Updated point: C: 85 W: 150 R: 12
seg. ago. 17 16:08:31 2026 1786993711983 Debug: devices/bluetoothdevice.cpp void bluetoothdevice::update_hr_from_external() WearOS Companion Heart: 0
seg. ago. 17 16:08:32 2026 1786993712148 Debug: ./ergtable.h void ergTable::updateDataTable(const CadenceResistancePair &) Added/Updated point: C: 85 W: 150 R: 12
seg. ago. 17 16:08:32 2026 1786993712190 Debug: devices/bluetoothdevice.cpp void bluetoothdevice::update_hr_from_external() WearOS Companion Heart: 0
seg. ago. 17 16:08:32 2026 1786993712348 Debug: ./ergtable.h void ergTable::updateDataTable(const CadenceResistancePair &) Added/Updated point: C: 85 W: 150 R: 12
seg. ago. 17 16:08:32 2026 1786993712387 Debug: devices/bluetoothdevice.cpp void bluetoothdevice::update_hr_from_external() WearOS Companion Heart: 0
seg. ago. 17 16:08:32 2026 1786993712546 Debug: ./ergtable.h void ergTable::updateDataTable(const CadenceResistancePair &) Added/Updated point: C: 85 W: 150 R: 12
seg. ago. 17 16:08:32 2026 1786993712574 Debug: devices/bluetoothdevice.cpp void bluetoothdevice::update_hr_from_external() WearOS Companion Heart: 0
seg. ago. 17 16:08:32 2026 1786993712742 Debug: ./ergtable.h void ergTable::updateDataTable(const CadenceResistancePair &) Added/Updated point: C: 85 W: 150 R: 12
seg. ago. 17 16:08:32 2026 1786993712760 Debug: devices/bluetoothdevice.cpp void bluetoothdevice::update_hr_from_external() WearOS Companion Heart: 0
seg. ago. 17 16:08:32 2026 1786993712842 Debug: homeform.cpp void homeform::update() homeform::update fired! elapsed: 995 jitter: -170
seg. ago. 17 16:08:32 2026 1786993712847 Debug: homeform.cpp void homeform::update() homeform::update tiles updated!
seg. ago. 17 16:08:32 2026 1786993712848 Debug: homeform.cpp void homeform::update() Current Distance 1s: 0.242059 28.5634 150
seg. ago. 17 16:08:32 2026 1786993712851 Debug: virtualdevices/virtualbike.cpp void virtualbike::bikeProvider() "bikeProvider" 0 2000 false
seg. ago. 17 16:08:32 2026 1786993712852 Debug: virtualdevices/virtualbike.cpp void virtualbike::bikeProvider() "virtual bike connected"
seg. ago. 17 16:08:32 2026 1786993712854 Debug: virtualdevices/virtualbike.cpp void virtualbike::writeCharacteristic(QLowEnergyService *, const QLowEnergyCharacteristic &, const QByteArray &) "virtualbike::writeCharacteristic Unknown Service  64 02 28 0b aa 00 0c 00 96 00 00 00"
seg. ago. 17 16:08:32 2026 1786993712855 Debug:   Write server characteristic with handle  9 "6402280baa000c0096000000" (service: "{00001826-0000-1000-8000-00805f9b34fb}"
seg. ago. 17 16:08:32 2026 1786993712856 Debug: virtualdevices/virtualbike.cpp void virtualbike::writeCharacteristic(QLowEnergyService *, const QLowEnergyCharacteristic &, const QByteArray &) "virtualbike::writeCharacteristic Heart Rate Heart Rate Measurement 00 00"
seg. ago. 17 16:08:32 2026 1786993712857 Debug:   Write server characteristic with handle  19 "0000" (service: "{0000180d-0000-1000-8000-00805f9b34fb}"
seg. ago. 17 16:08:32 2026 1786993712941 Debug: ./ergtable.h void ergTable::updateDataTable(const CadenceResistancePair &) Added/Updated point: C: 85 W: 150 R: 12
seg. ago. 17 16:08:32 2026 1786993712956 Debug: devices/bluetoothdevice.cpp void bluetoothdevice::update_hr_from_external() WearOS Companion Heart: 0
seg. ago. 17 16:08:33 2026 1786993713142 Debug: ./ergtable.h void ergTable::updateDataTable(const CadenceResistancePair &) Added/Updated point: C: 85 W: 150 R: 12
seg. ago. 17 16:08:33 2026 1786993713161 Debug: devices/bluetoothdevice.cpp void bluetoothdevice::update_hr_from_external() WearOS Companion Heart: 0
seg. ago. 17 16:08:33 2026 1786993713343 Debug: ./ergtable.h void ergTable::updateDataTable(const CadenceResistancePair &) Added/Updated point: C: 85 W: 150 R: 12
seg. ago. 17 16:08:33 2026 1786993713364 Debug: devices/bluetoothdevice.cpp void bluetoothdevice::update_hr_from_external() WearOS Companion Heart: 0
seg. ago. 17 16:08:33 2026 1786993713544 Debug: ./ergtable.h void ergTable::updateDataTable(const CadenceResistancePair &) Added/Updated point: C: 85 W: 150 R: 12
seg. ago. 17 16:08:33 2026 1786993713567 Debug: devices/bluetoothdevice.cpp void bluetoothdevice::update_hr_from_external() WearOS Companion Heart: 0
seg. ago. 17 16:08:33 2026 1786993713743 Debug: ./ergtable.h void ergTable::updateDataTable(const CadenceResistancePair &) Added/Updated point: C: 85 W: 150 R: 12
seg. ago. 17 16:08:33 2026 1786993713767 Debug: devices/bluetoothdevice.cpp void bluetoothdevice::update_hr_from_external() WearOS Companion Heart: 0
seg. ago. 17 16:08:33 2026 1786993713845 Debug: homeform.cpp void homeform::update() homeform::update fired! elapsed: 1002 jitter: -168
seg. ago. 17 16:08:33 2026 1786993713852 Debug: homeform.cpp void homeform::update() homeform::update tiles updated!
seg. ago. 17 16:08:33 2026 1786993713854 Debug: homeform.cpp void homeform::update() Current Distance 1s: 0.249993 28.5634 150
seg. ago. 17 16:08:33 2026 1786993713858 Debug: virtualdevices/virtualbike.cpp void virtualbike::bikeProvider() "bikeProvider" 0 2000 false
seg. ago. 17 16:08:33 2026 1786993713859 Debug: virtualdevices/virtualbike.cpp void virtualbike::bikeProvider() "virtual bike connected"
seg. ago. 17 16:08:33 2026 1786993713862 Debug: virtualdevices/virtualbike.cpp void virtualbike::writeCharacteristic(QLowEnergyService *, const QLowEnergyCharacteristic &, const QByteArray &) "virtualbike::writeCharacteristic Unknown Service  64 02 28 0b aa 00 0c 00 96 00 00 00"
seg. ago. 17 16:08:33 2026 1786993713864 Debug:   Write server characteristic with handle  9 "6402280baa000c0096000000" (service: "{00001826-0000-1000-8000-00805f9b34fb}"
seg. ago. 17 16:08:33 2026 1786993713866 Debug: virtualdevices/virtualbike.cpp void virtualbike::writeCharacteristic(QLowEnergyService *, const QLowEnergyCharacteristic &, const QByteArray &) "virtualbike::writeCharacteristic Heart Rate Heart Rate Measurement 00 00"
seg. ago. 17 16:08:33 2026 1786993713867 Debug:   Write server characteristic with handle  19 "0000" (service: "{0000180d-0000-1000-8000-00805f9b34fb}"
seg. ago. 17 16:08:33 2026 1786993713943 Debug: ./ergtable.h void ergTable::updateDataTable(const CadenceResistancePair &) Added/Updated point: C: 85 W: 150 R: 12
seg. ago. 17 16:08:33 2026 1786993713965 Debug: devices/bluetoothdevice.cpp void bluetoothdevice::update_hr_from_external() WearOS Companion Heart: 0
seg. ago. 17 16:08:34 2026 1786993714143 Debug: ./ergtable.h void ergTable::updateDataTable(const CadenceResistancePair &) Added/Updated point: C: 85 W: 150 R: 12
seg. ago. 17 16:08:34 2026 1786993714163 Debug: devices/bluetoothdevice.cpp void bluetoothdevice::update_hr_from_external() WearOS Companion Heart: 0
seg. ago. 17 16:08:34 2026 1786993714343 Debug: ./ergtable.h void ergTable::updateDataTable(const CadenceResistancePair &) Added/Updated point: C: 85 W: 150 R: 12
seg. ago. 17 16:08:34 2026 1786993714367 Debug: devices/bluetoothdevice.cpp void bluetoothdevice::update_hr_from_external() WearOS Companion Heart: 0
seg. ago. 17 16:08:34 2026 1786993714543 Debug: ./ergtable.h void ergTable::updateDataTable(const CadenceResistancePair &) Added/Updated point: C: 85 W: 150 R: 12
seg. ago. 17 16:08:34 2026 1786993714604 Debug: devices/bluetoothdevice.cpp void bluetoothdevice::update_hr_from_external() WearOS Companion Heart: 0
seg. ago. 17 16:08:34 2026 1786993714743 Debug: ./ergtable.h void ergTable::updateDataTable(const CadenceResistancePair &) Added/Updated point: C: 85 W: 150 R: 12
seg. ago. 17 16:08:34 2026 1786993714765 Debug: devices/bluetoothdevice.cpp void bluetoothdevice::update_hr_from_external() WearOS Companion Heart: 0
seg. ago. 17 16:08:34 2026 1786993714844 Debug: homeform.cpp void homeform::update() homeform::update fired! elapsed: 1000 jitter: -168
seg. ago. 17 16:08:34 2026 1786993714851 Debug: homeform.cpp void homeform::update() homeform::update tiles updated!
seg. ago. 17 16:08:34 2026 1786993714853 Debug: homeform.cpp void homeform::update() Current Distance 1s: 0.257927 28.5634 150
seg. ago. 17 16:08:34 2026 1786993714857 Debug: virtualdevices/virtualbike.cpp void virtualbike::bikeProvider() "bikeProvider" 0 2000 false
seg. ago. 17 16:08:34 2026 1786993714859 Debug: virtualdevices/virtualbike.cpp void virtualbike::bikeProvider() "virtual bike connected"
seg. ago. 17 16:08:34 2026 1786993714861 Debug: virtualdevices/virtualbike.cpp void virtualbike::writeCharacteristic(QLowEnergyService *, const QLowEnergyCharacteristic &, const QByteArray &) "virtualbike::writeCharacteristic Unknown Service  64 02 28 0b aa 00 0c 00 96 00 00 00"
seg. ago. 17 16:08:34 2026 1786993714862 Debug:   Write server characteristic with handle  9 "6402280baa000c0096000000" (service: "{00001826-0000-1000-8000-00805f9b34fb}"
seg. ago. 17 16:08:34 2026 1786993714865 Debug: virtualdevices/virtualbike.cpp void virtualbike::writeCharacteristic(QLowEnergyService *, const QLowEnergyCharacteristic &, const QByteArray &) "virtualbike::writeCharacteristic Heart Rate Heart Rate Measurement 00 00"
seg. ago. 17 16:08:34 2026 1786993714866 Debug:   Write server characteristic with handle  19 "0000" (service: "{0000180d-0000-1000-8000-00805f9b34fb}"
seg. ago. 17 16:08:34 2026 1786993714943 Debug: ./ergtable.h void ergTable::updateDataTable(const CadenceResistancePair &) Added/Updated point: C: 85 W: 150 R: 12
seg. ago. 17 16:08:34 2026 1786993714965 Debug: devices/bluetoothdevice.cpp void bluetoothdevice::update_hr_from_external() WearOS Companion Heart: 0
seg. ago. 17 16:08:35 2026 1786993715143 Debug: ./ergtable.h void ergTable::updateDataTable(const CadenceResistancePair &) Added/Updated point: C: 85 W: 150 R: 12
seg. ago. 17 16:08:35 2026 1786993715164 Debug: devices/bluetoothdevice.cpp void bluetoothdevice::update_hr_from_external() WearOS Companion Heart: 0
seg. ago. 17 16:08:35 2026 1786993715341 Debug: ./ergtable.h void ergTable::updateDataTable(const CadenceResistancePair &) Added/Updated point: C: 85 W: 150 R: 12
seg. ago. 17 16:08:35 2026 1786993715358 Debug: devices/bluetoothdevice.cpp void bluetoothdevice::update_hr_from_external() WearOS Companion Heart: 0
seg. ago. 17 16:08:35 2026 1786993715548 Debug: ./ergtable.h void ergTable::updateDataTable(const CadenceResistancePair &) Added/Updated point: C: 85 W: 150 R: 12
seg. ago. 17 16:08:35 2026 1786993715588 Debug: devices/bluetoothdevice.cpp void bluetoothdevice::update_hr_from_external() WearOS Companion Heart: 0
seg. ago. 17 16:08:35 2026 1786993715743 Debug: ./ergtable.h void ergTable::updateDataTable(const CadenceResistancePair &) Added/Updated point: C: 85 W: 150 R: 12
seg. ago. 17 16:08:35 2026 1786993715769 Debug: devices/bluetoothdevice.cpp void bluetoothdevice::update_hr_from_external() WearOS Companion Heart: 0
seg. ago. 17 16:08:35 2026 1786993715842 Debug: homeform.cpp void homeform::update() homeform::update fired! elapsed: 998 jitter: -170
seg. ago. 17 16:08:35 2026 1786993715853 Debug: homeform.cpp void homeform::update() homeform::update tiles updated!
seg. ago. 17 16:08:35 2026 1786993715855 Debug: homeform.cpp void homeform::update() Current Distance 1s: 0.265861 28.5634 150
seg. ago. 17 16:08:35 2026 1786993715858 Debug: virtualdevices/virtualbike.cpp void virtualbike::bikeProvider() "bikeProvider" 0 2000 false
seg. ago. 17 16:08:35 2026 1786993715859 Debug: virtualdevices/virtualbike.cpp void virtualbike::bikeProvider() "virtual bike connected"
seg. ago. 17 16:08:35 2026 1786993715861 Debug: virtualdevices/virtualbike.cpp void virtualbike::writeCharacteristic(QLowEnergyService *, const QLowEnergyCharacteristic &, const QByteArray &) "virtualbike::writeCharacteristic Unknown Service  64 02 28 0b aa 00 0c 00 96 00 00 00"
seg. ago. 17 16:08:35 2026 1786993715862 Debug:   Write server characteristic with handle  9 "6402280baa000c0096000000" (service: "{00001826-0000-1000-8000-00805f9b34fb}"
seg. ago. 17 16:08:35 2026 1786993715865 Debug: virtualdevices/virtualbike.cpp void virtualbike::writeCharacteristic(QLowEnergyService *, const QLowEnergyCharacteristic &, const QByteArray &) "virtualbike::writeCharacteristic Heart Rate Heart Rate Measurement 00 00"
seg. ago. 17 16:08:35 2026 1786993715866 Debug:   Write server characteristic with handle  19 "0000" (service: "{0000180d-0000-1000-8000-00805f9b34fb}"
seg. ago. 17 16:08:35 2026 1786993715941 Debug: ./ergtable.h void ergTable::updateDataTable(const CadenceResistancePair &) Added/Updated point: C: 85 W: 150 R: 12
seg. ago. 17 16:08:35 2026 1786993715956 Debug: devices/bluetoothdevice.cpp void bluetoothdevice::update_hr_from_external() WearOS Companion Heart: 0
seg. ago. 17 16:08:36 2026 1786993716141 Debug: ./ergtable.h void ergTable::updateDataTable(const CadenceResistancePair &) Added/Updated point: C: 85 W: 150 R: 12
seg. ago. 17 16:08:36 2026 1786993716157 Debug: devices/bluetoothdevice.cpp void bluetoothdevice::update_hr_from_external() WearOS Companion Heart: 0
seg. ago. 17 16:08:36 2026 1786993716342 Debug: ./ergtable.h void ergTable::updateDataTable(const CadenceResistancePair &) Added/Updated point: C: 85 W: 150 R: 12
seg. ago. 17 16:08:36 2026 1786993716361 Debug: devices/bluetoothdevice.cpp void bluetoothdevice::update_hr_from_external() WearOS Companion Heart: 0
seg. ago. 17 16:08:36 2026 1786993716541 Debug: ./ergtable.h void ergTable::updateDataTable(const CadenceResistancePair &) Added/Updated point: C: 85 W: 150 R: 12
seg. ago. 17 16:08:36 2026 1786993716556 Debug: devices/bluetoothdevice.cpp void bluetoothdevice::update_hr_from_external() WearOS Companion Heart: 0
seg. ago. 17 16:08:36 2026 1786993716741 Debug: ./ergtable.h void ergTable::updateDataTable(const CadenceResistancePair &) Added/Updated point: C: 85 W: 150 R: 12
seg. ago. 17 16:08:36 2026 1786993716757 Debug: devices/bluetoothdevice.cpp void bluetoothdevice::update_hr_from_external() WearOS Companion Heart: 0
seg. ago. 17 16:08:36 2026 1786993716842 Debug: homeform.cpp void homeform::update() homeform::update fired! elapsed: 999 jitter: -171
seg. ago. 17 16:08:36 2026 1786993716847 Debug: homeform.cpp void homeform::update() homeform::update tiles updated!
seg. ago. 17 16:08:36 2026 1786993716848 Debug: homeform.cpp void homeform::update() Current Distance 1s: 0.273796 28.5634 150
seg. ago. 17 16:08:36 2026 1786993716850 Debug: virtualdevices/virtualbike.cpp void virtualbike::bikeProvider() "bikeProvider" 0 2000 false
seg. ago. 17 16:08:36 2026 1786993716851 Debug: virtualdevices/virtualbike.cpp void virtualbike::bikeProvider() "virtual bike connected"
seg. ago. 17 16:08:36 2026 1786993716853 Debug: virtualdevices/virtualbike.cpp void virtualbike::writeCharacteristic(QLowEnergyService *, const QLowEnergyCharacteristic &, const QByteArray &) "virtualbike::writeCharacteristic Unknown Service  64 02 28 0b aa 00 0c 00 96 00 00 00"
seg. ago. 17 16:08:36 2026 1786993716854 Debug:   Write server characteristic with handle  9 "6402280baa000c0096000000" (service: "{00001826-0000-1000-8000-00805f9b34fb}"
seg. ago. 17 16:08:36 2026 1786993716856 Debug: virtualdevices/virtualbike.cpp void virtualbike::writeCharacteristic(QLowEnergyService *, const QLowEnergyCharacteristic &, const QByteArray &) "virtualbike::writeCharacteristic Heart Rate Heart Rate Measurement 00 00"
seg. ago. 17 16:08:36 2026 1786993716857 Debug:   Write server characteristic with handle  19 "0000" (service: "{0000180d-0000-1000-8000-00805f9b34fb}"
seg. ago. 17 16:08:36 2026 1786993716941 Debug: ./ergtable.h void ergTable::updateDataTable(const CadenceResistancePair &) Added/Updated point: C: 85 W: 150 R: 12
seg. ago. 17 16:08:36 2026 1786993716957 Debug: devices/bluetoothdevice.cpp void bluetoothdevice::update_hr_from_external() WearOS Companion Heart: 0
seg. ago. 17 16:08:37 2026 1786993717142 Debug: ./ergtable.h void ergTable::updateDataTable(const CadenceResistancePair &) Added/Updated point: C: 85 W: 150 R: 12
seg. ago. 17 16:08:37 2026 1786993717156 Debug: devices/bluetoothdevice.cpp void bluetoothdevice::update_hr_from_external() WearOS Companion Heart: 0
seg. ago. 17 16:08:37 2026 1786993717343 Debug: ./ergtable.h void ergTable::updateDataTable(const CadenceResistancePair &) Added/Updated point: C: 85 W: 150 R: 12
seg. ago. 17 16:08:37 2026 1786993717362 Debug: devices/bluetoothdevice.cpp void bluetoothdevice::update_hr_from_external() WearOS Companion Heart: 0
seg. ago. 17 16:08:37 2026 1786993717540 Debug: ./ergtable.h void ergTable::updateDataTable(const CadenceResistancePair &) Added/Updated point: C: 85 W: 150 R: 12
seg. ago. 17 16:08:37 2026 1786993717557 Debug: devices/bluetoothdevice.cpp void bluetoothdevice::update_hr_from_external() WearOS Companion Heart: 0
seg. ago. 17 16:08:37 2026 1786993717745 Debug: ./ergtable.h void ergTable::updateDataTable(const CadenceResistancePair &) Added/Updated point: C: 85 W: 150 R: 12
seg. ago. 17 16:08:37 2026 1786993717769 Debug: devices/bluetoothdevice.cpp void bluetoothdevice::update_hr_from_external() WearOS Companion Heart: 0
seg. ago. 17 16:08:37 2026 1786993717845 Debug: homeform.cpp void homeform::update() homeform::update fired! elapsed: 1004 jitter: -167
seg. ago. 17 16:08:37 2026 1786993717852 Debug: homeform.cpp void homeform::update() homeform::update tiles updated!
seg. ago. 17 16:08:37 2026 1786993717853 Debug: homeform.cpp void homeform::update() Current Distance 1s: 0.28173 28.5634 150
seg. ago. 17 16:08:37 2026 1786993717858 Debug: virtualdevices/virtualbike.cpp void virtualbike::bikeProvider() "bikeProvider" 0 2000 false
seg. ago. 17 16:08:37 2026 1786993717862 Debug: virtualdevices/virtualbike.cpp void virtualbike::bikeProvider() "virtual bike connected"
seg. ago. 17 16:08:37 2026 1786993717866 Debug: virtualdevices/virtualbike.cpp void virtualbike::writeCharacteristic(QLowEnergyService *, const QLowEnergyCharacteristic &, const QByteArray &) "virtualbike::writeCharacteristic Unknown Service  64 02 28 0b aa 00 0c 00 96 00 00 00"
seg. ago. 17 16:08:37 2026 1786993717867 Debug:   Write server characteristic with handle  9 "6402280baa000c0096000000" (service: "{00001826-0000-1000-8000-00805f9b34fb}"
seg. ago. 17 16:08:37 2026 1786993717870 Debug: virtualdevices/virtualbike.cpp void virtualbike::writeCharacteristic(QLowEnergyService *, const QLowEnergyCharacteristic &, const QByteArray &) "virtualbike::writeCharacteristic Heart Rate Heart Rate Measurement 00 00"
seg. ago. 17 16:08:37 2026 1786993717872 Debug:   Write server characteristic with handle  19 "0000" (service: "{0000180d-0000-1000-8000-00805f9b34fb}"
seg. ago. 17 16:08:37 2026 1786993717941 Debug: ./ergtable.h void ergTable::updateDataTable(const CadenceResistancePair &) Added/Updated point: C: 85 W: 150 R: 12
seg. ago. 17 16:08:37 2026 1786993717956 Debug: devices/bluetoothdevice.cpp void bluetoothdevice::update_hr_from_external() WearOS Companion Heart: 0
seg. ago. 17 16:08:38 2026 1786993718141 Debug: ./ergtable.h void ergTable::updateDataTable(const CadenceResistancePair &) Added/Updated point: C: 85 W: 150 R: 12
seg. ago. 17 16:08:38 2026 1786993718157 Debug: devices/bluetoothdevice.cpp void bluetoothdevice::update_hr_from_external() WearOS Companion Heart: 0
seg. ago. 17 16:08:38 2026 1786993718342 Debug: ./ergtable.h void ergTable::updateDataTable(const CadenceResistancePair &) Added/Updated point: C: 85 W: 150 R: 12
seg. ago. 17 16:08:38 2026 1786993718358 Debug: devices/bluetoothdevice.cpp void bluetoothdevice::update_hr_from_external() WearOS Companion Heart: 0
seg. ago. 17 16:08:38 2026 1786993718544 Debug: ./ergtable.h void ergTable::updateDataTable(const CadenceResistancePair &) Added/Updated point: C: 85 W: 150 R: 12
seg. ago. 17 16:08:38 2026 1786993718572 Debug: devices/bluetoothdevice.cpp void bluetoothdevice::update_hr_from_external() WearOS Companion Heart: 0
seg. ago. 17 16:08:38 2026 1786993718742 Debug: ./ergtable.h void ergTable::updateDataTable(const CadenceResistancePair &) Added/Updated point: C: 85 W: 150 R: 12
seg. ago. 17 16:08:38 2026 1786993718760 Debug: devices/bluetoothdevice.cpp void bluetoothdevice::update_hr_from_external() WearOS Companion Heart: 0
seg. ago. 17 16:08:38 2026 1786993718847 Debug: homeform.cpp void homeform::update() homeform::update fired! elapsed: 1001 jitter: -166
seg. ago. 17 16:08:38 2026 1786993718855 Debug: homeform.cpp void homeform::update() homeform::update tiles updated!
seg. ago. 17 16:08:38 2026 1786993718857 Debug: homeform.cpp void homeform::update() Current Distance 1s: 0.289664 28.5634 150
seg. ago. 17 16:08:38 2026 1786993718861 Debug: virtualdevices/virtualbike.cpp void virtualbike::bikeProvider() "bikeProvider" 0 2000 false
seg. ago. 17 16:08:38 2026 1786993718862 Debug: virtualdevices/virtualbike.cpp void virtualbike::bikeProvider() "virtual bike connected"
seg. ago. 17 16:08:38 2026 1786993718864 Debug: virtualdevices/virtualbike.cpp void virtualbike::writeCharacteristic(QLowEnergyService *, const QLowEnergyCharacteristic &, const QByteArray &) "virtualbike::writeCharacteristic Unknown Service  64 02 28 0b aa 00 0c 00 96 00 00 00"
seg. ago. 17 16:08:38 2026 1786993718865 Debug:   Write server characteristic with handle  9 "6402280baa000c0096000000" (service: "{00001826-0000-1000-8000-00805f9b34fb}"
seg. ago. 17 16:08:38 2026 1786993718866 Debug: virtualdevices/virtualbike.cpp void virtualbike::writeCharacteristic(QLowEnergyService *, const QLowEnergyCharacteristic &, const QByteArray &) "virtualbike::writeCharacteristic Heart Rate Heart Rate Measurement 00 00"
seg. ago. 17 16:08:38 2026 1786993718868 Debug:   Write server characteristic with handle  19 "0000" (service: "{0000180d-0000-1000-8000-00805f9b34fb}"
seg. ago. 17 16:08:38 2026 1786993718943 Debug: ./ergtable.h void ergTable::updateDataTable(const CadenceResistancePair &) Added/Updated point: C: 85 W: 150 R: 12
seg. ago. 17 16:08:38 2026 1786993718959 Debug: devices/bluetoothdevice.cpp void bluetoothdevice::update_hr_from_external() WearOS Companion Heart: 0
seg. ago. 17 16:08:39 2026 1786993719144 Debug: ./ergtable.h void ergTable::updateDataTable(const CadenceResistancePair &) Added/Updated point: C: 85 W: 150 R: 12
seg. ago. 17 16:08:39 2026 1786993719162 Debug: devices/bluetoothdevice.cpp void bluetoothdevice::update_hr_from_external() WearOS Companion Heart: 0
seg. ago. 17 16:08:39 2026 1786993719342 Debug: ./ergtable.h void ergTable::updateDataTable(const CadenceResistancePair &) Added/Updated point: C: 85 W: 150 R: 12
seg. ago. 17 16:08:39 2026 1786993719358 Debug: devices/bluetoothdevice.cpp void bluetoothdevice::update_hr_from_external() WearOS Companion Heart: 0
seg. ago. 17 16:08:39 2026 1786993719541 Debug: ./ergtable.h void ergTable::updateDataTable(const CadenceResistancePair &) Added/Updated point: C: 85 W: 150 R: 12
seg. ago. 17 16:08:39 2026 1786993719557 Debug: devices/bluetoothdevice.cpp void bluetoothdevice::update_hr_from_external() WearOS Companion Heart: 0
seg. ago. 17 16:08:39 2026 1786993719741 Debug: ./ergtable.h void ergTable::updateDataTable(const CadenceResistancePair &) Added/Updated point: C: 85 W: 150 R: 12
seg. ago. 17 16:08:39 2026 1786993719758 Debug: devices/bluetoothdevice.cpp void bluetoothdevice::update_hr_from_external() WearOS Companion Heart: 0
seg. ago. 17 16:08:39 2026 1786993719843 Debug: homeform.cpp void homeform::update() homeform::update fired! elapsed: 996 jitter: -170
seg. ago. 17 16:08:39 2026 1786993719848 Debug: homeform.cpp void homeform::update() homeform::update tiles updated!
seg. ago. 17 16:08:39 2026 1786993719850 Debug: homeform.cpp void homeform::update() Current Distance 1s: 0.297599 28.5634 150
seg. ago. 17 16:08:39 2026 1786993719853 Debug: virtualdevices/virtualbike.cpp void virtualbike::bikeProvider() "bikeProvider" 0 2000 false
seg. ago. 17 16:08:39 2026 1786993719854 Debug: virtualdevices/virtualbike.cpp void virtualbike::bikeProvider() "virtual bike connected"
seg. ago. 17 16:08:39 2026 1786993719856 Debug: virtualdevices/virtualbike.cpp void virtualbike::writeCharacteristic(QLowEnergyService *, const QLowEnergyCharacteristic &, const QByteArray &) "virtualbike::writeCharacteristic Unknown Service  64 02 28 0b aa 00 0c 00 96 00 00 00"
seg. ago. 17 16:08:39 2026 1786993719857 Debug:   Write server characteristic with handle  9 "6402280baa000c0096000000" (service: "{00001826-0000-1000-8000-00805f9b34fb}"
seg. ago. 17 16:08:39 2026 1786993719859 Debug: virtualdevices/virtualbike.cpp void virtualbike::writeCharacteristic(QLowEnergyService *, const QLowEnergyCharacteristic &, const QByteArray &) "virtualbike::writeCharacteristic Heart Rate Heart Rate Measurement 00 00"
seg. ago. 17 16:08:39 2026 1786993719860 Debug:   Write server characteristic with handle  19 "0000" (service: "{0000180d-0000-1000-8000-00805f9b34fb}"
seg. ago. 17 16:08:39 2026 1786993719943 Debug: ./ergtable.h void ergTable::updateDataTable(const CadenceResistancePair &) Added/Updated point: C: 85 W: 150 R: 12
seg. ago. 17 16:08:39 2026 1786993719990 Debug: devices/bluetoothdevice.cpp void bluetoothdevice::update_hr_from_external() WearOS Companion Heart: 0
seg. ago. 17 16:08:40 2026 1786993720141 Debug: ./ergtable.h void ergTable::updateDataTable(const CadenceResistancePair &) Added/Updated point: C: 85 W: 150 R: 12
seg. ago. 17 16:08:40 2026 1786993720157 Debug: devices/bluetoothdevice.cpp void bluetoothdevice::update_hr_from_external() WearOS Companion Heart: 0
seg. ago. 17 16:08:40 2026 1786993720348 Debug: ./ergtable.h void ergTable::updateDataTable(const CadenceResistancePair &) Added/Updated point: C: 85 W: 150 R: 12
seg. ago. 17 16:08:40 2026 1786993720368 Debug: devices/bluetoothdevice.cpp void bluetoothdevice::update_hr_from_external() WearOS Companion Heart: 0
seg. ago. 17 16:08:40 2026 1786993720542 Debug: ./ergtable.h void ergTable::updateDataTable(const CadenceResistancePair &) Added/Updated point: C: 85 W: 150 R: 12
seg. ago. 17 16:08:40 2026 1786993720557 Debug: devices/bluetoothdevice.cpp void bluetoothdevice::update_hr_from_external() WearOS Companion Heart: 0
seg. ago. 17 16:08:40 2026 1786993720747 Debug: ./ergtable.h void ergTable::updateDataTable(const CadenceResistancePair &) Added/Updated point: C: 85 W: 150 R: 12
seg. ago. 17 16:08:40 2026 1786993720783 Debug: devices/bluetoothdevice.cpp void bluetoothdevice::update_hr_from_external() WearOS Companion Heart: 0
seg. ago. 17 16:08:40 2026 1786993720847 Debug: homeform.cpp void homeform::update() homeform::update fired! elapsed: 1005 jitter: -165
seg. ago. 17 16:08:40 2026 1786993720857 Debug: homeform.cpp void homeform::update() homeform::update tiles updated!
seg. ago. 17 16:08:40 2026 1786993720860 Debug: homeform.cpp void homeform::update() Current Distance 1s: 0.305533 28.5634 150
seg. ago. 17 16:08:40 2026 1786993720864 Debug: virtualdevices/virtualbike.cpp void virtualbike::bikeProvider() "bikeProvider" 0 2000 false
seg. ago. 17 16:08:40 2026 1786993720866 Debug: virtualdevices/virtualbike.cpp void virtualbike::bikeProvider() "virtual bike connected"
seg. ago. 17 16:08:40 2026 1786993720868 Debug: virtualdevices/virtualbike.cpp void virtualbike::writeCharacteristic(QLowEnergyService *, const QLowEnergyCharacteristic &, const QByteArray &) "virtualbike::writeCharacteristic Unknown Service  64 02 28 0b aa 00 0c 00 96 00 00 00"
seg. ago. 17 16:08:40 2026 1786993720870 Debug:   Write server characteristic with handle  9 "6402280baa000c0096000000" (service: "{00001826-0000-1000-8000-00805f9b34fb}"
seg. ago. 17 16:08:40 2026 1786993720872 Debug: virtualdevices/virtualbike.cpp void virtualbike::writeCharacteristic(QLowEnergyService *, const QLowEnergyCharacteristic &, const QByteArray &) "virtualbike::writeCharacteristic Heart Rate Heart Rate Measurement 00 00"
seg. ago. 17 16:08:40 2026 1786993720874 Debug:   Write server characteristic with handle  19 "0000" (service: "{0000180d-0000-1000-8000-00805f9b34fb}"
seg. ago. 17 16:08:40 2026 1786993720944 Debug: ./ergtable.h void ergTable::updateDataTable(const CadenceResistancePair &) Added/Updated point: C: 85 W: 150 R: 12
seg. ago. 17 16:08:40 2026 1786993720982 Debug: devices/bluetoothdevice.cpp void bluetoothdevice::update_hr_from_external() WearOS Companion Heart: 0
seg. ago. 17 16:08:41 2026 1786993721149 Debug: ./ergtable.h void ergTable::updateDataTable(const CadenceResistancePair &) Added/Updated point: C: 85 W: 150 R: 12
seg. ago. 17 16:08:41 2026 1786993721190 Debug: devices/bluetoothdevice.cpp void bluetoothdevice::update_hr_from_external() WearOS Companion Heart: 0
seg. ago. 17 16:08:41 2026 1786993721346 Debug: ./ergtable.h void ergTable::updateDataTable(const CadenceResistancePair &) Added/Updated point: C: 85 W: 150 R: 12
seg. ago. 17 16:08:41 2026 1786993721381 Debug: devices/bluetoothdevice.cpp void bluetoothdevice::update_hr_from_external() WearOS Companion Heart: 0
seg. ago. 17 16:08:41 2026 1786993721543 Debug: ./ergtable.h void ergTable::updateDataTable(const CadenceResistancePair &) Added/Updated point: C: 85 W: 150 R: 12
seg. ago. 17 16:08:41 2026 1786993721558 Debug: devices/bluetoothdevice.cpp void bluetoothdevice::update_hr_from_external() WearOS Companion Heart: 0
seg. ago. 17 16:08:41 2026 1786993721745 Debug: ./ergtable.h void ergTable::updateDataTable(const CadenceResistancePair &) Added/Updated point: C: 85 W: 150 R: 12
seg. ago. 17 16:08:41 2026 1786993721782 Debug: devices/bluetoothdevice.cpp void bluetoothdevice::update_hr_from_external() WearOS Companion Heart: 0
seg. ago. 17 16:08:41 2026 1786993721845 Debug: homeform.cpp void homeform::update() homeform::update fired! elapsed: 997 jitter: -168
seg. ago. 17 16:08:41 2026 1786993721852 Debug: homeform.cpp void homeform::update() homeform::update tiles updated!
seg. ago. 17 16:08:41 2026 1786993721854 Debug: homeform.cpp void homeform::update() Current Distance 1s: 0.313467 28.5634 150
seg. ago. 17 16:08:41 2026 1786993721857 Debug: virtualdevices/virtualbike.cpp void virtualbike::bikeProvider() "bikeProvider" 0 2000 false
seg. ago. 17 16:08:41 2026 1786993721859 Debug: virtualdevices/virtualbike.cpp void virtualbike::bikeProvider() "virtual bike connected"
seg. ago. 17 16:08:41 2026 1786993721860 Debug: virtualdevices/virtualbike.cpp void virtualbike::writeCharacteristic(QLowEnergyService *, const QLowEnergyCharacteristic &, const QByteArray &) "virtualbike::writeCharacteristic Unknown Service  64 02 28 0b aa 00 0c 00 96 00 00 00"
seg. ago. 17 16:08:41 2026 1786993721862 Debug:   Write server characteristic with handle  9 "6402280baa000c0096000000" (service: "{00001826-0000-1000-8000-00805f9b34fb}"
seg. ago. 17 16:08:41 2026 1786993721863 Debug: virtualdevices/virtualbike.cpp void virtualbike::writeCharacteristic(QLowEnergyService *, const QLowEnergyCharacteristic &, const QByteArray &) "virtualbike::writeCharacteristic Heart Rate Heart Rate Measurement 00 00"
seg. ago. 17 16:08:41 2026 1786993721864 Debug:   Write server characteristic with handle  19 "0000" (service: "{0000180d-0000-1000-8000-00805f9b34fb}"
seg. ago. 17 16:08:41 2026 1786993721942 Debug: ./ergtable.h void ergTable::updateDataTable(const CadenceResistancePair &) Added/Updated point: C: 85 W: 150 R: 12
seg. ago. 17 16:08:41 2026 1786993721963 Debug: devices/bluetoothdevice.cpp void bluetoothdevice::update_hr_from_external() WearOS Companion Heart: 0
seg. ago. 17 16:08:42 2026 1786993722144 Debug: ./ergtable.h void ergTable::updateDataTable(const CadenceResistancePair &) Added/Updated point: C: 85 W: 150 R: 12
seg. ago. 17 16:08:42 2026 1786993722164 Debug: devices/bluetoothdevice.cpp void bluetoothdevice::update_hr_from_external() WearOS Companion Heart: 0
seg. ago. 17 16:08:42 2026 1786993722343 Debug: ./ergtable.h void ergTable::updateDataTable(const CadenceResistancePair &) Added/Updated point: C: 85 W: 150 R: 12
seg. ago. 17 16:08:42 2026 1786993722363 Debug: devices/bluetoothdevice.cpp void bluetoothdevice::update_hr_from_external() WearOS Companion Heart: 0
seg. ago. 17 16:08:42 2026 1786993722546 Debug: ./ergtable.h void ergTable::updateDataTable(const CadenceResistancePair &) Added/Updated point: C: 85 W: 150 R: 12
seg. ago. 17 16:08:42 2026 1786993722577 Debug: devices/bluetoothdevice.cpp void bluetoothdevice::update_hr_from_external() WearOS Companion Heart: 0
seg. ago. 17 16:08:42 2026 1786993722741 Debug: ./ergtable.h void ergTable::updateDataTable(const CadenceResistancePair &) Added/Updated point: C: 85 W: 150 R: 12
seg. ago. 17 16:08:42 2026 1786993722762 Debug: devices/bluetoothdevice.cpp void bluetoothdevice::update_hr_from_external() WearOS Companion Heart: 0
seg. ago. 17 16:08:42 2026 1786993722845 Debug: homeform.cpp void homeform::update() homeform::update fired! elapsed: 1001 jitter: -167
seg. ago. 17 16:08:42 2026 1786993722852 Debug: homeform.cpp void homeform::update() homeform::update tiles updated!
seg. ago. 17 16:08:42 2026 1786993722854 Debug: homeform.cpp void homeform::update() Current Distance 1s: 0.321401 28.5634 150
seg. ago. 17 16:08:42 2026 1786993722859 Debug: virtualdevices/virtualbike.cpp void virtualbike::bikeProvider() "bikeProvider" 0 2000 false
seg. ago. 17 16:08:42 2026 1786993722860 Debug: virtualdevices/virtualbike.cpp void virtualbike::bikeProvider() "virtual bike connected"
seg. ago. 17 16:08:42 2026 1786993722863 Debug: virtualdevices/virtualbike.cpp void virtualbike::writeCharacteristic(QLowEnergyService *, const QLowEnergyCharacteristic &, const QByteArray &) "virtualbike::writeCharacteristic Unknown Service  64 02 28 0b aa 00 0c 00 96 00 00 00"
seg. ago. 17 16:08:42 2026 1786993722865 Debug:   Write server characteristic with handle  9 "6402280baa000c0096000000" (service: "{00001826-0000-1000-8000-00805f9b34fb}"
seg. ago. 17 16:08:42 2026 1786993722871 Debug: virtualdevices/virtualbike.cpp void virtualbike::writeCharacteristic(QLowEnergyService *, const QLowEnergyCharacteristic &, const QByteArray &) "virtualbike::writeCharacteristic Heart Rate Heart Rate Measurement 00 00"
seg. ago. 17 16:08:42 2026 1786993722873 Debug:   Write server characteristic with handle  19 "0000" (service: "{0000180d-0000-1000-8000-00805f9b34fb}"
seg. ago. 17 16:08:42 2026 1786993722941 Debug: ./ergtable.h void ergTable::updateDataTable(const CadenceResistancePair &) Added/Updated point: C: 85 W: 150 R: 12
seg. ago. 17 16:08:42 2026 1786993722963 Debug: devices/bluetoothdevice.cpp void bluetoothdevice::update_hr_from_external() WearOS Companion Heart: 0
seg. ago. 17 16:08:43 2026 1786993723141 Debug: ./ergtable.h void ergTable::updateDataTable(const CadenceResistancePair &) Added/Updated point: C: 85 W: 150 R: 12
seg. ago. 17 16:08:43 2026 1786993723156 Debug: devices/bluetoothdevice.cpp void bluetoothdevice::update_hr_from_external() WearOS Companion Heart: 0
seg. ago. 17 16:08:43 2026 1786993723341 Debug: ./ergtable.h void ergTable::updateDataTable(const CadenceResistancePair &) Added/Updated point: C: 85 W: 150 R: 12
seg. ago. 17 16:08:43 2026 1786993723357 Debug: devices/bluetoothdevice.cpp void bluetoothdevice::update_hr_from_external() WearOS Companion Heart: 0
seg. ago. 17 16:08:43 2026 1786993723541 Debug: ./ergtable.h void ergTable::updateDataTable(const CadenceResistancePair &) Added/Updated point: C: 85 W: 150 R: 12
seg. ago. 17 16:08:43 2026 1786993723555 Debug: devices/bluetoothdevice.cpp void bluetoothdevice::update_hr_from_external() WearOS Companion Heart: 0
seg. ago. 17 16:08:43 2026 1786993723740 Debug: ./ergtable.h void ergTable::updateDataTable(const CadenceResistancePair &) Added/Updated point: C: 85 W: 150 R: 12
seg. ago. 17 16:08:43 2026 1786993723757 Debug: devices/bluetoothdevice.cpp void bluetoothdevice::update_hr_from_external() WearOS Companion Heart: 0
seg. ago. 17 16:08:43 2026 1786993723843 Debug: homeform.cpp void homeform::update() homeform::update fired! elapsed: 998 jitter: -169
seg. ago. 17 16:08:43 2026 1786993723852 Debug: homeform.cpp void homeform::update() homeform::update tiles updated!
seg. ago. 17 16:08:43 2026 1786993723854 Debug: homeform.cpp void homeform::update() Current Distance 1s: 0.329336 28.5634 150
seg. ago. 17 16:08:43 2026 1786993723856 Debug: virtualdevices/virtualbike.cpp void virtualbike::bikeProvider() "bikeProvider" 0 2000 false
seg. ago. 17 16:08:43 2026 1786993723857 Debug: virtualdevices/virtualbike.cpp void virtualbike::bikeProvider() "virtual bike connected"
seg. ago. 17 16:08:43 2026 1786993723858 Debug: virtualdevices/virtualbike.cpp void virtualbike::writeCharacteristic(QLowEnergyService *, const QLowEnergyCharacteristic &, const QByteArray &) "virtualbike::writeCharacteristic Unknown Service  64 02 28 0b aa 00 0c 00 96 00 00 00"
seg. ago. 17 16:08:43 2026 1786993723860 Debug:   Write server characteristic with handle  9 "6402280baa000c0096000000" (service: "{00001826-0000-1000-8000-00805f9b34fb}"
seg. ago. 17 16:08:43 2026 1786993723861 Debug: virtualdevices/virtualbike.cpp void virtualbike::writeCharacteristic(QLowEnergyService *, const QLowEnergyCharacteristic &, const QByteArray &) "virtualbike::writeCharacteristic Heart Rate Heart Rate Measurement 00 00"
seg. ago. 17 16:08:43 2026 1786993723862 Debug:   Write server characteristic with handle  19 "0000" (service: "{0000180d-0000-1000-8000-00805f9b34fb}"
seg. ago. 17 16:08:43 2026 1786993723941 Debug: ./ergtable.h void ergTable::updateDataTable(const CadenceResistancePair &) Added/Updated point: C: 85 W: 150 R: 12
seg. ago. 17 16:08:43 2026 1786993723955 Debug: devices/bluetoothdevice.cpp void bluetoothdevice::update_hr_from_external() WearOS Companion Heart: 0
seg. ago. 17 16:08:44 2026 1786993724142 Debug: ./ergtable.h void ergTable::updateDataTable(const CadenceResistancePair &) Added/Updated point: C: 85 W: 150 R: 12
seg. ago. 17 16:08:44 2026 1786993724166 Debug: devices/bluetoothdevice.cpp void bluetoothdevice::update_hr_from_external() WearOS Companion Heart: 0
seg. ago. 17 16:08:44 2026 1786993724340 Debug: ./ergtable.h void ergTable::updateDataTable(const CadenceResistancePair &) Added/Updated point: C: 85 W: 150 R: 12
seg. ago. 17 16:08:44 2026 1786993724357 Debug: devices/bluetoothdevice.cpp void bluetoothdevice::update_hr_from_external() WearOS Companion Heart: 0
seg. ago. 17 16:08:44 2026 1786993724548 Debug: ./ergtable.h void ergTable::updateDataTable(const CadenceResistancePair &) Added/Updated point: C: 85 W: 150 R: 12
seg. ago. 17 16:08:44 2026 1786993724571 Debug: devices/bluetoothdevice.cpp void bluetoothdevice::update_hr_from_external() WearOS Companion Heart: 0
seg. ago. 17 16:08:44 2026 1786993724742 Debug: ./ergtable.h void ergTable::updateDataTable(const CadenceResistancePair &) Added/Updated point: C: 85 W: 150 R: 12
seg. ago. 17 16:08:44 2026 1786993724757 Debug: devices/bluetoothdevice.cpp void bluetoothdevice::update_hr_from_external() WearOS Companion Heart: 0
seg. ago. 17 16:08:44 2026 1786993724842 Debug: homeform.cpp void homeform::update() homeform::update fired! elapsed: 999 jitter: -170
seg. ago. 17 16:08:44 2026 1786993724847 Debug: homeform.cpp void homeform::update() homeform::update tiles updated!
seg. ago. 17 16:08:44 2026 1786993724848 Debug: homeform.cpp void homeform::update() Current Distance 1s: 0.33727 28.5634 150
seg. ago. 17 16:08:44 2026 1786993724856 Debug: virtualdevices/virtualbike.cpp void virtualbike::bikeProvider() "bikeProvider" 0 2000 false
seg. ago. 17 16:08:44 2026 1786993724857 Debug: virtualdevices/virtualbike.cpp void virtualbike::bikeProvider() "virtual bike connected"
seg. ago. 17 16:08:44 2026 1786993724859 Debug: virtualdevices/virtualbike.cpp void virtualbike::writeCharacteristic(QLowEnergyService *, const QLowEnergyCharacteristic &, const QByteArray &) "virtualbike::writeCharacteristic Unknown Service  64 02 28 0b aa 00 0c 00 96 00 00 00"
seg. ago. 17 16:08:44 2026 1786993724860 Debug:   Write server characteristic with handle  9 "6402280baa000c0096000000" (service: "{00001826-0000-1000-8000-00805f9b34fb}"
seg. ago. 17 16:08:44 2026 1786993724862 Debug: virtualdevices/virtualbike.cpp void virtualbike::writeCharacteristic(QLowEnergyService *, const QLowEnergyCharacteristic &, const QByteArray &) "virtualbike::writeCharacteristic Heart Rate Heart Rate Measurement 00 00"
seg. ago. 17 16:08:44 2026 1786993724864 Debug:   Write server characteristic with handle  19 "0000" (service: "{0000180d-0000-1000-8000-00805f9b34fb}"
seg. ago. 17 16:08:44 2026 1786993724941 Debug: ./ergtable.h void ergTable::updateDataTable(const CadenceResistancePair &) Added/Updated point: C: 85 W: 150 R: 12
seg. ago. 17 16:08:44 2026 1786993724959 Debug: devices/bluetoothdevice.cpp void bluetoothdevice::update_hr_from_external() WearOS Companion Heart: 0
seg. ago. 17 16:08:45 2026 1786993725143 Debug: ./ergtable.h void ergTable::updateDataTable(const CadenceResistancePair &) Added/Updated point: C: 85 W: 150 R: 12
seg. ago. 17 16:08:45 2026 1786993725161 Debug: devices/bluetoothdevice.cpp void bluetoothdevice::update_hr_from_external() WearOS Companion Heart: 0
seg. ago. 17 16:08:45 2026 1786993725342 Debug: ./ergtable.h void ergTable::updateDataTable(const CadenceResistancePair &) Added/Updated point: C: 85 W: 150 R: 12
seg. ago. 17 16:08:45 2026 1786993725363 Debug: devices/bluetoothdevice.cpp void bluetoothdevice::update_hr_from_external() WearOS Companion Heart: 0
seg. ago. 17 16:08:45 2026 1786993725543 Debug: ./ergtable.h void ergTable::updateDataTable(const CadenceResistancePair &) Added/Updated point: C: 85 W: 150 R: 12
seg. ago. 17 16:08:45 2026 1786993725563 Debug: devices/bluetoothdevice.cpp void bluetoothdevice::update_hr_from_external() WearOS Companion Heart: 0
seg. ago. 17 16:08:45 2026 1786993725741 Debug: ./ergtable.h void ergTable::updateDataTable(const CadenceResistancePair &) Added/Updated point: C: 85 W: 150 R: 12
seg. ago. 17 16:08:45 2026 1786993725756 Debug: devices/bluetoothdevice.cpp void bluetoothdevice::update_hr_from_external() WearOS Companion Heart: 0
seg. ago. 17 16:08:45 2026 1786993725844 Debug: homeform.cpp void homeform::update() homeform::update fired! elapsed: 1002 jitter: -168
seg. ago. 17 16:08:45 2026 1786993725850 Debug: homeform.cpp void homeform::update() homeform::update tiles updated!
seg. ago. 17 16:08:45 2026 1786993725851 Debug: homeform.cpp void homeform::update() Current Distance 1s: 0.345204 28.5634 150
seg. ago. 17 16:08:45 2026 1786993725854 Debug: virtualdevices/virtualbike.cpp void virtualbike::bikeProvider() "bikeProvider" 0 2000 false
seg. ago. 17 16:08:45 2026 1786993725855 Debug: virtualdevices/virtualbike.cpp void virtualbike::bikeProvider() "virtual bike connected"
seg. ago. 17 16:08:45 2026 1786993725857 Debug: virtualdevices/virtualbike.cpp void virtualbike::writeCharacteristic(QLowEnergyService *, const QLowEnergyCharacteristic &, const QByteArray &) "virtualbike::writeCharacteristic Unknown Service  64 02 28 0b aa 00 0c 00 96 00 00 00"
seg. ago. 17 16:08:45 2026 1786993725858 Debug:   Write server characteristic with handle  9 "6402280baa000c0096000000" (service: "{00001826-0000-1000-8000-00805f9b34fb}"
seg. ago. 17 16:08:45 2026 1786993725859 Debug: virtualdevices/virtualbike.cpp void virtualbike::writeCharacteristic(QLowEnergyService *, const QLowEnergyCharacteristic &, const QByteArray &) "virtualbike::writeCharacteristic Heart Rate Heart Rate Measurement 00 00"
seg. ago. 17 16:08:45 2026 1786993725861 Debug:   Write server characteristic with handle  19 "0000" (service: "{0000180d-0000-1000-8000-00805f9b34fb}"
seg. ago. 17 16:08:45 2026 1786993725942 Debug: ./ergtable.h void ergTable::updateDataTable(const CadenceResistancePair &) Added/Updated point: C: 85 W: 150 R: 12
seg. ago. 17 16:08:45 2026 1786993725961 Debug: devices/bluetoothdevice.cpp void bluetoothdevice::update_hr_from_external() WearOS Companion Heart: 0
seg. ago. 17 16:08:46 2026 1786993726143 Debug: ./ergtable.h void ergTable::updateDataTable(const CadenceResistancePair &) Added/Updated point: C: 85 W: 150 R: 12
seg. ago. 17 16:08:46 2026 1786993726165 Debug: devices/bluetoothdevice.cpp void bluetoothdevice::update_hr_from_external() WearOS Companion Heart: 0
seg. ago. 17 16:08:46 2026 1786993726346 Debug: ./ergtable.h void ergTable::updateDataTable(const CadenceResistancePair &) Added/Updated point: C: 85 W: 150 R: 12
seg. ago. 17 16:08:46 2026 1786993726370 Debug: devices/bluetoothdevice.cpp void bluetoothdevice::update_hr_from_external() WearOS Companion Heart: 0
seg. ago. 17 16:08:46 2026 1786993726542 Debug: ./ergtable.h void ergTable::updateDataTable(const CadenceResistancePair &) Added/Updated point: C: 85 W: 150 R: 12
seg. ago. 17 16:08:46 2026 1786993726557 Debug: devices/bluetoothdevice.cpp void bluetoothdevice::update_hr_from_external() WearOS Companion Heart: 0
seg. ago. 17 16:08:46 2026 1786993726750 Debug: ./ergtable.h void ergTable::updateDataTable(const CadenceResistancePair &) Added/Updated point: C: 85 W: 150 R: 12
seg. ago. 17 16:08:46 2026 1786993726791 Debug: devices/bluetoothdevice.cpp void bluetoothdevice::update_hr_from_external() WearOS Companion Heart: 0
seg. ago. 17 16:08:46 2026 1786993726850 Debug: homeform.cpp void homeform::update() homeform::update fired! elapsed: 1005 jitter: -163
seg. ago. 17 16:08:46 2026 1786993726860 Debug: homeform.cpp void homeform::update() homeform::update tiles updated!
seg. ago. 17 16:08:46 2026 1786993726862 Debug: homeform.cpp void homeform::update() Current Distance 1s: 0.353139 28.5634 150
seg. ago. 17 16:08:46 2026 1786993726865 Debug: virtualdevices/virtualbike.cpp void virtualbike::bikeProvider() "bikeProvider" 0 2000 false
seg. ago. 17 16:08:46 2026 1786993726866 Debug: virtualdevices/virtualbike.cpp void virtualbike::bikeProvider() "virtual bike connected"
seg. ago. 17 16:08:46 2026 1786993726868 Debug: virtualdevices/virtualbike.cpp void virtualbike::writeCharacteristic(QLowEnergyService *, const QLowEnergyCharacteristic &, const QByteArray &) "virtualbike::writeCharacteristic Unknown Service  64 02 28 0b aa 00 0c 00 96 00 00 00"
seg. ago. 17 16:08:46 2026 1786993726870 Debug:   Write server characteristic with handle  9 "6402280baa000c0096000000" (service: "{00001826-0000-1000-8000-00805f9b34fb}"
seg. ago. 17 16:08:46 2026 1786993726871 Debug: virtualdevices/virtualbike.cpp void virtualbike::writeCharacteristic(QLowEnergyService *, const QLowEnergyCharacteristic &, const QByteArray &) "virtualbike::writeCharacteristic Heart Rate Heart Rate Measurement 00 00"
seg. ago. 17 16:08:46 2026 1786993726872 Debug:   Write server characteristic with handle  19 "0000" (service: "{0000180d-0000-1000-8000-00805f9b34fb}"
seg. ago. 17 16:08:46 2026 1786993726944 Debug: ./ergtable.h void ergTable::updateDataTable(const CadenceResistancePair &) Added/Updated point: C: 85 W: 150 R: 12
seg. ago. 17 16:08:46 2026 1786993726970 Debug: devices/bluetoothdevice.cpp void bluetoothdevice::update_hr_from_external() WearOS Companion Heart: 0
seg. ago. 17 16:08:47 2026 1786993727141 Debug: ./ergtable.h void ergTable::updateDataTable(const CadenceResistancePair &) Added/Updated point: C: 85 W: 150 R: 12
seg. ago. 17 16:08:47 2026 1786993727164 Debug: devices/bluetoothdevice.cpp void bluetoothdevice::update_hr_from_external() WearOS Companion Heart: 0
seg. ago. 17 16:08:47 2026 1786993727341 Debug: ./ergtable.h void ergTable::updateDataTable(const CadenceResistancePair &) Added/Updated point: C: 85 W: 150 R: 12
seg. ago. 17 16:08:47 2026 1786993727358 Debug: devices/bluetoothdevice.cpp void bluetoothdevice::update_hr_from_external() WearOS Companion Heart: 0
seg. ago. 17 16:08:47 2026 1786993727542 Debug: ./ergtable.h void ergTable::updateDataTable(const CadenceResistancePair &) Added/Updated point: C: 85 W: 150 R: 12
seg. ago. 17 16:08:47 2026 1786993727562 Debug: devices/bluetoothdevice.cpp void bluetoothdevice::update_hr_from_external() WearOS Companion Heart: 0
seg. ago. 17 16:08:47 2026 1786993727741 Debug: ./ergtable.h void ergTable::updateDataTable(const CadenceResistancePair &) Added/Updated point: C: 85 W: 150 R: 12
seg. ago. 17 16:08:47 2026 1786993727761 Debug: devices/bluetoothdevice.cpp void bluetoothdevice::update_hr_from_external() WearOS Companion Heart: 0
seg. ago. 17 16:08:47 2026 1786993727845 Debug: homeform.cpp void homeform::update() homeform::update fired! elapsed: 995 jitter: -168
seg. ago. 17 16:08:47 2026 1786993727853 Debug: homeform.cpp void homeform::update() homeform::update tiles updated!
seg. ago. 17 16:08:47 2026 1786993727855 Debug: homeform.cpp void homeform::update() Current Distance 1s: 0.361073 28.5634 150
seg. ago. 17 16:08:47 2026 1786993727859 Debug: virtualdevices/virtualbike.cpp void virtualbike::bikeProvider() "bikeProvider" 0 2000 false
seg. ago. 17 16:08:47 2026 1786993727860 Debug: virtualdevices/virtualbike.cpp void virtualbike::bikeProvider() "virtual bike connected"
seg. ago. 17 16:08:47 2026 1786993727862 Debug: virtualdevices/virtualbike.cpp void virtualbike::writeCharacteristic(QLowEnergyService *, const QLowEnergyCharacteristic &, const QByteArray &) "virtualbike::writeCharacteristic Unknown Service  64 02 28 0b aa 00 0c 00 96 00 00 00"
seg. ago. 17 16:08:47 2026 1786993727863 Debug:   Write server characteristic with handle  9 "6402280baa000c0096000000" (service: "{00001826-0000-1000-8000-00805f9b34fb}"
seg. ago. 17 16:08:47 2026 1786993727865 Debug: virtualdevices/virtualbike.cpp void virtualbike::writeCharacteristic(QLowEnergyService *, const QLowEnergyCharacteristic &, const QByteArray &) "virtualbike::writeCharacteristic Heart Rate Heart Rate Measurement 00 00"
seg. ago. 17 16:08:47 2026 1786993727866 Debug:   Write server characteristic with handle  19 "0000" (service: "{0000180d-0000-1000-8000-00805f9b34fb}"
seg. ago. 17 16:08:47 2026 1786993727941 Debug: ./ergtable.h void ergTable::updateDataTable(const CadenceResistancePair &) Added/Updated point: C: 85 W: 150 R: 12
seg. ago. 17 16:08:47 2026 1786993727959 Debug: devices/bluetoothdevice.cpp void bluetoothdevice::update_hr_from_external() WearOS Companion Heart: 0
seg. ago. 17 16:08:48 2026 1786993728146 Debug: ./ergtable.h void ergTable::updateDataTable(const CadenceResistancePair &) Added/Updated point: C: 85 W: 150 R: 12
seg. ago. 17 16:08:48 2026 1786993728169 Debug: devices/bluetoothdevice.cpp void bluetoothdevice::update_hr_from_external() WearOS Companion Heart: 0
seg. ago. 17 16:08:48 2026 1786993728347 Debug: ./ergtable.h void ergTable::updateDataTable(const CadenceResistancePair &) Added/Updated point: C: 85 W: 150 R: 12
seg. ago. 17 16:08:48 2026 1786993728369 Debug: devices/bluetoothdevice.cpp void bluetoothdevice::update_hr_from_external() WearOS Companion Heart: 0
seg. ago. 17 16:08:48 2026 1786993728541 Debug: ./ergtable.h void ergTable::updateDataTable(const CadenceResistancePair &) Added/Updated point: C: 85 W: 150 R: 12
seg. ago. 17 16:08:48 2026 1786993728560 Debug: devices/bluetoothdevice.cpp void bluetoothdevice::update_hr_from_external() WearOS Companion Heart: 0
seg. ago. 17 16:08:48 2026 1786993728741 Debug: ./ergtable.h void ergTable::updateDataTable(const CadenceResistancePair &) Added/Updated point: C: 85 W: 150 R: 12
seg. ago. 17 16:08:48 2026 1786993728758 Debug: devices/bluetoothdevice.cpp void bluetoothdevice::update_hr_from_external() WearOS Companion Heart: 0
seg. ago. 17 16:08:48 2026 1786993728857 Debug: homeform.cpp void homeform::update() homeform::update fired! elapsed: 1012 jitter: -156
seg. ago. 17 16:08:48 2026 1786993728868 Debug: homeform.cpp void homeform::update() homeform::update tiles updated!
seg. ago. 17 16:08:48 2026 1786993728870 Debug: homeform.cpp void homeform::update() Current Distance 1s: 0.369007 28.5634 150
seg. ago. 17 16:08:48 2026 1786993728878 Debug: virtualdevices/virtualbike.cpp void virtualbike::bikeProvider() "bikeProvider" 0 2000 false
seg. ago. 17 16:08:48 2026 1786993728880 Debug: virtualdevices/virtualbike.cpp void virtualbike::bikeProvider() "virtual bike connected"
seg. ago. 17 16:08:48 2026 1786993728882 Debug: virtualdevices/virtualbike.cpp void virtualbike::writeCharacteristic(QLowEnergyService *, const QLowEnergyCharacteristic &, const QByteArray &) "virtualbike::writeCharacteristic Unknown Service  64 02 28 0b aa 00 0c 00 96 00 00 00"
seg. ago. 17 16:08:48 2026 1786993728888 Debug:   Write server characteristic with handle  9 "6402280baa000c0096000000" (service: "{00001826-0000-1000-8000-00805f9b34fb}"
seg. ago. 17 16:08:48 2026 1786993728918 Debug: virtualdevices/virtualbike.cpp void virtualbike::writeCharacteristic(QLowEnergyService *, const QLowEnergyCharacteristic &, const QByteArray &) "virtualbike::writeCharacteristic Heart Rate Heart Rate Measurement 00 00"
seg. ago. 17 16:08:48 2026 1786993728919 Debug:   Write server characteristic with handle  19 "0000" (service: "{0000180d-0000-1000-8000-00805f9b34fb}"
seg. ago. 17 16:08:48 2026 1786993728941 Debug: ./ergtable.h void ergTable::updateDataTable(const CadenceResistancePair &) Added/Updated point: C: 85 W: 150 R: 12
seg. ago. 17 16:08:48 2026 1786993728958 Debug: devices/bluetoothdevice.cpp void bluetoothdevice::update_hr_from_external() WearOS Companion Heart: 0
seg. ago. 17 16:08:49 2026 1786993729146 Debug: ./ergtable.h void ergTable::updateDataTable(const CadenceResistancePair &) Added/Updated point: C: 85 W: 150 R: 12
seg. ago. 17 16:08:49 2026 1786993729166 Debug: devices/bluetoothdevice.cpp void bluetoothdevice::update_hr_from_external() WearOS Companion Heart: 0
seg. ago. 17 16:08:49 2026 1786993729341 Debug: ./ergtable.h void ergTable::updateDataTable(const CadenceResistancePair &) Added/Updated point: C: 85 W: 150 R: 12
seg. ago. 17 16:08:49 2026 1786993729358 Debug: devices/bluetoothdevice.cpp void bluetoothdevice::update_hr_from_external() WearOS Companion Heart: 0
