seg. ago. 3 19:33:16 2026 1785796396780 Debug: main.cpp int main(int, char **) "version " "2.21.6"
seg. ago. 3 19:33:16 2026 1785796396785 Debug: main.cpp int main(int, char **) "age" QVariant(QString, "34")
seg. ago. 3 19:33:16 2026 1785796396786 Debug: main.cpp int main(int, char **) "android_antbike" QVariant(QString, "false")
seg. ago. 3 19:33:16 2026 1785796396792 Debug: main.cpp int main(int, char **) "android_daemon_mode" QVariant(QString, "true")
seg. ago. 3 19:33:16 2026 1785796396793 Debug: main.cpp int main(int, char **) "android_documents_folder" QVariant(QString, "true")
seg. ago. 3 19:33:16 2026 1785796396794 Debug: main.cpp int main(int, char **) "android_notification" QVariant(QString, "false")
seg. ago. 3 19:33:16 2026 1785796396799 Debug: main.cpp int main(int, char **) "android_wakelock" QVariant(QString, "true")
seg. ago. 3 19:33:16 2026 1785796396800 Debug: main.cpp int main(int, char **) "ant_bike_device_number" QVariant(QString, "0")
seg. ago. 3 19:33:16 2026 1785796396801 Debug: main.cpp int main(int, char **) "ant_cadence" QVariant(QString, "false")
seg. ago. 3 19:33:16 2026 1785796396802 Debug: main.cpp int main(int, char **) "ant_garmin" QVariant(QString, "false")
seg. ago. 3 19:33:16 2026 1785796396804 Debug: main.cpp int main(int, char **) "ant_heart" QVariant(QString, "false")
seg. ago. 3 19:33:16 2026 1785796396805 Debug: main.cpp int main(int, char **) "ant_heart_device_number" QVariant(QString, "0")
seg. ago. 3 19:33:16 2026 1785796396806 Debug: main.cpp int main(int, char **) "ant_speed_gain" QVariant(QString, "1")
seg. ago. 3 19:33:16 2026 1785796396807 Debug: main.cpp int main(int, char **) "ant_speed_offset" QVariant(QString, "0")
seg. ago. 3 19:33:16 2026 1785796396808 Debug: main.cpp int main(int, char **) "antbike" QVariant(QString, "false")
seg. ago. 3 19:33:16 2026 1785796396809 Debug: main.cpp int main(int, char **) "app_language" QVariant(QString, "auto")
seg. ago. 3 19:33:16 2026 1785796396810 Debug: main.cpp int main(int, char **) "app_opening" QVariant(QString, "14")
seg. ago. 3 19:33:16 2026 1785796396813 Debug: main.cpp int main(int, char **) "applewatch_as_treadmill_speed" QVariant(QString, "false")
seg. ago. 3 19:33:16 2026 1785796396814 Debug: main.cpp int main(int, char **) "applewatch_fakedevice" QVariant(QString, "false")
seg. ago. 3 19:33:16 2026 1785796396816 Debug: main.cpp int main(int, char **) "asviva_bike" QVariant(QString, "false")
seg. ago. 3 19:33:16 2026 1785796396817 Debug: main.cpp int main(int, char **) "atletica_lightspeed_treadmill" QVariant(QString, "false")
seg. ago. 3 19:33:16 2026 1785796396820 Debug: main.cpp int main(int, char **) "autolap_distance" QVariant(QString, "0")
seg. ago. 3 19:33:16 2026 1785796396821 Debug: main.cpp int main(int, char **) "automatic_virtual_shifting_climb_gear_down_cadence" QVariant(QString, "65")
seg. ago. 3 19:33:16 2026 1785796396822 Debug: main.cpp int main(int, char **) "automatic_virtual_shifting_climb_gear_down_time" QVariant(QString, "2")
seg. ago. 3 19:33:16 2026 1785796396823 Debug: main.cpp int main(int, char **) "automatic_virtual_shifting_climb_gear_up_cadence" QVariant(QString, "95")
seg. ago. 3 19:33:16 2026 1785796396824 Debug: main.cpp int main(int, char **) "automatic_virtual_shifting_climb_gear_up_time" QVariant(QString, "2")
seg. ago. 3 19:33:16 2026 1785796396825 Debug: main.cpp int main(int, char **) "automatic_virtual_shifting_enabled" QVariant(QString, "false")
seg. ago. 3 19:33:16 2026 1785796396826 Debug: main.cpp int main(int, char **) "automatic_virtual_shifting_gear_down_cadence" QVariant(QString, "65")
seg. ago. 3 19:33:16 2026 1785796396827 Debug: main.cpp int main(int, char **) "automatic_virtual_shifting_gear_down_time" QVariant(QString, "2")
seg. ago. 3 19:33:16 2026 1785796396828 Debug: main.cpp int main(int, char **) "automatic_virtual_shifting_gear_up_cadence" QVariant(QString, "95")
seg. ago. 3 19:33:16 2026 1785796396829 Debug: main.cpp int main(int, char **) "automatic_virtual_shifting_gear_up_time" QVariant(QString, "2")
seg. ago. 3 19:33:16 2026 1785796396829 Debug: main.cpp int main(int, char **) "automatic_virtual_shifting_profile" QVariant(QString, "0")
seg. ago. 3 19:33:16 2026 1785796396830 Debug: main.cpp int main(int, char **) "automatic_virtual_shifting_sprint_gear_down_cadence" QVariant(QString, "65")
seg. ago. 3 19:33:16 2026 1785796396831 Debug: main.cpp int main(int, char **) "automatic_virtual_shifting_sprint_gear_down_time" QVariant(QString, "2")
seg. ago. 3 19:33:16 2026 1785796396832 Debug: main.cpp int main(int, char **) "automatic_virtual_shifting_sprint_gear_up_cadence" QVariant(QString, "95")
seg. ago. 3 19:33:16 2026 1785796396833 Debug: main.cpp int main(int, char **) "automatic_virtual_shifting_sprint_gear_up_time" QVariant(QString, "2")
seg. ago. 3 19:33:16 2026 1785796396834 Debug: main.cpp int main(int, char **) "battery_service" QVariant(QString, "false")
seg. ago. 3 19:33:16 2026 1785796396836 Debug: main.cpp int main(int, char **) "bh_spada_2" QVariant(QString, "false")
seg. ago. 3 19:33:16 2026 1785796396837 Debug: main.cpp int main(int, char **) "bh_spada_2_watt" QVariant(QString, "false")
seg. ago. 3 19:33:16 2026 1785796396838 Debug: main.cpp int main(int, char **) "bike_cadence_sensor" QVariant(QString, "false")
seg. ago. 3 19:33:16 2026 1785796396839 Debug: main.cpp int main(int, char **) "bike_heartrate_service" QVariant(QString, "false")
seg. ago. 3 19:33:16 2026 1785796396840 Debug: main.cpp int main(int, char **) "bike_power_offset" QVariant(QString, "0")
seg. ago. 3 19:33:16 2026 1785796396841 Debug: main.cpp int main(int, char **) "bike_power_sensor" QVariant(QString, "false")
seg. ago. 3 19:33:16 2026 1785796396843 Debug: main.cpp int main(int, char **) "bike_resistance_gain_f" QVariant(QString, "1")
seg. ago. 3 19:33:16 2026 1785796396844 Debug: main.cpp int main(int, char **) "bike_resistance_offset" QVariant(QString, "17")
seg. ago. 3 19:33:16 2026 1785796396845 Debug: main.cpp int main(int, char **) "bike_resistance_start" QVariant(QString, "1")
seg. ago. 3 19:33:16 2026 1785796396846 Debug: main.cpp int main(int, char **) "bike_weight" QVariant(QString, "0")
seg. ago. 3 19:33:16 2026 1785796396847 Debug: main.cpp int main(int, char **) "bluetooth_30m_hangs" QVariant(QString, "false")
seg. ago. 3 19:33:16 2026 1785796396848 Debug: main.cpp int main(int, char **) "bluetooth_lastdevice_address" QVariant(QString, "B8:F8:62:6D:A8:D6")
seg. ago. 3 19:33:16 2026 1785796396849 Debug: main.cpp int main(int, char **) "bluetooth_lastdevice_name" QVariant(QString, "YPBM001264")
seg. ago. 3 19:33:16 2026 1785796396850 Debug: main.cpp int main(int, char **) "bluetooth_relaxed" QVariant(QString, "false")
seg. ago. 3 19:33:16 2026 1785796396852 Debug: main.cpp int main(int, char **) "cadence_gain" QVariant(QString, "1")
seg. ago. 3 19:33:16 2026 1785796396853 Debug: main.cpp int main(int, char **) "cadence_offset" QVariant(QString, "0")
seg. ago. 3 19:33:16 2026 1785796396854 Debug: main.cpp int main(int, char **) "cadence_sensor_as_bike" QVariant(QString, "false")
seg. ago. 3 19:33:16 2026 1785796396855 Debug: main.cpp int main(int, char **) "cadence_sensor_as_treadmill" QVariant(QString, "false")
seg. ago. 3 19:33:16 2026 1785796396857 Debug: main.cpp int main(int, char **) "cadence_sensor_name" QVariant(QString, "Disabled")
seg. ago. 3 19:33:16 2026 1785796396858 Debug: main.cpp int main(int, char **) "cadence_sensor_speed_ratio" QVariant(QString, "0.33")
seg. ago. 3 19:33:16 2026 1785796396859 Debug: main.cpp int main(int, char **) "calories_active_only" QVariant(QString, "false")
seg. ago. 3 19:33:16 2026 1785796396860 Debug: main.cpp int main(int, char **) "calories_from_hr" QVariant(QString, "false")
seg. ago. 3 19:33:16 2026 1785796396861 Debug: main.cpp int main(int, char **) "chart_display_mode" QVariant(QString, "0")
seg. ago. 3 19:33:16 2026 1785796396862 Debug: main.cpp int main(int, char **) "computrainer_serialport" QVariant(QString, "")
seg. ago. 3 19:33:16 2026 1785796396863 Debug: main.cpp int main(int, char **) "confirm_stop_workout" QVariant(QString, "false")
seg. ago. 3 19:33:16 2026 1785796396864 Debug: main.cpp int main(int, char **) "continuous_moving" QVariant(QString, "false")
seg. ago. 3 19:33:16 2026 1785796396865 Debug: main.cpp int main(int, char **) "crrGain" QVariant(QString, "0")
seg. ago. 3 19:33:16 2026 1785796396866 Debug: main.cpp int main(int, char **) "cryptoKeySettingsProfiles" QVariant(QString, "5659351538859808179")
seg. ago. 3 19:33:16 2026 1785796396868 Debug: main.cpp int main(int, char **) "csafe_elliptical_port" QVariant(QString, "")
seg. ago. 3 19:33:16 2026 1785796396869 Debug: main.cpp int main(int, char **) "csafe_rower" QVariant(QString, "")
seg. ago. 3 19:33:16 2026 1785796396870 Debug: main.cpp int main(int, char **) "cscbike_custom_resistance_level_1" QVariant(QString, "1")
seg. ago. 3 19:33:16 2026 1785796396871 Debug: main.cpp int main(int, char **) "cscbike_custom_resistance_level_2" QVariant(QString, "15")
seg. ago. 3 19:33:16 2026 1785796396872 Debug: main.cpp int main(int, char **) "cscbike_custom_resistance_power_table" QVariant(QString, "false")
seg. ago. 3 19:33:16 2026 1785796396873 Debug: main.cpp int main(int, char **) "cscbike_custom_watt_1" QVariant(QString, "100")
seg. ago. 3 19:33:16 2026 1785796396874 Debug: main.cpp int main(int, char **) "cscbike_custom_watt_2" QVariant(QString, "300")
seg. ago. 3 19:33:16 2026 1785796396876 Debug: main.cpp int main(int, char **) "cwGain" QVariant(QString, "0")
seg. ago. 3 19:33:16 2026 1785796396877 Debug: main.cpp int main(int, char **) "cycplus_bc2_controller" QVariant(QString, "false")
seg. ago. 3 19:33:16 2026 1785796396878 Debug: main.cpp int main(int, char **) "dircon_id" QVariant(QString, "0")
seg. ago. 3 19:33:16 2026 1785796396879 Debug: main.cpp int main(int, char **) "dircon_server_base_port" QVariant(QString, "36866")
seg. ago. 3 19:33:16 2026 1785796396880 Debug: main.cpp int main(int, char **) "dircon_yes" QVariant(QString, "true")
seg. ago. 3 19:33:16 2026 1785796396882 Debug: main.cpp int main(int, char **) "dkn_endurun_treadmill" QVariant(QString, "false")
seg. ago. 3 19:33:16 2026 1785796396883 Debug: main.cpp int main(int, char **) "domyos_bike_500_profile_v1" QVariant(QString, "false")
seg. ago. 3 19:33:16 2026 1785796396884 Debug: main.cpp int main(int, char **) "domyos_bike_500_profile_v2" QVariant(QString, "false")
seg. ago. 3 19:33:16 2026 1785796396885 Debug: main.cpp int main(int, char **) "domyos_bike_cadence_filter" QVariant(QString, "0")
seg. ago. 3 19:33:16 2026 1785796396887 Debug: main.cpp int main(int, char **) "domyos_bike_display_calories" QVariant(QString, "true")
seg. ago. 3 19:33:16 2026 1785796396888 Debug: main.cpp int main(int, char **) "domyos_elliptical_fmts" QVariant(QString, "false")
seg. ago. 3 19:33:16 2026 1785796396889 Debug: main.cpp int main(int, char **) "domyos_elliptical_inclination" QVariant(QString, "true")
seg. ago. 3 19:33:16 2026 1785796396890 Debug: main.cpp int main(int, char **) "domyos_elliptical_speed_ratio" QVariant(QString, "1")
seg. ago. 3 19:33:16 2026 1785796396891 Debug: main.cpp int main(int, char **) "domyos_run100e" QVariant(QString, "false")
seg. ago. 3 19:33:16 2026 1785796396892 Debug: main.cpp int main(int, char **) "domyos_treadmill_button_10kmh" QVariant(QString, "10")
seg. ago. 3 19:33:16 2026 1785796396894 Debug: main.cpp int main(int, char **) "domyos_treadmill_button_16kmh" QVariant(QString, "16")
seg. ago. 3 19:33:16 2026 1785796396895 Debug: main.cpp int main(int, char **) "domyos_treadmill_button_22kmh" QVariant(QString, "22")
seg. ago. 3 19:33:16 2026 1785796396896 Debug: main.cpp int main(int, char **) "domyos_treadmill_button_5kmh" QVariant(QString, "5")
seg. ago. 3 19:33:16 2026 1785796396897 Debug: main.cpp int main(int, char **) "domyos_treadmill_buttons" QVariant(QString, "false")
seg. ago. 3 19:33:16 2026 1785796396898 Debug: main.cpp int main(int, char **) "domyos_treadmill_display_invert" QVariant(QString, "false")
seg. ago. 3 19:33:16 2026 1785796396900 Debug: main.cpp int main(int, char **) "domyos_treadmill_distance_display" QVariant(QString, "true")
seg. ago. 3 19:33:16 2026 1785796396901 Debug: main.cpp int main(int, char **) "domyos_treadmill_sync_start" QVariant(QString, "false")
seg. ago. 3 19:33:16 2026 1785796396902 Debug: main.cpp int main(int, char **) "domyos_treadmill_t900a" QVariant(QString, "false")
seg. ago. 3 19:33:16 2026 1785796396903 Debug: main.cpp int main(int, char **) "domyos_treadmill_ts100" QVariant(QString, "false")
seg. ago. 3 19:33:16 2026 1785796396904 Debug: main.cpp int main(int, char **) "domyosbike_notfmts" QVariant(QString, "false")
seg. ago. 3 19:33:16 2026 1785796396905 Debug: main.cpp int main(int, char **) "domyostreadmill_notfmts" QVariant(QString, "false")
seg. ago. 3 19:33:16 2026 1785796396906 Debug: main.cpp int main(int, char **) "echelon_resistance_gain" QVariant(QString, "1")
seg. ago. 3 19:33:16 2026 1785796396907 Debug: main.cpp int main(int, char **) "echelon_resistance_offset" QVariant(QString, "0")
seg. ago. 3 19:33:16 2026 1785796396908 Debug: main.cpp int main(int, char **) "echelon_watttable" QVariant(QString, "Echelon")
seg. ago. 3 19:33:16 2026 1785796396909 Debug: main.cpp int main(int, char **) "elite_rizer_gain" QVariant(QString, "1")
seg. ago. 3 19:33:16 2026 1785796396911 Debug: main.cpp int main(int, char **) "elite_rizer_name" QVariant(QString, "Disabled")
seg. ago. 3 19:33:16 2026 1785796396912 Debug: main.cpp int main(int, char **) "elite_sterzo_smart_name" QVariant(QString, "Disabled")
seg. ago. 3 19:33:16 2026 1785796396913 Debug: main.cpp int main(int, char **) "enerfit_SPX_9500" QVariant(QString, "false")
seg. ago. 3 19:33:16 2026 1785796396914 Debug: main.cpp int main(int, char **) "ergDataPoints" QVariant(QString, "68|67|1;67|65|1;64|61|1;66|64|1;37|39|13;48|58|13;52|65|13;55|70|13;57|74|13;50|61|13;49|60|13;36|37|13;54|69|13;82|124|13;53|182|32;68|111|17;69|114|17;75|128|17;74|125|17;93|101|1;92|113|6;88|147|15;86|142|15;83|126|13;73|193|26;71|185|26;71|156|23;71|149|22;81|155|19;84|163|19;90|164|17;97|181|17;85|166|19;83|147|17;92|177|18;90|171|18;86|168|19;79|181|23;83|194|23;89|155|16;99|180|16;92|162|16;95|170|16;73|155|22;84|189|22;86|195|22;85|192|22;81|188|23;81|179|22;82|182|22;49|67|16;57|83|16;55|98|21;53|92|21;60|89|16;66|102|16;79|137|17;78|135|17;93|165|16;91|160|16;70|111|16;76|125|16;74|120|16;75|122|16;77|127|16;78|129|16;79|131|16;85|145|16;79|164|21;77|158|21;75|152|21;77|144|19;79|143|18;81|148|18;82|144|17;80|134|16;90|157|16;82|201|24;88|174|19;81|136|16;83|141|16;84|149|17;80|184|23;82|191|23;85|152|17;82|138|16;84|143|16;88|153|16;87|163|18;88|166|18;86|161|18;85|158|18;84|156|18;87|156|17;86|148|16;87|150|16;86|154|17;83|217|25;77|195|25;73|181|25;75|188|25;69|167|25;78|94|7;79|96|7;77|93|7;76|91|7;75|89|7;80|83|1;78|80|1;77|79|1;75|79|3;83|90|3;79|81|1;77|82|3;78|83|3;81|87|3;79|85|3;76|82|4;78|104|10;76|100|10;74|97|10;77|102|10;83|113|10;82|111|10;80|107|10;81|109|10;78|108|11;81|113|11;82|115|11;80|111|11;79|109|11;79|123|14;80|119|13;77|113|13;78|115|13;81|122|13;80|88|4;81|85|2;83|88|2;82|85|1;81|84|1;83|87|1;88|94|1;87|92|1;85|90|1;86|91|1;84|88|1;84|90|2;85|106|7;85|110|8;87|113|8;88|115|8;86|111|8;84|108|8;82|104|8;83|106|8;84|112|9;85|113|9;104|149|9;82|343|32;58|209|32;51|172|32;49|162|32;33|84|32;41|33|1;57|52|1;23|13|1;60|56|1;75|76|1;72|72|1;71|71|1;69|68|1;70|69|1;73|74|2;70|70|2;71|72|2;96|107|2;97|108|2;95|105|2;90|98|2;89|97|2;88|95|2;86|97|4;85|96|4;84|94|4;81|90|4;79|87|4;78|85|4;77|84|4;75|81|4;78|88|5;79|89|5;77|86|5;64|67|5;65|68|5;69|74|5;70|76|5;67|71|5;66|70|5;68|73|5;69|77|6;70|78|6;71|80|6;69|80|7;73|86|7;72|85|7;71|83|7;70|81|7;75|93|8;74|91|8;70|84|8;72|88|8;73|89|8;71|86|8;69|83|8;72|91|9;76|98|9;74|94|9;75|96|9;73|92|9;69|86|9;71|89|9;70|87|9;72|93|10;73|95|10;70|90|10;72|96|11;71|94|11;70|93|11;69|91|11;72|100|12;69|94|12;59|75|12;61|79|12;64|85|12;62|81|12;63|83|12;71|98|12;73|101|12;70|96|12;71|101|13;69|97|13;70|99|13;68|95|13;67|93|13;66|91|13;65|89|13;64|87|13;62|84|13;63|86|13;61|82|13;61|86|14;63|90|14;62|88|14;64|92|14;69|102|14;70|108|15;69|106|15;71|110|15;68|107|16;73|118|16;72|115|16;58|85|16;59|87|16;62|94|16;65|100|16;69|109|16;71|113|16;97|175|16;89|161|17;88|159|17;81|142|17;80|139|17;71|118|17;77|132|17;73|123|17;75|133|18;74|130|18;72|125|18;70|121|18;81|337|32;80|332|32;78|320|32;76|147|20;62|161|27;62|101|18;71|123|18;73|128|18;64|241|32;69|88|10;71|91|10;75|98|10;79|106|10;83|349|32;79|326|32;65|247|32;50|167|32;43|132|32;46|147|32;47|40|1;43|35|1;34|25|1;73|73|1;89|121|9;88|119|9;86|115|9;82|108|9;83|110|9;80|194|24;69|157|24;84|170|20;82|164|20;81|161|20;80|158|20;77|150|20;75|144|20;74|142|20;38|107|32;42|127|32;73|134|19;72|131|19;71|129|19")
seg. ago. 3 19:33:16 2026 1785796396916 Debug: main.cpp int main(int, char **) "eslinker_cadenza" QVariant(QString, "true")
seg. ago. 3 19:33:16 2026 1785796396917 Debug: main.cpp int main(int, char **) "eslinker_costaway" QVariant(QString, "false")
seg. ago. 3 19:33:16 2026 1785796396918 Debug: main.cpp int main(int, char **) "eslinker_ypoo" QVariant(QString, "false")
seg. ago. 3 19:33:16 2026 1785796396919 Debug: main.cpp int main(int, char **) "fakedevice_elliptical" QVariant(QString, "false")
seg. ago. 3 19:33:16 2026 1785796396920 Debug: main.cpp int main(int, char **) "fakedevice_rower" QVariant(QString, "false")
seg. ago. 3 19:33:16 2026 1785796396921 Debug: main.cpp int main(int, char **) "fakedevice_treadmill" QVariant(QString, "false")
seg. ago. 3 19:33:16 2026 1785796396923 Debug: main.cpp int main(int, char **) "filter_device" QVariant(QString, "Disabled")
seg. ago. 3 19:33:16 2026 1785796396924 Debug: main.cpp int main(int, char **) "fit_file_garmin_device_training_effect" QVariant(QString, "false")
seg. ago. 3 19:33:16 2026 1785796396925 Debug: main.cpp int main(int, char **) "fit_file_garmin_device_training_effect_device" QVariant(QString, "3122")
seg. ago. 3 19:33:16 2026 1785796396926 Debug: main.cpp int main(int, char **) "fitfiu_mc_v460" QVariant(QString, "false")
seg. ago. 3 19:33:16 2026 1785796396927 Debug: main.cpp int main(int, char **) "fitmetria_fanfit_enable" QVariant(QString, "false")
seg. ago. 3 19:33:16 2026 1785796396928 Debug: main.cpp int main(int, char **) "fitmetria_fanfit_max" QVariant(QString, "100")
seg. ago. 3 19:33:16 2026 1785796396929 Debug: main.cpp int main(int, char **) "fitmetria_fanfit_min" QVariant(QString, "0")
seg. ago. 3 19:33:16 2026 1785796396930 Debug: main.cpp int main(int, char **) "fitmetria_fanfit_mode" QVariant(QString, "Heart")
seg. ago. 3 19:33:16 2026 1785796396932 Debug: main.cpp int main(int, char **) "fitplus_bike" QVariant(QString, "false")
seg. ago. 3 19:33:16 2026 1785796396933 Debug: main.cpp int main(int, char **) "fitshow_anyrun" QVariant(QString, "false")
seg. ago. 3 19:33:16 2026 1785796396934 Debug: main.cpp int main(int, char **) "fitshow_treadmill_miles" QVariant(QString, "false")
seg. ago. 3 19:33:16 2026 1785796396935 Debug: main.cpp int main(int, char **) "fitshow_truetimer" QVariant(QString, "false")
seg. ago. 3 19:33:16 2026 1785796396937 Debug: main.cpp int main(int, char **) "fitshow_user_id" QVariant(QString, "5034")
seg. ago. 3 19:33:16 2026 1785796396938 Debug: main.cpp int main(int, char **) "floating_height" QVariant(QString, "210")
seg. ago. 3 19:33:16 2026 1785796396939 Debug: main.cpp int main(int, char **) "floating_startup" QVariant(QString, "false")
seg. ago. 3 19:33:16 2026 1785796396940 Debug: main.cpp int main(int, char **) "floating_transparency" QVariant(QString, "80")
seg. ago. 3 19:33:16 2026 1785796396941 Debug: main.cpp int main(int, char **) "floating_width" QVariant(QString, "370")
seg. ago. 3 19:33:16 2026 1785796396942 Debug: main.cpp int main(int, char **) "floatingwindow_type" QVariant(QString, "0")
seg. ago. 3 19:33:16 2026 1785796396944 Debug: main.cpp int main(int, char **) "flywheel_filter" QVariant(QString, "2")
seg. ago. 3 19:33:16 2026 1785796396945 Debug: main.cpp int main(int, char **) "flywheel_life_fitness_ic8" QVariant(QString, "false")
seg. ago. 3 19:33:16 2026 1785796396946 Debug: main.cpp int main(int, char **) "force_resistance_instead_inclination" QVariant(QString, "false")
seg. ago. 3 19:33:16 2026 1785796396947 Debug: main.cpp int main(int, char **) "freebeat_serialport" QVariant(QString, "")
seg. ago. 3 19:33:16 2026 1785796396948 Debug: main.cpp int main(int, char **) "freemotion_coachbike_b22_7" QVariant(QString, "false")
seg. ago. 3 19:33:16 2026 1785796396949 Debug: main.cpp int main(int, char **) "ftms_accessory_name" QVariant(QString, "Disabled")
seg. ago. 3 19:33:16 2026 1785796396951 Debug: main.cpp int main(int, char **) "ftms_bike" QVariant(QString, "Disabled")
seg. ago. 3 19:33:16 2026 1785796396952 Debug: main.cpp int main(int, char **) "ftms_elliptical" QVariant(QString, "Disabled")
seg. ago. 3 19:33:16 2026 1785796396953 Debug: main.cpp int main(int, char **) "ftms_rower" QVariant(QString, "Disabled")
seg. ago. 3 19:33:16 2026 1785796396954 Debug: main.cpp int main(int, char **) "ftms_treadmill" QVariant(QString, "Disabled")
seg. ago. 3 19:33:16 2026 1785796396955 Debug: main.cpp int main(int, char **) "ftp" QVariant(QString, "200")
seg. ago. 3 19:33:16 2026 1785796396956 Debug: main.cpp int main(int, char **) "ftp_run" QVariant(QString, "200")
seg. ago. 3 19:33:16 2026 1785796396957 Debug: main.cpp int main(int, char **) "fytter_ri08_bike" QVariant(QString, "false")
seg. ago. 3 19:33:16 2026 1785796396958 Debug: main.cpp int main(int, char **) "garmin_bluetooth_compatibility" QVariant(QString, "false")
seg. ago. 3 19:33:16 2026 1785796396960 Debug: main.cpp int main(int, char **) "garmin_companion" QVariant(QString, "false")
seg. ago. 3 19:33:16 2026 1785796396961 Debug: main.cpp int main(int, char **) "garmin_domain" QVariant(QString, "garmin.com")
seg. ago. 3 19:33:16 2026 1785796396962 Debug: main.cpp int main(int, char **) "garmin_download_workouts_on_start" QVariant(QString, "true")
seg. ago. 3 19:33:16 2026 1785796396963 Debug: main.cpp int main(int, char **) "garmin_expires_at" QVariant(QString, "0")
seg. ago. 3 19:33:16 2026 1785796396964 Debug: main.cpp int main(int, char **) "garmin_last_refresh" QVariant(QString, "")
seg. ago. 3 19:33:16 2026 1785796396965 Debug: main.cpp int main(int, char **) "garmin_last_seen_cycling_ftp_create_time" QVariant(QString, "")
seg. ago. 3 19:33:16 2026 1785796396966 Debug: main.cpp int main(int, char **) "garmin_last_seen_running_ftp_create_time" QVariant(QString, "")
seg. ago. 3 19:33:16 2026 1785796396968 Debug: main.cpp int main(int, char **) "garmin_upload_enabled" QVariant(QString, "false")
seg. ago. 3 19:33:16 2026 1785796396969 Debug: main.cpp int main(int, char **) "gear_circumference" QVariant(QString, "2070")
seg. ago. 3 19:33:16 2026 1785796396970 Debug: main.cpp int main(int, char **) "gear_cog_size" QVariant(QString, "14")
seg. ago. 3 19:33:16 2026 1785796396971 Debug: main.cpp int main(int, char **) "gear_configuration" QVariant(QString, "1|38|44|true\n2|38|38|true\n3|38|32|true\n4|38|28|true\n5|38|24|true\n6|38|21|true\n7|38|19|true\n8|38|17|true\n9|38|15|true\n10|38|13|true\n11|38|11|true\n12|38|10|true")
seg. ago. 3 19:33:16 2026 1785796396972 Debug: main.cpp int main(int, char **) "gear_crankset_size" QVariant(QString, "42")
seg. ago. 3 19:33:16 2026 1785796396973 Debug: main.cpp int main(int, char **) "gear_wheel_size" QVariant(QString, "700 x 18C")
seg. ago. 3 19:33:16 2026 1785796396974 Debug: main.cpp int main(int, char **) "gears_current_value" QVariant(QString, "0")
seg. ago. 3 19:33:16 2026 1785796396975 Debug: main.cpp int main(int, char **) "gears_current_value_f" QVariant(QString, "0")
seg. ago. 3 19:33:16 2026 1785796396976 Debug: main.cpp int main(int, char **) "gears_custom_table" QVariant(QString, "1|1\n2|2\n3|3\n4|4\n5|5\n6|6\n7|7\n8|8\n9|9\n10|10\n11|11\n12|12\n13|13\n14|14\n15|15\n16|16\n17|17\n18|18\n19|19\n20|20\n21|21\n22|22\n23|23\n24|24")
seg. ago. 3 19:33:16 2026 1785796396977 Debug: main.cpp int main(int, char **) "gears_custom_table_enabled" QVariant(QString, "false")
seg. ago. 3 19:33:16 2026 1785796396978 Debug: main.cpp int main(int, char **) "gears_from_bike" QVariant(QString, "false")
seg. ago. 3 19:33:16 2026 1785796396979 Debug: main.cpp int main(int, char **) "gears_gain" QVariant(QString, "1")
seg. ago. 3 19:33:16 2026 1785796396980 Debug: main.cpp int main(int, char **) "gears_offset" QVariant(QString, "0")
seg. ago. 3 19:33:16 2026 1785796396981 Debug: main.cpp int main(int, char **) "gears_restore_value" QVariant(QString, "false")
seg. ago. 3 19:33:16 2026 1785796396982 Debug: main.cpp int main(int, char **) "gears_volume_debouncing" QVariant(QString, "false")
seg. ago. 3 19:33:16 2026 1785796396984 Debug: main.cpp int main(int, char **) "gears_zwift_ratio" QVariant(QString, "false")
seg. ago. 3 19:33:16 2026 1785796396985 Debug: main.cpp int main(int, char **) "gem_module_inclination" QVariant(QString, "false")
seg. ago. 3 19:33:16 2026 1785796396986 Debug: main.cpp int main(int, char **) "gpx_loop" QVariant(QString, "false")
seg. ago. 3 19:33:16 2026 1785796396987 Debug: main.cpp int main(int, char **) "gym_mode" QVariant(QString, "false")
seg. ago. 3 19:33:16 2026 1785796396988 Debug: main.cpp int main(int, char **) "gymstick_gx6_0_elliptical" QVariant(QString, "false")
seg. ago. 3 19:33:16 2026 1785796396989 Debug: main.cpp int main(int, char **) "hammer_racer_s" QVariant(QString, "false")
seg. ago. 3 19:33:16 2026 1785796396990 Debug: main.cpp int main(int, char **) "heart_ignore_builtin" QVariant(QString, "false")
seg. ago. 3 19:33:16 2026 1785796396992 Debug: main.cpp int main(int, char **) "heart_max_override_enable" QVariant(QString, "false")
seg. ago. 3 19:33:16 2026 1785796396993 Debug: main.cpp int main(int, char **) "heart_max_override_value" QVariant(QString, "195")
seg. ago. 3 19:33:16 2026 1785796396994 Debug: main.cpp int main(int, char **) "heart_rate_belt_name" QVariant(QString, "Disabled")
seg. ago. 3 19:33:16 2026 1785796396995 Debug: main.cpp int main(int, char **) "heart_rate_resting" QVariant(QString, "60")
seg. ago. 3 19:33:16 2026 1785796396996 Debug: main.cpp int main(int, char **) "heart_rate_zone1" QVariant(QString, "70")
seg. ago. 3 19:33:16 2026 1785796396997 Debug: main.cpp int main(int, char **) "heart_rate_zone2" QVariant(QString, "80")
seg. ago. 3 19:33:16 2026 1785796396998 Debug: main.cpp int main(int, char **) "heart_rate_zone3" QVariant(QString, "90")
seg. ago. 3 19:33:16 2026 1785796397000 Debug: main.cpp int main(int, char **) "heart_rate_zone4" QVariant(QString, "100")
seg. ago. 3 19:33:17 2026 1785796397001 Debug: main.cpp int main(int, char **) "height" QVariant(QString, "175")
seg. ago. 3 19:33:17 2026 1785796397002 Debug: main.cpp int main(int, char **) "hertz_xr_770" QVariant(QString, "false")
seg. ago. 3 19:33:17 2026 1785796397003 Debug: main.cpp int main(int, char **) "hop_sport_hs_090h_bike" QVariant(QString, "false")
seg. ago. 3 19:33:17 2026 1785796397004 Debug: main.cpp int main(int, char **) "horizon_gr7_cadence_multiplier" QVariant(QString, "1")
seg. ago. 3 19:33:17 2026 1785796397005 Debug: main.cpp int main(int, char **) "horizon_paragon_x" QVariant(QString, "false")
seg. ago. 3 19:33:17 2026 1785796397007 Debug: main.cpp int main(int, char **) "horizon_treadmill_7_0_at_24" QVariant(QString, "false")
seg. ago. 3 19:33:17 2026 1785796397008 Debug: main.cpp int main(int, char **) "horizon_treadmill_7_8" QVariant(QString, "false")
seg. ago. 3 19:33:17 2026 1785796397009 Debug: main.cpp int main(int, char **) "horizon_treadmill_disable_pause" QVariant(QString, "false")
seg. ago. 3 19:33:17 2026 1785796397010 Debug: main.cpp int main(int, char **) "horizon_treadmill_force_ftms" QVariant(QString, "false")
seg. ago. 3 19:33:17 2026 1785796397011 Debug: main.cpp int main(int, char **) "horizon_treadmill_omega_z" QVariant(QString, "false")
seg. ago. 3 19:33:17 2026 1785796397012 Debug: main.cpp int main(int, char **) "horizon_treadmill_profile_user1" QVariant(QString, "user1")
seg. ago. 3 19:33:17 2026 1785796397013 Debug: main.cpp int main(int, char **) "horizon_treadmill_profile_user2" QVariant(QString, "user2")
seg. ago. 3 19:33:17 2026 1785796397014 Debug: main.cpp int main(int, char **) "horizon_treadmill_profile_user3" QVariant(QString, "user3")
seg. ago. 3 19:33:17 2026 1785796397016 Debug: main.cpp int main(int, char **) "horizon_treadmill_profile_user4" QVariant(QString, "user4")
seg. ago. 3 19:33:17 2026 1785796397017 Debug: main.cpp int main(int, char **) "horizon_treadmill_profile_user5" QVariant(QString, "user5")
seg. ago. 3 19:33:17 2026 1785796397018 Debug: main.cpp int main(int, char **) "horizon_treadmill_suspend_stats_pause" QVariant(QString, "false")
seg. ago. 3 19:33:17 2026 1785796397019 Debug: main.cpp int main(int, char **) "iconcept_elliptical" QVariant(QString, "false")
seg. ago. 3 19:33:17 2026 1785796397021 Debug: main.cpp int main(int, char **) "iconcept_ftms_treadmill_inclination_table" QVariant(QString, "false")
seg. ago. 3 19:33:17 2026 1785796397022 Debug: main.cpp int main(int, char **) "iconsole_elliptical" QVariant(QString, "false")
seg. ago. 3 19:33:17 2026 1785796397023 Debug: main.cpp int main(int, char **) "iconsole_rower" QVariant(QString, "false")
seg. ago. 3 19:33:17 2026 1785796397024 Debug: main.cpp int main(int, char **) "inclinationResistancePoints" QVariant(QString, "0.20|13;-3.01|17;-0.01|32;-2.19|1;-1.51|16;0.70|19;2.77|22;1.88|21;-0.43|18;4.54|25")
seg. ago. 3 19:33:17 2026 1785796397026 Debug: main.cpp int main(int, char **) "inclination_delay_seconds" QVariant(QString, "0")
seg. ago. 3 19:33:17 2026 1785796397027 Debug: main.cpp int main(int, char **) "inspire_peloton_formula" QVariant(QString, "false")
seg. ago. 3 19:33:17 2026 1785796397028 Debug: main.cpp int main(int, char **) "inspire_peloton_formula2" QVariant(QString, "false")
seg. ago. 3 19:33:17 2026 1785796397029 Debug: main.cpp int main(int, char **) "instant_power_on_pause" QVariant(QString, "false")
seg. ago. 3 19:33:17 2026 1785796397030 Debug: main.cpp int main(int, char **) "intervalsicu_athlete_id" QVariant(QString, "")
seg. ago. 3 19:33:17 2026 1785796397031 Debug: main.cpp int main(int, char **) "intervalsicu_date_prefix" QVariant(QString, "false")
seg. ago. 3 19:33:17 2026 1785796397032 Debug: main.cpp int main(int, char **) "intervalsicu_suffix" QVariant(QString, "#QZ")
seg. ago. 3 19:33:17 2026 1785796397034 Debug: main.cpp int main(int, char **) "intervalsicu_upload_enabled" QVariant(QString, "true")
seg. ago. 3 19:33:17 2026 1785796397035 Debug: main.cpp int main(int, char **) "ios_btdevice_native" QVariant(QString, "false")
seg. ago. 3 19:33:17 2026 1785796397036 Debug: main.cpp int main(int, char **) "ios_cache_heart_device" QVariant(QString, "true")
seg. ago. 3 19:33:17 2026 1785796397038 Debug: main.cpp int main(int, char **) "ios_live_activity_compact_leading_metric" QVariant(QString, "Heart Rate")
seg. ago. 3 19:33:17 2026 1785796397039 Debug: main.cpp int main(int, char **) "ios_live_activity_compact_trailing_metric" QVariant(QString, "Watt")
seg. ago. 3 19:33:17 2026 1785796397040 Debug: main.cpp int main(int, char **) "ios_peloton_workaround" QVariant(QString, "true")
seg. ago. 3 19:33:17 2026 1785796397041 Debug: main.cpp int main(int, char **) "jll_IC400_bike" QVariant(QString, "false")
seg. ago. 3 19:33:17 2026 1785796397042 Debug: main.cpp int main(int, char **) "jtx_fitness_sprint_treadmill" QVariant(QString, "false")
seg. ago. 3 19:33:17 2026 1785796397043 Debug: main.cpp int main(int, char **) "kcal_ignore_builtin" QVariant(QString, "false")
seg. ago. 3 19:33:17 2026 1785796397044 Debug: main.cpp int main(int, char **) "kettler_usb_baudrate" QVariant(QString, "9600")
seg. ago. 3 19:33:17 2026 1785796397045 Debug: main.cpp int main(int, char **) "kettler_usb_serialport" QVariant(QString, "")
seg. ago. 3 19:33:17 2026 1785796397046 Debug: main.cpp int main(int, char **) "kingsmith_encrypt_g1_walking_pad" QVariant(QString, "false")
seg. ago. 3 19:33:17 2026 1785796397047 Debug: main.cpp int main(int, char **) "kingsmith_encrypt_v2" QVariant(QString, "false")
seg. ago. 3 19:33:17 2026 1785796397048 Debug: main.cpp int main(int, char **) "kingsmith_encrypt_v3" QVariant(QString, "false")
seg. ago. 3 19:33:17 2026 1785796397049 Debug: main.cpp int main(int, char **) "kingsmith_encrypt_v4" QVariant(QString, "false")
seg. ago. 3 19:33:17 2026 1785796397050 Debug: main.cpp int main(int, char **) "kingsmith_encrypt_v5" QVariant(QString, "false")
seg. ago. 3 19:33:17 2026 1785796397051 Debug: main.cpp int main(int, char **) "kingsmith_r2_enable_hw_buttons" QVariant(QString, "false")
seg. ago. 3 19:33:17 2026 1785796397052 Debug: main.cpp int main(int, char **) "life_fitness_ic5" QVariant(QString, "false")
seg. ago. 3 19:33:17 2026 1785796397053 Debug: main.cpp int main(int, char **) "lifespan_bike" QVariant(QString, "false")
seg. ago. 3 19:33:17 2026 1785796397054 Debug: main.cpp int main(int, char **) "log_debug" QVariant(QString, "true")
seg. ago. 3 19:33:17 2026 1785796397055 Debug: main.cpp int main(int, char **) "m3i_bike_id" QVariant(QString, "256")
seg. ago. 3 19:33:17 2026 1785796397057 Debug: main.cpp int main(int, char **) "m3i_bike_kcal" QVariant(QString, "true")
seg. ago. 3 19:33:17 2026 1785796397058 Debug: main.cpp int main(int, char **) "m3i_bike_qt_search" QVariant(QString, "false")
seg. ago. 3 19:33:17 2026 1785796397059 Debug: main.cpp int main(int, char **) "m3i_bike_speed_buffsize" QVariant(QString, "90")
seg. ago. 3 19:33:17 2026 1785796397060 Debug: main.cpp int main(int, char **) "maps_type" QVariant(QString, "3D")
seg. ago. 3 19:33:17 2026 1785796397061 Debug: main.cpp int main(int, char **) "miles_unit" QVariant(QString, "false")
seg. ago. 3 19:33:17 2026 1785796397062 Debug: main.cpp int main(int, char **) "min_inclination" QVariant(QString, "-999")
seg. ago. 3 19:33:17 2026 1785796397064 Debug: main.cpp int main(int, char **) "mqtt_deviceid" QVariant(QString, "default")
seg. ago. 3 19:33:17 2026 1785796397065 Debug: main.cpp int main(int, char **) "mqtt_host" QVariant(QString, "")
seg. ago. 3 19:33:17 2026 1785796397066 Debug: main.cpp int main(int, char **) "mqtt_port" QVariant(QString, "1883")
seg. ago. 3 19:33:17 2026 1785796397067 Debug: main.cpp int main(int, char **) "mywhoosh_link_camera_value" QVariant(QString, "1")
seg. ago. 3 19:33:17 2026 1785796397068 Debug: main.cpp int main(int, char **) "mywhoosh_link_emote_value" QVariant(QString, "1")
seg. ago. 3 19:33:17 2026 1785796397069 Debug: main.cpp int main(int, char **) "mywhoosh_link_enabled" QVariant(QString, "false")
seg. ago. 3 19:33:17 2026 1785796397070 Debug: main.cpp int main(int, char **) "mywhoosh_link_left_down" QVariant(QString, "2")
seg. ago. 3 19:33:17 2026 1785796397071 Debug: main.cpp int main(int, char **) "mywhoosh_link_left_left" QVariant(QString, "0")
seg. ago. 3 19:33:17 2026 1785796397072 Debug: main.cpp int main(int, char **) "mywhoosh_link_left_power" QVariant(QString, "0")
seg. ago. 3 19:33:17 2026 1785796397074 Debug: main.cpp int main(int, char **) "mywhoosh_link_left_right" QVariant(QString, "0")
seg. ago. 3 19:33:17 2026 1785796397075 Debug: main.cpp int main(int, char **) "mywhoosh_link_left_shoulder" QVariant(QString, "5")
seg. ago. 3 19:33:17 2026 1785796397076 Debug: main.cpp int main(int, char **) "mywhoosh_link_left_up" QVariant(QString, "1")
seg. ago. 3 19:33:17 2026 1785796397077 Debug: main.cpp int main(int, char **) "mywhoosh_link_override_gears" QVariant(QString, "false")
seg. ago. 3 19:33:17 2026 1785796397078 Debug: main.cpp int main(int, char **) "mywhoosh_link_right_a" QVariant(QString, "0")
seg. ago. 3 19:33:17 2026 1785796397080 Debug: main.cpp int main(int, char **) "mywhoosh_link_right_b" QVariant(QString, "7")
seg. ago. 3 19:33:17 2026 1785796397081 Debug: main.cpp int main(int, char **) "mywhoosh_link_right_power" QVariant(QString, "0")
seg. ago. 3 19:33:17 2026 1785796397082 Debug: main.cpp int main(int, char **) "mywhoosh_link_right_shoulder" QVariant(QString, "0")
seg. ago. 3 19:33:17 2026 1785796397083 Debug: main.cpp int main(int, char **) "mywhoosh_link_right_y" QVariant(QString, "6")
seg. ago. 3 19:33:17 2026 1785796397085 Debug: main.cpp int main(int, char **) "mywhoosh_link_right_z" QVariant(QString, "0")
seg. ago. 3 19:33:17 2026 1785796397086 Debug: main.cpp int main(int, char **) "nordictrack_10_treadmill" QVariant(QString, "true")
seg. ago. 3 19:33:17 2026 1785796397087 Debug: main.cpp int main(int, char **) "nordictrack_2950_ip" QVariant(QString, "")
seg. ago. 3 19:33:17 2026 1785796397088 Debug: main.cpp int main(int, char **) "nordictrack_GX4_5_bike" QVariant(QString, "false")
seg. ago. 3 19:33:17 2026 1785796397089 Debug: main.cpp int main(int, char **) "nordictrack_elite_800" QVariant(QString, "false")
seg. ago. 3 19:33:17 2026 1785796397090 Debug: main.cpp int main(int, char **) "nordictrack_elliptical_c7_5" QVariant(QString, "false")
seg. ago. 3 19:33:17 2026 1785796397091 Debug: main.cpp int main(int, char **) "nordictrack_fs5i_treadmill" QVariant(QString, "false")
seg. ago. 3 19:33:17 2026 1785796397092 Debug: main.cpp int main(int, char **) "nordictrack_gx_2_7" QVariant(QString, "false")
seg. ago. 3 19:33:17 2026 1785796397093 Debug: main.cpp int main(int, char **) "nordictrack_gx_44_pro" QVariant(QString, "false")
seg. ago. 3 19:33:17 2026 1785796397095 Debug: main.cpp int main(int, char **) "nordictrack_gx_4_5_pro" QVariant(QString, "false")
seg. ago. 3 19:33:17 2026 1785796397096 Debug: main.cpp int main(int, char **) "nordictrack_ifit_adb_remote" QVariant(QString, "false")
seg. ago. 3 19:33:17 2026 1785796397097 Debug: main.cpp int main(int, char **) "nordictrack_incline_trainer_x7i" QVariant(QString, "false")
seg. ago. 3 19:33:17 2026 1785796397098 Debug: main.cpp int main(int, char **) "nordictrack_s20_treadmill" QVariant(QString, "false")
seg. ago. 3 19:33:17 2026 1785796397099 Debug: main.cpp int main(int, char **) "nordictrack_s20i_treadmill" QVariant(QString, "false")
seg. ago. 3 19:33:17 2026 1785796397101 Debug: main.cpp int main(int, char **) "nordictrack_s30_treadmill" QVariant(QString, "false")
seg. ago. 3 19:33:17 2026 1785796397102 Debug: main.cpp int main(int, char **) "nordictrack_se7i" QVariant(QString, "false")
seg. ago. 3 19:33:17 2026 1785796397103 Debug: main.cpp int main(int, char **) "nordictrack_series_7" QVariant(QString, "false")
seg. ago. 3 19:33:17 2026 1785796397104 Debug: main.cpp int main(int, char **) "nordictrack_t65s_83_treadmill" QVariant(QString, "false")
seg. ago. 3 19:33:17 2026 1785796397105 Debug: main.cpp int main(int, char **) "nordictrack_t65s_treadmill" QVariant(QString, "false")
seg. ago. 3 19:33:17 2026 1785796397106 Debug: main.cpp int main(int, char **) "nordictrack_t65s_treadmill_81_miles" QVariant(QString, "false")
seg. ago. 3 19:33:17 2026 1785796397107 Debug: main.cpp int main(int, char **) "nordictrack_t70_treadmill" QVariant(QString, "false")
seg. ago. 3 19:33:17 2026 1785796397108 Debug: main.cpp int main(int, char **) "nordictrack_treadmill_1750_adb" QVariant(QString, "false")
seg. ago. 3 19:33:17 2026 1785796397109 Debug: main.cpp int main(int, char **) "nordictrack_treadmill_commercial_le" QVariant(QString, "false")
seg. ago. 3 19:33:17 2026 1785796397110 Debug: main.cpp int main(int, char **) "nordictrack_treadmill_exp_5i" QVariant(QString, "false")
seg. ago. 3 19:33:17 2026 1785796397112 Debug: main.cpp int main(int, char **) "nordictrack_treadmill_t8_5s" QVariant(QString, "false")
seg. ago. 3 19:33:17 2026 1785796397113 Debug: main.cpp int main(int, char **) "nordictrack_treadmill_ultra_le" QVariant(QString, "false")
seg. ago. 3 19:33:17 2026 1785796397114 Debug: main.cpp int main(int, char **) "nordictrack_treadmill_x14i" QVariant(QString, "false")
seg. ago. 3 19:33:17 2026 1785796397115 Debug: main.cpp int main(int, char **) "nordictrack_tseries5_treadmill" QVariant(QString, "false")
seg. ago. 3 19:33:17 2026 1785796397116 Debug: main.cpp int main(int, char **) "nordictrack_vr21" QVariant(QString, "false")
seg. ago. 3 19:33:17 2026 1785796397117 Debug: main.cpp int main(int, char **) "nordictrack_x22i" QVariant(QString, "false")
seg. ago. 3 19:33:17 2026 1785796397119 Debug: main.cpp int main(int, char **) "nordictrackadbbike_resistance" QVariant(QString, "false")
seg. ago. 3 19:33:17 2026 1785796397120 Debug: main.cpp int main(int, char **) "norditrack_s25_treadmill" QVariant(QString, "false")
seg. ago. 3 19:33:17 2026 1785796397121 Debug: main.cpp int main(int, char **) "norditrack_s25i_treadmill" QVariant(QString, "false")
seg. ago. 3 19:33:17 2026 1785796397122 Debug: main.cpp int main(int, char **) "osc_ip" QVariant(QString, "")
seg. ago. 3 19:33:17 2026 1785796397123 Debug: main.cpp int main(int, char **) "osc_port" QVariant(QString, "9000")
seg. ago. 3 19:33:17 2026 1785796397124 Debug: main.cpp int main(int, char **) "pace_default" QVariant(QString, "Half Marathon")
seg. ago. 3 19:33:17 2026 1785796397125 Debug: main.cpp int main(int, char **) "pacef_10km" QVariant(QString, "320")
seg. ago. 3 19:33:17 2026 1785796397126 Debug: main.cpp int main(int, char **) "pacef_1mile" QVariant(QString, "250")
seg. ago. 3 19:33:17 2026 1785796397127 Debug: main.cpp int main(int, char **) "pacef_5km" QVariant(QString, "300")
seg. ago. 3 19:33:17 2026 1785796397128 Debug: main.cpp int main(int, char **) "pacef_halfmarathon" QVariant(QString, "340")
seg. ago. 3 19:33:17 2026 1785796397129 Debug: main.cpp int main(int, char **) "pacef_marathon" QVariant(QString, "360")
seg. ago. 3 19:33:17 2026 1785796397130 Debug: main.cpp int main(int, char **) "pafers_treadmill" QVariant(QString, "false")
seg. ago. 3 19:33:17 2026 1785796397131 Debug: main.cpp int main(int, char **) "pafers_treadmill_bh_iboxster_plus" QVariant(QString, "false")
seg. ago. 3 19:33:17 2026 1785796397132 Debug: main.cpp int main(int, char **) "pause_on_start" QVariant(QString, "false")
seg. ago. 3 19:33:17 2026 1785796397133 Debug: main.cpp int main(int, char **) "pause_on_start_treadmill" QVariant(QString, "false")
seg. ago. 3 19:33:17 2026 1785796397134 Debug: main.cpp int main(int, char **) "peloton_auto_start_with_intro" QVariant(QString, "false")
seg. ago. 3 19:33:17 2026 1785796397135 Debug: main.cpp int main(int, char **) "peloton_auto_start_without_intro" QVariant(QString, "false")
seg. ago. 3 19:33:17 2026 1785796397136 Debug: main.cpp int main(int, char **) "peloton_bike_ocr" QVariant(QString, "false")
seg. ago. 3 19:33:17 2026 1785796397136 Debug: main.cpp int main(int, char **) "peloton_cadence_metric" QVariant(QString, "Cadence")
seg. ago. 3 19:33:17 2026 1785796397137 Debug: main.cpp int main(int, char **) "peloton_code" QVariant(QString, "")
seg. ago. 3 19:33:17 2026 1785796397138 Debug: main.cpp int main(int, char **) "peloton_companion_workout_ocr" QVariant(QString, "false")
seg. ago. 3 19:33:17 2026 1785796397139 Debug: main.cpp int main(int, char **) "peloton_current_user_id" QVariant(QString, "")
seg. ago. 3 19:33:17 2026 1785796397140 Debug: main.cpp int main(int, char **) "peloton_date" QVariant(QString, "Before Title")
seg. ago. 3 19:33:17 2026 1785796397141 Debug: main.cpp int main(int, char **) "peloton_date_format" QVariant(QString, "MM/dd/yy")
seg. ago. 3 19:33:17 2026 1785796397142 Debug: main.cpp int main(int, char **) "peloton_description_link" QVariant(QString, "true")
seg. ago. 3 19:33:17 2026 1785796397143 Debug: main.cpp int main(int, char **) "peloton_difficulty" QVariant(QString, "lower")
seg. ago. 3 19:33:17 2026 1785796397144 Debug: main.cpp int main(int, char **) "peloton_expires" QVariant(QString, "")
seg. ago. 3 19:33:17 2026 1785796397145 Debug: main.cpp int main(int, char **) "peloton_gain" QVariant(QString, "1")
seg. ago. 3 19:33:17 2026 1785796397146 Debug: main.cpp int main(int, char **) "peloton_heartrate_metric" QVariant(QString, "Heart Rate")
seg. ago. 3 19:33:17 2026 1785796397147 Debug: main.cpp int main(int, char **) "peloton_lastrefresh" QVariant(QString, "")
seg. ago. 3 19:33:17 2026 1785796397148 Debug: main.cpp int main(int, char **) "peloton_offset" QVariant(QString, "0")
seg. ago. 3 19:33:17 2026 1785796397149 Debug: main.cpp int main(int, char **) "peloton_rower_level" QVariant(QString, "1")
seg. ago. 3 19:33:17 2026 1785796397151 Debug: main.cpp int main(int, char **) "peloton_spinups_autoresistance" QVariant(QString, "true")
seg. ago. 3 19:33:17 2026 1785796397152 Debug: main.cpp int main(int, char **) "peloton_treadmill_level" QVariant(QString, "1")
seg. ago. 3 19:33:17 2026 1785796397153 Debug: main.cpp int main(int, char **) "peloton_treadmill_running_min_speed" QVariant(QString, "0")
seg. ago. 3 19:33:17 2026 1785796397154 Debug: main.cpp int main(int, char **) "peloton_treadmill_walk_level" QVariant(QString, "1")
seg. ago. 3 19:33:17 2026 1785796397155 Debug: main.cpp int main(int, char **) "peloton_treadmill_walking_min_speed" QVariant(QString, "0")
seg. ago. 3 19:33:17 2026 1785796397156 Debug: main.cpp int main(int, char **) "peloton_workout_ocr" QVariant(QString, "false")
seg. ago. 3 19:33:17 2026 1785796397157 Debug: main.cpp int main(int, char **) "pid_heart_zone_erg_mode_watt_step" QVariant(QString, "5")
seg. ago. 3 19:33:17 2026 1785796397158 Debug: main.cpp int main(int, char **) "poll_device_time" QVariant(QString, "200")
seg. ago. 3 19:33:17 2026 1785796397160 Debug: main.cpp int main(int, char **) "power_avg_3s" QVariant(QString, "false")
seg. ago. 3 19:33:17 2026 1785796397161 Debug: main.cpp int main(int, char **) "power_avg_5s" QVariant(QString, "false")
seg. ago. 3 19:33:17 2026 1785796397162 Debug: main.cpp int main(int, char **) "power_hr_hr1" QVariant(QString, "150")
seg. ago. 3 19:33:17 2026 1785796397163 Debug: main.cpp int main(int, char **) "power_hr_hr2" QVariant(QString, "170")
seg. ago. 3 19:33:17 2026 1785796397164 Debug: main.cpp int main(int, char **) "power_hr_pwr1" QVariant(QString, "200")
seg. ago. 3 19:33:17 2026 1785796397165 Debug: main.cpp int main(int, char **) "power_hr_pwr2" QVariant(QString, "230")
seg. ago. 3 19:33:17 2026 1785796397166 Debug: main.cpp int main(int, char **) "power_sensor_as_bike" QVariant(QString, "false")
seg. ago. 3 19:33:17 2026 1785796397167 Debug: main.cpp int main(int, char **) "power_sensor_as_treadmill" QVariant(QString, "false")
seg. ago. 3 19:33:17 2026 1785796397168 Debug: main.cpp int main(int, char **) "power_sensor_cadence_instead_treadmill" QVariant(QString, "false")
seg. ago. 3 19:33:17 2026 1785796397169 Debug: main.cpp int main(int, char **) "power_sensor_name" QVariant(QString, "Disabled")
seg. ago. 3 19:33:17 2026 1785796397170 Debug: main.cpp int main(int, char **) "power_sensor_speed_inclination_coeff_a" QVariant(QString, "0")
seg. ago. 3 19:33:17 2026 1785796397171 Debug: main.cpp int main(int, char **) "power_sensor_speed_inclination_coeff_b" QVariant(QString, "0")
seg. ago. 3 19:33:17 2026 1785796397172 Debug: main.cpp int main(int, char **) "powr_sensor_running_cadence_double" QVariant(QString, "false")
seg. ago. 3 19:33:17 2026 1785796397173 Debug: main.cpp int main(int, char **) "powr_sensor_running_cadence_half_on_strava" QVariant(QString, "false")
seg. ago. 3 19:33:17 2026 1785796397174 Debug: main.cpp int main(int, char **) "profile_name" QVariant(QString, "default")
seg. ago. 3 19:33:17 2026 1785796397176 Debug: main.cpp int main(int, char **) "proform_2000_treadmill" QVariant(QString, "false")
seg. ago. 3 19:33:17 2026 1785796397177 Debug: main.cpp int main(int, char **) "proform_225_csx_PFEX32925_INT_0" QVariant(QString, "false")
seg. ago. 3 19:33:17 2026 1785796397178 Debug: main.cpp int main(int, char **) "proform_505_cst_80_44" QVariant(QString, "false")
seg. ago. 3 19:33:17 2026 1785796397179 Debug: main.cpp int main(int, char **) "proform_595i_proshox2" QVariant(QString, "false")
seg. ago. 3 19:33:17 2026 1785796397180 Debug: main.cpp int main(int, char **) "proform_8_5_treadmill" QVariant(QString, "false")
seg. ago. 3 19:33:17 2026 1785796397181 Debug: main.cpp int main(int, char **) "proform_bike_225_csx" QVariant(QString, "false")
seg. ago. 3 19:33:17 2026 1785796397182 Debug: main.cpp int main(int, char **) "proform_bike_325_csx" QVariant(QString, "false")
seg. ago. 3 19:33:17 2026 1785796397184 Debug: main.cpp int main(int, char **) "proform_bike_325_csx_PFEX439210INT_0" QVariant(QString, "false")
seg. ago. 3 19:33:17 2026 1785796397185 Debug: main.cpp int main(int, char **) "proform_bike_PFEVEX71316_0" QVariant(QString, "false")
seg. ago. 3 19:33:17 2026 1785796397186 Debug: main.cpp int main(int, char **) "proform_bike_PFEVEX71316_1" QVariant(QString, "false")
seg. ago. 3 19:33:17 2026 1785796397187 Debug: main.cpp int main(int, char **) "proform_bike_sb" QVariant(QString, "false")
seg. ago. 3 19:33:17 2026 1785796397188 Debug: main.cpp int main(int, char **) "proform_carbon_tl" QVariant(QString, "false")
seg. ago. 3 19:33:17 2026 1785796397189 Debug: main.cpp int main(int, char **) "proform_carbon_tl_PFTL59720" QVariant(QString, "false")
seg. ago. 3 19:33:17 2026 1785796397190 Debug: main.cpp int main(int, char **) "proform_carbon_tl_PFTL59722c" QVariant(QString, "false")
seg. ago. 3 19:33:17 2026 1785796397191 Debug: main.cpp int main(int, char **) "proform_carbon_tl_PFTL59723_6" QVariant(QString, "false")
seg. ago. 3 19:33:17 2026 1785796397192 Debug: main.cpp int main(int, char **) "proform_carbon_tlx_treadmill" QVariant(QString, "false")
seg. ago. 3 19:33:17 2026 1785796397193 Debug: main.cpp int main(int, char **) "proform_carbon_tlx_v84_314_treadmill" QVariant(QString, "false")
seg. ago. 3 19:33:17 2026 1785796397194 Debug: main.cpp int main(int, char **) "proform_csx210" QVariant(QString, "false")
seg. ago. 3 19:33:17 2026 1785796397195 Debug: main.cpp int main(int, char **) "proform_cycle_trainer_300_ci" QVariant(QString, "false")
seg. ago. 3 19:33:17 2026 1785796397196 Debug: main.cpp int main(int, char **) "proform_cycle_trainer_400" QVariant(QString, "false")
seg. ago. 3 19:33:17 2026 1785796397197 Debug: main.cpp int main(int, char **) "proform_elliptical_ip" QVariant(QString, "")
seg. ago. 3 19:33:17 2026 1785796397198 Debug: main.cpp int main(int, char **) "proform_hybrid_trainer_PFEL03815" QVariant(QString, "false")
seg. ago. 3 19:33:17 2026 1785796397199 Debug: main.cpp int main(int, char **) "proform_hybrid_trainer_xt" QVariant(QString, "false")
seg. ago. 3 19:33:17 2026 1785796397200 Debug: main.cpp int main(int, char **) "proform_performance_300i" QVariant(QString, "false")
seg. ago. 3 19:33:17 2026 1785796397201 Debug: main.cpp int main(int, char **) "proform_performance_400i" QVariant(QString, "false")
seg. ago. 3 19:33:17 2026 1785796397202 Debug: main.cpp int main(int, char **) "proform_pro_1000_treadmill" QVariant(QString, "false")
seg. ago. 3 19:33:17 2026 1785796397203 Debug: main.cpp int main(int, char **) "proform_proshox2" QVariant(QString, "false")
seg. ago. 3 19:33:17 2026 1785796397204 Debug: main.cpp int main(int, char **) "proform_rower_750r" QVariant(QString, "false")
seg. ago. 3 19:33:17 2026 1785796397205 Debug: main.cpp int main(int, char **) "proform_rower_ip" QVariant(QString, "")
seg. ago. 3 19:33:17 2026 1785796397206 Debug: main.cpp int main(int, char **) "proform_rower_sport_rl" QVariant(QString, "false")
seg. ago. 3 19:33:17 2026 1785796397207 Debug: main.cpp int main(int, char **) "proform_studio" QVariant(QString, "false")
seg. ago. 3 19:33:17 2026 1785796397208 Debug: main.cpp int main(int, char **) "proform_studio_NTEX71021" QVariant(QString, "false")
seg. ago. 3 19:33:17 2026 1785796397209 Debug: main.cpp int main(int, char **) "proform_tdf_10" QVariant(QString, "false")
seg. ago. 3 19:33:17 2026 1785796397210 Debug: main.cpp int main(int, char **) "proform_tdf_10_0" QVariant(QString, "false")
seg. ago. 3 19:33:17 2026 1785796397211 Debug: main.cpp int main(int, char **) "proform_tdf_jonseed_watt" QVariant(QString, "false")
seg. ago. 3 19:33:17 2026 1785796397213 Debug: main.cpp int main(int, char **) "proform_tour_de_france_clc" QVariant(QString, "false")
seg. ago. 3 19:33:17 2026 1785796397214 Debug: main.cpp int main(int, char **) "proform_trainer_8_0" QVariant(QString, "false")
seg. ago. 3 19:33:17 2026 1785796397215 Debug: main.cpp int main(int, char **) "proform_trainer_8_0_pftl59721_int_0" QVariant(QString, "false")
seg. ago. 3 19:33:17 2026 1785796397216 Debug: main.cpp int main(int, char **) "proform_trainer_9_0" QVariant(QString, "false")
seg. ago. 3 19:33:17 2026 1785796397217 Debug: main.cpp int main(int, char **) "proform_treadmill_105_cst" QVariant(QString, "false")
seg. ago. 3 19:33:17 2026 1785796397218 Debug: main.cpp int main(int, char **) "proform_treadmill_1500_pro" QVariant(QString, "false")
seg. ago. 3 19:33:17 2026 1785796397219 Debug: main.cpp int main(int, char **) "proform_treadmill_1800i" QVariant(QString, "false")
seg. ago. 3 19:33:17 2026 1785796397220 Debug: main.cpp int main(int, char **) "proform_treadmill_505_cst" QVariant(QString, "false")
seg. ago. 3 19:33:17 2026 1785796397221 Debug: main.cpp int main(int, char **) "proform_treadmill_575i" QVariant(QString, "false")
seg. ago. 3 19:33:17 2026 1785796397221 Debug: main.cpp int main(int, char **) "proform_treadmill_705_cst" QVariant(QString, "false")
seg. ago. 3 19:33:17 2026 1785796397222 Debug: main.cpp int main(int, char **) "proform_treadmill_705_cst_V78_239" QVariant(QString, "false")
seg. ago. 3 19:33:17 2026 1785796397223 Debug: main.cpp int main(int, char **) "proform_treadmill_705_cst_V80_44" QVariant(QString, "false")
seg. ago. 3 19:33:17 2026 1785796397224 Debug: main.cpp int main(int, char **) "proform_treadmill_8_0" QVariant(QString, "false")
seg. ago. 3 19:33:17 2026 1785796397225 Debug: main.cpp int main(int, char **) "proform_treadmill_8_7" QVariant(QString, "false")
seg. ago. 3 19:33:17 2026 1785796397226 Debug: main.cpp int main(int, char **) "proform_treadmill_995i" QVariant(QString, "false")
seg. ago. 3 19:33:17 2026 1785796397227 Debug: main.cpp int main(int, char **) "proform_treadmill_9_0" QVariant(QString, "false")
seg. ago. 3 19:33:17 2026 1785796397228 Debug: main.cpp int main(int, char **) "proform_treadmill_c700" QVariant(QString, "false")
seg. ago. 3 19:33:17 2026 1785796397229 Debug: main.cpp int main(int, char **) "proform_treadmill_c960i" QVariant(QString, "false")
seg. ago. 3 19:33:17 2026 1785796397230 Debug: main.cpp int main(int, char **) "proform_treadmill_cadence_lt" QVariant(QString, "false")
seg. ago. 3 19:33:17 2026 1785796397231 Debug: main.cpp int main(int, char **) "proform_treadmill_carbon_t7" QVariant(QString, "false")
seg. ago. 3 19:33:17 2026 1785796397232 Debug: main.cpp int main(int, char **) "proform_treadmill_carbon_tls" QVariant(QString, "false")
seg. ago. 3 19:33:17 2026 1785796397233 Debug: main.cpp int main(int, char **) "proform_treadmill_cst_505_pftl59420_0" QVariant(QString, "false")
seg. ago. 3 19:33:17 2026 1785796397234 Debug: main.cpp int main(int, char **) "proform_treadmill_l6_0s" QVariant(QString, "false")
seg. ago. 3 19:33:17 2026 1785796397235 Debug: main.cpp int main(int, char **) "proform_treadmill_se" QVariant(QString, "false")
seg. ago. 3 19:33:17 2026 1785796397236 Debug: main.cpp int main(int, char **) "proform_treadmill_sport_3_0" QVariant(QString, "false")
seg. ago. 3 19:33:17 2026 1785796397237 Debug: main.cpp int main(int, char **) "proform_treadmill_sport_70" QVariant(QString, "false")
seg. ago. 3 19:33:17 2026 1785796397238 Debug: main.cpp int main(int, char **) "proform_treadmill_sport_8_5" QVariant(QString, "false")
seg. ago. 3 19:33:17 2026 1785796397239 Debug: main.cpp int main(int, char **) "proform_treadmill_z1300i" QVariant(QString, "false")
seg. ago. 3 19:33:17 2026 1785796397240 Debug: main.cpp int main(int, char **) "proform_wheel_ratio" QVariant(QString, "0.33")
seg. ago. 3 19:33:17 2026 1785796397240 Debug: main.cpp int main(int, char **) "proform_xbike" QVariant(QString, "false")
seg. ago. 3 19:33:17 2026 1785796397241 Debug: main.cpp int main(int, char **) "proformtdf1ip" QVariant(QString, "")
seg. ago. 3 19:33:17 2026 1785796397242 Debug: main.cpp int main(int, char **) "proformtdf4ip" QVariant(QString, "")
seg. ago. 3 19:33:17 2026 1785796397243 Debug: main.cpp int main(int, char **) "proformtreadmillip" QVariant(QString, "")
seg. ago. 3 19:33:17 2026 1785796397244 Debug: main.cpp int main(int, char **) "race_mode" QVariant(QString, "true")
seg. ago. 3 19:33:17 2026 1785796397245 Debug: main.cpp int main(int, char **) "real_inclination_to_virtual_treamill_bridge" QVariant(QString, "false")
seg. ago. 3 19:33:17 2026 1785796397246 Debug: main.cpp int main(int, char **) "reebok_fr30_treadmill" QVariant(QString, "false")
seg. ago. 3 19:33:17 2026 1785796397247 Debug: main.cpp int main(int, char **) "renpho_bike_double_resistance" QVariant(QString, "false")
seg. ago. 3 19:33:17 2026 1785796397248 Debug: main.cpp int main(int, char **) "renpho_peloton_conversion_v2" QVariant(QString, "false")
seg. ago. 3 19:33:17 2026 1785796397249 Debug: main.cpp int main(int, char **) "restore_specific_gear" QVariant(QString, "false")
seg. ago. 3 19:33:17 2026 1785796397250 Debug: main.cpp int main(int, char **) "rogue_echo_bike" QVariant(QString, "false")
seg. ago. 3 19:33:17 2026 1785796397251 Debug: main.cpp int main(int, char **) "rolling_resistance" QVariant(QString, "0.005")
seg. ago. 3 19:33:17 2026 1785796397252 Debug: main.cpp int main(int, char **) "rouvy_compatibility" QVariant(QString, "false")
seg. ago. 3 19:33:17 2026 1785796397253 Debug: main.cpp int main(int, char **) "rpe_feel_popup_enabled" QVariant(QString, "false")
seg. ago. 3 19:33:17 2026 1785796397254 Debug: main.cpp int main(int, char **) "run_cadence_sensor" QVariant(QString, "false")
seg. ago. 3 19:33:17 2026 1785796397255 Debug: main.cpp int main(int, char **) "saris_trainer" QVariant(QString, "false")
seg. ago. 3 19:33:17 2026 1785796397257 Debug: main.cpp int main(int, char **) "schwinn_bike_resistance" QVariant(QString, "false")
seg. ago. 3 19:33:17 2026 1785796397258 Debug: main.cpp int main(int, char **) "schwinn_bike_resistance_v2" QVariant(QString, "true")
seg. ago. 3 19:33:17 2026 1785796397259 Debug: main.cpp int main(int, char **) "schwinn_bike_resistance_v3" QVariant(QString, "false")
seg. ago. 3 19:33:17 2026 1785796397260 Debug: main.cpp int main(int, char **) "schwinn_resistance_smooth" QVariant(QString, "0")
seg. ago. 3 19:33:17 2026 1785796397262 Debug: main.cpp int main(int, char **) "service_changed" QVariant(QString, "false")
seg. ago. 3 19:33:17 2026 1785796397264 Debug: main.cpp int main(int, char **) "sex" QVariant(QString, "Male")
seg. ago. 3 19:33:17 2026 1785796397264 Debug: main.cpp int main(int, char **) "shortcut_auto_resistance" QVariant(QString, "")
seg. ago. 3 19:33:17 2026 1785796397265 Debug: main.cpp int main(int, char **) "shortcut_avs_climb" QVariant(QString, "")
seg. ago. 3 19:33:17 2026 1785796397266 Debug: main.cpp int main(int, char **) "shortcut_avs_cruise" QVariant(QString, "")
seg. ago. 3 19:33:17 2026 1785796397267 Debug: main.cpp int main(int, char **) "shortcut_avs_sprint" QVariant(QString, "")
seg. ago. 3 19:33:17 2026 1785796397268 Debug: main.cpp int main(int, char **) "shortcut_biggears_minus" QVariant(QString, "")
seg. ago. 3 19:33:17 2026 1785796397269 Debug: main.cpp int main(int, char **) "shortcut_biggears_plus" QVariant(QString, "")
seg. ago. 3 19:33:17 2026 1785796397270 Debug: main.cpp int main(int, char **) "shortcut_erg_mode" QVariant(QString, "")
seg. ago. 3 19:33:17 2026 1785796397271 Debug: main.cpp int main(int, char **) "shortcut_ext_incline_minus" QVariant(QString, "")
seg. ago. 3 19:33:17 2026 1785796397272 Debug: main.cpp int main(int, char **) "shortcut_ext_incline_plus" QVariant(QString, "")
seg. ago. 3 19:33:17 2026 1785796397273 Debug: main.cpp int main(int, char **) "shortcut_fan_minus" QVariant(QString, "")
seg. ago. 3 19:33:17 2026 1785796397274 Debug: main.cpp int main(int, char **) "shortcut_fan_plus" QVariant(QString, "")
seg. ago. 3 19:33:17 2026 1785796397275 Debug: main.cpp int main(int, char **) "shortcut_gears_minus" QVariant(QString, "")
seg. ago. 3 19:33:17 2026 1785796397276 Debug: main.cpp int main(int, char **) "shortcut_gears_plus" QVariant(QString, "")
seg. ago. 3 19:33:17 2026 1785796397276 Debug: main.cpp int main(int, char **) "shortcut_inclination_minus" QVariant(QString, "")
seg. ago. 3 19:33:17 2026 1785796397277 Debug: main.cpp int main(int, char **) "shortcut_inclination_plus" QVariant(QString, "")
seg. ago. 3 19:33:17 2026 1785796397278 Debug: main.cpp int main(int, char **) "shortcut_lap" QVariant(QString, "")
seg. ago. 3 19:33:17 2026 1785796397279 Debug: main.cpp int main(int, char **) "shortcut_peloton_offset_minus" QVariant(QString, "")
seg. ago. 3 19:33:17 2026 1785796397280 Debug: main.cpp int main(int, char **) "shortcut_peloton_offset_plus" QVariant(QString, "")
seg. ago. 3 19:33:17 2026 1785796397281 Debug: main.cpp int main(int, char **) "shortcut_peloton_remaining_minus" QVariant(QString, "")
seg. ago. 3 19:33:17 2026 1785796397282 Debug: main.cpp int main(int, char **) "shortcut_peloton_remaining_plus" QVariant(QString, "")
seg. ago. 3 19:33:17 2026 1785796397283 Debug: main.cpp int main(int, char **) "shortcut_peloton_resistance_minus" QVariant(QString, "")
seg. ago. 3 19:33:17 2026 1785796397284 Debug: main.cpp int main(int, char **) "shortcut_peloton_resistance_plus" QVariant(QString, "")
seg. ago. 3 19:33:17 2026 1785796397285 Debug: main.cpp int main(int, char **) "shortcut_pid_hr_minus" QVariant(QString, "")
seg. ago. 3 19:33:17 2026 1785796397286 Debug: main.cpp int main(int, char **) "shortcut_pid_hr_plus" QVariant(QString, "")
seg. ago. 3 19:33:17 2026 1785796397287 Debug: main.cpp int main(int, char **) "shortcut_power_avg" QVariant(QString, "")
seg. ago. 3 19:33:17 2026 1785796397288 Debug: main.cpp int main(int, char **) "shortcut_preset_inclination_1" QVariant(QString, "")
seg. ago. 3 19:33:17 2026 1785796397289 Debug: main.cpp int main(int, char **) "shortcut_preset_inclination_2" QVariant(QString, "")
seg. ago. 3 19:33:17 2026 1785796397290 Debug: main.cpp int main(int, char **) "shortcut_preset_inclination_3" QVariant(QString, "")
seg. ago. 3 19:33:17 2026 1785796397291 Debug: main.cpp int main(int, char **) "shortcut_preset_inclination_4" QVariant(QString, "")
seg. ago. 3 19:33:17 2026 1785796397292 Debug: main.cpp int main(int, char **) "shortcut_preset_inclination_5" QVariant(QString, "")
seg. ago. 3 19:33:17 2026 1785796397293 Debug: main.cpp int main(int, char **) "shortcut_preset_powerzone_1" QVariant(QString, "")
seg. ago. 3 19:33:17 2026 1785796397294 Debug: main.cpp int main(int, char **) "shortcut_preset_powerzone_2" QVariant(QString, "")
seg. ago. 3 19:33:17 2026 1785796397295 Debug: main.cpp int main(int, char **) "shortcut_preset_powerzone_3" QVariant(QString, "")
seg. ago. 3 19:33:17 2026 1785796397296 Debug: main.cpp int main(int, char **) "shortcut_preset_powerzone_4" QVariant(QString, "")
seg. ago. 3 19:33:17 2026 1785796397297 Debug: main.cpp int main(int, char **) "shortcut_preset_powerzone_5" QVariant(QString, "")
seg. ago. 3 19:33:17 2026 1785796397298 Debug: main.cpp int main(int, char **) "shortcut_preset_powerzone_6" QVariant(QString, "")
seg. ago. 3 19:33:17 2026 1785796397299 Debug: main.cpp int main(int, char **) "shortcut_preset_powerzone_7" QVariant(QString, "")
seg. ago. 3 19:33:17 2026 1785796397300 Debug: main.cpp int main(int, char **) "shortcut_preset_resistance_1" QVariant(QString, "")
seg. ago. 3 19:33:17 2026 1785796397301 Debug: main.cpp int main(int, char **) "shortcut_preset_resistance_2" QVariant(QString, "")
seg. ago. 3 19:33:17 2026 1785796397301 Debug: main.cpp int main(int, char **) "shortcut_preset_resistance_3" QVariant(QString, "")
seg. ago. 3 19:33:17 2026 1785796397302 Debug: main.cpp int main(int, char **) "shortcut_preset_resistance_4" QVariant(QString, "")
seg. ago. 3 19:33:17 2026 1785796397304 Debug: main.cpp int main(int, char **) "shortcut_preset_resistance_5" QVariant(QString, "")
seg. ago. 3 19:33:17 2026 1785796397305 Debug: main.cpp int main(int, char **) "shortcut_preset_speed_1" QVariant(QString, "")
seg. ago. 3 19:33:17 2026 1785796397305 Debug: main.cpp int main(int, char **) "shortcut_preset_speed_2" QVariant(QString, "")
seg. ago. 3 19:33:17 2026 1785796397306 Debug: main.cpp int main(int, char **) "shortcut_preset_speed_3" QVariant(QString, "")
seg. ago. 3 19:33:17 2026 1785796397307 Debug: main.cpp int main(int, char **) "shortcut_preset_speed_4" QVariant(QString, "")
seg. ago. 3 19:33:17 2026 1785796397308 Debug: main.cpp int main(int, char **) "shortcut_preset_speed_5" QVariant(QString, "")
seg. ago. 3 19:33:17 2026 1785796397309 Debug: main.cpp int main(int, char **) "shortcut_remaining_time_minus" QVariant(QString, "")
seg. ago. 3 19:33:17 2026 1785796397310 Debug: main.cpp int main(int, char **) "shortcut_remaining_time_plus" QVariant(QString, "")
seg. ago. 3 19:33:17 2026 1785796397311 Debug: main.cpp int main(int, char **) "shortcut_resistance_minus" QVariant(QString, "")
seg. ago. 3 19:33:17 2026 1785796397312 Debug: main.cpp int main(int, char **) "shortcut_resistance_plus" QVariant(QString, "")
seg. ago. 3 19:33:17 2026 1785796397313 Debug: main.cpp int main(int, char **) "shortcut_speed_minus" QVariant(QString, "")
seg. ago. 3 19:33:17 2026 1785796397314 Debug: main.cpp int main(int, char **) "shortcut_speed_plus" QVariant(QString, "")
seg. ago. 3 19:33:17 2026 1785796397315 Debug: main.cpp int main(int, char **) "shortcut_start_stop" QVariant(QString, "")
seg. ago. 3 19:33:17 2026 1785796397316 Debug: main.cpp int main(int, char **) "shortcut_stop" QVariant(QString, "")
seg. ago. 3 19:33:17 2026 1785796397317 Debug: main.cpp int main(int, char **) "shortcut_target_incline_minus" QVariant(QString, "")
seg. ago. 3 19:33:17 2026 1785796397318 Debug: main.cpp int main(int, char **) "shortcut_target_incline_plus" QVariant(QString, "")
seg. ago. 3 19:33:17 2026 1785796397319 Debug: main.cpp int main(int, char **) "shortcut_target_power_minus" QVariant(QString, "")
seg. ago. 3 19:33:17 2026 1785796397321 Debug: main.cpp int main(int, char **) "shortcut_target_power_plus" QVariant(QString, "")
seg. ago. 3 19:33:17 2026 1785796397321 Debug: main.cpp int main(int, char **) "shortcut_target_resistance_minus" QVariant(QString, "")
seg. ago. 3 19:33:17 2026 1785796397323 Debug: main.cpp int main(int, char **) "shortcut_target_resistance_plus" QVariant(QString, "")
seg. ago. 3 19:33:17 2026 1785796397325 Debug: main.cpp int main(int, char **) "shortcut_target_speed_minus" QVariant(QString, "")
seg. ago. 3 19:33:17 2026 1785796397327 Debug: main.cpp int main(int, char **) "shortcut_target_speed_plus" QVariant(QString, "")
seg. ago. 3 19:33:17 2026 1785796397328 Debug: main.cpp int main(int, char **) "shortcut_target_zone_minus" QVariant(QString, "")
seg. ago. 3 19:33:17 2026 1785796397329 Debug: main.cpp int main(int, char **) "shortcut_target_zone_plus" QVariant(QString, "")
seg. ago. 3 19:33:17 2026 1785796397330 Debug: main.cpp int main(int, char **) "shortcuts_enabled" QVariant(QString, "false")
seg. ago. 3 19:33:17 2026 1785796397331 Debug: main.cpp int main(int, char **) "skandika_wiri_x2000_protocol" QVariant(QString, "true")
seg. ago. 3 19:33:17 2026 1785796397332 Debug: main.cpp int main(int, char **) "skipLocationServicesDialog" QVariant(QString, "false")
seg. ago. 3 19:33:17 2026 1785796397333 Debug: main.cpp int main(int, char **) "snode_bike" QVariant(QString, "false")
seg. ago. 3 19:33:17 2026 1785796397334 Debug: main.cpp int main(int, char **) "sole_elliptical_e55" QVariant(QString, "false")
seg. ago. 3 19:33:17 2026 1785796397336 Debug: main.cpp int main(int, char **) "sole_elliptical_inclination" QVariant(QString, "false")
seg. ago. 3 19:33:17 2026 1785796397337 Debug: main.cpp int main(int, char **) "sole_treadmill_f63" QVariant(QString, "false")
seg. ago. 3 19:33:17 2026 1785796397338 Debug: main.cpp int main(int, char **) "sole_treadmill_f65" QVariant(QString, "false")
seg. ago. 3 19:33:17 2026 1785796397338 Debug: main.cpp int main(int, char **) "sole_treadmill_inclination" QVariant(QString, "false")
seg. ago. 3 19:33:17 2026 1785796397340 Debug: main.cpp int main(int, char **) "sole_treadmill_inclination_fast" QVariant(QString, "false")
seg. ago. 3 19:33:17 2026 1785796397341 Debug: main.cpp int main(int, char **) "sole_treadmill_miles" QVariant(QString, "true")
seg. ago. 3 19:33:17 2026 1785796397342 Debug: main.cpp int main(int, char **) "sole_treadmill_tt8" QVariant(QString, "false")
seg. ago. 3 19:33:17 2026 1785796397342 Debug: main.cpp int main(int, char **) "sp_ht_9600ie" QVariant(QString, "false")
seg. ago. 3 19:33:17 2026 1785796397343 Debug: main.cpp int main(int, char **) "speed_gain" QVariant(QString, "1")
seg. ago. 3 19:33:17 2026 1785796397344 Debug: main.cpp int main(int, char **) "speed_offset" QVariant(QString, "0")
seg. ago. 3 19:33:17 2026 1785796397345 Debug: main.cpp int main(int, char **) "speed_power_based" QVariant(QString, "true")
seg. ago. 3 19:33:17 2026 1785796397346 Debug: main.cpp int main(int, char **) "sportstech_esx500" QVariant(QString, "false")
seg. ago. 3 19:33:17 2026 1785796397347 Debug: main.cpp int main(int, char **) "sportstech_sx600" QVariant(QString, "false")
seg. ago. 3 19:33:17 2026 1785796397348 Debug: main.cpp int main(int, char **) "sram_axs_controller" QVariant(QString, "false")
seg. ago. 3 19:33:17 2026 1785796397349 Debug: main.cpp int main(int, char **) "ss2k_max_resistance" QVariant(QString, "100")
seg. ago. 3 19:33:17 2026 1785796397350 Debug: main.cpp int main(int, char **) "ss2k_min_resistance" QVariant(QString, "0")
seg. ago. 3 19:33:17 2026 1785796397351 Debug: main.cpp int main(int, char **) "ss2k_peloton" QVariant(QString, "false")
seg. ago. 3 19:33:17 2026 1785796397352 Debug: main.cpp int main(int, char **) "ss2k_resistance_sample_1" QVariant(QString, "20")
seg. ago. 3 19:33:17 2026 1785796397353 Debug: main.cpp int main(int, char **) "ss2k_resistance_sample_2" QVariant(QString, "30")
seg. ago. 3 19:33:17 2026 1785796397354 Debug: main.cpp int main(int, char **) "ss2k_resistance_sample_3" QVariant(QString, "40")
seg. ago. 3 19:33:17 2026 1785796397355 Debug: main.cpp int main(int, char **) "ss2k_resistance_sample_4" QVariant(QString, "50")
seg. ago. 3 19:33:17 2026 1785796397356 Debug: main.cpp int main(int, char **) "ss2k_shift_step" QVariant(QString, "900")
seg. ago. 3 19:33:17 2026 1785796397357 Debug: main.cpp int main(int, char **) "ss2k_shift_step_sample_1" QVariant(QString, "0")
seg. ago. 3 19:33:17 2026 1785796397358 Debug: main.cpp int main(int, char **) "ss2k_shift_step_sample_2" QVariant(QString, "0")
seg. ago. 3 19:33:17 2026 1785796397359 Debug: main.cpp int main(int, char **) "ss2k_shift_step_sample_3" QVariant(QString, "0")
seg. ago. 3 19:33:17 2026 1785796397361 Debug: main.cpp int main(int, char **) "ss2k_shift_step_sample_4" QVariant(QString, "0")
seg. ago. 3 19:33:17 2026 1785796397362 Debug: main.cpp int main(int, char **) "step_gain" QVariant(QString, "1")
seg. ago. 3 19:33:17 2026 1785796397363 Debug: main.cpp int main(int, char **) "strava_auth_external_webbrowser" QVariant(QString, "false")
seg. ago. 3 19:33:17 2026 1785796397364 Debug: main.cpp int main(int, char **) "strava_date_prefix" QVariant(QString, "false")
seg. ago. 3 19:33:17 2026 1785796397366 Debug: main.cpp int main(int, char **) "strava_suffix" QVariant(QString, "#QZ")
seg. ago. 3 19:33:17 2026 1785796397367 Debug: main.cpp int main(int, char **) "strava_treadmill" QVariant(QString, "true")
seg. ago. 3 19:33:17 2026 1785796397368 Debug: main.cpp int main(int, char **) "strava_upload_mode" QVariant(QString, "Always")
seg. ago. 3 19:33:17 2026 1785796397369 Debug: main.cpp int main(int, char **) "strava_virtual_activity" QVariant(QString, "true")
seg. ago. 3 19:33:17 2026 1785796397370 Debug: main.cpp int main(int, char **) "stryd_add_inclination_gain" QVariant(QString, "false")
seg. ago. 3 19:33:17 2026 1785796397371 Debug: main.cpp int main(int, char **) "stryd_inclination_instead_treadmill" QVariant(QString, "false")
seg. ago. 3 19:33:17 2026 1785796397372 Debug: main.cpp int main(int, char **) "stryd_speed_instead_treadmill" QVariant(QString, "false")
seg. ago. 3 19:33:17 2026 1785796397374 Debug: main.cpp int main(int, char **) "tacx_neo2_peloton" QVariant(QString, "false")
seg. ago. 3 19:33:17 2026 1785796397375 Debug: main.cpp int main(int, char **) "tacxneo2_disable_negative_inclination" QVariant(QString, "false")
seg. ago. 3 19:33:17 2026 1785796397376 Debug: main.cpp int main(int, char **) "taurua_ic90" QVariant(QString, "false")
seg. ago. 3 19:33:17 2026 1785796397377 Debug: main.cpp int main(int, char **) "tdf_10_ip" QVariant(QString, "")
seg. ago. 3 19:33:17 2026 1785796397378 Debug: main.cpp int main(int, char **) "technogym_bike" QVariant(QString, "false")
seg. ago. 3 19:33:17 2026 1785796397379 Debug: main.cpp int main(int, char **) "technogym_group_cycle" QVariant(QString, "false")
seg. ago. 3 19:33:17 2026 1785796397381 Debug: main.cpp int main(int, char **) "technogym_myrun_treadmill_experimental" QVariant(QString, "false")
seg. ago. 3 19:33:17 2026 1785796397382 Debug: main.cpp int main(int, char **) "template_inner_QZWS_enabled" QVariant(QString, "true")
seg. ago. 3 19:33:17 2026 1785796397383 Debug: main.cpp int main(int, char **) "template_inner_QZWS_folders" QVariant(QStringList, (":/inner_templates//i18n", ":/inner_templates//previewchart", ":/inner_templates//floating", ":/inner_templates//workouteditor", ":/inner_templates//maps2d", ":/inner_templates//trainingbrowser", ":/inner_templates//chartjs", ":/inner_templates//workoutpreview", ":/inner_templates//googlemaps"))
seg. ago. 3 19:33:17 2026 1785796397385 Debug: main.cpp int main(int, char **) "template_inner_QZWS_ips" QVariant(Invalid)
seg. ago. 3 19:33:17 2026 1785796397386 Debug: main.cpp int main(int, char **) "template_inner_QZWS_port" QVariant(QString, "33093")
seg. ago. 3 19:33:17 2026 1785796397387 Debug: main.cpp int main(int, char **) "template_inner_QZWS_type" QVariant(QString, "WebServer")
seg. ago. 3 19:33:17 2026 1785796397388 Debug: main.cpp int main(int, char **) "template_inner_ids" QVariant(QString, "inner_QZWS")
seg. ago. 3 19:33:17 2026 1785796397389 Debug: main.cpp int main(int, char **) "template_user_QZWS_enabled" QVariant(QString, "false")
seg. ago. 3 19:33:17 2026 1785796397390 Debug: main.cpp int main(int, char **) "template_user_QZWS_folders" QVariant(QStringList, (":/templates//debug", ":/templates//example"))
seg. ago. 3 19:33:17 2026 1785796397392 Debug: main.cpp int main(int, char **) "template_user_QZWS_ips" QVariant(Invalid)
seg. ago. 3 19:33:17 2026 1785796397393 Debug: main.cpp int main(int, char **) "template_user_QZWS_type" QVariant(QString, "WebServer")
seg. ago. 3 19:33:17 2026 1785796397394 Debug: main.cpp int main(int, char **) "template_user_ids" QVariant(QStringList, ("user_vlc", "user_QZWS", "user_qz"))
seg. ago. 3 19:33:17 2026 1785796397396 Debug: main.cpp int main(int, char **) "template_user_qz_enabled" QVariant(QString, "false")
seg. ago. 3 19:33:17 2026 1785796397397 Debug: main.cpp int main(int, char **) "template_user_qz_type" QVariant(QString, "TcpClient")
seg. ago. 3 19:33:17 2026 1785796397398 Debug: main.cpp int main(int, char **) "template_user_vlc_enabled" QVariant(QString, "false")
seg. ago. 3 19:33:17 2026 1785796397399 Debug: main.cpp int main(int, char **) "template_user_vlc_type" QVariant(QString, "TcpClient")
seg. ago. 3 19:33:17 2026 1785796397401 Debug: main.cpp int main(int, char **) "theme_background_color" QVariant(QString, "#303030")
seg. ago. 3 19:33:17 2026 1785796397402 Debug: main.cpp int main(int, char **) "theme_status_bar_background_color" QVariant(QString, "#800080")
seg. ago. 3 19:33:17 2026 1785796397403 Debug: main.cpp int main(int, char **) "theme_tile_background_color" QVariant(QString, "#303030")
seg. ago. 3 19:33:17 2026 1785796397405 Debug: main.cpp int main(int, char **) "theme_tile_icon_enabled" QVariant(QString, "true")
seg. ago. 3 19:33:17 2026 1785796397407 Debug: main.cpp int main(int, char **) "theme_tile_secondline_textsize" QVariant(QString, "12")
seg. ago. 3 19:33:17 2026 1785796397409 Debug: main.cpp int main(int, char **) "theme_tile_shadow_color" QVariant(QString, "#9C27B0")
seg. ago. 3 19:33:17 2026 1785796397412 Debug: main.cpp int main(int, char **) "theme_tile_shadow_enabled" QVariant(QString, "true")
seg. ago. 3 19:33:17 2026 1785796397414 Debug: main.cpp int main(int, char **) "thinkrider_controller" QVariant(QString, "false")
seg. ago. 3 19:33:17 2026 1785796397418 Debug: main.cpp int main(int, char **) "tile_auto_virtual_shifting_climb_enabled" QVariant(QString, "false")
seg. ago. 3 19:33:17 2026 1785796397420 Debug: main.cpp int main(int, char **) "tile_auto_virtual_shifting_climb_order" QVariant(QString, "56")
seg. ago. 3 19:33:17 2026 1785796397422 Debug: main.cpp int main(int, char **) "tile_auto_virtual_shifting_cruise_enabled" QVariant(QString, "false")
seg. ago. 3 19:33:17 2026 1785796397425 Debug: main.cpp int main(int, char **) "tile_auto_virtual_shifting_cruise_order" QVariant(QString, "55")
seg. ago. 3 19:33:17 2026 1785796397428 Debug: main.cpp int main(int, char **) "tile_auto_virtual_shifting_sprint_enabled" QVariant(QString, "false")
seg. ago. 3 19:33:17 2026 1785796397430 Debug: main.cpp int main(int, char **) "tile_auto_virtual_shifting_sprint_order" QVariant(QString, "57")
seg. ago. 3 19:33:17 2026 1785796397432 Debug: main.cpp int main(int, char **) "tile_avg_pace_enabled" QVariant(QString, "false")
seg. ago. 3 19:33:17 2026 1785796397433 Debug: main.cpp int main(int, char **) "tile_avg_pace_order" QVariant(QString, "76")
seg. ago. 3 19:33:17 2026 1785796397434 Debug: main.cpp int main(int, char **) "tile_avg_watt_lap_enabled" QVariant(QString, "false")
seg. ago. 3 19:33:17 2026 1785796397435 Debug: main.cpp int main(int, char **) "tile_avg_watt_lap_order" QVariant(QString, "48")
seg. ago. 3 19:33:17 2026 1785796397436 Debug: main.cpp int main(int, char **) "tile_avgwatt_enabled" QVariant(QString, "true")
seg. ago. 3 19:33:17 2026 1785796397437 Debug: main.cpp int main(int, char **) "tile_avgwatt_order" QVariant(QString, "9")
seg. ago. 3 19:33:17 2026 1785796397438 Debug: main.cpp int main(int, char **) "tile_biggears_enabled" QVariant(QString, "false")
seg. ago. 3 19:33:17 2026 1785796397439 Debug: main.cpp int main(int, char **) "tile_biggears_order" QVariant(QString, "54")
seg. ago. 3 19:33:17 2026 1785796397440 Debug: main.cpp int main(int, char **) "tile_biggears_swap" QVariant(QString, "false")
seg. ago. 3 19:33:17 2026 1785796397441 Debug: main.cpp int main(int, char **) "tile_cadence_color_enabled" QVariant(QString, "false")
seg. ago. 3 19:33:17 2026 1785796397442 Debug: main.cpp int main(int, char **) "tile_cadence_enabled" QVariant(QString, "true")
seg. ago. 3 19:33:17 2026 1785796397443 Debug: main.cpp int main(int, char **) "tile_cadence_order" QVariant(QString, "2")
seg. ago. 3 19:33:17 2026 1785796397444 Debug: main.cpp int main(int, char **) "tile_calories_enabled" QVariant(QString, "true")
seg. ago. 3 19:33:17 2026 1785796397445 Debug: main.cpp int main(int, char **) "tile_calories_order" QVariant(QString, "4")
seg. ago. 3 19:33:17 2026 1785796397446 Debug: main.cpp int main(int, char **) "tile_coretemperature_enabled" QVariant(QString, "false")
seg. ago. 3 19:33:17 2026 1785796397447 Debug: main.cpp int main(int, char **) "tile_coretemperature_order" QVariant(QString, "67")
seg. ago. 3 19:33:17 2026 1785796397448 Debug: main.cpp int main(int, char **) "tile_datetime_enabled" QVariant(QString, "true")
seg. ago. 3 19:33:17 2026 1785796397449 Debug: main.cpp int main(int, char **) "tile_datetime_order" QVariant(QString, "16")
seg. ago. 3 19:33:17 2026 1785796397450 Debug: main.cpp int main(int, char **) "tile_elapsed_enabled" QVariant(QString, "true")
seg. ago. 3 19:33:17 2026 1785796397451 Debug: main.cpp int main(int, char **) "tile_elapsed_order" QVariant(QString, "14")
seg. ago. 3 19:33:17 2026 1785796397452 Debug: main.cpp int main(int, char **) "tile_elevation_enabled" QVariant(QString, "true")
seg. ago. 3 19:33:17 2026 1785796397453 Debug: main.cpp int main(int, char **) "tile_elevation_order" QVariant(QString, "3")
seg. ago. 3 19:33:17 2026 1785796397454 Debug: main.cpp int main(int, char **) "tile_erg_mode_enabled" QVariant(QString, "true")
seg. ago. 3 19:33:17 2026 1785796397455 Debug: main.cpp int main(int, char **) "tile_erg_mode_order" QVariant(QString, "52")
seg. ago. 3 19:33:17 2026 1785796397456 Debug: main.cpp int main(int, char **) "tile_ext_incline_enabled" QVariant(QString, "false")
seg. ago. 3 19:33:17 2026 1785796397457 Debug: main.cpp int main(int, char **) "tile_ext_incline_order" QVariant(QString, "32")
seg. ago. 3 19:33:17 2026 1785796397459 Debug: main.cpp int main(int, char **) "tile_fan_enabled" QVariant(QString, "true")
seg. ago. 3 19:33:17 2026 1785796397460 Debug: main.cpp int main(int, char **) "tile_fan_order" QVariant(QString, "12")
seg. ago. 3 19:33:17 2026 1785796397461 Debug: main.cpp int main(int, char **) "tile_ftp_enabled" QVariant(QString, "true")
seg. ago. 3 19:33:17 2026 1785796397463 Debug: main.cpp int main(int, char **) "tile_ftp_order" QVariant(QString, "10")
seg. ago. 3 19:33:17 2026 1785796397465 Debug: main.cpp int main(int, char **) "tile_gears_enabled" QVariant(QString, "false")
seg. ago. 3 19:33:17 2026 1785796397466 Debug: main.cpp int main(int, char **) "tile_gears_order" QVariant(QString, "26")
seg. ago. 3 19:33:17 2026 1785796397468 Debug: main.cpp int main(int, char **) "tile_grade_adjusted_pace_enabled" QVariant(QString, "false")
seg. ago. 3 19:33:17 2026 1785796397469 Debug: main.cpp int main(int, char **) "tile_grade_adjusted_pace_order" QVariant(QString, "79")
seg. ago. 3 19:33:17 2026 1785796397470 Debug: main.cpp int main(int, char **) "tile_ground_contact_enabled" QVariant(QString, "false")
seg. ago. 3 19:33:17 2026 1785796397471 Debug: main.cpp int main(int, char **) "tile_ground_contact_order" QVariant(QString, "33")
seg. ago. 3 19:33:17 2026 1785796397473 Debug: main.cpp int main(int, char **) "tile_heart_enabled" QVariant(QString, "true")
seg. ago. 3 19:33:17 2026 1785796397474 Debug: main.cpp int main(int, char **) "tile_heart_order" QVariant(QString, "11")
seg. ago. 3 19:33:17 2026 1785796397475 Debug: main.cpp int main(int, char **) "tile_heart_show_as_percent" QVariant(QString, "false")
seg. ago. 3 19:33:17 2026 1785796397476 Debug: main.cpp int main(int, char **) "tile_heat_time_in_zone_1_enabled" QVariant(QString, "false")
seg. ago. 3 19:33:17 2026 1785796397477 Debug: main.cpp int main(int, char **) "tile_heat_time_in_zone_1_order" QVariant(QString, "68")
seg. ago. 3 19:33:17 2026 1785796397478 Debug: main.cpp int main(int, char **) "tile_heat_time_in_zone_2_enabled" QVariant(QString, "false")
seg. ago. 3 19:33:17 2026 1785796397479 Debug: main.cpp int main(int, char **) "tile_heat_time_in_zone_2_order" QVariant(QString, "69")
seg. ago. 3 19:33:17 2026 1785796397481 Debug: main.cpp int main(int, char **) "tile_heat_time_in_zone_3_enabled" QVariant(QString, "false")
seg. ago. 3 19:33:17 2026 1785796397481 Debug: main.cpp int main(int, char **) "tile_heat_time_in_zone_3_order" QVariant(QString, "70")
seg. ago. 3 19:33:17 2026 1785796397482 Debug: main.cpp int main(int, char **) "tile_heat_time_in_zone_4_enabled" QVariant(QString, "false")
seg. ago. 3 19:33:17 2026 1785796397483 Debug: main.cpp int main(int, char **) "tile_heat_time_in_zone_4_order" QVariant(QString, "71")
seg. ago. 3 19:33:17 2026 1785796397484 Debug: main.cpp int main(int, char **) "tile_hr_time_in_zone_1_enabled" QVariant(QString, "false")
seg. ago. 3 19:33:17 2026 1785796397485 Debug: main.cpp int main(int, char **) "tile_hr_time_in_zone_1_order" QVariant(QString, "62")
seg. ago. 3 19:33:17 2026 1785796397486 Debug: main.cpp int main(int, char **) "tile_hr_time_in_zone_2_enabled" QVariant(QString, "false")
seg. ago. 3 19:33:17 2026 1785796397488 Debug: main.cpp int main(int, char **) "tile_hr_time_in_zone_2_order" QVariant(QString, "63")
seg. ago. 3 19:33:17 2026 1785796397489 Debug: main.cpp int main(int, char **) "tile_hr_time_in_zone_3_enabled" QVariant(QString, "false")
seg. ago. 3 19:33:17 2026 1785796397490 Debug: main.cpp int main(int, char **) "tile_hr_time_in_zone_3_order" QVariant(QString, "64")
seg. ago. 3 19:33:17 2026 1785796397491 Debug: main.cpp int main(int, char **) "tile_hr_time_in_zone_4_enabled" QVariant(QString, "false")
seg. ago. 3 19:33:17 2026 1785796397492 Debug: main.cpp int main(int, char **) "tile_hr_time_in_zone_4_order" QVariant(QString, "65")
seg. ago. 3 19:33:17 2026 1785796397493 Debug: main.cpp int main(int, char **) "tile_hr_time_in_zone_5_enabled" QVariant(QString, "false")
seg. ago. 3 19:33:17 2026 1785796397494 Debug: main.cpp int main(int, char **) "tile_hr_time_in_zone_5_order" QVariant(QString, "66")
seg. ago. 3 19:33:17 2026 1785796397494 Debug: main.cpp int main(int, char **) "tile_hr_time_in_zone_individual_mode" QVariant(QString, "false")
seg. ago. 3 19:33:17 2026 1785796397495 Debug: main.cpp int main(int, char **) "tile_hrv_enabled" QVariant(QString, "false")
seg. ago. 3 19:33:17 2026 1785796397496 Debug: main.cpp int main(int, char **) "tile_hrv_order" QVariant(QString, "78")
seg. ago. 3 19:33:17 2026 1785796397497 Debug: main.cpp int main(int, char **) "tile_inclination_enabled" QVariant(QString, "true")
seg. ago. 3 19:33:17 2026 1785796397498 Debug: main.cpp int main(int, char **) "tile_inclination_order" QVariant(QString, "1")
seg. ago. 3 19:33:17 2026 1785796397499 Debug: main.cpp int main(int, char **) "tile_instantaneous_stride_length_enabled" QVariant(QString, "false")
seg. ago. 3 19:33:17 2026 1785796397500 Debug: main.cpp int main(int, char **) "tile_instantaneous_stride_length_order" QVariant(QString, "32")
seg. ago. 3 19:33:17 2026 1785796397501 Debug: main.cpp int main(int, char **) "tile_jouls_enabled" QVariant(QString, "true")
seg. ago. 3 19:33:17 2026 1785796397502 Debug: main.cpp int main(int, char **) "tile_jouls_order" QVariant(QString, "13")
seg. ago. 3 19:33:17 2026 1785796397502 Debug: main.cpp int main(int, char **) "tile_lapelapsed_enabled" QVariant(QString, "false")
seg. ago. 3 19:33:17 2026 1785796397503 Debug: main.cpp int main(int, char **) "tile_lapelapsed_order" QVariant(QString, "17")
seg. ago. 3 19:33:17 2026 1785796397504 Debug: main.cpp int main(int, char **) "tile_mets_enabled" QVariant(QString, "false")
seg. ago. 3 19:33:17 2026 1785796397505 Debug: main.cpp int main(int, char **) "tile_mets_order" QVariant(QString, "28")
seg. ago. 3 19:33:17 2026 1785796397506 Debug: main.cpp int main(int, char **) "tile_moving_time_enabled" QVariant(QString, "false")
seg. ago. 3 19:33:17 2026 1785796397506 Debug: main.cpp int main(int, char **) "tile_moving_time_order" QVariant(QString, "21")
seg. ago. 3 19:33:17 2026 1785796397507 Debug: main.cpp int main(int, char **) "tile_negative_inclination_enabled" QVariant(QString, "false")
seg. ago. 3 19:33:17 2026 1785796397508 Debug: main.cpp int main(int, char **) "tile_negative_inclination_order" QVariant(QString, "75")
seg. ago. 3 19:33:17 2026 1785796397509 Debug: main.cpp int main(int, char **) "tile_nextrowstrainprogram_enabled" QVariant(QString, "false")
seg. ago. 3 19:33:17 2026 1785796397510 Debug: main.cpp int main(int, char **) "tile_nextrowstrainprogram_order" QVariant(QString, "31")
seg. ago. 3 19:33:17 2026 1785796397510 Debug: main.cpp int main(int, char **) "tile_odometer_enabled" QVariant(QString, "true")
seg. ago. 3 19:33:17 2026 1785796397512 Debug: main.cpp int main(int, char **) "tile_odometer_order" QVariant(QString, "5")
seg. ago. 3 19:33:17 2026 1785796397514 Debug: main.cpp int main(int, char **) "tile_pace_color_enabled" QVariant(QString, "true")
seg. ago. 3 19:33:17 2026 1785796397514 Debug: main.cpp int main(int, char **) "tile_pace_enabled" QVariant(QString, "true")
seg. ago. 3 19:33:17 2026 1785796397516 Debug: main.cpp int main(int, char **) "tile_pace_last500m_enabled" QVariant(QString, "true")
seg. ago. 3 19:33:17 2026 1785796397516 Debug: main.cpp int main(int, char **) "tile_pace_last500m_order" QVariant(QString, "49")
seg. ago. 3 19:33:17 2026 1785796397517 Debug: main.cpp int main(int, char **) "tile_pace_order" QVariant(QString, "6")
seg. ago. 3 19:33:17 2026 1785796397518 Debug: main.cpp int main(int, char **) "tile_peloton_difficulty_enabled" QVariant(QString, "false")
seg. ago. 3 19:33:17 2026 1785796397519 Debug: main.cpp int main(int, char **) "tile_peloton_difficulty_order" QVariant(QString, "32")
seg. ago. 3 19:33:17 2026 1785796397520 Debug: main.cpp int main(int, char **) "tile_peloton_offset_enabled" QVariant(QString, "false")
seg. ago. 3 19:33:17 2026 1785796397521 Debug: main.cpp int main(int, char **) "tile_peloton_offset_order" QVariant(QString, "22")
seg. ago. 3 19:33:17 2026 1785796397522 Debug: main.cpp int main(int, char **) "tile_peloton_remaining_enabled" QVariant(QString, "false")
seg. ago. 3 19:33:17 2026 1785796397523 Debug: main.cpp int main(int, char **) "tile_peloton_remaining_order" QVariant(QString, "22")
seg. ago. 3 19:33:17 2026 1785796397524 Debug: main.cpp int main(int, char **) "tile_peloton_resistance_color_enabled" QVariant(QString, "false")
seg. ago. 3 19:33:17 2026 1785796397525 Debug: main.cpp int main(int, char **) "tile_peloton_resistance_enabled" QVariant(QString, "true")
seg. ago. 3 19:33:17 2026 1785796397526 Debug: main.cpp int main(int, char **) "tile_peloton_resistance_order" QVariant(QString, "15")
seg. ago. 3 19:33:17 2026 1785796397527 Debug: main.cpp int main(int, char **) "tile_pid_hr_enabled" QVariant(QString, "false")
seg. ago. 3 19:33:17 2026 1785796397528 Debug: main.cpp int main(int, char **) "tile_pid_hr_order" QVariant(QString, "31")
seg. ago. 3 19:33:17 2026 1785796397529 Debug: main.cpp int main(int, char **) "tile_power_avg_enabled" QVariant(QString, "false")
seg. ago. 3 19:33:17 2026 1785796397530 Debug: main.cpp int main(int, char **) "tile_power_avg_order" QVariant(QString, "77")
seg. ago. 3 19:33:17 2026 1785796397533 Debug: main.cpp int main(int, char **) "tile_preset_inclination_1_color" QVariant(QString, "grey")
seg. ago. 3 19:33:17 2026 1785796397535 Debug: main.cpp int main(int, char **) "tile_preset_inclination_1_enabled" QVariant(QString, "false")
seg. ago. 3 19:33:17 2026 1785796397536 Debug: main.cpp int main(int, char **) "tile_preset_inclination_1_label" QVariant(QString, "0%")
seg. ago. 3 19:33:17 2026 1785796397538 Debug: main.cpp int main(int, char **) "tile_preset_inclination_1_order" QVariant(QString, "43")
seg. ago. 3 19:33:17 2026 1785796397540 Debug: main.cpp int main(int, char **) "tile_preset_inclination_1_value" QVariant(QString, "0")
seg. ago. 3 19:33:17 2026 1785796397541 Debug: main.cpp int main(int, char **) "tile_preset_inclination_2_color" QVariant(QString, "grey")
seg. ago. 3 19:33:17 2026 1785796397542 Debug: main.cpp int main(int, char **) "tile_preset_inclination_2_enabled" QVariant(QString, "false")
seg. ago. 3 19:33:17 2026 1785796397542 Debug: main.cpp int main(int, char **) "tile_preset_inclination_2_label" QVariant(QString, "1%")
seg. ago. 3 19:33:17 2026 1785796397543 Debug: main.cpp int main(int, char **) "tile_preset_inclination_2_order" QVariant(QString, "44")
seg. ago. 3 19:33:17 2026 1785796397544 Debug: main.cpp int main(int, char **) "tile_preset_inclination_2_value" QVariant(QString, "1")
seg. ago. 3 19:33:17 2026 1785796397545 Debug: main.cpp int main(int, char **) "tile_preset_inclination_3_color" QVariant(QString, "grey")
seg. ago. 3 19:33:17 2026 1785796397546 Debug: main.cpp int main(int, char **) "tile_preset_inclination_3_enabled" QVariant(QString, "false")
seg. ago. 3 19:33:17 2026 1785796397547 Debug: main.cpp int main(int, char **) "tile_preset_inclination_3_label" QVariant(QString, "2%")
seg. ago. 3 19:33:17 2026 1785796397547 Debug: main.cpp int main(int, char **) "tile_preset_inclination_3_order" QVariant(QString, "45")
seg. ago. 3 19:33:17 2026 1785796397548 Debug: main.cpp int main(int, char **) "tile_preset_inclination_3_value" QVariant(QString, "2")
seg. ago. 3 19:33:17 2026 1785796397549 Debug: main.cpp int main(int, char **) "tile_preset_inclination_4_color" QVariant(QString, "grey")
seg. ago. 3 19:33:17 2026 1785796397550 Debug: main.cpp int main(int, char **) "tile_preset_inclination_4_enabled" QVariant(QString, "false")
seg. ago. 3 19:33:17 2026 1785796397552 Debug: main.cpp int main(int, char **) "tile_preset_inclination_4_label" QVariant(QString, "3%")
seg. ago. 3 19:33:17 2026 1785796397553 Debug: main.cpp int main(int, char **) "tile_preset_inclination_4_order" QVariant(QString, "46")
seg. ago. 3 19:33:17 2026 1785796397554 Debug: main.cpp int main(int, char **) "tile_preset_inclination_4_value" QVariant(QString, "3")
seg. ago. 3 19:33:17 2026 1785796397555 Debug: main.cpp int main(int, char **) "tile_preset_inclination_5_color" QVariant(QString, "grey")
seg. ago. 3 19:33:17 2026 1785796397556 Debug: main.cpp int main(int, char **) "tile_preset_inclination_5_enabled" QVariant(QString, "false")
seg. ago. 3 19:33:17 2026 1785796397556 Debug: main.cpp int main(int, char **) "tile_preset_inclination_5_label" QVariant(QString, "4%")
seg. ago. 3 19:33:17 2026 1785796397557 Debug: main.cpp int main(int, char **) "tile_preset_inclination_5_order" QVariant(QString, "47")
seg. ago. 3 19:33:17 2026 1785796397558 Debug: main.cpp int main(int, char **) "tile_preset_inclination_5_value" QVariant(QString, "4")
seg. ago. 3 19:33:17 2026 1785796397559 Debug: main.cpp int main(int, char **) "tile_preset_powerzone_1_color" QVariant(QString, "white")
seg. ago. 3 19:33:17 2026 1785796397560 Debug: main.cpp int main(int, char **) "tile_preset_powerzone_1_enabled" QVariant(QString, "false")
seg. ago. 3 19:33:17 2026 1785796397561 Debug: main.cpp int main(int, char **) "tile_preset_powerzone_1_label" QVariant(QString, "Zone 1")
seg. ago. 3 19:33:17 2026 1785796397562 Debug: main.cpp int main(int, char **) "tile_preset_powerzone_1_order" QVariant(QString, "55")
seg. ago. 3 19:33:17 2026 1785796397562 Debug: main.cpp int main(int, char **) "tile_preset_powerzone_1_value" QVariant(QString, "1")
seg. ago. 3 19:33:17 2026 1785796397563 Debug: main.cpp int main(int, char **) "tile_preset_powerzone_2_color" QVariant(QString, "limegreen")
seg. ago. 3 19:33:17 2026 1785796397564 Debug: main.cpp int main(int, char **) "tile_preset_powerzone_2_enabled" QVariant(QString, "false")
seg. ago. 3 19:33:17 2026 1785796397565 Debug: main.cpp int main(int, char **) "tile_preset_powerzone_2_label" QVariant(QString, "Zone 2")
seg. ago. 3 19:33:17 2026 1785796397566 Debug: main.cpp int main(int, char **) "tile_preset_powerzone_2_order" QVariant(QString, "56")
seg. ago. 3 19:33:17 2026 1785796397567 Debug: main.cpp int main(int, char **) "tile_preset_powerzone_2_value" QVariant(QString, "2")
seg. ago. 3 19:33:17 2026 1785796397568 Debug: main.cpp int main(int, char **) "tile_preset_powerzone_3_color" QVariant(QString, "gold")
seg. ago. 3 19:33:17 2026 1785796397569 Debug: main.cpp int main(int, char **) "tile_preset_powerzone_3_enabled" QVariant(QString, "false")
seg. ago. 3 19:33:17 2026 1785796397570 Debug: main.cpp int main(int, char **) "tile_preset_powerzone_3_label" QVariant(QString, "Zone 3")
seg. ago. 3 19:33:17 2026 1785796397571 Debug: main.cpp int main(int, char **) "tile_preset_powerzone_3_order" QVariant(QString, "57")
seg. ago. 3 19:33:17 2026 1785796397572 Debug: main.cpp int main(int, char **) "tile_preset_powerzone_3_value" QVariant(QString, "3")
seg. ago. 3 19:33:17 2026 1785796397573 Debug: main.cpp int main(int, char **) "tile_preset_powerzone_4_color" QVariant(QString, "orange")
seg. ago. 3 19:33:17 2026 1785796397574 Debug: main.cpp int main(int, char **) "tile_preset_powerzone_4_enabled" QVariant(QString, "false")
seg. ago. 3 19:33:17 2026 1785796397574 Debug: main.cpp int main(int, char **) "tile_preset_powerzone_4_label" QVariant(QString, "Zone 4")
seg. ago. 3 19:33:17 2026 1785796397575 Debug: main.cpp int main(int, char **) "tile_preset_powerzone_4_order" QVariant(QString, "58")
seg. ago. 3 19:33:17 2026 1785796397576 Debug: main.cpp int main(int, char **) "tile_preset_powerzone_4_value" QVariant(QString, "4")
seg. ago. 3 19:33:17 2026 1785796397577 Debug: main.cpp int main(int, char **) "tile_preset_powerzone_5_color" QVariant(QString, "darkorange")
seg. ago. 3 19:33:17 2026 1785796397578 Debug: main.cpp int main(int, char **) "tile_preset_powerzone_5_enabled" QVariant(QString, "false")
seg. ago. 3 19:33:17 2026 1785796397578 Debug: main.cpp int main(int, char **) "tile_preset_powerzone_5_label" QVariant(QString, "Zone 5")
seg. ago. 3 19:33:17 2026 1785796397579 Debug: main.cpp int main(int, char **) "tile_preset_powerzone_5_order" QVariant(QString, "59")
seg. ago. 3 19:33:17 2026 1785796397580 Debug: main.cpp int main(int, char **) "tile_preset_powerzone_5_value" QVariant(QString, "5")
seg. ago. 3 19:33:17 2026 1785796397581 Debug: main.cpp int main(int, char **) "tile_preset_powerzone_6_color" QVariant(QString, "orangered")
seg. ago. 3 19:33:17 2026 1785796397582 Debug: main.cpp int main(int, char **) "tile_preset_powerzone_6_enabled" QVariant(QString, "false")
seg. ago. 3 19:33:17 2026 1785796397583 Debug: main.cpp int main(int, char **) "tile_preset_powerzone_6_label" QVariant(QString, "Zone 6")
seg. ago. 3 19:33:17 2026 1785796397584 Debug: main.cpp int main(int, char **) "tile_preset_powerzone_6_order" QVariant(QString, "60")
seg. ago. 3 19:33:17 2026 1785796397585 Debug: main.cpp int main(int, char **) "tile_preset_powerzone_6_value" QVariant(QString, "6")
seg. ago. 3 19:33:17 2026 1785796397586 Debug: main.cpp int main(int, char **) "tile_preset_powerzone_7_color" QVariant(QString, "red")
seg. ago. 3 19:33:17 2026 1785796397587 Debug: main.cpp int main(int, char **) "tile_preset_powerzone_7_enabled" QVariant(QString, "false")
seg. ago. 3 19:33:17 2026 1785796397588 Debug: main.cpp int main(int, char **) "tile_preset_powerzone_7_label" QVariant(QString, "Zone 7")
seg. ago. 3 19:33:17 2026 1785796397588 Debug: main.cpp int main(int, char **) "tile_preset_powerzone_7_order" QVariant(QString, "61")
seg. ago. 3 19:33:17 2026 1785796397589 Debug: main.cpp int main(int, char **) "tile_preset_powerzone_7_value" QVariant(QString, "7")
seg. ago. 3 19:33:17 2026 1785796397590 Debug: main.cpp int main(int, char **) "tile_preset_resistance_1_color" QVariant(QString, "grey")
seg. ago. 3 19:33:17 2026 1785796397591 Debug: main.cpp int main(int, char **) "tile_preset_resistance_1_enabled" QVariant(QString, "false")
seg. ago. 3 19:33:17 2026 1785796397592 Debug: main.cpp int main(int, char **) "tile_preset_resistance_1_label" QVariant(QString, "Res. 1")
seg. ago. 3 19:33:17 2026 1785796397593 Debug: main.cpp int main(int, char **) "tile_preset_resistance_1_order" QVariant(QString, "33")
seg. ago. 3 19:33:17 2026 1785796397593 Debug: main.cpp int main(int, char **) "tile_preset_resistance_1_value" QVariant(QString, "1")
seg. ago. 3 19:33:17 2026 1785796397594 Debug: main.cpp int main(int, char **) "tile_preset_resistance_2_color" QVariant(QString, "grey")
seg. ago. 3 19:33:17 2026 1785796397596 Debug: main.cpp int main(int, char **) "tile_preset_resistance_2_enabled" QVariant(QString, "false")
seg. ago. 3 19:33:17 2026 1785796397596 Debug: main.cpp int main(int, char **) "tile_preset_resistance_2_label" QVariant(QString, "Res. 10")
seg. ago. 3 19:33:17 2026 1785796397597 Debug: main.cpp int main(int, char **) "tile_preset_resistance_2_order" QVariant(QString, "34")
seg. ago. 3 19:33:17 2026 1785796397598 Debug: main.cpp int main(int, char **) "tile_preset_resistance_2_value" QVariant(QString, "10")
seg. ago. 3 19:33:17 2026 1785796397599 Debug: main.cpp int main(int, char **) "tile_preset_resistance_3_color" QVariant(QString, "grey")
seg. ago. 3 19:33:17 2026 1785796397600 Debug: main.cpp int main(int, char **) "tile_preset_resistance_3_enabled" QVariant(QString, "false")
seg. ago. 3 19:33:17 2026 1785796397600 Debug: main.cpp int main(int, char **) "tile_preset_resistance_3_label" QVariant(QString, "Res. 20")
seg. ago. 3 19:33:17 2026 1785796397601 Debug: main.cpp int main(int, char **) "tile_preset_resistance_3_order" QVariant(QString, "35")
seg. ago. 3 19:33:17 2026 1785796397602 Debug: main.cpp int main(int, char **) "tile_preset_resistance_3_value" QVariant(QString, "20")
seg. ago. 3 19:33:17 2026 1785796397603 Debug: main.cpp int main(int, char **) "tile_preset_resistance_4_color" QVariant(QString, "grey")
seg. ago. 3 19:33:17 2026 1785796397604 Debug: main.cpp int main(int, char **) "tile_preset_resistance_4_enabled" QVariant(QString, "false")
seg. ago. 3 19:33:17 2026 1785796397605 Debug: main.cpp int main(int, char **) "tile_preset_resistance_4_label" QVariant(QString, "Res. 25")
seg. ago. 3 19:33:17 2026 1785796397606 Debug: main.cpp int main(int, char **) "tile_preset_resistance_4_order" QVariant(QString, "36")
seg. ago. 3 19:33:17 2026 1785796397607 Debug: main.cpp int main(int, char **) "tile_preset_resistance_4_value" QVariant(QString, "25")
seg. ago. 3 19:33:17 2026 1785796397608 Debug: main.cpp int main(int, char **) "tile_preset_resistance_5_color" QVariant(QString, "grey")
seg. ago. 3 19:33:17 2026 1785796397609 Debug: main.cpp int main(int, char **) "tile_preset_resistance_5_enabled" QVariant(QString, "false")
seg. ago. 3 19:33:17 2026 1785796397610 Debug: main.cpp int main(int, char **) "tile_preset_resistance_5_label" QVariant(QString, "Res. 30")
seg. ago. 3 19:33:17 2026 1785796397611 Debug: main.cpp int main(int, char **) "tile_preset_resistance_5_order" QVariant(QString, "37")
seg. ago. 3 19:33:17 2026 1785796397612 Debug: main.cpp int main(int, char **) "tile_preset_resistance_5_value" QVariant(QString, "30")
seg. ago. 3 19:33:17 2026 1785796397613 Debug: main.cpp int main(int, char **) "tile_preset_speed_1_color" QVariant(QString, "grey")
seg. ago. 3 19:33:17 2026 1785796397614 Debug: main.cpp int main(int, char **) "tile_preset_speed_1_enabled" QVariant(QString, "false")
seg. ago. 3 19:33:17 2026 1785796397616 Debug: main.cpp int main(int, char **) "tile_preset_speed_1_label" QVariant(QString, "5 km/h")
seg. ago. 3 19:33:17 2026 1785796397617 Debug: main.cpp int main(int, char **) "tile_preset_speed_1_order" QVariant(QString, "38")
seg. ago. 3 19:33:17 2026 1785796397618 Debug: main.cpp int main(int, char **) "tile_preset_speed_1_value" QVariant(QString, "5")
seg. ago. 3 19:33:17 2026 1785796397619 Debug: main.cpp int main(int, char **) "tile_preset_speed_2_color" QVariant(QString, "grey")
seg. ago. 3 19:33:17 2026 1785796397620 Debug: main.cpp int main(int, char **) "tile_preset_speed_2_enabled" QVariant(QString, "false")
seg. ago. 3 19:33:17 2026 1785796397620 Debug: main.cpp int main(int, char **) "tile_preset_speed_2_label" QVariant(QString, "7 km/h")
seg. ago. 3 19:33:17 2026 1785796397621 Debug: main.cpp int main(int, char **) "tile_preset_speed_2_order" QVariant(QString, "39")
seg. ago. 3 19:33:17 2026 1785796397622 Debug: main.cpp int main(int, char **) "tile_preset_speed_2_value" QVariant(QString, "7")
seg. ago. 3 19:33:17 2026 1785796397623 Debug: main.cpp int main(int, char **) "tile_preset_speed_3_color" QVariant(QString, "grey")
seg. ago. 3 19:33:17 2026 1785796397624 Debug: main.cpp int main(int, char **) "tile_preset_speed_3_enabled" QVariant(QString, "false")
seg. ago. 3 19:33:17 2026 1785796397625 Debug: main.cpp int main(int, char **) "tile_preset_speed_3_label" QVariant(QString, "10 km/h")
seg. ago. 3 19:33:17 2026 1785796397626 Debug: main.cpp int main(int, char **) "tile_preset_speed_3_order" QVariant(QString, "40")
seg. ago. 3 19:33:17 2026 1785796397627 Debug: main.cpp int main(int, char **) "tile_preset_speed_3_value" QVariant(QString, "10")
seg. ago. 3 19:33:17 2026 1785796397629 Debug: main.cpp int main(int, char **) "tile_preset_speed_4_color" QVariant(QString, "grey")
seg. ago. 3 19:33:17 2026 1785796397630 Debug: main.cpp int main(int, char **) "tile_preset_speed_4_enabled" QVariant(QString, "false")
seg. ago. 3 19:33:17 2026 1785796397631 Debug: main.cpp int main(int, char **) "tile_preset_speed_4_label" QVariant(QString, "11 km/h")
seg. ago. 3 19:33:17 2026 1785796397631 Debug: main.cpp int main(int, char **) "tile_preset_speed_4_order" QVariant(QString, "41")
seg. ago. 3 19:33:17 2026 1785796397632 Debug: main.cpp int main(int, char **) "tile_preset_speed_4_value" QVariant(QString, "11")
seg. ago. 3 19:33:17 2026 1785796397633 Debug: main.cpp int main(int, char **) "tile_preset_speed_5_color" QVariant(QString, "grey")
seg. ago. 3 19:33:17 2026 1785796397634 Debug: main.cpp int main(int, char **) "tile_preset_speed_5_enabled" QVariant(QString, "false")
seg. ago. 3 19:33:17 2026 1785796397635 Debug: main.cpp int main(int, char **) "tile_preset_speed_5_label" QVariant(QString, "12 km/h")
seg. ago. 3 19:33:17 2026 1785796397636 Debug: main.cpp int main(int, char **) "tile_preset_speed_5_order" QVariant(QString, "42")
seg. ago. 3 19:33:17 2026 1785796397637 Debug: main.cpp int main(int, char **) "tile_preset_speed_5_value" QVariant(QString, "12")
seg. ago. 3 19:33:17 2026 1785796397637 Debug: main.cpp int main(int, char **) "tile_remainingtimetrainprogramrow_enabled" QVariant(QString, "false")
seg. ago. 3 19:33:17 2026 1785796397638 Debug: main.cpp int main(int, char **) "tile_remainingtimetrainprogramrow_order" QVariant(QString, "27")
seg. ago. 3 19:33:17 2026 1785796397639 Debug: main.cpp int main(int, char **) "tile_resistance_enabled" QVariant(QString, "true")
seg. ago. 3 19:33:17 2026 1785796397640 Debug: main.cpp int main(int, char **) "tile_resistance_order" QVariant(QString, "7")
seg. ago. 3 19:33:17 2026 1785796397641 Debug: main.cpp int main(int, char **) "tile_rss_enabled" QVariant(QString, "false")
seg. ago. 3 19:33:17 2026 1785796397641 Debug: main.cpp int main(int, char **) "tile_rss_order" QVariant(QString, "53")
seg. ago. 3 19:33:17 2026 1785796397642 Debug: main.cpp int main(int, char **) "tile_speed_enabled" QVariant(QString, "true")
seg. ago. 3 19:33:17 2026 1785796397643 Debug: main.cpp int main(int, char **) "tile_speed_order" QVariant(QString, "0")
seg. ago. 3 19:33:17 2026 1785796397644 Debug: main.cpp int main(int, char **) "tile_steering_angle_enabled" QVariant(QString, "false")
seg. ago. 3 19:33:17 2026 1785796397644 Debug: main.cpp int main(int, char **) "tile_steering_angle_order" QVariant(QString, "30")
seg. ago. 3 19:33:17 2026 1785796397645 Debug: main.cpp int main(int, char **) "tile_step_count_enabled" QVariant(QString, "false")
seg. ago. 3 19:33:17 2026 1785796397646 Debug: main.cpp int main(int, char **) "tile_step_count_order" QVariant(QString, "51")
seg. ago. 3 19:33:17 2026 1785796397647 Debug: main.cpp int main(int, char **) "tile_strokes_count_enabled" QVariant(QString, "false")
seg. ago. 3 19:33:17 2026 1785796397648 Debug: main.cpp int main(int, char **) "tile_strokes_count_order" QVariant(QString, "22")
seg. ago. 3 19:33:17 2026 1785796397649 Debug: main.cpp int main(int, char **) "tile_strokes_length_enabled" QVariant(QString, "false")
seg. ago. 3 19:33:17 2026 1785796397650 Debug: main.cpp int main(int, char **) "tile_strokes_length_order" QVariant(QString, "23")
seg. ago. 3 19:33:17 2026 1785796397650 Debug: main.cpp int main(int, char **) "tile_target_cadence_enabled" QVariant(QString, "true")
seg. ago. 3 19:33:17 2026 1785796397651 Debug: main.cpp int main(int, char **) "tile_target_cadence_order" QVariant(QString, "19")
seg. ago. 3 19:33:17 2026 1785796397652 Debug: main.cpp int main(int, char **) "tile_target_incline_enabled" QVariant(QString, "false")
seg. ago. 3 19:33:17 2026 1785796397653 Debug: main.cpp int main(int, char **) "tile_target_incline_order" QVariant(QString, "28")
seg. ago. 3 19:33:17 2026 1785796397654 Debug: main.cpp int main(int, char **) "tile_target_pace_enabled" QVariant(QString, "true")
seg. ago. 3 19:33:17 2026 1785796397654 Debug: main.cpp int main(int, char **) "tile_target_pace_order" QVariant(QString, "50")
seg. ago. 3 19:33:17 2026 1785796397655 Debug: main.cpp int main(int, char **) "tile_target_peloton_resistance_enabled" QVariant(QString, "false")
seg. ago. 3 19:33:17 2026 1785796397656 Debug: main.cpp int main(int, char **) "tile_target_peloton_resistance_order" QVariant(QString, "21")
seg. ago. 3 19:33:17 2026 1785796397657 Debug: main.cpp int main(int, char **) "tile_target_power_enabled" QVariant(QString, "true")
seg. ago. 3 19:33:17 2026 1785796397658 Debug: main.cpp int main(int, char **) "tile_target_power_order" QVariant(QString, "20")
seg. ago. 3 19:33:17 2026 1785796397658 Debug: main.cpp int main(int, char **) "tile_target_resistance_enabled" QVariant(QString, "true")
seg. ago. 3 19:33:17 2026 1785796397659 Debug: main.cpp int main(int, char **) "tile_target_resistance_order" QVariant(QString, "15")
seg. ago. 3 19:33:17 2026 1785796397660 Debug: main.cpp int main(int, char **) "tile_target_speed_enabled" QVariant(QString, "false")
seg. ago. 3 19:33:17 2026 1785796397661 Debug: main.cpp int main(int, char **) "tile_target_speed_order" QVariant(QString, "27")
seg. ago. 3 19:33:17 2026 1785796397662 Debug: main.cpp int main(int, char **) "tile_target_zone_enabled" QVariant(QString, "true")
seg. ago. 3 19:33:17 2026 1785796397663 Debug: main.cpp int main(int, char **) "tile_target_zone_order" QVariant(QString, "24")
seg. ago. 3 19:33:17 2026 1785796397664 Debug: main.cpp int main(int, char **) "tile_targetmets_enabled" QVariant(QString, "false")
seg. ago. 3 19:33:17 2026 1785796397665 Debug: main.cpp int main(int, char **) "tile_targetmets_order" QVariant(QString, "29")
seg. ago. 3 19:33:17 2026 1785796397666 Debug: main.cpp int main(int, char **) "tile_vertical_oscillation_enabled" QVariant(QString, "false")
seg. ago. 3 19:33:17 2026 1785796397666 Debug: main.cpp int main(int, char **) "tile_vertical_oscillation_order" QVariant(QString, "34")
seg. ago. 3 19:33:17 2026 1785796397667 Debug: main.cpp int main(int, char **) "tile_watt_color_enabled" QVariant(QString, "true")
seg. ago. 3 19:33:17 2026 1785796397668 Debug: main.cpp int main(int, char **) "tile_watt_enabled" QVariant(QString, "true")
seg. ago. 3 19:33:17 2026 1785796397669 Debug: main.cpp int main(int, char **) "tile_watt_kg_enabled" QVariant(QString, "false")
seg. ago. 3 19:33:17 2026 1785796397669 Debug: main.cpp int main(int, char **) "tile_watt_kg_order" QVariant(QString, "25")
seg. ago. 3 19:33:17 2026 1785796397670 Debug: main.cpp int main(int, char **) "tile_watt_order" QVariant(QString, "8")
seg. ago. 3 19:33:17 2026 1785796397671 Debug: main.cpp int main(int, char **) "tile_weight_loss_enabled" QVariant(QString, "false")
seg. ago. 3 19:33:17 2026 1785796397672 Debug: main.cpp int main(int, char **) "tile_weight_loss_order" QVariant(QString, "24")
seg. ago. 3 19:33:17 2026 1785796397673 Debug: main.cpp int main(int, char **) "toorx_3_0" QVariant(QString, "false")
seg. ago. 3 19:33:17 2026 1785796397674 Debug: main.cpp int main(int, char **) "toorx_65s_evo" QVariant(QString, "false")
seg. ago. 3 19:33:17 2026 1785796397675 Debug: main.cpp int main(int, char **) "toorx_bike" QVariant(QString, "false")
seg. ago. 3 19:33:17 2026 1785796397676 Debug: main.cpp int main(int, char **) "toorx_bike_srx_500" QVariant(QString, "false")
seg. ago. 3 19:33:17 2026 1785796397676 Debug: main.cpp int main(int, char **) "toorx_ftms" QVariant(QString, "false")
seg. ago. 3 19:33:17 2026 1785796397677 Debug: main.cpp int main(int, char **) "toorx_ftms_treadmill" QVariant(QString, "false")
seg. ago. 3 19:33:17 2026 1785796397678 Debug: main.cpp int main(int, char **) "toorx_srx_3500" QVariant(QString, "false")
seg. ago. 3 19:33:17 2026 1785796397679 Debug: main.cpp int main(int, char **) "toorxtreadmill_discovery_completed" QVariant(QString, "false")
seg. ago. 3 19:33:17 2026 1785796397680 Debug: main.cpp int main(int, char **) "top_bar_enabled" QVariant(QString, "true")
seg. ago. 3 19:33:17 2026 1785796397680 Debug: main.cpp int main(int, char **) "toputure_teb1" QVariant(QString, "false")
seg. ago. 3 19:33:17 2026 1785796397681 Debug: main.cpp int main(int, char **) "trainprogram_auto_lap_on_segment" QVariant(QString, "false")
seg. ago. 3 19:33:17 2026 1785796397682 Debug: main.cpp int main(int, char **) "trainprogram_clipboard_workout_enabled" QVariant(QString, "false")
seg. ago. 3 19:33:17 2026 1785796397683 Debug: main.cpp int main(int, char **) "trainprogram_cooldown_speed" QVariant(QString, "420")
seg. ago. 3 19:33:17 2026 1785796397684 Debug: main.cpp int main(int, char **) "trainprogram_incline_max" QVariant(QString, "15")
seg. ago. 3 19:33:17 2026 1785796397684 Debug: main.cpp int main(int, char **) "trainprogram_incline_min" QVariant(QString, "0")
seg. ago. 3 19:33:17 2026 1785796397685 Debug: main.cpp int main(int, char **) "trainprogram_period_seconds" QVariant(QString, "60")
seg. ago. 3 19:33:17 2026 1785796397686 Debug: main.cpp int main(int, char **) "trainprogram_pid_hr_pushy_zone_limit" QVariant(QString, "0.8")
seg. ago. 3 19:33:17 2026 1785796397688 Debug: main.cpp int main(int, char **) "trainprogram_pid_hr_recovery_zone_limit" QVariant(QString, "60")
seg. ago. 3 19:33:17 2026 1785796397689 Debug: main.cpp int main(int, char **) "trainprogram_pid_ignore_inclination" QVariant(QString, "false")
seg. ago. 3 19:33:17 2026 1785796397689 Debug: main.cpp int main(int, char **) "trainprogram_pid_pushy" QVariant(QString, "true")
seg. ago. 3 19:33:17 2026 1785796397690 Debug: main.cpp int main(int, char **) "trainprogram_random" QVariant(QString, "false")
seg. ago. 3 19:33:17 2026 1785796397691 Debug: main.cpp int main(int, char **) "trainprogram_resistance_max" QVariant(QString, "32")
seg. ago. 3 19:33:17 2026 1785796397692 Debug: main.cpp int main(int, char **) "trainprogram_resistance_min" QVariant(QString, "1")
seg. ago. 3 19:33:17 2026 1785796397693 Debug: main.cpp int main(int, char **) "trainprogram_rest_speed" QVariant(QString, "420")
seg. ago. 3 19:33:17 2026 1785796397694 Debug: main.cpp int main(int, char **) "trainprogram_sound_on_segment" QVariant(QString, "false")
seg. ago. 3 19:33:17 2026 1785796397694 Debug: main.cpp int main(int, char **) "trainprogram_speed_max" QVariant(QString, "16")
seg. ago. 3 19:33:17 2026 1785796397695 Debug: main.cpp int main(int, char **) "trainprogram_speed_min" QVariant(QString, "8")
seg. ago. 3 19:33:17 2026 1785796397696 Debug: main.cpp int main(int, char **) "trainprogram_stop_at_end" QVariant(QString, "false")
seg. ago. 3 19:33:17 2026 1785796397697 Debug: main.cpp int main(int, char **) "trainprogram_total" QVariant(QString, "60")
seg. ago. 3 19:33:17 2026 1785796397698 Debug: main.cpp int main(int, char **) "trainprogram_warmup_speed" QVariant(QString, "420")
seg. ago. 3 19:33:17 2026 1785796397699 Debug: main.cpp int main(int, char **) "treadmillDataPoints" QVariant(QString, "")
seg. ago. 3 19:33:17 2026 1785796397700 Debug: main.cpp int main(int, char **) "treadmill_difficulty_gain_or_offset" QVariant(QString, "false")
seg. ago. 3 19:33:17 2026 1785796397701 Debug: main.cpp int main(int, char **) "treadmill_direct_distance" QVariant(QString, "false")
seg. ago. 3 19:33:17 2026 1785796397702 Debug: main.cpp int main(int, char **) "treadmill_follow_wattage" QVariant(QString, "false")
seg. ago. 3 19:33:17 2026 1785796397703 Debug: main.cpp int main(int, char **) "treadmill_force_running_activity" QVariant(QString, "false")
seg. ago. 3 19:33:17 2026 1785796397704 Debug: main.cpp int main(int, char **) "treadmill_force_speed" QVariant(QString, "false")
seg. ago. 3 19:33:17 2026 1785796397705 Debug: main.cpp int main(int, char **) "treadmill_inclination_override_0" QVariant(QString, "0")
seg. ago. 3 19:33:17 2026 1785796397706 Debug: main.cpp int main(int, char **) "treadmill_inclination_override_05" QVariant(QString, "0.5")
seg. ago. 3 19:33:17 2026 1785796397708 Debug: main.cpp int main(int, char **) "treadmill_inclination_override_10" QVariant(QString, "1")
seg. ago. 3 19:33:17 2026 1785796397708 Debug: main.cpp int main(int, char **) "treadmill_inclination_override_100" QVariant(QString, "10")
seg. ago. 3 19:33:17 2026 1785796397709 Debug: main.cpp int main(int, char **) "treadmill_inclination_override_105" QVariant(QString, "10.5")
seg. ago. 3 19:33:17 2026 1785796397710 Debug: main.cpp int main(int, char **) "treadmill_inclination_override_110" QVariant(QString, "11")
seg. ago. 3 19:33:17 2026 1785796397711 Debug: main.cpp int main(int, char **) "treadmill_inclination_override_115" QVariant(QString, "11.5")
seg. ago. 3 19:33:17 2026 1785796397712 Debug: main.cpp int main(int, char **) "treadmill_inclination_override_120" QVariant(QString, "12")
seg. ago. 3 19:33:17 2026 1785796397713 Debug: main.cpp int main(int, char **) "treadmill_inclination_override_125" QVariant(QString, "12.5")
seg. ago. 3 19:33:17 2026 1785796397713 Debug: main.cpp int main(int, char **) "treadmill_inclination_override_130" QVariant(QString, "13")
seg. ago. 3 19:33:17 2026 1785796397714 Debug: main.cpp int main(int, char **) "treadmill_inclination_override_135" QVariant(QString, "13.5")
seg. ago. 3 19:33:17 2026 1785796397715 Debug: main.cpp int main(int, char **) "treadmill_inclination_override_140" QVariant(QString, "14")
seg. ago. 3 19:33:17 2026 1785796397716 Debug: main.cpp int main(int, char **) "treadmill_inclination_override_145" QVariant(QString, "14.5")
seg. ago. 3 19:33:17 2026 1785796397716 Debug: main.cpp int main(int, char **) "treadmill_inclination_override_15" QVariant(QString, "1.5")
seg. ago. 3 19:33:17 2026 1785796397717 Debug: main.cpp int main(int, char **) "treadmill_inclination_override_150" QVariant(QString, "15")
seg. ago. 3 19:33:17 2026 1785796397718 Debug: main.cpp int main(int, char **) "treadmill_inclination_override_20" QVariant(QString, "2")
seg. ago. 3 19:33:17 2026 1785796397719 Debug: main.cpp int main(int, char **) "treadmill_inclination_override_25" QVariant(QString, "2.5")
seg. ago. 3 19:33:17 2026 1785796397720 Debug: main.cpp int main(int, char **) "treadmill_inclination_override_30" QVariant(QString, "3")
seg. ago. 3 19:33:17 2026 1785796397721 Debug: main.cpp int main(int, char **) "treadmill_inclination_override_35" QVariant(QString, "3.5")
seg. ago. 3 19:33:17 2026 1785796397722 Debug: main.cpp int main(int, char **) "treadmill_inclination_override_40" QVariant(QString, "4")
seg. ago. 3 19:33:17 2026 1785796397722 Debug: main.cpp int main(int, char **) "treadmill_inclination_override_45" QVariant(QString, "4.5")
seg. ago. 3 19:33:17 2026 1785796397723 Debug: main.cpp int main(int, char **) "treadmill_inclination_override_50" QVariant(QString, "5")
seg. ago. 3 19:33:17 2026 1785796397724 Debug: main.cpp int main(int, char **) "treadmill_inclination_override_55" QVariant(QString, "5.5")
seg. ago. 3 19:33:17 2026 1785796397725 Debug: main.cpp int main(int, char **) "treadmill_inclination_override_60" QVariant(QString, "6")
seg. ago. 3 19:33:17 2026 1785796397726 Debug: main.cpp int main(int, char **) "treadmill_inclination_override_65" QVariant(QString, "6.5")
seg. ago. 3 19:33:17 2026 1785796397726 Debug: main.cpp int main(int, char **) "treadmill_inclination_override_70" QVariant(QString, "7")
seg. ago. 3 19:33:17 2026 1785796397727 Debug: main.cpp int main(int, char **) "treadmill_inclination_override_75" QVariant(QString, "7.5")
seg. ago. 3 19:33:17 2026 1785796397728 Debug: main.cpp int main(int, char **) "treadmill_inclination_override_80" QVariant(QString, "8")
seg. ago. 3 19:33:17 2026 1785796397729 Debug: main.cpp int main(int, char **) "treadmill_inclination_override_85" QVariant(QString, "8.5")
seg. ago. 3 19:33:17 2026 1785796397730 Debug: main.cpp int main(int, char **) "treadmill_inclination_override_90" QVariant(QString, "9")
seg. ago. 3 19:33:17 2026 1785796397730 Debug: main.cpp int main(int, char **) "treadmill_inclination_override_95" QVariant(QString, "9.5")
seg. ago. 3 19:33:17 2026 1785796397731 Debug: main.cpp int main(int, char **) "treadmill_inclination_ovveride_gain" QVariant(QString, "1")
seg. ago. 3 19:33:17 2026 1785796397732 Debug: main.cpp int main(int, char **) "treadmill_inclination_ovveride_offset" QVariant(QString, "0")
seg. ago. 3 19:33:17 2026 1785796397733 Debug: main.cpp int main(int, char **) "treadmill_incline_max" QVariant(QString, "100")
seg. ago. 3 19:33:17 2026 1785796397733 Debug: main.cpp int main(int, char **) "treadmill_incline_min" QVariant(QString, "-100")
seg. ago. 3 19:33:17 2026 1785796397734 Debug: main.cpp int main(int, char **) "treadmill_pid_heart_max" QVariant(QString, "0")
seg. ago. 3 19:33:17 2026 1785796397735 Debug: main.cpp int main(int, char **) "treadmill_pid_heart_min" QVariant(QString, "0")
seg. ago. 3 19:33:17 2026 1785796397736 Debug: main.cpp int main(int, char **) "treadmill_pid_heart_zone" QVariant(QString, "Disabled")
seg. ago. 3 19:33:17 2026 1785796397737 Debug: main.cpp int main(int, char **) "treadmill_simulate_inclination_with_speed" QVariant(QString, "false")
seg. ago. 3 19:33:17 2026 1785796397738 Debug: main.cpp int main(int, char **) "treadmill_speed_max" QVariant(QString, "100")
seg. ago. 3 19:33:17 2026 1785796397738 Debug: main.cpp int main(int, char **) "treadmill_speed_min" QVariant(QString, "0")
seg. ago. 3 19:33:17 2026 1785796397740 Debug: main.cpp int main(int, char **) "treadmill_step_incline" QVariant(QString, "0.5")
seg. ago. 3 19:33:17 2026 1785796397741 Debug: main.cpp int main(int, char **) "treadmill_step_speed" QVariant(QString, "0.5")
seg. ago. 3 19:33:17 2026 1785796397742 Debug: main.cpp int main(int, char **) "trx_route_key" QVariant(QString, "false")
seg. ago. 3 19:33:17 2026 1785796397742 Debug: main.cpp int main(int, char **) "tts_act_cadence" QVariant(QString, "false")
seg. ago. 3 19:33:17 2026 1785796397743 Debug: main.cpp int main(int, char **) "tts_act_calories" QVariant(QString, "true")
seg. ago. 3 19:33:17 2026 1785796397744 Debug: main.cpp int main(int, char **) "tts_act_elapsed" QVariant(QString, "true")
seg. ago. 3 19:33:17 2026 1785796397745 Debug: main.cpp int main(int, char **) "tts_act_elevation" QVariant(QString, "true")
seg. ago. 3 19:33:17 2026 1785796397746 Debug: main.cpp int main(int, char **) "tts_act_ftp" QVariant(QString, "false")
seg. ago. 3 19:33:17 2026 1785796397747 Debug: main.cpp int main(int, char **) "tts_act_heart" QVariant(QString, "true")
seg. ago. 3 19:33:17 2026 1785796397748 Debug: main.cpp int main(int, char **) "tts_act_inclination" QVariant(QString, "false")
seg. ago. 3 19:33:17 2026 1785796397749 Debug: main.cpp int main(int, char **) "tts_act_jouls" QVariant(QString, "true")
seg. ago. 3 19:33:17 2026 1785796397749 Debug: main.cpp int main(int, char **) "tts_act_odometer" QVariant(QString, "true")
seg. ago. 3 19:33:17 2026 1785796397750 Debug: main.cpp int main(int, char **) "tts_act_pace" QVariant(QString, "false")
seg. ago. 3 19:33:17 2026 1785796397752 Debug: main.cpp int main(int, char **) "tts_act_peloton_resistance" QVariant(QString, "false")
seg. ago. 3 19:33:17 2026 1785796397752 Debug: main.cpp int main(int, char **) "tts_act_resistance" QVariant(QString, "true")
seg. ago. 3 19:33:17 2026 1785796397753 Debug: main.cpp int main(int, char **) "tts_act_speed" QVariant(QString, "false")
seg. ago. 3 19:33:17 2026 1785796397754 Debug: main.cpp int main(int, char **) "tts_act_target_cadence" QVariant(QString, "true")
seg. ago. 3 19:33:17 2026 1785796397755 Debug: main.cpp int main(int, char **) "tts_act_target_incline" QVariant(QString, "true")
seg. ago. 3 19:33:17 2026 1785796397756 Debug: main.cpp int main(int, char **) "tts_act_target_pace" QVariant(QString, "false")
seg. ago. 3 19:33:17 2026 1785796397757 Debug: main.cpp int main(int, char **) "tts_act_target_peloton_resistance" QVariant(QString, "true")
seg. ago. 3 19:33:17 2026 1785796397758 Debug: main.cpp int main(int, char **) "tts_act_target_power" QVariant(QString, "true")
seg. ago. 3 19:33:17 2026 1785796397758 Debug: main.cpp int main(int, char **) "tts_act_target_speed" QVariant(QString, "true")
seg. ago. 3 19:33:17 2026 1785796397759 Debug: main.cpp int main(int, char **) "tts_act_target_zone" QVariant(QString, "true")
seg. ago. 3 19:33:17 2026 1785796397760 Debug: main.cpp int main(int, char **) "tts_act_watt" QVariant(QString, "false")
seg. ago. 3 19:33:17 2026 1785796397761 Debug: main.cpp int main(int, char **) "tts_act_watt_kg" QVariant(QString, "false")
seg. ago. 3 19:33:17 2026 1785796397762 Debug: main.cpp int main(int, char **) "tts_avg_cadence" QVariant(QString, "true")
seg. ago. 3 19:33:17 2026 1785796397764 Debug: main.cpp int main(int, char **) "tts_avg_ftp" QVariant(QString, "true")
seg. ago. 3 19:33:17 2026 1785796397765 Debug: main.cpp int main(int, char **) "tts_avg_heart" QVariant(QString, "true")
seg. ago. 3 19:33:17 2026 1785796397765 Debug: main.cpp int main(int, char **) "tts_avg_pace" QVariant(QString, "true")
seg. ago. 3 19:33:17 2026 1785796397766 Debug: main.cpp int main(int, char **) "tts_avg_peloton_resistance" QVariant(QString, "false")
seg. ago. 3 19:33:17 2026 1785796397767 Debug: main.cpp int main(int, char **) "tts_avg_resistance" QVariant(QString, "true")
seg. ago. 3 19:33:17 2026 1785796397768 Debug: main.cpp int main(int, char **) "tts_avg_speed" QVariant(QString, "true")
seg. ago. 3 19:33:17 2026 1785796397768 Debug: main.cpp int main(int, char **) "tts_avg_watt" QVariant(QString, "true")
seg. ago. 3 19:33:17 2026 1785796397769 Debug: main.cpp int main(int, char **) "tts_avg_watt_kg" QVariant(QString, "false")
seg. ago. 3 19:33:17 2026 1785796397770 Debug: main.cpp int main(int, char **) "tts_description_enabled" QVariant(QString, "true")
seg. ago. 3 19:33:17 2026 1785796397771 Debug: main.cpp int main(int, char **) "tts_enabled" QVariant(QString, "false")
seg. ago. 3 19:33:17 2026 1785796397772 Debug: main.cpp int main(int, char **) "tts_max_cadence" QVariant(QString, "false")
seg. ago. 3 19:33:17 2026 1785796397773 Debug: main.cpp int main(int, char **) "tts_max_ftp" QVariant(QString, "false")
seg. ago. 3 19:33:17 2026 1785796397773 Debug: main.cpp int main(int, char **) "tts_max_heart" QVariant(QString, "false")
seg. ago. 3 19:33:17 2026 1785796397774 Debug: main.cpp int main(int, char **) "tts_max_pace" QVariant(QString, "false")
seg. ago. 3 19:33:17 2026 1785796397775 Debug: main.cpp int main(int, char **) "tts_max_peloton_resistance" QVariant(QString, "false")
seg. ago. 3 19:33:17 2026 1785796397776 Debug: main.cpp int main(int, char **) "tts_max_resistance" QVariant(QString, "false")
seg. ago. 3 19:33:17 2026 1785796397777 Debug: main.cpp int main(int, char **) "tts_max_speed" QVariant(QString, "false")
seg. ago. 3 19:33:17 2026 1785796397777 Debug: main.cpp int main(int, char **) "tts_max_watt" QVariant(QString, "true")
seg. ago. 3 19:33:17 2026 1785796397778 Debug: main.cpp int main(int, char **) "tts_max_watt_kg" QVariant(QString, "false")
seg. ago. 3 19:33:17 2026 1785796397779 Debug: main.cpp int main(int, char **) "tts_summary_sec" QVariant(QString, "120")
seg. ago. 3 19:33:17 2026 1785796397780 Debug: main.cpp int main(int, char **) "ui_zoom" QVariant(QString, "100")
seg. ago. 3 19:33:17 2026 1785796397781 Debug: main.cpp int main(int, char **) "umay_s100_treadmill" QVariant(QString, "false")
seg. ago. 3 19:33:17 2026 1785796397781 Debug: main.cpp int main(int, char **) "user_nickname" QVariant(QString, "")
seg. ago. 3 19:33:17 2026 1785796397782 Debug: main.cpp int main(int, char **) "video_playback_window_s" QVariant(QString, "12")
seg. ago. 3 19:33:17 2026 1785796397783 Debug: main.cpp int main(int, char **) "virtual_device_bluetooth" QVariant(QString, "true")
seg. ago. 3 19:33:17 2026 1785796397784 Debug: main.cpp int main(int, char **) "virtual_device_echelon" QVariant(QString, "false")
seg. ago. 3 19:33:17 2026 1785796397785 Debug: main.cpp int main(int, char **) "virtual_device_enabled" QVariant(QString, "true")
seg. ago. 3 19:33:17 2026 1785796397786 Debug: main.cpp int main(int, char **) "virtual_device_force_bike" QVariant(QString, "false")
seg. ago. 3 19:33:17 2026 1785796397786 Debug: main.cpp int main(int, char **) "virtual_device_force_treadmill" QVariant(QString, "false")
seg. ago. 3 19:33:17 2026 1785796397787 Debug: main.cpp int main(int, char **) "virtual_device_ifit" QVariant(QString, "false")
seg. ago. 3 19:33:17 2026 1785796397788 Debug: main.cpp int main(int, char **) "virtual_device_onlyheart" QVariant(QString, "false")
seg. ago. 3 19:33:17 2026 1785796397789 Debug: main.cpp int main(int, char **) "virtual_device_rower" QVariant(QString, "false")
seg. ago. 3 19:33:17 2026 1785796397790 Debug: main.cpp int main(int, char **) "virtual_device_rower_pm5" QVariant(QString, "false")
seg. ago. 3 19:33:17 2026 1785796397790 Debug: main.cpp int main(int, char **) "virtualbike_forceresistance" QVariant(QString, "true")
seg. ago. 3 19:33:17 2026 1785796397791 Debug: main.cpp int main(int, char **) "virtufit_etappe" QVariant(QString, "false")
seg. ago. 3 19:33:17 2026 1785796397792 Debug: main.cpp int main(int, char **) "volume_change_gears" QVariant(QString, "false")
seg. ago. 3 19:33:17 2026 1785796397793 Debug: main.cpp int main(int, char **) "wahoo_rgt_dircon" QVariant(QString, "true")
seg. ago. 3 19:33:17 2026 1785796397794 Debug: main.cpp int main(int, char **) "wahoo_without_wheel_diameter" QVariant(QString, "false")
seg. ago. 3 19:33:17 2026 1785796397795 Debug: main.cpp int main(int, char **) "waterrower_usb" QVariant(QString, "false")
seg. ago. 3 19:33:17 2026 1785796397796 Debug: main.cpp int main(int, char **) "watt_bike_emulator" QVariant(QString, "false")
seg. ago. 3 19:33:17 2026 1785796397798 Debug: main.cpp int main(int, char **) "watt_gain" QVariant(QString, "1")
seg. ago. 3 19:33:17 2026 1785796397799 Debug: main.cpp int main(int, char **) "watt_ignore_builtin" QVariant(QString, "true")
seg. ago. 3 19:33:17 2026 1785796397800 Debug: main.cpp int main(int, char **) "watt_offset" QVariant(QString, "0")
seg. ago. 3 19:33:17 2026 1785796397801 Debug: main.cpp int main(int, char **) "weight" QVariant(QString, "84")
seg. ago. 3 19:33:17 2026 1785796397802 Debug: main.cpp int main(int, char **) "weight_kg_unit" QVariant(QString, "false")
seg. ago. 3 19:33:17 2026 1785796397803 Debug: main.cpp int main(int, char **) "yesoul_peloton_formula" QVariant(QString, "false")
seg. ago. 3 19:33:17 2026 1785796397804 Debug: main.cpp int main(int, char **) "zero_zt2500_treadmill" QVariant(QString, "false")
seg. ago. 3 19:33:17 2026 1785796397805 Debug: main.cpp int main(int, char **) "zwift_api_autoinclination" QVariant(QString, "true")
seg. ago. 3 19:33:17 2026 1785796397806 Debug: main.cpp int main(int, char **) "zwift_api_poll" QVariant(QString, "5")
seg. ago. 3 19:33:17 2026 1785796397806 Debug: main.cpp int main(int, char **) "zwift_click" QVariant(QString, "false")
seg. ago. 3 19:33:17 2026 1785796397807 Debug: main.cpp int main(int, char **) "zwift_erg" QVariant(QString, "true")
seg. ago. 3 19:33:17 2026 1785796397808 Debug: main.cpp int main(int, char **) "zwift_erg_filter" QVariant(QString, "10")
seg. ago. 3 19:33:17 2026 1785796397809 Debug: main.cpp int main(int, char **) "zwift_erg_filter_down" QVariant(QString, "10")
seg. ago. 3 19:33:17 2026 1785796397810 Debug: main.cpp int main(int, char **) "zwift_erg_resistance_down" QVariant(QString, "0")
seg. ago. 3 19:33:17 2026 1785796397811 Debug: main.cpp int main(int, char **) "zwift_erg_resistance_up" QVariant(QString, "999")
seg. ago. 3 19:33:17 2026 1785796397812 Debug: main.cpp int main(int, char **) "zwift_gear_ui_aligned" QVariant(QString, "false")
seg. ago. 3 19:33:17 2026 1785796397813 Debug: main.cpp int main(int, char **) "zwift_inclination_gain" QVariant(QString, "1")
seg. ago. 3 19:33:17 2026 1785796397814 Debug: main.cpp int main(int, char **) "zwift_inclination_offset" QVariant(QString, "0")
seg. ago. 3 19:33:17 2026 1785796397815 Debug: main.cpp int main(int, char **) "zwift_negative_inclination_x2" QVariant(QString, "false")
seg. ago. 3 19:33:17 2026 1785796397817 Debug: main.cpp int main(int, char **) "zwift_ocr" QVariant(QString, "false")
seg. ago. 3 19:33:17 2026 1785796397819 Debug: main.cpp int main(int, char **) "zwift_ocr_climb_portal" QVariant(QString, "false")
seg. ago. 3 19:33:17 2026 1785796397820 Debug: main.cpp int main(int, char **) "zwift_play" QVariant(QString, "false")
seg. ago. 3 19:33:17 2026 1785796397822 Debug: main.cpp int main(int, char **) "zwift_play_emulator" QVariant(QString, "false")
seg. ago. 3 19:33:17 2026 1785796397823 Debug: main.cpp int main(int, char **) "zwift_play_vibration" QVariant(QString, "true")
seg. ago. 3 19:33:17 2026 1785796397824 Debug: main.cpp int main(int, char **) "zwift_workout_ocr" QVariant(QString, "false")
seg. ago. 3 19:33:17 2026 1785796397826 Debug: main.cpp int main(int, char **) "zwiftplay_gear_lb" QVariant(QString, "0")
seg. ago. 3 19:33:17 2026 1785796397828 Debug: main.cpp int main(int, char **) "zwiftplay_gear_ls1" QVariant(QString, "2")
seg. ago. 3 19:33:17 2026 1785796397828 Debug: main.cpp int main(int, char **) "zwiftplay_gear_ls2" QVariant(QString, "2")
seg. ago. 3 19:33:17 2026 1785796397829 Debug: main.cpp int main(int, char **) "zwiftplay_gear_paddle_left" QVariant(QString, "2")
seg. ago. 3 19:33:17 2026 1785796397830 Debug: main.cpp int main(int, char **) "zwiftplay_gear_paddle_right" QVariant(QString, "1")
seg. ago. 3 19:33:17 2026 1785796397831 Debug: main.cpp int main(int, char **) "zwiftplay_gear_rb" QVariant(QString, "0")
seg. ago. 3 19:33:17 2026 1785796397832 Debug: main.cpp int main(int, char **) "zwiftplay_gear_rs1" QVariant(QString, "1")
seg. ago. 3 19:33:17 2026 1785796397833 Debug: main.cpp int main(int, char **) "zwiftplay_gear_rs2" QVariant(QString, "1")
seg. ago. 3 19:33:17 2026 1785796397834 Debug: main.cpp int main(int, char **) "zwiftplay_swap" QVariant(QString, "false")
seg. ago. 3 19:33:18 2026 1785796398119 Debug: main.cpp int main(int, char **) READ_EXTERNAL_STORAGE denied!
seg. ago. 3 19:33:18 2026 1785796398146 Debug: androidqlog.cpp void Java_org_cagnulen_qdomyoszwift_QLog_sendToQt(JNIEnv *, jclass, jint, jstring, jstring) [DEBUG: "DaemonMode" ] "already exempt from battery optimizations"
seg. ago. 3 19:33:18 2026 1785796398173 Debug: androidqlog.cpp void Java_org_cagnulen_qdomyoszwift_QLog_sendToQt(JNIEnv *, jclass, jint, jstring, jstring) [DEBUG: "ForegroundService" ] "daemon mode: partial wake lock acquired"
seg. ago. 3 19:33:18 2026 1785796398209 Warning:   ACCESS_COARSE|FINE_LOCATION permission available
seg. ago. 3 19:33:18 2026 1785796398212 Debug:   Location turned on
seg. ago. 3 19:33:18 2026 1785796398269 Debug:   QBluetoothDeviceDiscoveryAgentPrivate::start() - Low Energy search successfully started.
seg. ago. 3 19:33:18 2026 1785796398282 Warning:   QNetworkInterface/AF_NETLINK: found unknown interface with index 1
seg. ago. 3 19:33:18 2026 1785796398283 Warning:   QNetworkInterface/AF_NETLINK: found unknown interface with index 11
seg. ago. 3 19:33:18 2026 1785796398285 Warning:   QNetworkInterface/AF_NETLINK: found unknown interface with index 1
seg. ago. 3 19:33:18 2026 1785796398286 Warning:   QNetworkInterface/AF_NETLINK: found unknown interface with index 11
seg. ago. 3 19:33:18 2026 1785796398287 Warning:   QNetworkInterface/AF_NETLINK: found unknown interface with index 1
seg. ago. 3 19:33:18 2026 1785796398288 Warning:   QNetworkInterface/AF_NETLINK: found unknown interface with index 11
seg. ago. 3 19:33:18 2026 1785796398289 Warning:   QNetworkInterface/AF_NETLINK: found unknown interface with index 1
seg. ago. 3 19:33:18 2026 1785796398290 Warning:   QNetworkInterface/AF_NETLINK: found unknown interface with index 11
seg. ago. 3 19:33:18 2026 1785796398304 Warning:   QNetworkInterface/AF_NETLINK: found unknown interface with index 1
seg. ago. 3 19:33:18 2026 1785796398304 Debug: fontmanager.cpp void FontManager::loadLocalEmojiFont() Font file path: "/data/user/0/org.cagnulen.qdomyoszwift/cache/fonts/NotoColorEmoji.ttf"
seg. ago. 3 19:33:18 2026 1785796398305 Warning:   QNetworkInterface/AF_NETLINK: found unknown interface with index 11
seg. ago. 3 19:33:18 2026 1785796398305 Debug: fontmanager.cpp void FontManager::loadLocalEmojiFont() Font file exists: true
seg. ago. 3 19:33:18 2026 1785796398306 Warning:   QNetworkInterface/AF_NETLINK: found unknown interface with index 1
seg. ago. 3 19:33:18 2026 1785796398306 Debug: fontmanager.cpp void FontManager::loadLocalEmojiFont() Font file size: 10673480 bytes
seg. ago. 3 19:33:18 2026 1785796398307 Warning:   QNetworkInterface/AF_NETLINK: found unknown interface with index 11
seg. ago. 3 19:33:18 2026 1785796398307 Debug: fontmanager.cpp void FontManager::loadLocalEmojiFont() Font file readable: true
seg. ago. 3 19:33:18 2026 1785796398308 Debug: fontmanager.cpp void FontManager::loadLocalEmojiFont() Font file header (hex): "00010000000d00800003005043424454"
seg. ago. 3 19:33:18 2026 1785796398308 Warning:   QNetworkInterface/AF_NETLINK: found unknown interface with index 1
seg. ago. 3 19:33:18 2026 1785796398309 Debug: fontmanager.cpp void FontManager::loadLocalEmojiFont() Font file header (text): "\x00\x01\x00\x00\x00\r\x00\x80\x00\x03\x00PCBDT"
seg. ago. 3 19:33:18 2026 1785796398309 Warning:   QNetworkInterface/AF_NETLINK: found unknown interface with index 11
seg. ago. 3 19:33:18 2026 1785796398311 Warning:   QNetworkInterface/AF_NETLINK: found unknown interface with index 1
seg. ago. 3 19:33:18 2026 1785796398312 Warning:   QNetworkInterface/AF_NETLINK: found unknown interface with index 11
seg. ago. 3 19:33:18 2026 1785796398317 Debug: fontmanager.cpp void FontManager::loadLocalEmojiFont() QFontDatabase::addApplicationFont returned: 0
seg. ago. 3 19:33:18 2026 1785796398318 Debug: fontmanager.cpp void FontManager::loadLocalEmojiFont() Available font families: ("Noto Color Emoji")
seg. ago. 3 19:33:18 2026 1785796398320 Debug: fontmanager.cpp void FontManager::loadLocalEmojiFont() Cached emoji font loaded: "Noto Color Emoji"
seg. ago. 3 19:33:18 2026 1785796398322 Debug: main.cpp auto main(int, char **)::(anonymous class)::operator()(const QString &, const QString &) const Translation loaded successfully for "locale" : "pt_BR"
seg. ago. 3 19:33:18 2026 1785796398361 Warning:   Ignoring duplicate QML module registration for QtQuick 2
seg. ago. 3 19:33:19 2026 1785796399080 Warning:   Could not attach Keys property to:  ApplicationWindow_QMLTYPE_40_QML_55(0x71bf201d20, name = "stack")  is not an Item
seg. ago. 3 19:33:19 2026 1785796399118 Warning: androidqlog.cpp void Java_org_cagnulen_qdomyoszwift_QLog_sendToQt(JNIEnv *, jclass, jint, jstring, jstring) [WARN: "InAppPurchase" ] "initializeConnection start"
seg. ago. 3 19:33:19 2026 1785796399165 Debug: qrc:/main.qml onCurrentOrientationChanged Orientation changed to: 1
seg. ago. 3 19:33:19 2026 1785796399326 Warning: androidqlog.cpp void Java_org_cagnulen_qdomyoszwift_QLog_sendToQt(JNIEnv *, jclass, jint, jstring, jstring) [WARN: "InAppPurchase" ] "onBillingSetupFinished"
seg. ago. 3 19:33:19 2026 1785796399370 Warning: qrc:/Home.qml  qrc:/Home.qml:50:5: QML Connections: Implicitly defined onFoo properties in Connections are deprecated. Use this syntax instead: function onFoo(<arguments>) { ... }
seg. ago. 3 19:33:19 2026 1785796399371 Warning: qrc:/Home.qml  qrc:/Home.qml:50:5: QML Connections: Cannot assign to non-existent property "onTrainingProgramIntervalSoundRequested"
seg. ago. 3 19:33:19 2026 1785796399927 Warning: qrc:/ChartFooterInnerJS.qml  qrc:/ChartFooterInnerJS.qml:14:5: QML WebView: Detected anchors on an item that is managed by a layout. This is undefined behavior; use Layout.alignment instead.
seg. ago. 3 19:33:19 2026 1785796399929 Warning: qrc:/ChartFooter.qml  qrc:/ChartFooter.qml:9:5: QML Loader: Detected anchors on an item that is managed by a layout. This is undefined behavior; use Layout.alignment instead.
seg. ago. 3 19:33:19 2026 1785796399930 Warning: qrc:/ChartFooter.qml  qrc:/ChartFooter.qml:16:5: QML Loader: Detected anchors on an item that is managed by a layout. This is undefined behavior; use Layout.alignment instead.
seg. ago. 3 19:33:19 2026 1785796399997 Debug: qrc:/Home.qml onCompleted home.qml completed
seg. ago. 3 19:33:20 2026 1785796400026 Debug: androidstatusbar.cpp void AndroidStatusBar::onInsetsChanged(int, int, int, int, int, int, int, int) Insets changed - Top: 24 Bottom: 48 Left: 0 Right: 0 WaterfallTop: 0 WaterfallBottom: 0 WaterfallLeft: 0 WaterfallRight: 0
seg. ago. 3 19:33:20 2026 1785796400393 Warning: qrc:/ChartFooterInnerJS.qml  qrc:/ChartFooterInnerJS.qml:19: ReferenceError: rootItem is not defined
seg. ago. 3 19:33:20 2026 1785796400394 Warning: qrc:/ChartFooterInnerJS.qml  qrc:/ChartFooterInnerJS.qml:17: ReferenceError: rootItem is not defined
seg. ago. 3 19:33:20 2026 1785796400394 Warning: qrc:/HomeForm.ui.qml  qrc:/HomeForm.ui.qml:75: ReferenceError: rootItem is not defined
seg. ago. 3 19:33:20 2026 1785796400395 Warning: qrc:/HomeForm.ui.qml  qrc:/HomeForm.ui.qml:69: ReferenceError: rootItem is not defined
seg. ago. 3 19:33:20 2026 1785796400396 Warning: qrc:/HomeForm.ui.qml  qrc:/HomeForm.ui.qml:89: ReferenceError: rootItem is not defined
seg. ago. 3 19:33:20 2026 1785796400397 Warning: qrc:/HomeForm.ui.qml  qrc:/HomeForm.ui.qml:106: ReferenceError: rootItem is not defined
seg. ago. 3 19:33:20 2026 1785796400397 Warning: qrc:/HomeForm.ui.qml  qrc:/HomeForm.ui.qml:114: ReferenceError: rootItem is not defined
seg. ago. 3 19:33:20 2026 1785796400398 Warning: qrc:/HomeForm.ui.qml  qrc:/HomeForm.ui.qml:103: ReferenceError: rootItem is not defined
seg. ago. 3 19:33:20 2026 1785796400399 Warning: qrc:/HomeForm.ui.qml  qrc:/HomeForm.ui.qml:122: ReferenceError: rootItem is not defined
seg. ago. 3 19:33:20 2026 1785796400400 Warning: qrc:/HomeForm.ui.qml  qrc:/HomeForm.ui.qml:121: ReferenceError: rootItem is not defined
seg. ago. 3 19:33:20 2026 1785796400401 Warning: qrc:/HomeForm.ui.qml  qrc:/HomeForm.ui.qml:136: ReferenceError: rootItem is not defined
seg. ago. 3 19:33:20 2026 1785796400402 Warning: qrc:/HomeForm.ui.qml  qrc:/HomeForm.ui.qml:144: ReferenceError: rootItem is not defined
seg. ago. 3 19:33:20 2026 1785796400403 Warning: qrc:/HomeForm.ui.qml  qrc:/HomeForm.ui.qml:133: ReferenceError: rootItem is not defined
seg. ago. 3 19:33:20 2026 1785796400404 Warning: qrc:/HomeForm.ui.qml  qrc:/HomeForm.ui.qml:152: ReferenceError: rootItem is not defined
seg. ago. 3 19:33:20 2026 1785796400405 Warning: qrc:/HomeForm.ui.qml  qrc:/HomeForm.ui.qml:151: ReferenceError: rootItem is not defined
seg. ago. 3 19:33:20 2026 1785796400406 Warning: qrc:/HomeForm.ui.qml  qrc:/HomeForm.ui.qml:29: ReferenceError: rootItem is not defined
seg. ago. 3 19:33:20 2026 1785796400407 Warning: qrc:/HomeForm.ui.qml  qrc:/HomeForm.ui.qml:171: ReferenceError: rootItem is not defined
seg. ago. 3 19:33:20 2026 1785796400408 Warning: qrc:/HomeForm.ui.qml  qrc:/HomeForm.ui.qml:197: ReferenceError: rootItem is not defined
seg. ago. 3 19:33:20 2026 1785796400409 Warning: qrc:/HomeForm.ui.qml  qrc:/HomeForm.ui.qml:208: ReferenceError: rootItem is not defined
seg. ago. 3 19:33:20 2026 1785796400410 Warning: qrc:/Home.qml  qrc:/Home.qml:529: ReferenceError: rootItem is not defined
seg. ago. 3 19:33:20 2026 1785796400411 Warning: qrc:/Home.qml  qrc:/Home.qml:524: ReferenceError: rootItem is not defined
seg. ago. 3 19:33:20 2026 1785796400412 Warning: qrc:/Home.qml  qrc:/Home.qml:538: ReferenceError: rootItem is not defined
seg. ago. 3 19:33:20 2026 1785796400413 Warning: qrc:/Home.qml  qrc:/Home.qml:580: ReferenceError: rootItem is not defined
seg. ago. 3 19:33:20 2026 1785796400413 Warning: qrc:/ChartFooter.qml  qrc:/ChartFooter.qml:11:9: Unable to assign QQuickLoader to QQmlComponent
seg. ago. 3 19:33:20 2026 1785796400414 Warning: qrc:/Home.qml  qrc:/Home.qml:587: ReferenceError: rootItem is not defined
seg. ago. 3 19:33:20 2026 1785796400415 Warning: qrc:/Home.qml  qrc:/Home.qml:593: ReferenceError: rootItem is not defined
seg. ago. 3 19:33:20 2026 1785796400416 Warning: qrc:/Home.qml  qrc:/Home.qml:616: ReferenceError: rootItem is not defined
seg. ago. 3 19:33:20 2026 1785796400417 Warning: qrc:/Home.qml  qrc:/Home.qml:51: ReferenceError: rootItem is not defined
seg. ago. 3 19:33:20 2026 1785796400418 Warning: qrc:/Home.qml  qrc:/Home.qml:62: ReferenceError: rootItem is not defined
seg. ago. 3 19:33:20 2026 1785796400419 Warning: qrc:/Home.qml  qrc:/Home.qml:58: ReferenceError: rootItem is not defined
seg. ago. 3 19:33:20 2026 1785796400420 Warning: qrc:/Home.qml  qrc:/Home.qml:223: ReferenceError: rootItem is not defined
seg. ago. 3 19:33:20 2026 1785796400421 Warning: qrc:/Home.qml  qrc:/Home.qml:293: ReferenceError: appModel is not defined
seg. ago. 3 19:33:20 2026 1785796400423 Warning: qrc:/Home.qml  qrc:/Home.qml:295: ReferenceError: rootItem is not defined
seg. ago. 3 19:33:20 2026 1785796400424 Warning: qrc:/main.qml  qrc:/main.qml:1002: ReferenceError: rootItem is not defined
seg. ago. 3 19:33:20 2026 1785796400425 Warning: qrc:/main.qml  qrc:/main.qml:1116: ReferenceError: rootItem is not defined
seg. ago. 3 19:33:20 2026 1785796400426 Warning: qrc:/main.qml  qrc:/main.qml:1133: ReferenceError: rootItem is not defined
seg. ago. 3 19:33:20 2026 1785796400427 Warning: qrc:/main.qml  qrc:/main.qml:1141: ReferenceError: rootItem is not defined
seg. ago. 3 19:33:20 2026 1785796400428 Warning: qrc:/main.qml  qrc:/main.qml:1154: ReferenceError: rootItem is not defined
seg. ago. 3 19:33:20 2026 1785796400428 Warning: qrc:/main.qml  qrc:/main.qml:314: ReferenceError: rootItem is not defined
seg. ago. 3 19:33:20 2026 1785796400429 Warning: qrc:/main.qml  qrc:/main.qml:512: ReferenceError: rootItem is not defined
seg. ago. 3 19:33:20 2026 1785796400430 Warning: qrc:/main.qml  qrc:/main.qml:653: ReferenceError: rootItem is not defined
seg. ago. 3 19:33:20 2026 1785796400431 Warning: qrc:/main.qml  qrc:/main.qml:687: ReferenceError: rootItem is not defined
seg. ago. 3 19:33:20 2026 1785796400432 Warning: qrc:/main.qml  qrc:/main.qml:720: ReferenceError: rootItem is not defined
seg. ago. 3 19:33:20 2026 1785796400433 Warning: qrc:/main.qml  qrc:/main.qml:727: ReferenceError: rootItem is not defined
seg. ago. 3 19:33:20 2026 1785796400434 Warning: qrc:/main.qml  qrc:/main.qml:774: ReferenceError: rootItem is not defined
seg. ago. 3 19:33:20 2026 1785796400435 Warning: qrc:/main.qml  qrc:/main.qml:785: ReferenceError: rootItem is not defined
seg. ago. 3 19:33:20 2026 1785796400436 Warning: qrc:/main.qml  qrc:/main.qml:779: ReferenceError: rootItem is not defined
seg. ago. 3 19:33:20 2026 1785796400436 Warning: qrc:/main.qml  qrc:/main.qml:794: ReferenceError: rootItem is not defined
seg. ago. 3 19:33:20 2026 1785796400437 Warning: qrc:/main.qml  qrc:/main.qml:790: ReferenceError: rootItem is not defined
seg. ago. 3 19:33:20 2026 1785796400438 Warning: qrc:/main.qml  qrc:/main.qml:819: ReferenceError: rootItem is not defined
seg. ago. 3 19:33:20 2026 1785796400439 Warning: qrc:/main.qml  qrc:/main.qml:799: ReferenceError: rootItem is not defined
seg. ago. 3 19:33:20 2026 1785796400440 Warning: qrc:/main.qml  qrc:/main.qml:828: ReferenceError: rootItem is not defined
seg. ago. 3 19:33:20 2026 1785796400441 Warning: qrc:/main.qml  qrc:/main.qml:837: ReferenceError: rootItem is not defined
seg. ago. 3 19:33:20 2026 1785796400442 Warning: qrc:/main.qml  qrc:/main.qml:850: ReferenceError: rootItem is not defined
seg. ago. 3 19:33:20 2026 1785796400443 Warning: qrc:/main.qml  qrc:/main.qml:1477: ReferenceError: rootItem is not defined
seg. ago. 3 19:33:20 2026 1785796400496 Debug: PathController.cpp PathController::PathController(QObject *) Found QGeoPositionInfoSource: sourceName: "android" , objectName: ""
seg. ago. 3 19:33:20 2026 1785796400505 Warning:   QNetworkInterface/AF_NETLINK: found unknown interface with index 1
seg. ago. 3 19:33:20 2026 1785796400506 Warning:   QNetworkInterface/AF_NETLINK: found unknown interface with index 11
seg. ago. 3 19:33:20 2026 1785796400508 Warning:   QNetworkInterface/AF_NETLINK: found unknown interface with index 1
seg. ago. 3 19:33:20 2026 1785796400509 Warning:   QNetworkInterface/AF_NETLINK: found unknown interface with index 11
seg. ago. 3 19:33:20 2026 1785796400512 Debug: androidqlog.cpp void Java_org_cagnulen_qdomyoszwift_QLog_sendToQt(JNIEnv *, jclass, jint, jstring, jstring) [DEBUG: "LocationHelper" ] "Starting LocationHelper check..."
seg. ago. 3 19:33:20 2026 1785796400527 Debug: templateinfosenderbuilder.cpp void TemplateInfoSenderBuilder::load(const QString &, const QStringList &) "Load start from" "/storage/emulated/0/Documents/QZ/QZTemplates"
seg. ago. 3 19:33:20 2026 1785796400533 Debug: templateinfosenderbuilder.cpp void TemplateInfoSenderBuilder::load(const QString &, const QStringList &) "Load start from" ":/templates/"
seg. ago. 3 19:33:20 2026 1785796400534 Debug: templateinfosenderbuilder.cpp void TemplateInfoSenderBuilder::createTemplatesFromFolder(const QString &, const QString &, QStringList &) "Template Dir Found" ":/templates/debug"
seg. ago. 3 19:33:20 2026 1785796400536 Debug: templateinfosenderbuilder.cpp void TemplateInfoSenderBuilder::createTemplatesFromFolder(const QString &, const QString &, QStringList &) "Template File Found" ":/templates/vlc-TcpClient.qzt"
seg. ago. 3 19:33:20 2026 1785796400537 Debug: templateinfosenderbuilder.cpp void TemplateInfoSenderBuilder::createTemplatesFromFolder(const QString &, const QString &, QStringList &) "Template type" "TcpClient" " id" "user_vlc"
seg. ago. 3 19:33:20 2026 1785796400538 Debug: templateinfosenderbuilder.cpp void TemplateInfoSenderBuilder::createTemplatesFromFolder(const QString &, const QString &, QStringList &) "Template" "user_vlc" " is disabled: not created"
seg. ago. 3 19:33:20 2026 1785796400540 Debug: templateinfosenderbuilder.cpp void TemplateInfoSenderBuilder::createTemplatesFromFolder(const QString &, const QString &, QStringList &) "Template File Found" ":/templates/qz-TcpClient.qzt"
seg. ago. 3 19:33:20 2026 1785796400541 Debug: templateinfosenderbuilder.cpp void TemplateInfoSenderBuilder::createTemplatesFromFolder(const QString &, const QString &, QStringList &) "Template type" "TcpClient" " id" "user_qz"
seg. ago. 3 19:33:20 2026 1785796400542 Debug: templateinfosenderbuilder.cpp void TemplateInfoSenderBuilder::createTemplatesFromFolder(const QString &, const QString &, QStringList &) "Template" "user_qz" " is disabled: not created"
seg. ago. 3 19:33:20 2026 1785796400543 Debug: templateinfosenderbuilder.cpp void TemplateInfoSenderBuilder::createTemplatesFromFolder(const QString &, const QString &, QStringList &) "Template Dir Found" ":/templates/example"
seg. ago. 3 19:33:20 2026 1785796400544 Debug: templateinfosenderbuilder.cpp void TemplateInfoSenderBuilder::load(const QString &, const QStringList &) "Folder List" (":/templates//debug", ":/templates//example")
seg. ago. 3 19:33:20 2026 1785796400546 Warning:   QNetworkInterface/AF_NETLINK: found unknown interface with index 1
seg. ago. 3 19:33:20 2026 1785796400547 Warning:   QNetworkInterface/AF_NETLINK: found unknown interface with index 11
seg. ago. 3 19:33:20 2026 1785796400548 Warning:   QNetworkInterface/AF_NETLINK: found unknown interface with index 1
seg. ago. 3 19:33:20 2026 1785796400549 Warning:   QNetworkInterface/AF_NETLINK: found unknown interface with index 11
seg. ago. 3 19:33:20 2026 1785796400550 Debug: templateinfosenderbuilder.cpp void TemplateInfoSenderBuilder::load(const QString &, const QStringList &) "addressList " ()
seg. ago. 3 19:33:20 2026 1785796400559 Debug: templateinfosenderbuilder.cpp void TemplateInfoSenderBuilder::load(const QString &, const QStringList &) "Template" "user_QZWS" " is disabled: not created"
seg. ago. 3 19:33:20 2026 1785796400560 Debug: templateinfosenderbuilder.cpp void TemplateInfoSenderBuilder::load(const QString &, const QStringList &) "Setting template_ids" ("user_qz", "user_QZWS", "user_vlc")
seg. ago. 3 19:33:20 2026 1785796400580 Debug: templateinfosenderbuilder.cpp void TemplateInfoSenderBuilder::load(const QString &, const QStringList &) "Load start from" ":/inner_templates/"
seg. ago. 3 19:33:20 2026 1785796400582 Debug: templateinfosenderbuilder.cpp void TemplateInfoSenderBuilder::createTemplatesFromFolder(const QString &, const QString &, QStringList &) "Template Dir Found" ":/inner_templates/i18n"
seg. ago. 3 19:33:20 2026 1785796400583 Debug: templateinfosenderbuilder.cpp void TemplateInfoSenderBuilder::createTemplatesFromFolder(const QString &, const QString &, QStringList &) "Template Dir Found" ":/inner_templates/previewchart"
seg. ago. 3 19:33:20 2026 1785796400584 Debug: templateinfosenderbuilder.cpp void TemplateInfoSenderBuilder::createTemplatesFromFolder(const QString &, const QString &, QStringList &) "Template Dir Found" ":/inner_templates/floating"
seg. ago. 3 19:33:20 2026 1785796400585 Debug: templateinfosenderbuilder.cpp void TemplateInfoSenderBuilder::createTemplatesFromFolder(const QString &, const QString &, QStringList &) "Template Dir Found" ":/inner_templates/workouteditor"
seg. ago. 3 19:33:20 2026 1785796400586 Debug: templateinfosenderbuilder.cpp void TemplateInfoSenderBuilder::createTemplatesFromFolder(const QString &, const QString &, QStringList &) "Template Dir Found" ":/inner_templates/maps2d"
seg. ago. 3 19:33:20 2026 1785796400587 Debug: templateinfosenderbuilder.cpp void TemplateInfoSenderBuilder::createTemplatesFromFolder(const QString &, const QString &, QStringList &) "Template Dir Found" ":/inner_templates/trainingbrowser"
seg. ago. 3 19:33:20 2026 1785796400588 Debug: templateinfosenderbuilder.cpp void TemplateInfoSenderBuilder::createTemplatesFromFolder(const QString &, const QString &, QStringList &) "Template Dir Found" ":/inner_templates/chartjs"
seg. ago. 3 19:33:20 2026 1785796400589 Debug: templateinfosenderbuilder.cpp void TemplateInfoSenderBuilder::createTemplatesFromFolder(const QString &, const QString &, QStringList &) "Template Dir Found" ":/inner_templates/workoutpreview"
seg. ago. 3 19:33:20 2026 1785796400590 Debug: templateinfosenderbuilder.cpp void TemplateInfoSenderBuilder::createTemplatesFromFolder(const QString &, const QString &, QStringList &) "Template Dir Found" ":/inner_templates/googlemaps"
seg. ago. 3 19:33:20 2026 1785796400591 Debug: templateinfosenderbuilder.cpp void TemplateInfoSenderBuilder::load(const QString &, const QStringList &) "Folder List" (":/inner_templates//i18n", ":/inner_templates//previewchart", ":/inner_templates//floating", ":/inner_templates//workouteditor", ":/inner_templates//maps2d", ":/inner_templates//trainingbrowser", ":/inner_templates//chartjs", ":/inner_templates//workoutpreview", ":/inner_templates//googlemaps")
seg. ago. 3 19:33:20 2026 1785796400592 Warning:   QNetworkInterface/AF_NETLINK: found unknown interface with index 1
seg. ago. 3 19:33:20 2026 1785796400593 Warning:   QNetworkInterface/AF_NETLINK: found unknown interface with index 11
seg. ago. 3 19:33:20 2026 1785796400594 Warning:   QNetworkInterface/AF_NETLINK: found unknown interface with index 1
seg. ago. 3 19:33:20 2026 1785796400595 Warning:   QNetworkInterface/AF_NETLINK: found unknown interface with index 11
seg. ago. 3 19:33:20 2026 1785796400596 Debug: templateinfosenderbuilder.cpp void TemplateInfoSenderBuilder::load(const QString &, const QStringList &) "addressList " ()
seg. ago. 3 19:33:20 2026 1785796400608 Debug: templateinfosenderbuilder.cpp TemplateInfoSender *TemplateInfoSenderBuilder::newTemplate(const QString &, const QString &, const QString &) "Template Registered" "inner_QZWS" " type" "WebServer" " Template" "JSON.stringify({msg: \"workout\", content: this.workout})"
seg. ago. 3 19:33:21 2026 1785796401023 Debug: webserverinfosender.cpp virtual bool WebServerInfoSender::init() "Folder" ":/inner_templates//i18n"
seg. ago. 3 19:33:21 2026 1785796401024 Debug: webserverinfosender.cpp virtual bool WebServerInfoSender::init() "Relative" "i18n"
seg. ago. 3 19:33:21 2026 1785796401026 Debug: webserverinfosender.cpp virtual bool WebServerInfoSender::init() "Folder" ":/inner_templates//previewchart"
seg. ago. 3 19:33:21 2026 1785796401027 Debug: webserverinfosender.cpp virtual bool WebServerInfoSender::init() "Relative" "previewchart"
seg. ago. 3 19:33:21 2026 1785796401028 Debug: webserverinfosender.cpp virtual bool WebServerInfoSender::init() "Folder" ":/inner_templates//floating"
seg. ago. 3 19:33:21 2026 1785796401029 Debug: webserverinfosender.cpp virtual bool WebServerInfoSender::init() "Relative" "floating"
seg. ago. 3 19:33:21 2026 1785796401030 Debug: webserverinfosender.cpp virtual bool WebServerInfoSender::init() "Folder" ":/inner_templates//workouteditor"
seg. ago. 3 19:33:21 2026 1785796401030 Debug: webserverinfosender.cpp virtual bool WebServerInfoSender::init() "Relative" "workouteditor"
seg. ago. 3 19:33:21 2026 1785796401032 Debug: webserverinfosender.cpp virtual bool WebServerInfoSender::init() "Folder" ":/inner_templates//maps2d"
seg. ago. 3 19:33:21 2026 1785796401033 Debug: webserverinfosender.cpp virtual bool WebServerInfoSender::init() "Relative" "maps2d"
seg. ago. 3 19:33:21 2026 1785796401035 Debug: webserverinfosender.cpp virtual bool WebServerInfoSender::init() "Folder" ":/inner_templates//trainingbrowser"
seg. ago. 3 19:33:21 2026 1785796401036 Debug: webserverinfosender.cpp virtual bool WebServerInfoSender::init() "Relative" "trainingbrowser"
seg. ago. 3 19:33:21 2026 1785796401038 Debug: webserverinfosender.cpp virtual bool WebServerInfoSender::init() "Folder" ":/inner_templates//chartjs"
seg. ago. 3 19:33:21 2026 1785796401039 Debug: webserverinfosender.cpp virtual bool WebServerInfoSender::init() "Relative" "chartjs"
seg. ago. 3 19:33:21 2026 1785796401040 Debug: webserverinfosender.cpp virtual bool WebServerInfoSender::init() "Folder" ":/inner_templates//workoutpreview"
seg. ago. 3 19:33:21 2026 1785796401041 Debug: webserverinfosender.cpp virtual bool WebServerInfoSender::init() "Relative" "workoutpreview"
seg. ago. 3 19:33:21 2026 1785796401042 Debug: webserverinfosender.cpp virtual bool WebServerInfoSender::init() "Folder" ":/inner_templates//googlemaps"
seg. ago. 3 19:33:21 2026 1785796401043 Debug: webserverinfosender.cpp virtual bool WebServerInfoSender::init() "Relative" "googlemaps"
seg. ago. 3 19:33:21 2026 1785796401051 Debug: webserverinfosender.cpp virtual bool WebServerInfoSender::init() "WebServer listening on port" 33603 " " QHash(("googlemaps", ":/inner_templates//googlemaps")("previewchart", ":/inner_templates//previewchart")("chartjs", ":/inner_templates//chartjs")("workoutpreview", ":/inner_templates//workoutpreview")("workouteditor", ":/inner_templates//workouteditor")("i18n", ":/inner_templates//i18n")("maps2d", ":/inner_templates//maps2d")("floating", ":/inner_templates//floating")("trainingbrowser", ":/inner_templates//trainingbrowser"))
seg. ago. 3 19:33:21 2026 1785796401053 Debug: templateinfosenderbuilder.cpp void TemplateInfoSenderBuilder::load(const QString &, const QStringList &) "Setting template_ids" ("inner_QZWS")
seg. ago. 3 19:33:21 2026 1785796401064 Warning: qrc:/ChartFooterInnerJS.qml  qrc:/ChartFooterInnerJS.qml:14:5: QML WebView: Detected anchors on an item that is managed by a layout. This is undefined behavior; use Layout.alignment instead.
seg. ago. 3 19:33:21 2026 1785796401065 Debug: qrc:/ChartFooterInnerJS.qml onVisibleChanged onVisibleChangedfalse
seg. ago. 3 19:33:21 2026 1785796401099 Warning: qrc:/ChartFooter.qml  qrc:/ChartFooter.qml:9:5: QML Loader: Detected anchors on an item that is managed by a layout. This is undefined behavior; use Layout.alignment instead.
seg. ago. 3 19:33:21 2026 1785796401100 Warning: qrc:/ChartFooter.qml  qrc:/ChartFooter.qml:16:5: QML Loader: Detected anchors on an item that is managed by a layout. This is undefined behavior; use Layout.alignment instead.
seg. ago. 3 19:33:21 2026 1785796401101 Warning: qrc:/ChartFooter.qml  qrc:/ChartFooter.qml:9:5: QML Loader: Detected anchors on an item that is managed by a layout. This is undefined behavior; use Layout.alignment instead.
seg. ago. 3 19:33:21 2026 1785796401102 Warning: qrc:/ChartFooter.qml  qrc:/ChartFooter.qml:16:5: QML Loader: Detected anchors on an item that is managed by a layout. This is undefined behavior; use Layout.alignment instead.
seg. ago. 3 19:33:21 2026 1785796401104 Warning: qrc:/Home.qml  qrc:/Home.qml:50:5: QML Connections: Implicitly defined onFoo properties in Connections are deprecated. Use this syntax instead: function onFoo(<arguments>) { ... }
seg. ago. 3 19:33:21 2026 1785796401107 Warning: qrc:/Home.qml  qrc:/Home.qml:293: ReferenceError: appModel is not defined
seg. ago. 3 19:33:21 2026 1785796401139 Warning: qrc:/Home.qml  qrc:/Home.qml:293: ReferenceError: appModel is not defined
seg. ago. 3 19:33:21 2026 1785796401148 Warning:   QObject::connect: No such signal ApplicationWindow_QMLTYPE_40_QML_55::intervalsicu_upload_file_prepare() in homeform.cpp:1003
seg. ago. 3 19:33:21 2026 1785796401149 Warning:   QObject::connect:  (sender name:   'stack')
seg. ago. 3 19:33:21 2026 1785796401150 Debug: homeform.cpp homeform::homeform(QQmlApplicationEngine *, bluetooth *) homeform constructor events linked
seg. ago. 3 19:33:21 2026 1785796401203 Debug: powerzonepack.cpp powerzonepack::powerzonepack(bluetooth *, QObject *) "invalid peloton credentials"
seg. ago. 3 19:33:21 2026 1785796401206 Debug: homefitnessbuddy.cpp homefitnessbuddy::homefitnessbuddy(bluetooth *, QObject *) "invalid peloton credentials"
seg. ago. 3 19:33:21 2026 1785796401207 Debug: peloton.cpp peloton::peloton(bluetooth *, QObject *) userId ""
seg. ago. 3 19:33:21 2026 1785796401209 Debug: ./peloton.h QString peloton::getPelotonSettingKey(const QString &, const QString &) ERROR: userid is empty!
seg. ago. 3 19:33:21 2026 1785796401210 Debug: peloton.cpp peloton::peloton(bluetooth *, QObject *) "invalid peloton credentials"
seg. ago. 3 19:33:21 2026 1785796401216 Debug: homeform.cpp homeform::homeform(QQmlApplicationEngine *, bluetooth *) ":/zwo/VO2max with sweet spot.zwo" "VO2max with sweet spot.zwo"
seg. ago. 3 19:33:21 2026 1785796401223 Debug: homeform.cpp homeform::homeform(QQmlApplicationEngine *, bluetooth *) ":/zwo/Tempo and endurance.zwo" "Tempo and endurance.zwo"
seg. ago. 3 19:33:21 2026 1785796401226 Debug: homeform.cpp homeform::homeform(QQmlApplicationEngine *, bluetooth *) ":/zwo/HIIT Aerobic.zwo" "HIIT Aerobic.zwo"
seg. ago. 3 19:33:21 2026 1785796401228 Debug: homeform.cpp homeform::homeform(QQmlApplicationEngine *, bluetooth *) ":/zwo/Easy intervals.zwo" "Easy intervals.zwo"
seg. ago. 3 19:33:21 2026 1785796401230 Debug: homeform.cpp homeform::homeform(QQmlApplicationEngine *, bluetooth *) ":/zwo/HIIT Neuromuscular.zwo" "HIIT Neuromuscular.zwo"
seg. ago. 3 19:33:21 2026 1785796401232 Debug: homeform.cpp homeform::homeform(QQmlApplicationEngine *, bluetooth *) ":/zwo/VO2max with recovery.zwo" "VO2max with recovery.zwo"
seg. ago. 3 19:33:21 2026 1785796401234 Debug: homeform.cpp homeform::homeform(QQmlApplicationEngine *, bluetooth *) ":/zwo/Tabata with sweet spot.zwo" "Tabata with sweet spot.zwo"
seg. ago. 3 19:33:21 2026 1785796401236 Debug: homeform.cpp homeform::homeform(QQmlApplicationEngine *, bluetooth *) ":/zwo/Tabata plus 2 with sweet spot and threshold.zwo" "Tabata plus 2 with sweet spot and threshold.zwo"
seg. ago. 3 19:33:21 2026 1785796401238 Debug: homeform.cpp homeform::homeform(QQmlApplicationEngine *, bluetooth *) ":/zwo/HIIT Anaerobic Sprint.zwo" "HIIT Anaerobic Sprint.zwo"
seg. ago. 3 19:33:21 2026 1785796401240 Debug: homeform.cpp homeform::homeform(QQmlApplicationEngine *, bluetooth *) ":/zwo/HIIT Anaerobic.zwo" "HIIT Anaerobic.zwo"
seg. ago. 3 19:33:21 2026 1785796401242 Debug: homeform.cpp homeform::homeform(QQmlApplicationEngine *, bluetooth *) ":/zwo/Short Mix by Jonathan.zwo" "Short Mix by Jonathan.zwo"
seg. ago. 3 19:33:21 2026 1785796401245 Debug: homeform.cpp homeform::homeform(QQmlApplicationEngine *, bluetooth *) ":/gpx/Richmond Park.gpx" "Richmond Park.gpx"
seg. ago. 3 19:33:21 2026 1785796401247 Debug: homeform.cpp homeform::homeform(QQmlApplicationEngine *, bluetooth *) ":/gpx/Butterfield Canyon Road.gpx" "Butterfield Canyon Road.gpx"
seg. ago. 3 19:33:21 2026 1785796401250 Debug: homeform.cpp homeform::homeform(QQmlApplicationEngine *, bluetooth *) ":/gpx/Govi to Hood.gpx" "Govi to Hood.gpx"
seg. ago. 3 19:33:21 2026 1785796401253 Debug: homeform.cpp homeform::homeform(QQmlApplicationEngine *, bluetooth *) ":/gpx/Box Hill.gpx" "Box Hill.gpx"
seg. ago. 3 19:33:21 2026 1785796401256 Debug: homeform.cpp homeform::homeform(QQmlApplicationEngine *, bluetooth *) ":/gpx/Crater Lake.gpx" "Crater Lake.gpx"
seg. ago. 3 19:33:21 2026 1785796401259 Debug: homeform.cpp homeform::homeform(QQmlApplicationEngine *, bluetooth *) ":/gpx/Italy - Passo dello Stelvio.gpx" "Italy - Passo dello Stelvio.gpx"
seg. ago. 3 19:33:21 2026 1785796401262 Debug: homeform.cpp homeform::homeform(QQmlApplicationEngine *, bluetooth *) ":/gpx/Pittenweem to St Andrews.gpx" "Pittenweem to St Andrews.gpx"
seg. ago. 3 19:33:21 2026 1785796401264 Debug: homeform.cpp homeform::homeform(QQmlApplicationEngine *, bluetooth *) ":/gpx/St Andrews to Pittenweem.gpx" "St Andrews to Pittenweem.gpx"
seg. ago. 3 19:33:21 2026 1785796401295 Debug: homeform.cpp homeform::homeform(QQmlApplicationEngine *, bluetooth *) "/storage/emulated/0/Documents/QZ/"
seg. ago. 3 19:33:21 2026 1785796401297 Debug: homeform.cpp homeform::homeform(QQmlApplicationEngine *, bluetooth *) "" "" ""
seg. ago. 3 19:33:21 2026 1785796401300 Debug: homeform.cpp homeform::homeform(QQmlApplicationEngine *, bluetooth *) "/storage/emulated/0/Documents/QZ/0QZ-backup-dom. ago. 2 11_55_22 2026.fit" "0QZ-backup-dom. ago. 2 11_55_22 2026.fit" "0QZ-backup-dom. ago. 2 11_55_22 2026.fit"
seg. ago. 3 19:33:21 2026 1785796401305 Debug: homeform.cpp homeform::homeform(QQmlApplicationEngine *, bluetooth *) "/storage/emulated/0/Documents/QZ/1QZ-backup-dom. ago. 2 11_55_22 2026.fit" "1QZ-backup-dom. ago. 2 11_55_22 2026.fit" "1QZ-backup-dom. ago. 2 11_55_22 2026.fit"
seg. ago. 3 19:33:21 2026 1785796401307 Debug: homeform.cpp homeform::homeform(QQmlApplicationEngine *, bluetooth *) "/storage/emulated/0/Documents/QZ/0QZ-backup-dom. ago. 2 21_30_10 2026.fit" "0QZ-backup-dom. ago. 2 21_30_10 2026.fit" "0QZ-backup-dom. ago. 2 21_30_10 2026.fit"
seg. ago. 3 19:33:21 2026 1785796401310 Debug: homeform.cpp homeform::homeform(QQmlApplicationEngine *, bluetooth *) "/storage/emulated/0/Documents/QZ/1QZ-backup-dom. ago. 2 21_30_10 2026.fit" "1QZ-backup-dom. ago. 2 21_30_10 2026.fit" "1QZ-backup-dom. ago. 2 21_30_10 2026.fit"
seg. ago. 3 19:33:21 2026 1785796401313 Debug: homeform.cpp homeform::homeform(QQmlApplicationEngine *, bluetooth *) "/storage/emulated/0/Documents/QZ/0QZ-backup-dom. ago. 2 21_34_11 2026.fit" "0QZ-backup-dom. ago. 2 21_34_11 2026.fit" "0QZ-backup-dom. ago. 2 21_34_11 2026.fit"
seg. ago. 3 19:33:21 2026 1785796401316 Debug: homeform.cpp homeform::homeform(QQmlApplicationEngine *, bluetooth *) "/storage/emulated/0/Documents/QZ/1QZ-backup-dom. ago. 2 21_34_11 2026.fit" "1QZ-backup-dom. ago. 2 21_34_11 2026.fit" "1QZ-backup-dom. ago. 2 21_34_11 2026.fit"
seg. ago. 3 19:33:21 2026 1785796401319 Debug: homeform.cpp homeform::homeform(QQmlApplicationEngine *, bluetooth *) "/storage/emulated/0/Documents/QZ/0QZ-backup-dom. ago. 2 21_38_27 2026.fit" "0QZ-backup-dom. ago. 2 21_38_27 2026.fit" "0QZ-backup-dom. ago. 2 21_38_27 2026.fit"
seg. ago. 3 19:33:21 2026 1785796401328 Debug: homeform.cpp homeform::homeform(QQmlApplicationEngine *, bluetooth *) "/storage/emulated/0/Documents/QZ/1QZ-backup-dom. ago. 2 21_38_27 2026.fit" "1QZ-backup-dom. ago. 2 21_38_27 2026.fit" "1QZ-backup-dom. ago. 2 21_38_27 2026.fit"
seg. ago. 3 19:33:21 2026 1785796401331 Debug: homeform.cpp homeform::homeform(QQmlApplicationEngine *, bluetooth *) "/storage/emulated/0/Documents/QZ/0QZ-backup-seg. ago. 3 19_09_45 2026.fit" "0QZ-backup-seg. ago. 3 19_09_45 2026.fit" "0QZ-backup-seg. ago. 3 19_09_45 2026.fit"
seg. ago. 3 19:33:21 2026 1785796401342 Debug: homeform.cpp homeform::homeform(QQmlApplicationEngine *, bluetooth *) "/storage/emulated/0/Documents/QZ/1QZ-backup-seg. ago. 3 19_09_45 2026.fit" "1QZ-backup-seg. ago. 3 19_09_45 2026.fit" "1QZ-backup-seg. ago. 3 19_09_45 2026.fit"
seg. ago. 3 19:33:21 2026 1785796401346 Debug: homeform.cpp homeform::homeform(QQmlApplicationEngine *, bluetooth *) "/storage/emulated/0/Documents/QZ/0QZ-backup-seg. ago. 3 19_29_25 2026.fit" "0QZ-backup-seg. ago. 3 19_29_25 2026.fit" "0QZ-backup-seg. ago. 3 19_29_25 2026.fit"
seg. ago. 3 19:33:21 2026 1785796401362 Debug: homeform.cpp homeform::homeform(QQmlApplicationEngine *, bluetooth *) getBluetoothName() "Tab"
seg. ago. 3 19:33:21 2026 1785796401372 Debug: homeform.cpp homeform::homeform(QQmlApplicationEngine *, bluetooth *) "" "" ""
seg. ago. 3 19:33:21 2026 1785796401375 Debug: homeform.cpp homeform::homeform(QQmlApplicationEngine *, bluetooth *) "/storage/emulated/0/Android/data/org.cagnulen.qdomyoszwift/files/." "." "/."
seg. ago. 3 19:33:21 2026 1785796401377 Debug: homeform.cpp homeform::homeform(QQmlApplicationEngine *, bluetooth *) "/storage/emulated/0/Android/data/org.cagnulen.qdomyoszwift/files/.." ".." "/.."
seg. ago. 3 19:33:21 2026 1785796401379 Debug: homeform.cpp homeform::homeform(QQmlApplicationEngine *, bluetooth *) "/storage/emulated/0/Android/data/org.cagnulen.qdomyoszwift/files/training" "training" "/training"
seg. ago. 3 19:33:21 2026 1785796401381 Debug: homeform.cpp homeform::homeform(QQmlApplicationEngine *, bluetooth *) "/storage/emulated/0/Android/data/org.cagnulen.qdomyoszwift/files/training/." "." "/training/."
seg. ago. 3 19:33:21 2026 1785796401383 Debug: homeform.cpp homeform::homeform(QQmlApplicationEngine *, bluetooth *) "/storage/emulated/0/Android/data/org.cagnulen.qdomyoszwift/files/training/.." ".." "/training/.."
seg. ago. 3 19:33:21 2026 1785796401385 Debug: homeform.cpp homeform::homeform(QQmlApplicationEngine *, bluetooth *) "/storage/emulated/0/Android/data/org.cagnulen.qdomyoszwift/files/training/VO2max with sweet spot.zwo" "VO2max with sweet spot.zwo" "/training/VO2max with sweet spot.zwo"
seg. ago. 3 19:33:21 2026 1785796401386 Debug: homeform.cpp homeform::homeform(QQmlApplicationEngine *, bluetooth *) "/storage/emulated/0/Android/data/org.cagnulen.qdomyoszwift/files/training/Tempo and endurance.zwo" "Tempo and endurance.zwo" "/training/Tempo and endurance.zwo"
seg. ago. 3 19:33:21 2026 1785796401388 Debug: homeform.cpp homeform::homeform(QQmlApplicationEngine *, bluetooth *) "/storage/emulated/0/Android/data/org.cagnulen.qdomyoszwift/files/training/HIIT Aerobic.zwo" "HIIT Aerobic.zwo" "/training/HIIT Aerobic.zwo"
seg. ago. 3 19:33:21 2026 1785796401390 Debug: homeform.cpp homeform::homeform(QQmlApplicationEngine *, bluetooth *) "/storage/emulated/0/Android/data/org.cagnulen.qdomyoszwift/files/training/Easy intervals.zwo" "Easy intervals.zwo" "/training/Easy intervals.zwo"
seg. ago. 3 19:33:21 2026 1785796401391 Debug: homeform.cpp homeform::homeform(QQmlApplicationEngine *, bluetooth *) "/storage/emulated/0/Android/data/org.cagnulen.qdomyoszwift/files/training/HIIT Neuromuscular.zwo" "HIIT Neuromuscular.zwo" "/training/HIIT Neuromuscular.zwo"
seg. ago. 3 19:33:21 2026 1785796401393 Debug: homeform.cpp homeform::homeform(QQmlApplicationEngine *, bluetooth *) "/storage/emulated/0/Android/data/org.cagnulen.qdomyoszwift/files/training/VO2max with recovery.zwo" "VO2max with recovery.zwo" "/training/VO2max with recovery.zwo"
seg. ago. 3 19:33:21 2026 1785796401395 Debug: homeform.cpp homeform::homeform(QQmlApplicationEngine *, bluetooth *) "/storage/emulated/0/Android/data/org.cagnulen.qdomyoszwift/files/training/Tabata with sweet spot.zwo" "Tabata with sweet spot.zwo" "/training/Tabata with sweet spot.zwo"
seg. ago. 3 19:33:21 2026 1785796401398 Debug: homeform.cpp homeform::homeform(QQmlApplicationEngine *, bluetooth *) "/storage/emulated/0/Android/data/org.cagnulen.qdomyoszwift/files/training/Tabata plus 2 with sweet spot and threshold.zwo" "Tabata plus 2 with sweet spot and threshold.zwo" "/training/Tabata plus 2 with sweet spot and threshold.zwo"
seg. ago. 3 19:33:21 2026 1785796401401 Debug: homeform.cpp homeform::homeform(QQmlApplicationEngine *, bluetooth *) "/storage/emulated/0/Android/data/org.cagnulen.qdomyoszwift/files/training/HIIT Anaerobic Sprint.zwo" "HIIT Anaerobic Sprint.zwo" "/training/HIIT Anaerobic Sprint.zwo"
seg. ago. 3 19:33:21 2026 1785796401402 Debug: homeform.cpp homeform::homeform(QQmlApplicationEngine *, bluetooth *) "/storage/emulated/0/Android/data/org.cagnulen.qdomyoszwift/files/training/HIIT Anaerobic.zwo" "HIIT Anaerobic.zwo" "/training/HIIT Anaerobic.zwo"
seg. ago. 3 19:33:21 2026 1785796401404 Debug: homeform.cpp homeform::homeform(QQmlApplicationEngine *, bluetooth *) "/storage/emulated/0/Android/data/org.cagnulen.qdomyoszwift/files/training/Short Mix by Jonathan.zwo" "Short Mix by Jonathan.zwo" "/training/Short Mix by Jonathan.zwo"
seg. ago. 3 19:33:21 2026 1785796401407 Debug: homeform.cpp homeform::homeform(QQmlApplicationEngine *, bluetooth *) "/storage/emulated/0/Android/data/org.cagnulen.qdomyoszwift/files/gpx" "gpx" "/gpx"
seg. ago. 3 19:33:21 2026 1785796401408 Debug: homeform.cpp homeform::homeform(QQmlApplicationEngine *, bluetooth *) "/storage/emulated/0/Android/data/org.cagnulen.qdomyoszwift/files/gpx/." "." "/gpx/."
seg. ago. 3 19:33:21 2026 1785796401410 Debug: homeform.cpp homeform::homeform(QQmlApplicationEngine *, bluetooth *) "/storage/emulated/0/Android/data/org.cagnulen.qdomyoszwift/files/gpx/.." ".." "/gpx/.."
seg. ago. 3 19:33:21 2026 1785796401412 Debug: homeform.cpp homeform::homeform(QQmlApplicationEngine *, bluetooth *) "/storage/emulated/0/Android/data/org.cagnulen.qdomyoszwift/files/gpx/Richmond Park.gpx" "Richmond Park.gpx" "/gpx/Richmond Park.gpx"
seg. ago. 3 19:33:21 2026 1785796401413 Debug: homeform.cpp homeform::homeform(QQmlApplicationEngine *, bluetooth *) "/storage/emulated/0/Android/data/org.cagnulen.qdomyoszwift/files/gpx/Butterfield Canyon Road.gpx" "Butterfield Canyon Road.gpx" "/gpx/Butterfield Canyon Road.gpx"
seg. ago. 3 19:33:21 2026 1785796401415 Debug: homeform.cpp homeform::homeform(QQmlApplicationEngine *, bluetooth *) "/storage/emulated/0/Android/data/org.cagnulen.qdomyoszwift/files/gpx/Govi to Hood.gpx" "Govi to Hood.gpx" "/gpx/Govi to Hood.gpx"
seg. ago. 3 19:33:21 2026 1785796401417 Debug: homeform.cpp homeform::homeform(QQmlApplicationEngine *, bluetooth *) "/storage/emulated/0/Android/data/org.cagnulen.qdomyoszwift/files/gpx/Box Hill.gpx" "Box Hill.gpx" "/gpx/Box Hill.gpx"
seg. ago. 3 19:33:21 2026 1785796401418 Debug: homeform.cpp homeform::homeform(QQmlApplicationEngine *, bluetooth *) "/storage/emulated/0/Android/data/org.cagnulen.qdomyoszwift/files/gpx/Crater Lake.gpx" "Crater Lake.gpx" "/gpx/Crater Lake.gpx"
seg. ago. 3 19:33:21 2026 1785796401420 Debug: homeform.cpp homeform::homeform(QQmlApplicationEngine *, bluetooth *) "/storage/emulated/0/Android/data/org.cagnulen.qdomyoszwift/files/gpx/Italy - Passo dello Stelvio.gpx" "Italy - Passo dello Stelvio.gpx" "/gpx/Italy - Passo dello Stelvio.gpx"
seg. ago. 3 19:33:21 2026 1785796401421 Debug: homeform.cpp homeform::homeform(QQmlApplicationEngine *, bluetooth *) "/storage/emulated/0/Android/data/org.cagnulen.qdomyoszwift/files/gpx/Pittenweem to St Andrews.gpx" "Pittenweem to St Andrews.gpx" "/gpx/Pittenweem to St Andrews.gpx"
seg. ago. 3 19:33:21 2026 1785796401423 Debug: homeform.cpp homeform::homeform(QQmlApplicationEngine *, bluetooth *) "/storage/emulated/0/Android/data/org.cagnulen.qdomyoszwift/files/gpx/St Andrews to Pittenweem.gpx" "St Andrews to Pittenweem.gpx" "/gpx/St Andrews to Pittenweem.gpx"
seg. ago. 3 19:33:21 2026 1785796401425 Debug: homeform.cpp homeform::homeform(QQmlApplicationEngine *, bluetooth *) "/storage/emulated/0/Android/data/org.cagnulen.qdomyoszwift/files/fit" "fit" "/fit"
seg. ago. 3 19:33:21 2026 1785796401427 Debug: homeform.cpp homeform::homeform(QQmlApplicationEngine *, bluetooth *) "/storage/emulated/0/Android/data/org.cagnulen.qdomyoszwift/files/fit/." "." "/fit/."
seg. ago. 3 19:33:21 2026 1785796401428 Debug: homeform.cpp homeform::homeform(QQmlApplicationEngine *, bluetooth *) "/storage/emulated/0/Android/data/org.cagnulen.qdomyoszwift/files/fit/.." ".." "/fit/.."
seg. ago. 3 19:33:21 2026 1785796401526 Debug: workoutmodel.cpp WorkoutModel::WorkoutModel(const QString &, QObject *) Failed to open database in main thread: "unable to open database file Error opening database"
seg. ago. 3 19:33:21 2026 1785796401536 Warning: qrc:/Home.qml  qrc:/Home.qml:0: ReferenceError: appModel is not defined
seg. ago. 3 19:33:21 2026 1785796401648 Debug: homeform.cpp homeform::homeform(QQmlApplicationEngine *, bluetooth *) SSL supported
seg. ago. 3 19:33:21 2026 1785796401652 Debug: androidqlog.cpp void Java_org_cagnulen_qdomyoszwift_QLog_sendToQt(JNIEnv *, jclass, jint, jstring, jstring) [DEBUG: "Shortcuts" ] "/storage/emulated/0/Documents/QZ/"
seg. ago. 3 19:33:21 2026 1785796401684 Debug: keepawakehelper.cpp KeepAwakeHelper::KeepAwakeHelper() Locked device, can't go to standby anymore
seg. ago. 3 19:33:21 2026 1785796401690 Debug: keepawakehelper.cpp auto KeepAwakeHelper::keepScreenOn(bool)::(anonymous class)::operator()() const Activated : Keep screen ON
seg. ago. 3 19:33:21 2026 1785796401692 Debug:   Device found:  "" "54:5B:DB:69:90:3E" isLeScanResult: true Manufacturer data size: 2
seg. ago. 3 19:33:21 2026 1785796401705 Debug: devices/bluetooth.cpp void bluetooth::deviceDiscovered(const QBluetoothDeviceInfo &) manufacturerData QVector(117, 117)
seg. ago. 3 19:33:21 2026 1785796401706 Debug: devices/bluetooth.cpp void bluetooth::deviceDiscovered(const QBluetoothDeviceInfo &) 117 "3a 27 28 03 42 49"
seg. ago. 3 19:33:21 2026 1785796401707 Debug: devices/bluetooth.cpp void bluetooth::deviceDiscovered(const QBluetoothDeviceInfo &) 117 "3a 27 28 03 42 49"
seg. ago. 3 19:33:21 2026 1785796401709 Debug: devices/bluetooth.cpp void bluetooth::deviceDiscovered(const QBluetoothDeviceInfo &) "Found new device: " "" " (" "54:5B:DB:69:90:3E" )   0 ":" 0 ()
seg. ago. 3 19:33:21 2026 1785796401715 Debug:   Device found:  "" "76:49:7D:9F:7E:69" isLeScanResult: true Manufacturer data size: 1
seg. ago. 3 19:33:21 2026 1785796401719 Debug: devices/bluetooth.cpp void bluetooth::deviceDiscovered(const QBluetoothDeviceInfo &) manufacturerData QVector(76)
seg. ago. 3 19:33:21 2026 1785796401724 Debug: devices/bluetooth.cpp void bluetooth::deviceDiscovered(const QBluetoothDeviceInfo &) 76 "16 08 00 2a 0f 71 17 9f c5 f8"
seg. ago. 3 19:33:21 2026 1785796401725 Debug: devices/bluetooth.cpp void bluetooth::deviceDiscovered(const QBluetoothDeviceInfo &) "Found new device: " "" " (" "76:49:7D:9F:7E:69" )   0 ":" 0 ()
seg. ago. 3 19:33:21 2026 1785796401729 Debug:   Device found:  "" "07:0F:B1:70:6D:27" isLeScanResult: true Manufacturer data size: 0
seg. ago. 3 19:33:21 2026 1785796401730 Debug: devices/bluetooth.cpp void bluetooth::deviceDiscovered(const QBluetoothDeviceInfo &) manufacturerData QVector()
seg. ago. 3 19:33:21 2026 1785796401732 Debug: devices/bluetooth.cpp void bluetooth::deviceDiscovered(const QBluetoothDeviceInfo &) "Found new device: " "" " (" "07:0F:B1:70:6D:27" )   0 ":" 0 ()
seg. ago. 3 19:33:21 2026 1785796401736 Debug:   Device found:  "" "3B:D4:C7:5D:BE:58" isLeScanResult: true Manufacturer data size: 0
seg. ago. 3 19:33:21 2026 1785796401737 Debug: devices/bluetooth.cpp void bluetooth::deviceDiscovered(const QBluetoothDeviceInfo &) manufacturerData QVector()
seg. ago. 3 19:33:21 2026 1785796401738 Debug: devices/bluetooth.cpp void bluetooth::deviceDiscovered(const QBluetoothDeviceInfo &) "Found new device: " "" " (" "3B:D4:C7:5D:BE:58" )   0 ":" 0 ()
seg. ago. 3 19:33:21 2026 1785796401743 Debug:   Device found:  "YPBM001264" "B8:F8:62:6D:A8:D6" isLeScanResult: true Manufacturer data size: 1
seg. ago. 3 19:33:21 2026 1785796401745 Debug: devices/bluetooth.cpp void bluetooth::deviceDiscovered(const QBluetoothDeviceInfo &) manufacturerData QVector(637)
seg. ago. 3 19:33:21 2026 1785796401746 Debug: devices/bluetooth.cpp void bluetooth::deviceDiscovered(const QBluetoothDeviceInfo &) 637 "01 05 00 ff ff"
seg. ago. 3 19:33:21 2026 1785796401749 Debug: devices/bluetooth.cpp void bluetooth::deviceDiscovered(const QBluetoothDeviceInfo &) "Found new device: " "YPBM001264" " (" "B8:F8:62:6D:A8:D6" )   31 ":" 0 ("{00001826-0000-1000-8000-00805f9b34fb}")
seg. ago. 3 19:33:21 2026 1785796401794 Debug: devices/bluetooth.cpp void bluetooth::debug(const QString &) "BTLE scanning stops"
seg. ago. 3 19:33:21 2026 1785796401802 Debug: ./wheelcircumference.h void wheelCircumference::GearTable::printTable() const | Gear | Crankset | Rear Cog |

seg. ago. 3 19:33:21 2026 1785796401804 Debug: ./wheelcircumference.h void wheelCircumference::GearTable::printTable() const |------|----------|----------|

seg. ago. 3 19:33:21 2026 1785796401804 Debug: ./wheelcircumference.h void wheelCircumference::GearTable::printTable() const |  1  |  38  |  44  |

seg. ago. 3 19:33:21 2026 1785796401805 Debug: ./wheelcircumference.h void wheelCircumference::GearTable::printTable() const |  2  |  38  |  38  |

seg. ago. 3 19:33:21 2026 1785796401806 Debug: ./wheelcircumference.h void wheelCircumference::GearTable::printTable() const |  3  |  38  |  32  |

seg. ago. 3 19:33:21 2026 1785796401807 Debug: ./wheelcircumference.h void wheelCircumference::GearTable::printTable() const |  4  |  38  |  28  |

seg. ago. 3 19:33:21 2026 1785796401808 Debug: ./wheelcircumference.h void wheelCircumference::GearTable::printTable() const |  5  |  38  |  24  |

seg. ago. 3 19:33:21 2026 1785796401809 Debug: ./wheelcircumference.h void wheelCircumference::GearTable::printTable() const |  6  |  38  |  21  |

seg. ago. 3 19:33:21 2026 1785796401810 Debug: ./wheelcircumference.h void wheelCircumference::GearTable::printTable() const |  7  |  38  |  19  |

seg. ago. 3 19:33:21 2026 1785796401812 Debug: ./wheelcircumference.h void wheelCircumference::GearTable::printTable() const |  8  |  38  |  17  |

seg. ago. 3 19:33:21 2026 1785796401812 Debug: ./wheelcircumference.h void wheelCircumference::GearTable::printTable() const |  9  |  38  |  15  |

seg. ago. 3 19:33:21 2026 1785796401813 Debug: ./wheelcircumference.h void wheelCircumference::GearTable::printTable() const |  10  |  38  |  13  |

seg. ago. 3 19:33:21 2026 1785796401814 Debug: ./wheelcircumference.h void wheelCircumference::GearTable::printTable() const |  11  |  38  |  11  |

seg. ago. 3 19:33:21 2026 1785796401815 Debug: ./wheelcircumference.h void wheelCircumference::GearTable::printTable() const |  12  |  38  |  10  |

seg. ago. 3 19:33:21 2026 1785796401817 Debug: homeform.cpp void homeform::deviceConnected(QBluetoothDeviceInfo) deviceConnected bluetooth(0x71c8778030) QQmlApplicationEngine(0x71c87778c0)
seg. ago. 3 19:33:21 2026 1785796401819 Debug: homeform.cpp void homeform::deviceConnected(QBluetoothDeviceInfo) ftmsbike(0x70c2f89000)
seg. ago. 3 19:33:21 2026 1785796401895 Debug: qrc:/Home.qml onCompleted completed 
seg. ago. 3 19:33:21 2026 1785796401897 Warning: qrc:/Home.qml  qrc:/Home.qml:418:17: Unable to assign QQuickAnchorLine to double
seg. ago. 3 19:33:21 2026 1785796401911 Debug: qrc:/Home.qml onCompleted completed 
seg. ago. 3 19:33:21 2026 1785796401913 Warning: qrc:/Home.qml  qrc:/Home.qml:418:17: Unable to assign QQuickAnchorLine to double
seg. ago. 3 19:33:21 2026 1785796401934 Debug: qrc:/Home.qml onCompleted completed 
seg. ago. 3 19:33:21 2026 1785796401936 Warning: qrc:/Home.qml  qrc:/Home.qml:418:17: Unable to assign QQuickAnchorLine to double
seg. ago. 3 19:33:21 2026 1785796401954 Debug: qrc:/Home.qml onCompleted completed 
seg. ago. 3 19:33:21 2026 1785796401956 Warning: qrc:/Home.qml  qrc:/Home.qml:418:17: Unable to assign QQuickAnchorLine to double
seg. ago. 3 19:33:21 2026 1785796401969 Debug: qrc:/Home.qml onCompleted completed 
seg. ago. 3 19:33:21 2026 1785796401970 Warning: qrc:/Home.qml  qrc:/Home.qml:418:17: Unable to assign QQuickAnchorLine to double
seg. ago. 3 19:33:21 2026 1785796401982 Debug: qrc:/Home.qml onCompleted completed 
seg. ago. 3 19:33:21 2026 1785796401984 Warning: qrc:/Home.qml  qrc:/Home.qml:418:17: Unable to assign QQuickAnchorLine to double
seg. ago. 3 19:33:21 2026 1785796401996 Debug: qrc:/Home.qml onCompleted completed 
seg. ago. 3 19:33:21 2026 1785796401997 Warning: qrc:/Home.qml  qrc:/Home.qml:418:17: Unable to assign QQuickAnchorLine to double
seg. ago. 3 19:33:22 2026 1785796402007 Debug: qrc:/Home.qml onCompleted completed 
seg. ago. 3 19:33:22 2026 1785796402010 Warning: qrc:/Home.qml  qrc:/Home.qml:418:17: Unable to assign QQuickAnchorLine to double
seg. ago. 3 19:33:22 2026 1785796402021 Debug: qrc:/Home.qml onCompleted completed 
seg. ago. 3 19:33:22 2026 1785796402023 Warning: qrc:/Home.qml  qrc:/Home.qml:418:17: Unable to assign QQuickAnchorLine to double
seg. ago. 3 19:33:22 2026 1785796402033 Debug: qrc:/Home.qml onCompleted completed 
seg. ago. 3 19:33:22 2026 1785796402034 Warning: qrc:/Home.qml  qrc:/Home.qml:418:17: Unable to assign QQuickAnchorLine to double
seg. ago. 3 19:33:22 2026 1785796402050 Debug: qrc:/Home.qml onCompleted completed 
seg. ago. 3 19:33:22 2026 1785796402052 Warning: qrc:/Home.qml  qrc:/Home.qml:418:17: Unable to assign QQuickAnchorLine to double
seg. ago. 3 19:33:22 2026 1785796402066 Debug: qrc:/Home.qml onCompleted completed 
seg. ago. 3 19:33:22 2026 1785796402068 Warning: qrc:/Home.qml  qrc:/Home.qml:418:17: Unable to assign QQuickAnchorLine to double
seg. ago. 3 19:33:22 2026 1785796402078 Debug: qrc:/Home.qml onCompleted completed 
seg. ago. 3 19:33:22 2026 1785796402081 Warning: qrc:/Home.qml  qrc:/Home.qml:418:17: Unable to assign QQuickAnchorLine to double
seg. ago. 3 19:33:22 2026 1785796402092 Debug: qrc:/Home.qml onCompleted completed 
seg. ago. 3 19:33:22 2026 1785796402093 Warning: qrc:/Home.qml  qrc:/Home.qml:418:17: Unable to assign QQuickAnchorLine to double
seg. ago. 3 19:33:22 2026 1785796402109 Debug: qrc:/Home.qml onCompleted completed 
seg. ago. 3 19:33:22 2026 1785796402110 Warning: qrc:/Home.qml  qrc:/Home.qml:418:17: Unable to assign QQuickAnchorLine to double
seg. ago. 3 19:33:22 2026 1785796402120 Debug: qrc:/Home.qml onCompleted completed 
seg. ago. 3 19:33:22 2026 1785796402122 Warning: qrc:/Home.qml  qrc:/Home.qml:418:17: Unable to assign QQuickAnchorLine to double
seg. ago. 3 19:33:22 2026 1785796402131 Debug: qrc:/Home.qml onCompleted completed 
seg. ago. 3 19:33:22 2026 1785796402133 Warning: qrc:/Home.qml  qrc:/Home.qml:418:17: Unable to assign QQuickAnchorLine to double
seg. ago. 3 19:33:22 2026 1785796402145 Debug: qrc:/Home.qml onCompleted completed 
seg. ago. 3 19:33:22 2026 1785796402147 Warning: qrc:/Home.qml  qrc:/Home.qml:418:17: Unable to assign QQuickAnchorLine to double
seg. ago. 3 19:33:22 2026 1785796402156 Debug: qrc:/Home.qml onCompleted completed 
seg. ago. 3 19:33:22 2026 1785796402158 Warning: qrc:/Home.qml  qrc:/Home.qml:418:17: Unable to assign QQuickAnchorLine to double
seg. ago. 3 19:33:22 2026 1785796402169 Debug: qrc:/Home.qml onCompleted completed 
seg. ago. 3 19:33:22 2026 1785796402171 Warning: qrc:/Home.qml  qrc:/Home.qml:418:17: Unable to assign QQuickAnchorLine to double
seg. ago. 3 19:33:22 2026 1785796402182 Debug: qrc:/Home.qml onCompleted completed 
seg. ago. 3 19:33:22 2026 1785796402183 Warning: qrc:/Home.qml  qrc:/Home.qml:418:17: Unable to assign QQuickAnchorLine to double
seg. ago. 3 19:33:22 2026 1785796402207 Debug: androidqlog.cpp void Java_org_cagnulen_qdomyoszwift_QLog_sendToQt(JNIEnv *, jclass, jint, jstring, jstring) [VERBOSE: "WearableController" ] "started"
seg. ago. 3 19:33:22 2026 1785796402209 Debug: androidqlog.cpp void Java_org_cagnulen_qdomyoszwift_QLog_sendToQt(JNIEnv *, jclass, jint, jstring, jstring) [VERBOSE: "WearableMessageListenerService" ] "onStartCommand"
seg. ago. 3 19:33:22 2026 1785796402209 Debug: homeform.cpp void homeform::trainProgramSignals() "trainProgram associated to a device"
seg. ago. 3 19:33:22 2026 1785796402212 Debug: devices/bluetooth.cpp void bluetooth::debug(const QString &) "Found new device: YPBM001264 (B8:F8:62:6D:A8:D6)"
seg. ago. 3 19:33:22 2026 1785796402213 Debug: devices/ftmsbike/ftmsbike.cpp void ftmsbike::deviceDiscovered(const QBluetoothDeviceInfo &) "YPBM found"
seg. ago. 3 19:33:22 2026 1785796402249 Debug:   Creating Android Central/Client support for BTLE
seg. ago. 3 19:33:22 2026 1785796402259 Debug: devices/ftmsbike/ftmsbike.cpp void ftmsbike::controllerStateChanged(QLowEnergyController::ControllerState) "controllerStateChanged" QLowEnergyController::ConnectingState
seg. ago. 3 19:33:22 2026 1785796402280 Debug: androidqlog.cpp void Java_org_cagnulen_qdomyoszwift_QLog_sendToQt(JNIEnv *, jclass, jint, jstring, jstring) [VERBOSE: "WearableMessageListenerService" ] "onConnectionFailed"
seg. ago. 3 19:33:22 2026 1785796402326 Debug: androidqlog.cpp void Java_org_cagnulen_qdomyoszwift_QLog_sendToQt(JNIEnv *, jclass, jint, jstring, jstring) [DEBUG: "InAppPurchase" ] "queryDetails: start"
seg. ago. 3 19:33:22 2026 1785796402328 Debug: androidqlog.cpp void Java_org_cagnulen_qdomyoszwift_QLog_sendToQt(JNIEnv *, jclass, jint, jstring, jstring) [DEBUG: "InAppPurchase" ] "queryDetails: productIds.length 1"
seg. ago. 3 19:33:22 2026 1785796402334 Debug: homeform.cpp auto homeform::homeform(QQmlApplicationEngine *, bluetooth *)::(anonymous class)::operator()(const QString &) const FitDatabaseProcessor Error: "Failed to open database: unable to open database file Error opening database"
seg. ago. 3 19:33:22 2026 1785796402348 Warning: qrc:/HomeForm.ui.qml  qrc:/HomeForm.ui.qml:188:9: QML Row: Cannot specify left, right, horizontalCenter, fill or centerIn anchors for items inside Row. Row will not function.
seg. ago. 3 19:33:22 2026 1785796402393 Debug: homeform.cpp void homeform::update() homeform::update fired! elapsed: 1948 jitter: 948
seg. ago. 3 19:33:22 2026 1785796402424 Debug: homeform.cpp void homeform::update() homeform::update tiles updated!
seg. ago. 3 19:33:22 2026 1785796402425 Debug: homeform.cpp void homeform::update() Current Distance 1s: 0 0 0
seg. ago. 3 19:33:22 2026 1785796402434 Debug: webserverinfosender.cpp auto WebServerInfoSender::init()::(anonymous class)::operator()(const QUrl &, const QHttpServerRequest &) const "Path" "chartjs/chartlive.htm" "req" "chartjs"
seg. ago. 3 19:33:22 2026 1785796402435 Debug: webserverinfosender.cpp auto WebServerInfoSender::init()::(anonymous class)::operator()(const QUrl &, const QHttpServerRequest &) const File to look at: ":/inner_templates//chartjs/chartlive.htm"
seg. ago. 3 19:33:22 2026 1785796402445 Debug: androidqlog.cpp void Java_org_cagnulen_qdomyoszwift_QLog_sendToQt(JNIEnv *, jclass, jint, jstring, jstring) [DEBUG: "InAppPurchase" ] "onProductDetailsResponse: responseCode 0"
seg. ago. 3 19:33:22 2026 1785796402447 Debug: androidqlog.cpp void Java_org_cagnulen_qdomyoszwift_QLog_sendToQt(JNIEnv *, jclass, jint, jstring, jstring) [DEBUG: "InAppPurchase" ] "onProductDetailsResponse: productDetailsList [ProductDetails{jsonString='{\"productId\":\"org.cagnulein.qdomyoszwift.swagbag\",\"type\":\"subs\",\"title\":\"Swag Bag (QZ (qdomyos-zwift))\",\"name\":\"Swag Bag\",\"description\":\"Swag Bag\",\"localizedIn\":[\"en-US\"],\"skuDetailsToken\":\"AEuhp4JBkLMgGTIfe3GeWZpCK5vcFc4y7iUmqHi_-QCZyNb831N8hGoRWP9K57eLKjUS\",\"subscriptionOfferDetails\":[{\"offerIdToken\":\"AXW7mMuF7X5Tc2QFN9xkEs52Ptflw9ljHioKzm16wdYXpGBG+gwQsnvc4iT07u40G+5pY4eYQw==\",\"basePlanId\":\"p1m\",\"pricingPhases\":[{\"priceAmountMicros\":9990000,\"priceCurrencyCode\":\"BRL\",\"formattedPrice\":\"R$ 9,99\",\"billingPeriod\":\"P1M\",\"recurrenceMode\":1}],\"offerTags\":[]}]}', parsedJson={\"productId\":\"org.cagnulein.qdomyoszwift.swagbag\",\"type\":\"subs\",\"title\":\"Swag Bag (QZ (qdomyos-zwift))\",\"name\":\"Swag Bag\",\"description\":\"Swag Bag\",\"localizedIn\":[\"en-US\"],\"skuDetailsToken\":\"AEuhp4JBkLMgGTIfe3GeWZpCK5vcFc4y7iUmqHi_-QCZyNb831N8hGoRWP9K57eLKjUS\",\"subscriptionOfferDetails\":[{\"offerIdToken\":\"AXW7mMuF7X5Tc2QFN9xkEs52Ptflw9ljHioKzm16wdYXpGBG+gwQsnvc4iT07u40G+5pY4eYQw==\",\"basePlanId\":\"p1m\",\"pricingPhases\":[{\"priceAmountMicros\":9990000,\"priceCurrencyCode\":\"BRL\",\"formattedPrice\":\"R$ 9,99\",\"billingPeriod\":\"P1M\",\"recurrenceMode\":1}],\"offerTags\":[]}]}, productId='org.cagnulein.qdomyoszwift.swagbag', productType='subs', title='Swag Bag (QZ (qdomyos-zwift))', productDetailsToken='AEuhp4JBkLMgGTIfe3GeWZpCK5vcFc4y7iUmqHi_-QCZyNb831N8hGoRWP9K57eLKjUS', subscriptionOfferDetails=[com.android.billingclient.api.ProductDetails$SubscriptionOfferDetails@7d988c7]}]"
seg. ago. 3 19:33:22 2026 1785796402730 Debug: webserverinfosender.cpp auto WebServerInfoSender::init()::(anonymous class)::operator()(const QUrl &, const QHttpServerRequest &) const "Path" "chartjs/chartlive.htm" "req" "chartjs"
seg. ago. 3 19:33:22 2026 1785796402731 Debug: webserverinfosender.cpp auto WebServerInfoSender::init()::(anonymous class)::operator()(const QUrl &, const QHttpServerRequest &) const File to look at: ":/inner_templates//chartjs/chartlive.htm"
seg. ago. 3 19:33:22 2026 1785796402732 Debug: webserverinfosender.cpp auto WebServerInfoSender::init()::(anonymous class)::operator()(const QUrl &, const QHttpServerRequest &) const "Path" "chartjs/chartlive.htm" "req" "chartjs"
seg. ago. 3 19:33:22 2026 1785796402733 Debug: webserverinfosender.cpp auto WebServerInfoSender::init()::(anonymous class)::operator()(const QUrl &, const QHttpServerRequest &) const File to look at: ":/inner_templates//chartjs/chartlive.htm"
seg. ago. 3 19:33:22 2026 1785796402734 Debug: webserverinfosender.cpp auto WebServerInfoSender::init()::(anonymous class)::operator()(const QUrl &, const QHttpServerRequest &) const "Path" "chartjs/chartlive.htm" "req" "chartjs"
seg. ago. 3 19:33:22 2026 1785796402735 Debug: webserverinfosender.cpp auto WebServerInfoSender::init()::(anonymous class)::operator()(const QUrl &, const QHttpServerRequest &) const File to look at: ":/inner_templates//chartjs/chartlive.htm"
seg. ago. 3 19:33:22 2026 1785796402812 Debug: webserverinfosender.cpp auto WebServerInfoSender::init()::(anonymous class)::operator()(const QUrl &, const QHttpServerRequest &) const "Path" "chartjs/resize-observer.min.js" "req" "chartjs"
seg. ago. 3 19:33:22 2026 1785796402813 Debug: webserverinfosender.cpp auto WebServerInfoSender::init()::(anonymous class)::operator()(const QUrl &, const QHttpServerRequest &) const File to look at: ":/inner_templates//chartjs/resize-observer.min.js"
seg. ago. 3 19:33:22 2026 1785796402833 Debug: webserverinfosender.cpp auto WebServerInfoSender::init()::(anonymous class)::operator()(const QUrl &, const QHttpServerRequest &) const "Path" "chartjs/jquery-3.6.0.min.js" "req" "chartjs"
seg. ago. 3 19:33:22 2026 1785796402834 Debug: webserverinfosender.cpp auto WebServerInfoSender::init()::(anonymous class)::operator()(const QUrl &, const QHttpServerRequest &) const File to look at: ":/inner_templates//chartjs/jquery-3.6.0.min.js"
seg. ago. 3 19:33:22 2026 1785796402838 Debug: webserverinfosender.cpp auto WebServerInfoSender::init()::(anonymous class)::operator()(const QUrl &, const QHttpServerRequest &) const "Path" "chartjs/chartjs.3.4.1.min.js" "req" "chartjs"
seg. ago. 3 19:33:22 2026 1785796402841 Debug: webserverinfosender.cpp auto WebServerInfoSender::init()::(anonymous class)::operator()(const QUrl &, const QHttpServerRequest &) const File to look at: ":/inner_templates//chartjs/chartjs.3.4.1.min.js"
seg. ago. 3 19:33:22 2026 1785796402850 Debug: webserverinfosender.cpp auto WebServerInfoSender::init()::(anonymous class)::operator()(const QUrl &, const QHttpServerRequest &) const "Path" "chartjs/moment.js" "req" "chartjs"
seg. ago. 3 19:33:22 2026 1785796402851 Debug: webserverinfosender.cpp auto WebServerInfoSender::init()::(anonymous class)::operator()(const QUrl &, const QHttpServerRequest &) const File to look at: ":/inner_templates//chartjs/moment.js"
seg. ago. 3 19:33:22 2026 1785796402870 Debug: webserverinfosender.cpp auto WebServerInfoSender::init()::(anonymous class)::operator()(const QUrl &, const QHttpServerRequest &) const "Path" "chartjs/chartjs-adapter-moment.js" "req" "chartjs"
seg. ago. 3 19:33:22 2026 1785796402871 Debug: webserverinfosender.cpp auto WebServerInfoSender::init()::(anonymous class)::operator()(const QUrl &, const QHttpServerRequest &) const File to look at: ":/inner_templates//chartjs/chartjs-adapter-moment.js"
seg. ago. 3 19:33:22 2026 1785796402924 Debug: webserverinfosender.cpp auto WebServerInfoSender::init()::(anonymous class)::operator()(const QUrl &, const QHttpServerRequest &) const "Path" "chartjs/chartjs-plugin-annotation.min.js" "req" "chartjs"
seg. ago. 3 19:33:22 2026 1785796402925 Debug: webserverinfosender.cpp auto WebServerInfoSender::init()::(anonymous class)::operator()(const QUrl &, const QHttpServerRequest &) const File to look at: ":/inner_templates//chartjs/chartjs-plugin-annotation.min.js"
seg. ago. 3 19:33:22 2026 1785796402937 Debug: webserverinfosender.cpp auto WebServerInfoSender::init()::(anonymous class)::operator()(const QUrl &, const QHttpServerRequest &) const "Path" "chartjs/globals.js" "req" "chartjs"
seg. ago. 3 19:33:22 2026 1785796402942 Debug: webserverinfosender.cpp auto WebServerInfoSender::init()::(anonymous class)::operator()(const QUrl &, const QHttpServerRequest &) const File to look at: ":/inner_templates//chartjs/globals.js"
seg. ago. 3 19:33:22 2026 1785796402944 Debug: webserverinfosender.cpp auto WebServerInfoSender::init()::(anonymous class)::operator()(const QUrl &, const QHttpServerRequest &) const "Path" "chartjs/main_ws_manager.js" "req" "chartjs"
seg. ago. 3 19:33:22 2026 1785796402946 Debug: webserverinfosender.cpp auto WebServerInfoSender::init()::(anonymous class)::operator()(const QUrl &, const QHttpServerRequest &) const File to look at: ":/inner_templates//chartjs/main_ws_manager.js"
seg. ago. 3 19:33:22 2026 1785796402962 Debug: webserverinfosender.cpp auto WebServerInfoSender::init()::(anonymous class)::operator()(const QUrl &, const QHttpServerRequest &) const "Path" "i18n/i18n.js" "req" "i18n"
seg. ago. 3 19:33:22 2026 1785796402963 Debug: webserverinfosender.cpp auto WebServerInfoSender::init()::(anonymous class)::operator()(const QUrl &, const QHttpServerRequest &) const File to look at: ":/inner_templates//i18n/i18n.js"
seg. ago. 3 19:33:22 2026 1785796402976 Debug: webserverinfosender.cpp auto WebServerInfoSender::init()::(anonymous class)::operator()(const QUrl &, const QHttpServerRequest &) const "Path" "chartjs/dochartliveheart.js" "req" "chartjs"
seg. ago. 3 19:33:22 2026 1785796402977 Debug: webserverinfosender.cpp auto WebServerInfoSender::init()::(anonymous class)::operator()(const QUrl &, const QHttpServerRequest &) const File to look at: ":/inner_templates//chartjs/dochartliveheart.js"
seg. ago. 3 19:33:22 2026 1785796402978 Debug: webserverinfosender.cpp auto WebServerInfoSender::init()::(anonymous class)::operator()(const QUrl &, const QHttpServerRequest &) const "Path" "chartjs/dochartlive.js" "req" "chartjs"
seg. ago. 3 19:33:22 2026 1785796402980 Debug: webserverinfosender.cpp auto WebServerInfoSender::init()::(anonymous class)::operator()(const QUrl &, const QHttpServerRequest &) const File to look at: ":/inner_templates//chartjs/dochartlive.js"
seg. ago. 3 19:33:22 2026 1785796402982 Debug: webserverinfosender.cpp void WebServerInfoSender::onNewConnection() "WebSocket connection" QUrl("ws://localhost:33603/chartjs-ws")
seg. ago. 3 19:33:22 2026 1785796402984 Debug: webserverinfosender.cpp auto WebServerInfoSender::init()::(anonymous class)::operator()(const QUrl &, const QHttpServerRequest &) const "Path" "chartjs/html2canvas.min.js" "req" "chartjs"
seg. ago. 3 19:33:22 2026 1785796402985 Debug: webserverinfosender.cpp auto WebServerInfoSender::init()::(anonymous class)::operator()(const QUrl &, const QHttpServerRequest &) const File to look at: ":/inner_templates//chartjs/html2canvas.min.js"
seg. ago. 3 19:33:23 2026 1785796403235 Debug: homeform.cpp void homeform::update() homeform::update fired! elapsed: 839 jitter: -161
seg. ago. 3 19:33:23 2026 1785796403246 Debug: homeform.cpp void homeform::update() homeform::update tiles updated!
seg. ago. 3 19:33:23 2026 1785796403247 Debug: homeform.cpp void homeform::update() Current Distance 1s: 0 0 0
seg. ago. 3 19:33:23 2026 1785796403265 Debug: templateinfosender.cpp bool TemplateInfoSender::update(QJSEngine *) "eval res " "{\"msg\":\"workout\",\"content\":{\"BIKE_TYPE\":2,\"ELLIPTICAL_TYPE\":4,\"ROWING_TYPE\":3,\"TREADMILL_TYPE\":1,\"UNKNOWN_TYPE\":0,\"deviceId\":\"B8:F8:62:6D:A8:D6\",\"deviceName\":\"YPBM001264\",\"deviceRSSI\":-33,\"deviceType\":2,\"deviceConnected\":false,\"devicePaused\":false,\"elapsed_s\":0,\"elapsed_m\":0,\"elapsed_h\":0,\"lapelapsed_s\":0,\"lapelapsed_m\":0,\"lapelapsed_h\":0,\"pace_s\":0,\"pace_m\":0,\"pace_h\":0,\"pace_color\":\"white\",\"avgpace_s\":0,\"avgpace_m\":0,\"avgpace_h\":0,\"maxpace_s\":0,\"maxpace_m\":0,\"maxpace_h\":0,\"moving_s\":0,\"moving_m\":0,\"moving_h\":0,\"speed\":0,\"speed_avg\":0,\"speed_color\":\"white\",\"speed_lapavg\":0,\"speed_lapmax\":0,\"calories\":0,\"distance\":0,\"heart\":0,\"heart_color\":\"lightsteelblue\",\"heart_avg\":0,\"heart_lapavg\":0,\"heart_max\":0,\"heart_lapmax\":0,\"target_heart_above\":0,\"target_heart_below\":0,\"jouls\":0,\"elevation\":0,\"difficult\":1,\"watts\":0,\"watts_avg\":0,\"watts_color\":\"white\",\"watts_lapavg\":0,\"watts_max\":0,\"watts_lapmax\":0,\"kgwatts\":0,\"kgwatts_avg\":0,\"kgwatts_max\":0,\"workoutName\":\"Ride\",\"workoutStartDate\":\"seg. ago. 3 19:33:22 2026\",\"instructorName\":\"\",\"latitude\":null,\"longitude\":null,\"altitude\":null,\"peloton_offset\":0,\"peloton_ask_start\":false,\"autoresistance\":true,\"nextrow\":\"N/A\",\"training_row_index\":0,\"training_row_elapsed\":0,\"training_row_open_ended\":false,\"training_row_wait_for_lap\":false,\"row_remaining_time_s\":0,\"row_remaining_time_m\":0,\"row_remaining_time_h\":0,\"remaining_time_s\":0,\"remaining_time_m\":0,\"remaining_time_h\":0,\"nickName\":\"N/A\",\"gears\":0,\"target_resistance\":0,\"target_peloton_resistance\":0,\"target_cadence\":0,\"target_power\":0,\"power_zone\":1,\"power_zone_lapavg\":1,\"power_zone_lapmax\":1,\"target_power_zone\":1,\"power_zone_color\":\"white\",\"target_power_zone_color\":\"white\",\"peloton_resistance\":0,\"peloton_resistance_avg\":0,\"peloton_resistance_color\":\"white\",\"peloton_resistance_lapavg\":0,\"peloton_resistance_lapmax\":0,\"peloton_req_resistance\":0,\"cadence\":0,\"cadence_color\":\"white\",\"cadence_avg\":0,\"cadence_lapavg\":0,\"cadence_lapmax\":0,\"resistance\":0,\"resistance_avg\":0,\"resistance_lapavg\":0,\"resistance_lapmax\":0,\"cranks\":0,\"cranktime\":0,\"req_power\":0,\"req_cadence\":0,\"req_resistance\":0,\"inclination\":0,\"inclination_avg\":0}}"
seg. ago. 3 19:33:23 2026 1785796403889 Debug:   Connection updated: error: QLowEnergyController::NoError oldState: QLowEnergyController::ConnectingState newState: QLowEnergyController::ConnectedState
seg. ago. 3 19:33:23 2026 1785796403893 Debug: devices/ftmsbike/ftmsbike.cpp void ftmsbike::controllerStateChanged(QLowEnergyController::ControllerState) "controllerStateChanged" QLowEnergyController::ConnectedState
seg. ago. 3 19:33:23 2026 1785796403894 Debug: devices/bluetooth.cpp void bluetooth::debug(const QString &) "Controller connected. Search services..."
seg. ago. 3 19:33:23 2026 1785796403898 Debug: devices/ftmsbike/ftmsbike.cpp void ftmsbike::controllerStateChanged(QLowEnergyController::ControllerState) "controllerStateChanged" QLowEnergyController::DiscoveringState
seg. ago. 3 19:33:23 2026 1785796403906 Debug:   Service discovery initiated
seg. ago. 3 19:33:24 2026 1785796404275 Debug: homeform.cpp void homeform::update() homeform::update fired! elapsed: 1037 jitter: -124
seg. ago. 3 19:33:24 2026 1785796404302 Debug: homeform.cpp void homeform::update() homeform::update tiles updated!
seg. ago. 3 19:33:24 2026 1785796404305 Debug: homeform.cpp void homeform::update() Current Distance 1s: 0 0 0
seg. ago. 3 19:33:24 2026 1785796404315 Debug: templateinfosender.cpp bool TemplateInfoSender::update(QJSEngine *) "eval res " "{\"msg\":\"workout\",\"content\":{\"BIKE_TYPE\":2,\"ELLIPTICAL_TYPE\":4,\"ROWING_TYPE\":3,\"TREADMILL_TYPE\":1,\"UNKNOWN_TYPE\":0,\"deviceId\":\"B8:F8:62:6D:A8:D6\",\"deviceName\":\"YPBM001264\",\"deviceRSSI\":-33,\"deviceType\":2,\"deviceConnected\":false,\"devicePaused\":false,\"elapsed_s\":0,\"elapsed_m\":0,\"elapsed_h\":0,\"lapelapsed_s\":0,\"lapelapsed_m\":0,\"lapelapsed_h\":0,\"pace_s\":0,\"pace_m\":0,\"pace_h\":0,\"pace_color\":\"white\",\"avgpace_s\":0,\"avgpace_m\":0,\"avgpace_h\":0,\"maxpace_s\":0,\"maxpace_m\":0,\"maxpace_h\":0,\"moving_s\":0,\"moving_m\":0,\"moving_h\":0,\"speed\":0,\"speed_avg\":0,\"speed_color\":\"white\",\"speed_lapavg\":0,\"speed_lapmax\":0,\"calories\":0,\"distance\":0,\"heart\":0,\"heart_color\":\"lightsteelblue\",\"heart_avg\":0,\"heart_lapavg\":0,\"heart_max\":0,\"heart_lapmax\":0,\"target_heart_above\":0,\"target_heart_below\":0,\"jouls\":0,\"elevation\":0,\"difficult\":1,\"watts\":0,\"watts_avg\":0,\"watts_color\":\"white\",\"watts_lapavg\":0,\"watts_max\":0,\"watts_lapmax\":0,\"kgwatts\":0,\"kgwatts_avg\":0,\"kgwatts_max\":0,\"workoutName\":\"Ride\",\"workoutStartDate\":\"seg. ago. 3 19:33:22 2026\",\"instructorName\":\"\",\"latitude\":null,\"longitude\":null,\"altitude\":null,\"peloton_offset\":0,\"peloton_ask_start\":false,\"autoresistance\":true,\"nextrow\":\"N/A\",\"training_row_index\":0,\"training_row_elapsed\":0,\"training_row_open_ended\":false,\"training_row_wait_for_lap\":false,\"row_remaining_time_s\":0,\"row_remaining_time_m\":0,\"row_remaining_time_h\":0,\"remaining_time_s\":0,\"remaining_time_m\":0,\"remaining_time_h\":0,\"nickName\":\"N/A\",\"gears\":0,\"target_resistance\":0,\"target_peloton_resistance\":0,\"target_cadence\":0,\"target_power\":0,\"power_zone\":1,\"power_zone_lapavg\":1,\"power_zone_lapmax\":1,\"target_power_zone\":1,\"power_zone_color\":\"white\",\"target_power_zone_color\":\"white\",\"peloton_resistance\":0,\"peloton_resistance_avg\":0,\"peloton_resistance_color\":\"white\",\"peloton_resistance_lapavg\":0,\"peloton_resistance_lapmax\":0,\"peloton_req_resistance\":0,\"cadence\":0,\"cadence_color\":\"white\",\"cadence_avg\":0,\"cadence_lapavg\":0,\"cadence_lapmax\":0,\"resistance\":0,\"resistance_avg\":0,\"resistance_lapavg\":0,\"resistance_lapmax\":0,\"cranks\":0,\"cranktime\":0,\"req_power\":0,\"req_cadence\":0,\"req_resistance\":0,\"inclination\":0,\"inclination_avg\":0}}"
seg. ago. 3 19:33:24 2026 1785796404815 Debug: devices/bluetooth.cpp void bluetooth::debug(const QString &) "serviceDiscovered {00001800-0000-1000-8000-00805f9b34fb}"
seg. ago. 3 19:33:24 2026 1785796404820 Debug: devices/bluetooth.cpp void bluetooth::debug(const QString &) "serviceDiscovered {00001801-0000-1000-8000-00805f9b34fb}"
seg. ago. 3 19:33:24 2026 1785796404828 Debug: devices/bluetooth.cpp void bluetooth::debug(const QString &) "serviceDiscovered {0000180a-0000-1000-8000-00805f9b34fb}"
seg. ago. 3 19:33:24 2026 1785796404830 Debug: devices/bluetooth.cpp void bluetooth::debug(const QString &) "serviceDiscovered {00001826-0000-1000-8000-00805f9b34fb}"
seg. ago. 3 19:33:24 2026 1785796404831 Debug: devices/bluetooth.cpp void bluetooth::debug(const QString &) "serviceDiscovered {0000fff0-0000-1000-8000-00805f9b34fb}"
seg. ago. 3 19:33:24 2026 1785796404832 Debug: devices/bluetooth.cpp void bluetooth::debug(const QString &) "serviceDiscovered {0000180f-0000-1000-8000-00805f9b34fb}"
seg. ago. 3 19:33:24 2026 1785796404834 Debug: devices/ftmsbike/ftmsbike.cpp void ftmsbike::controllerStateChanged(QLowEnergyController::ControllerState) "controllerStateChanged" QLowEnergyController::DiscoveredState
seg. ago. 3 19:33:24 2026 1785796404835 Debug: devices/bluetooth.cpp void bluetooth::debug(const QString &) "serviceScanDone"
seg. ago. 3 19:33:24 2026 1785796404849 Debug: devices/bluetooth.cpp void bluetooth::debug(const QString &) "BTLE stateChanged DiscoveringServices"
seg. ago. 3 19:33:24 2026 1785796404851 Debug: devices/ftmsbike/ftmsbike.cpp void ftmsbike::stateChanged(QLowEnergyService::ServiceState) "stateChanged" "{00001800-0000-1000-8000-00805f9b34fb}" QLowEnergyService::DiscoveringServices
seg. ago. 3 19:33:24 2026 1785796404852 Debug: devices/ftmsbike/ftmsbike.cpp void ftmsbike::stateChanged(QLowEnergyService::ServiceState) "not all services discovered"
seg. ago. 3 19:33:24 2026 1785796404854 Debug:   Discovery of "{00001800-0000-1000-8000-00805f9b34fb}" started
seg. ago. 3 19:33:24 2026 1785796404856 Debug: devices/bluetooth.cpp void bluetooth::debug(const QString &) "BTLE stateChanged DiscoveringServices"
seg. ago. 3 19:33:24 2026 1785796404857 Debug: devices/ftmsbike/ftmsbike.cpp void ftmsbike::stateChanged(QLowEnergyService::ServiceState) "stateChanged" "{00001800-0000-1000-8000-00805f9b34fb}" QLowEnergyService::DiscoveringServices
seg. ago. 3 19:33:24 2026 1785796404858 Debug: devices/ftmsbike/ftmsbike.cpp void ftmsbike::stateChanged(QLowEnergyService::ServiceState) "not all services discovered"
seg. ago. 3 19:33:24 2026 1785796404866 Debug:   Discovery of "{00001801-0000-1000-8000-00805f9b34fb}" started
seg. ago. 3 19:33:24 2026 1785796404868 Debug: devices/bluetooth.cpp void bluetooth::debug(const QString &) "BTLE stateChanged DiscoveringServices"
seg. ago. 3 19:33:24 2026 1785796404869 Debug: devices/ftmsbike/ftmsbike.cpp void ftmsbike::stateChanged(QLowEnergyService::ServiceState) "stateChanged" "{00001800-0000-1000-8000-00805f9b34fb}" QLowEnergyService::DiscoveringServices
seg. ago. 3 19:33:24 2026 1785796404870 Debug: devices/ftmsbike/ftmsbike.cpp void ftmsbike::stateChanged(QLowEnergyService::ServiceState) "not all services discovered"
seg. ago. 3 19:33:24 2026 1785796404873 Debug:   Discovery of "{0000180a-0000-1000-8000-00805f9b34fb}" started
seg. ago. 3 19:33:24 2026 1785796404874 Debug: devices/bluetooth.cpp void bluetooth::debug(const QString &) "BTLE stateChanged DiscoveringServices"
seg. ago. 3 19:33:24 2026 1785796404875 Debug: devices/ftmsbike/ftmsbike.cpp void ftmsbike::stateChanged(QLowEnergyService::ServiceState) "stateChanged" "{00001800-0000-1000-8000-00805f9b34fb}" QLowEnergyService::DiscoveringServices
seg. ago. 3 19:33:24 2026 1785796404876 Debug: devices/ftmsbike/ftmsbike.cpp void ftmsbike::stateChanged(QLowEnergyService::ServiceState) "not all services discovered"
seg. ago. 3 19:33:24 2026 1785796404877 Debug:   Discovery of "{0000180f-0000-1000-8000-00805f9b34fb}" started
seg. ago. 3 19:33:24 2026 1785796404879 Debug: devices/bluetooth.cpp void bluetooth::debug(const QString &) "BTLE stateChanged DiscoveringServices"
seg. ago. 3 19:33:24 2026 1785796404879 Debug: devices/ftmsbike/ftmsbike.cpp void ftmsbike::stateChanged(QLowEnergyService::ServiceState) "stateChanged" "{00001800-0000-1000-8000-00805f9b34fb}" QLowEnergyService::DiscoveringServices
seg. ago. 3 19:33:24 2026 1785796404880 Debug: devices/ftmsbike/ftmsbike.cpp void ftmsbike::stateChanged(QLowEnergyService::ServiceState) "not all services discovered"
seg. ago. 3 19:33:24 2026 1785796404882 Debug:   Discovery of "{00001826-0000-1000-8000-00805f9b34fb}" started
seg. ago. 3 19:33:24 2026 1785796404884 Debug: devices/bluetooth.cpp void bluetooth::debug(const QString &) "BTLE stateChanged DiscoveringServices"
seg. ago. 3 19:33:24 2026 1785796404885 Debug: devices/ftmsbike/ftmsbike.cpp void ftmsbike::stateChanged(QLowEnergyService::ServiceState) "stateChanged" "{00001800-0000-1000-8000-00805f9b34fb}" QLowEnergyService::DiscoveringServices
seg. ago. 3 19:33:24 2026 1785796404885 Debug: devices/ftmsbike/ftmsbike.cpp void ftmsbike::stateChanged(QLowEnergyService::ServiceState) "not all services discovered"
seg. ago. 3 19:33:24 2026 1785796404886 Debug:   Discovery of "{0000fff0-0000-1000-8000-00805f9b34fb}" started
seg. ago. 3 19:33:24 2026 1785796404888 Debug: ./ergtable.h void ergTable::collectData(uint16_t, uint16_t, uint16_t, bool) resistance changed
seg. ago. 3 19:33:24 2026 1785796404889 Debug: ./ergtable.h void ergTable::collectData(uint16_t, uint16_t, uint16_t, bool) skipping collecting data due to resistance changing too fast
seg. ago. 3 19:33:24 2026 1785796404890 Debug:   Service "00001800-0000-1000-8000-00805f9b34fb" discovered (start: 1 end: 5 ) QLowEnergyServicePrivate(0x71cf828780)
seg. ago. 3 19:33:24 2026 1785796404891 Debug: devices/bluetooth.cpp void bluetooth::debug(const QString &) "BTLE stateChanged ServiceDiscovered"
seg. ago. 3 19:33:24 2026 1785796404892 Debug: devices/ftmsbike/ftmsbike.cpp void ftmsbike::stateChanged(QLowEnergyService::ServiceState) "stateChanged" "{00001800-0000-1000-8000-00805f9b34fb}" QLowEnergyService::ServiceDiscovered
seg. ago. 3 19:33:24 2026 1785796404892 Debug: devices/ftmsbike/ftmsbike.cpp void ftmsbike::stateChanged(QLowEnergyService::ServiceState) "stateChanged" "{00001801-0000-1000-8000-00805f9b34fb}" QLowEnergyService::DiscoveringServices
seg. ago. 3 19:33:24 2026 1785796404893 Debug: devices/ftmsbike/ftmsbike.cpp void ftmsbike::stateChanged(QLowEnergyService::ServiceState) "not all services discovered"
seg. ago. 3 19:33:24 2026 1785796404894 Debug:   Service "00001801-0000-1000-8000-00805f9b34fb" discovered (start: 6 end: 13 ) QLowEnergyServicePrivate(0x71cf8287f0)
seg. ago. 3 19:33:24 2026 1785796404895 Debug: devices/bluetooth.cpp void bluetooth::debug(const QString &) "BTLE stateChanged ServiceDiscovered"
seg. ago. 3 19:33:24 2026 1785796404895 Debug: devices/ftmsbike/ftmsbike.cpp void ftmsbike::stateChanged(QLowEnergyService::ServiceState) "stateChanged" "{00001800-0000-1000-8000-00805f9b34fb}" QLowEnergyService::ServiceDiscovered
seg. ago. 3 19:33:24 2026 1785796404896 Debug: devices/ftmsbike/ftmsbike.cpp void ftmsbike::stateChanged(QLowEnergyService::ServiceState) "stateChanged" "{00001801-0000-1000-8000-00805f9b34fb}" QLowEnergyService::ServiceDiscovered
seg. ago. 3 19:33:24 2026 1785796404897 Debug: devices/ftmsbike/ftmsbike.cpp void ftmsbike::stateChanged(QLowEnergyService::ServiceState) "stateChanged" "{0000180a-0000-1000-8000-00805f9b34fb}" QLowEnergyService::DiscoveringServices
seg. ago. 3 19:33:24 2026 1785796404897 Debug: devices/ftmsbike/ftmsbike.cpp void ftmsbike::stateChanged(QLowEnergyService::ServiceState) "not all services discovered"
seg. ago. 3 19:33:24 2026 1785796404898 Debug:   Service "0000180a-0000-1000-8000-00805f9b34fb" discovered (start: 14 end: 28 ) QLowEnergyServicePrivate(0x71bf351410)
seg. ago. 3 19:33:24 2026 1785796404899 Debug: devices/bluetooth.cpp void bluetooth::debug(const QString &) "BTLE stateChanged ServiceDiscovered"
seg. ago. 3 19:33:24 2026 1785796404900 Debug: devices/ftmsbike/ftmsbike.cpp void ftmsbike::stateChanged(QLowEnergyService::ServiceState) "stateChanged" "{00001800-0000-1000-8000-00805f9b34fb}" QLowEnergyService::ServiceDiscovered
seg. ago. 3 19:33:24 2026 1785796404901 Debug: devices/ftmsbike/ftmsbike.cpp void ftmsbike::stateChanged(QLowEnergyService::ServiceState) "stateChanged" "{00001801-0000-1000-8000-00805f9b34fb}" QLowEnergyService::ServiceDiscovered
seg. ago. 3 19:33:24 2026 1785796404901 Debug: devices/ftmsbike/ftmsbike.cpp void ftmsbike::stateChanged(QLowEnergyService::ServiceState) "stateChanged" "{0000180a-0000-1000-8000-00805f9b34fb}" QLowEnergyService::ServiceDiscovered
seg. ago. 3 19:33:24 2026 1785796404902 Debug: devices/ftmsbike/ftmsbike.cpp void ftmsbike::stateChanged(QLowEnergyService::ServiceState) "stateChanged" "{0000180f-0000-1000-8000-00805f9b34fb}" QLowEnergyService::DiscoveringServices
seg. ago. 3 19:33:24 2026 1785796404903 Debug: devices/ftmsbike/ftmsbike.cpp void ftmsbike::stateChanged(QLowEnergyService::ServiceState) "not all services discovered"
seg. ago. 3 19:33:24 2026 1785796404904 Debug:   Service "0000180f-0000-1000-8000-00805f9b34fb" discovered (start: 64 end: 67 ) QLowEnergyServicePrivate(0x71bf3516b0)
seg. ago. 3 19:33:24 2026 1785796404905 Debug: devices/bluetooth.cpp void bluetooth::debug(const QString &) "BTLE stateChanged ServiceDiscovered"
seg. ago. 3 19:33:24 2026 1785796404906 Debug: devices/ftmsbike/ftmsbike.cpp void ftmsbike::stateChanged(QLowEnergyService::ServiceState) "stateChanged" "{00001800-0000-1000-8000-00805f9b34fb}" QLowEnergyService::ServiceDiscovered
seg. ago. 3 19:33:24 2026 1785796404906 Debug: devices/ftmsbike/ftmsbike.cpp void ftmsbike::stateChanged(QLowEnergyService::ServiceState) "stateChanged" "{00001801-0000-1000-8000-00805f9b34fb}" QLowEnergyService::ServiceDiscovered
seg. ago. 3 19:33:24 2026 1785796404907 Debug: devices/ftmsbike/ftmsbike.cpp void ftmsbike::stateChanged(QLowEnergyService::ServiceState) "stateChanged" "{0000180a-0000-1000-8000-00805f9b34fb}" QLowEnergyService::ServiceDiscovered
seg. ago. 3 19:33:24 2026 1785796404908 Debug: devices/ftmsbike/ftmsbike.cpp void ftmsbike::stateChanged(QLowEnergyService::ServiceState) "stateChanged" "{0000180f-0000-1000-8000-00805f9b34fb}" QLowEnergyService::ServiceDiscovered
seg. ago. 3 19:33:24 2026 1785796404909 Debug: devices/ftmsbike/ftmsbike.cpp void ftmsbike::stateChanged(QLowEnergyService::ServiceState) "stateChanged" "{00001826-0000-1000-8000-00805f9b34fb}" QLowEnergyService::DiscoveringServices
seg. ago. 3 19:33:24 2026 1785796404909 Debug: devices/ftmsbike/ftmsbike.cpp void ftmsbike::stateChanged(QLowEnergyService::ServiceState) "not all services discovered"
seg. ago. 3 19:33:24 2026 1785796404910 Debug:   Service "00001826-0000-1000-8000-00805f9b34fb" discovered (start: 29 end: 51 ) QLowEnergyServicePrivate(0x71bf3514f0)
seg. ago. 3 19:33:24 2026 1785796404911 Debug: devices/bluetooth.cpp void bluetooth::debug(const QString &) "BTLE stateChanged ServiceDiscovered"
seg. ago. 3 19:33:24 2026 1785796404912 Debug: devices/ftmsbike/ftmsbike.cpp void ftmsbike::stateChanged(QLowEnergyService::ServiceState) "stateChanged" "{00001800-0000-1000-8000-00805f9b34fb}" QLowEnergyService::ServiceDiscovered
seg. ago. 3 19:33:24 2026 1785796404912 Debug: devices/ftmsbike/ftmsbike.cpp void ftmsbike::stateChanged(QLowEnergyService::ServiceState) "stateChanged" "{00001801-0000-1000-8000-00805f9b34fb}" QLowEnergyService::ServiceDiscovered
seg. ago. 3 19:33:24 2026 1785796404913 Debug: devices/ftmsbike/ftmsbike.cpp void ftmsbike::stateChanged(QLowEnergyService::ServiceState) "stateChanged" "{0000180a-0000-1000-8000-00805f9b34fb}" QLowEnergyService::ServiceDiscovered
seg. ago. 3 19:33:24 2026 1785796404914 Debug: devices/ftmsbike/ftmsbike.cpp void ftmsbike::stateChanged(QLowEnergyService::ServiceState) "stateChanged" "{0000180f-0000-1000-8000-00805f9b34fb}" QLowEnergyService::ServiceDiscovered
seg. ago. 3 19:33:24 2026 1785796404914 Debug: devices/ftmsbike/ftmsbike.cpp void ftmsbike::stateChanged(QLowEnergyService::ServiceState) "stateChanged" "{00001826-0000-1000-8000-00805f9b34fb}" QLowEnergyService::ServiceDiscovered
seg. ago. 3 19:33:24 2026 1785796404915 Debug: devices/ftmsbike/ftmsbike.cpp void ftmsbike::stateChanged(QLowEnergyService::ServiceState) "stateChanged" "{0000fff0-0000-1000-8000-00805f9b34fb}" QLowEnergyService::DiscoveringServices
seg. ago. 3 19:33:24 2026 1785796404915 Debug: devices/ftmsbike/ftmsbike.cpp void ftmsbike::stateChanged(QLowEnergyService::ServiceState) "not all services discovered"
seg. ago. 3 19:33:24 2026 1785796404916 Debug:   Service "0000fff0-0000-1000-8000-00805f9b34fb" discovered (start: 52 end: 63 ) QLowEnergyServicePrivate(0x71bf3515d0)
seg. ago. 3 19:33:24 2026 1785796404917 Debug: devices/bluetooth.cpp void bluetooth::debug(const QString &) "BTLE stateChanged ServiceDiscovered"
seg. ago. 3 19:33:24 2026 1785796404918 Debug: devices/ftmsbike/ftmsbike.cpp void ftmsbike::stateChanged(QLowEnergyService::ServiceState) "stateChanged" "{00001800-0000-1000-8000-00805f9b34fb}" QLowEnergyService::ServiceDiscovered
seg. ago. 3 19:33:24 2026 1785796404919 Debug: devices/ftmsbike/ftmsbike.cpp void ftmsbike::stateChanged(QLowEnergyService::ServiceState) "stateChanged" "{00001801-0000-1000-8000-00805f9b34fb}" QLowEnergyService::ServiceDiscovered
seg. ago. 3 19:33:24 2026 1785796404920 Debug: devices/ftmsbike/ftmsbike.cpp void ftmsbike::stateChanged(QLowEnergyService::ServiceState) "stateChanged" "{0000180a-0000-1000-8000-00805f9b34fb}" QLowEnergyService::ServiceDiscovered
seg. ago. 3 19:33:24 2026 1785796404922 Debug: devices/ftmsbike/ftmsbike.cpp void ftmsbike::stateChanged(QLowEnergyService::ServiceState) "stateChanged" "{0000180f-0000-1000-8000-00805f9b34fb}" QLowEnergyService::ServiceDiscovered
seg. ago. 3 19:33:24 2026 1785796404923 Debug: devices/ftmsbike/ftmsbike.cpp void ftmsbike::stateChanged(QLowEnergyService::ServiceState) "stateChanged" "{00001826-0000-1000-8000-00805f9b34fb}" QLowEnergyService::ServiceDiscovered
seg. ago. 3 19:33:24 2026 1785796404925 Debug: devices/ftmsbike/ftmsbike.cpp void ftmsbike::stateChanged(QLowEnergyService::ServiceState) "stateChanged" "{0000fff0-0000-1000-8000-00805f9b34fb}" QLowEnergyService::ServiceDiscovered
seg. ago. 3 19:33:24 2026 1785796404927 Debug: devices/ftmsbike/ftmsbike.cpp void ftmsbike::stateChanged(QLowEnergyService::ServiceState) "all services discovered!"
seg. ago. 3 19:33:24 2026 1785796404928 Debug: devices/ftmsbike/ftmsbike.cpp void ftmsbike::stateChanged(QLowEnergyService::ServiceState) "{00001800-0000-1000-8000-00805f9b34fb}" "connected!"
seg. ago. 3 19:33:24 2026 1785796404929 Debug: devices/ftmsbike/ftmsbike.cpp void ftmsbike::stateChanged(QLowEnergyService::ServiceState) "char uuid" "{00002a00-0000-1000-8000-00805f9b34fb}" "handle" 3 QFlags(0x2)
seg. ago. 3 19:33:24 2026 1785796404930 Debug: devices/ftmsbike/ftmsbike.cpp void ftmsbike::stateChanged(QLowEnergyService::ServiceState) "char uuid" "{00002a01-0000-1000-8000-00805f9b34fb}" "handle" 5 QFlags(0x2)
seg. ago. 3 19:33:24 2026 1785796404931 Debug: devices/ftmsbike/ftmsbike.cpp void ftmsbike::stateChanged(QLowEnergyService::ServiceState) "{00001801-0000-1000-8000-00805f9b34fb}" "connected!"
seg. ago. 3 19:33:24 2026 1785796404932 Debug: devices/ftmsbike/ftmsbike.cpp void ftmsbike::stateChanged(QLowEnergyService::ServiceState) "char uuid" "{00002a05-0000-1000-8000-00805f9b34fb}" "handle" 8 QFlags(0x20)
seg. ago. 3 19:33:24 2026 1785796404932 Debug: devices/ftmsbike/ftmsbike.cpp void ftmsbike::stateChanged(QLowEnergyService::ServiceState) "descriptor uuid" "{00002902-0000-1000-8000-00805f9b34fb}" "handle" 9
seg. ago. 3 19:33:24 2026 1785796404933 Debug:   Write descriptor with handle  9 "0200" (service: "{00001801-0000-1000-8000-00805f9b34fb}" )
seg. ago. 3 19:33:24 2026 1785796404934 Debug: devices/ftmsbike/ftmsbike.cpp void ftmsbike::stateChanged(QLowEnergyService::ServiceState) "{00001801-0000-1000-8000-00805f9b34fb}" "{00002a05-0000-1000-8000-00805f9b34fb}" "indication subscribed!"
seg. ago. 3 19:33:24 2026 1785796404936 Debug: devices/ftmsbike/ftmsbike.cpp void ftmsbike::stateChanged(QLowEnergyService::ServiceState) "char uuid" "{00002b3a-0000-1000-8000-00805f9b34fb}" "handle" 11 QFlags(0x2)
seg. ago. 3 19:33:24 2026 1785796404937 Debug: devices/ftmsbike/ftmsbike.cpp void ftmsbike::stateChanged(QLowEnergyService::ServiceState) "char uuid" "{00002b29-0000-1000-8000-00805f9b34fb}" "handle" 13 QFlags(0x2|0x8)
seg. ago. 3 19:33:24 2026 1785796404938 Debug: devices/ftmsbike/ftmsbike.cpp void ftmsbike::stateChanged(QLowEnergyService::ServiceState) "{0000180a-0000-1000-8000-00805f9b34fb}" "connected!"
seg. ago. 3 19:33:24 2026 1785796404939 Debug: devices/ftmsbike/ftmsbike.cpp void ftmsbike::stateChanged(QLowEnergyService::ServiceState) "char uuid" "{00002a23-0000-1000-8000-00805f9b34fb}" "handle" 16 QFlags(0x2)
seg. ago. 3 19:33:24 2026 1785796404941 Debug: devices/ftmsbike/ftmsbike.cpp void ftmsbike::stateChanged(QLowEnergyService::ServiceState) "char uuid" "{00002a24-0000-1000-8000-00805f9b34fb}" "handle" 18 QFlags(0x2)
seg. ago. 3 19:33:24 2026 1785796404942 Debug: devices/ftmsbike/ftmsbike.cpp void ftmsbike::stateChanged(QLowEnergyService::ServiceState) "char uuid" "{00002a25-0000-1000-8000-00805f9b34fb}" "handle" 20 QFlags(0x2)
seg. ago. 3 19:33:24 2026 1785796404943 Debug: devices/ftmsbike/ftmsbike.cpp void ftmsbike::stateChanged(QLowEnergyService::ServiceState) "char uuid" "{00002a26-0000-1000-8000-00805f9b34fb}" "handle" 22 QFlags(0x2)
seg. ago. 3 19:33:24 2026 1785796404943 Debug: devices/ftmsbike/ftmsbike.cpp void ftmsbike::stateChanged(QLowEnergyService::ServiceState) "char uuid" "{00002a27-0000-1000-8000-00805f9b34fb}" "handle" 24 QFlags(0x2)
seg. ago. 3 19:33:24 2026 1785796404944 Debug: devices/ftmsbike/ftmsbike.cpp void ftmsbike::stateChanged(QLowEnergyService::ServiceState) "char uuid" "{00002a28-0000-1000-8000-00805f9b34fb}" "handle" 26 QFlags(0x2)
seg. ago. 3 19:33:24 2026 1785796404945 Debug: devices/ftmsbike/ftmsbike.cpp void ftmsbike::stateChanged(QLowEnergyService::ServiceState) "char uuid" "{00002a29-0000-1000-8000-00805f9b34fb}" "handle" 28 QFlags(0x2)
seg. ago. 3 19:33:24 2026 1785796404946 Debug: devices/ftmsbike/ftmsbike.cpp void ftmsbike::stateChanged(QLowEnergyService::ServiceState) "{0000180f-0000-1000-8000-00805f9b34fb}" "connected!"
seg. ago. 3 19:33:24 2026 1785796404947 Debug: devices/ftmsbike/ftmsbike.cpp void ftmsbike::stateChanged(QLowEnergyService::ServiceState) "char uuid" "{00002a19-0000-1000-8000-00805f9b34fb}" "handle" 66 QFlags(0x2|0x10)
seg. ago. 3 19:33:24 2026 1785796404949 Debug: devices/ftmsbike/ftmsbike.cpp void ftmsbike::stateChanged(QLowEnergyService::ServiceState) "descriptor uuid" "{00002902-0000-1000-8000-00805f9b34fb}" "handle" 67
seg. ago. 3 19:33:24 2026 1785796404950 Debug:   Write descriptor with handle  67 "0100" (service: "{0000180f-0000-1000-8000-00805f9b34fb}" )
seg. ago. 3 19:33:24 2026 1785796404951 Debug: devices/ftmsbike/ftmsbike.cpp void ftmsbike::stateChanged(QLowEnergyService::ServiceState) "{0000180f-0000-1000-8000-00805f9b34fb}" "{00002a19-0000-1000-8000-00805f9b34fb}" "notification subscribed!"
seg. ago. 3 19:33:24 2026 1785796404952 Debug: devices/ftmsbike/ftmsbike.cpp void ftmsbike::stateChanged(QLowEnergyService::ServiceState) "{00001826-0000-1000-8000-00805f9b34fb}" "connected!"
seg. ago. 3 19:33:24 2026 1785796404953 Debug: devices/ftmsbike/ftmsbike.cpp void ftmsbike::stateChanged(QLowEnergyService::ServiceState) "char uuid" "{00002acc-0000-1000-8000-00805f9b34fb}" "handle" 31 QFlags(0x2)
seg. ago. 3 19:33:24 2026 1785796404953 Debug: devices/ftmsbike/ftmsbike.cpp void ftmsbike::stateChanged(QLowEnergyService::ServiceState) "char uuid" "{00002ad3-0000-1000-8000-00805f9b34fb}" "handle" 33 QFlags(0x2|0x10)
seg. ago. 3 19:33:24 2026 1785796404954 Debug: devices/ftmsbike/ftmsbike.cpp void ftmsbike::stateChanged(QLowEnergyService::ServiceState) "descriptor uuid" "{00002902-0000-1000-8000-00805f9b34fb}" "handle" 34
seg. ago. 3 19:33:24 2026 1785796404955 Debug:   Write descriptor with handle  34 "0100" (service: "{00001826-0000-1000-8000-00805f9b34fb}" )
seg. ago. 3 19:33:24 2026 1785796404956 Debug: devices/ftmsbike/ftmsbike.cpp void ftmsbike::stateChanged(QLowEnergyService::ServiceState) "{00001826-0000-1000-8000-00805f9b34fb}" "{00002ad3-0000-1000-8000-00805f9b34fb}" "notification subscribed!"
seg. ago. 3 19:33:24 2026 1785796404957 Debug: devices/ftmsbike/ftmsbike.cpp void ftmsbike::stateChanged(QLowEnergyService::ServiceState) "char uuid" "{00002ad4-0000-1000-8000-00805f9b34fb}" "handle" 36 QFlags(0x2)
seg. ago. 3 19:33:24 2026 1785796404958 Debug: devices/ftmsbike/ftmsbike.cpp void ftmsbike::stateChanged(QLowEnergyService::ServiceState) "char uuid" "{00002ad6-0000-1000-8000-00805f9b34fb}" "handle" 38 QFlags(0x2)
seg. ago. 3 19:33:24 2026 1785796404959 Debug: devices/ftmsbike/ftmsbike.cpp void ftmsbike::stateChanged(QLowEnergyService::ServiceState) "char uuid" "{00002ad8-0000-1000-8000-00805f9b34fb}" "handle" 40 QFlags(0x2)
seg. ago. 3 19:33:24 2026 1785796404959 Debug: devices/ftmsbike/ftmsbike.cpp void ftmsbike::stateChanged(QLowEnergyService::ServiceState) "char uuid" "{00002ad9-0000-1000-8000-00805f9b34fb}" "handle" 42 QFlags(0x8|0x20)
seg. ago. 3 19:33:24 2026 1785796404960 Debug: devices/ftmsbike/ftmsbike.cpp void ftmsbike::stateChanged(QLowEnergyService::ServiceState) "descriptor uuid" "{00002902-0000-1000-8000-00805f9b34fb}" "handle" 43
seg. ago. 3 19:33:24 2026 1785796404961 Debug:   Write descriptor with handle  43 "0200" (service: "{00001826-0000-1000-8000-00805f9b34fb}" )
seg. ago. 3 19:33:24 2026 1785796404962 Debug: devices/ftmsbike/ftmsbike.cpp void ftmsbike::stateChanged(QLowEnergyService::ServiceState) "{00001826-0000-1000-8000-00805f9b34fb}" "{00002ad9-0000-1000-8000-00805f9b34fb}" "indication subscribed!"
seg. ago. 3 19:33:24 2026 1785796404963 Debug: devices/ftmsbike/ftmsbike.cpp void ftmsbike::stateChanged(QLowEnergyService::ServiceState) "FTMS service and Control Point found"
seg. ago. 3 19:33:24 2026 1785796404964 Debug: devices/ftmsbike/ftmsbike.cpp void ftmsbike::stateChanged(QLowEnergyService::ServiceState) "char uuid" "{00002ada-0000-1000-8000-00805f9b34fb}" "handle" 45 QFlags(0x10)
seg. ago. 3 19:33:24 2026 1785796404965 Debug: devices/ftmsbike/ftmsbike.cpp void ftmsbike::stateChanged(QLowEnergyService::ServiceState) "descriptor uuid" "{00002902-0000-1000-8000-00805f9b34fb}" "handle" 46
seg. ago. 3 19:33:24 2026 1785796404966 Debug:   Write descriptor with handle  46 "0100" (service: "{00001826-0000-1000-8000-00805f9b34fb}" )
seg. ago. 3 19:33:24 2026 1785796404967 Debug: devices/ftmsbike/ftmsbike.cpp void ftmsbike::stateChanged(QLowEnergyService::ServiceState) "{00001826-0000-1000-8000-00805f9b34fb}" "{00002ada-0000-1000-8000-00805f9b34fb}" "notification subscribed!"
seg. ago. 3 19:33:24 2026 1785796404968 Debug: devices/ftmsbike/ftmsbike.cpp void ftmsbike::stateChanged(QLowEnergyService::ServiceState) "char uuid" "{00002ad2-0000-1000-8000-00805f9b34fb}" "handle" 48 QFlags(0x10)
seg. ago. 3 19:33:24 2026 1785796404968 Debug: devices/ftmsbike/ftmsbike.cpp void ftmsbike::stateChanged(QLowEnergyService::ServiceState) "descriptor uuid" "{00002902-0000-1000-8000-00805f9b34fb}" "handle" 49
seg. ago. 3 19:33:24 2026 1785796404969 Debug:   Write descriptor with handle  49 "0100" (service: "{00001826-0000-1000-8000-00805f9b34fb}" )
seg. ago. 3 19:33:24 2026 1785796404970 Debug: devices/ftmsbike/ftmsbike.cpp void ftmsbike::stateChanged(QLowEnergyService::ServiceState) "{00001826-0000-1000-8000-00805f9b34fb}" "{00002ad2-0000-1000-8000-00805f9b34fb}" "notification subscribed!"
seg. ago. 3 19:33:24 2026 1785796404971 Debug: devices/ftmsbike/ftmsbike.cpp void ftmsbike::stateChanged(QLowEnergyService::ServiceState) "char uuid" "{d18d2c10-c44c-11e8-a355-529269fb1459}" "handle" 51 QFlags(0x8)
seg. ago. 3 19:33:24 2026 1785796404972 Debug: devices/ftmsbike/ftmsbike.cpp void ftmsbike::stateChanged(QLowEnergyService::ServiceState) "{0000fff0-0000-1000-8000-00805f9b34fb}" "connected!"
seg. ago. 3 19:33:24 2026 1785796404973 Debug: devices/ftmsbike/ftmsbike.cpp void ftmsbike::stateChanged(QLowEnergyService::ServiceState) "char uuid" "{0000fff1-0000-1000-8000-00805f9b34fb}" "handle" 54 QFlags(0x10)
seg. ago. 3 19:33:24 2026 1785796404973 Debug: devices/ftmsbike/ftmsbike.cpp void ftmsbike::stateChanged(QLowEnergyService::ServiceState) "descriptor uuid" "{00002902-0000-1000-8000-00805f9b34fb}" "handle" 55
seg. ago. 3 19:33:24 2026 1785796404974 Debug: devices/ftmsbike/ftmsbike.cpp void ftmsbike::stateChanged(QLowEnergyService::ServiceState) "descriptor uuid" "{00002901-0000-1000-8000-00805f9b34fb}" "handle" 56
seg. ago. 3 19:33:24 2026 1785796404975 Debug:   Write descriptor with handle  55 "0100" (service: "{0000fff0-0000-1000-8000-00805f9b34fb}" )
seg. ago. 3 19:33:24 2026 1785796404976 Debug: devices/ftmsbike/ftmsbike.cpp void ftmsbike::stateChanged(QLowEnergyService::ServiceState) "{0000fff0-0000-1000-8000-00805f9b34fb}" "{0000fff1-0000-1000-8000-00805f9b34fb}" "notification subscribed!"
seg. ago. 3 19:33:24 2026 1785796404976 Debug: devices/ftmsbike/ftmsbike.cpp void ftmsbike::stateChanged(QLowEnergyService::ServiceState) "char uuid" "{0000fff2-0000-1000-8000-00805f9b34fb}" "handle" 58 QFlags(0x8)
seg. ago. 3 19:33:24 2026 1785796404977 Debug: devices/ftmsbike/ftmsbike.cpp void ftmsbike::stateChanged(QLowEnergyService::ServiceState) "descriptor uuid" "{00002901-0000-1000-8000-00805f9b34fb}" "handle" 59
seg. ago. 3 19:33:24 2026 1785796404978 Debug: devices/ftmsbike/ftmsbike.cpp void ftmsbike::stateChanged(QLowEnergyService::ServiceState) "char uuid" "{0000fff9-0000-1000-8000-00805f9b34fb}" "handle" 61 QFlags(0x2|0x8|0x10)
seg. ago. 3 19:33:24 2026 1785796404979 Debug: devices/ftmsbike/ftmsbike.cpp void ftmsbike::stateChanged(QLowEnergyService::ServiceState) "descriptor uuid" "{00002902-0000-1000-8000-00805f9b34fb}" "handle" 62
seg. ago. 3 19:33:24 2026 1785796404979 Debug: devices/ftmsbike/ftmsbike.cpp void ftmsbike::stateChanged(QLowEnergyService::ServiceState) "descriptor uuid" "{00002901-0000-1000-8000-00805f9b34fb}" "handle" 63
seg. ago. 3 19:33:24 2026 1785796404980 Debug:   Write descriptor with handle  62 "0100" (service: "{0000fff0-0000-1000-8000-00805f9b34fb}" )
seg. ago. 3 19:33:24 2026 1785796404981 Debug: devices/ftmsbike/ftmsbike.cpp void ftmsbike::stateChanged(QLowEnergyService::ServiceState) "{0000fff0-0000-1000-8000-00805f9b34fb}" "{0000fff9-0000-1000-8000-00805f9b34fb}" "notification subscribed!"
seg. ago. 3 19:33:24 2026 1785796404982 Debug: devices/bluetooth.cpp void bluetooth::debug(const QString &) "creating virtual bike interface..."
seg. ago. 3 19:33:24 2026 1785796404985 Debug: devices/dircon/dirconmanager.cpp DirconManager::DirconManager(bluetoothdevice *, int8_t, double, QObject *) Building Dircom Manager
seg. ago. 3 19:33:24 2026 1785796404989 Warning:   QNetworkInterface/AF_NETLINK: found unknown interface with index 1
seg. ago. 3 19:33:24 2026 1785796404990 Warning:   QNetworkInterface/AF_NETLINK: found unknown interface with index 11
seg. ago. 3 19:33:24 2026 1785796404990 Warning:   QNetworkInterface/AF_NETLINK: found unknown interface with index 1
seg. ago. 3 19:33:24 2026 1785796404991 Warning:   QNetworkInterface/AF_NETLINK: found unknown interface with index 11
seg. ago. 3 19:33:24 2026 1785796404992 Debug: devices/dircon/dirconprocessor.cpp DirconProcessor::DirconProcessor(const QList<DirconProcessorService *> &, const QString &, quint16, const QString &, const QString &, QObject *) In the constructor of dircon processor for "Wahoo KICKR 0000"
seg. ago. 3 19:33:24 2026 1785796404993 Debug: devices/dircon/dirconmanager.cpp DirconManager::DirconManager(bluetoothdevice *, int8_t, double, QObject *) Initializing dircon for "Wahoo KICKR $uuid_hex$" with serv "servname=FITNESS_MACHINE_CYCLE uuid=1826 machine=0 [uuid=2acc read=831400000ce00000 type=1,uuid=2ad6 read=0a0096000a00 type=1,uuid=2ad9 read=00 type=10,uuid=e005 read=00 type=2,uuid=2ad2 read=00 type=4,uuid=2ad3 read=0001 type=1,],servname=CYCLING_POWER uuid=1818 machine=0 [uuid=2a65 read=08000000 type=1,uuid=2a5d read=0d type=1,uuid=2a63 read=00 type=4,],servname=CYCLING_SPEED_AND_CADENCE uuid=1816 machine=0 [uuid=2a5c read=0200 type=1,uuid=2a5d read=0d type=1,uuid=2a5b read=00 type=4,uuid=2a55 read=00 type=2,],"
seg. ago. 3 19:33:24 2026 1785796404993 Debug: devices/dircon/dirconprocessor.cpp bool DirconProcessor::init() Dircon Processor init for "Wahoo KICKR 0000"
seg. ago. 3 19:33:24 2026 1785796404994 Debug: devices/dircon/dirconprocessor.cpp bool DirconProcessor::initServer() Initializing dircon tcp server for "Wahoo KICKR 0000"
seg. ago. 3 19:33:24 2026 1785796404995 Debug: devices/dircon/dirconprocessor.cpp bool DirconProcessor::initServer() Dircon TCP Server built "Wahoo KICKR 0000"
seg. ago. 3 19:33:24 2026 1785796404995 Debug: devices/dircon/dirconprocessor.cpp bool DirconProcessor::initServer() Dircon TCP Server trying to listen 36866
seg. ago. 3 19:33:24 2026 1785796404996 Debug: devices/dircon/dirconprocessor.cpp bool DirconProcessor::init() Dircon TCP Server RV true
seg. ago. 3 19:33:24 2026 1785796404997 Debug: devices/dircon/dirconprocessor.cpp void DirconProcessor::initAdvertising() Dircon Adv init for "Wahoo KICKR 0000"
seg. ago. 3 19:33:24 2026 1785796404998 Warning:   QNetworkInterface/AF_NETLINK: found unknown interface with index 1
seg. ago. 3 19:33:24 2026 1785796404999 Warning:   QNetworkInterface/AF_NETLINK: found unknown interface with index 11
seg. ago. 3 19:33:25 2026 1785796405000 Warning:   QNetworkInterface/AF_NETLINK: found unknown interface with index 1
seg. ago. 3 19:33:25 2026 1785796405001 Warning:   QNetworkInterface/AF_NETLINK: found unknown interface with index 11
seg. ago. 3 19:33:25 2026 1785796405002 Debug: devices/dircon/dirconprocessor.cpp void DirconProcessor::initAdvertising() Dircon Adv init for "Wahoo KICKR 0000"  end
seg. ago. 3 19:33:25 2026 1785796405003 Debug: devices/dircon/dirconprocessor.cpp DirconProcessor::DirconProcessor(const QList<DirconProcessorService *> &, const QString &, quint16, const QString &, const QString &, QObject *) In the constructor of dircon processor for "Wahoo HRM"
seg. ago. 3 19:33:25 2026 1785796405004 Debug: devices/dircon/dirconmanager.cpp DirconManager::DirconManager(bluetoothdevice *, int8_t, double, QObject *) Initializing dircon for "Wahoo HRM" with serv "servname=HEART_RATE uuid=180d machine=1 [uuid=2a37 read=00 type=4,],"
seg. ago. 3 19:33:25 2026 1785796405005 Debug: devices/dircon/dirconprocessor.cpp bool DirconProcessor::init() Dircon Processor init for "Wahoo HRM"
seg. ago. 3 19:33:25 2026 1785796405005 Debug: devices/dircon/dirconprocessor.cpp bool DirconProcessor::initServer() Initializing dircon tcp server for "Wahoo HRM"
seg. ago. 3 19:33:25 2026 1785796405006 Debug: devices/dircon/dirconprocessor.cpp bool DirconProcessor::initServer() Dircon TCP Server built "Wahoo HRM"
seg. ago. 3 19:33:25 2026 1785796405007 Debug: devices/dircon/dirconprocessor.cpp bool DirconProcessor::initServer() Dircon TCP Server trying to listen 36867
seg. ago. 3 19:33:25 2026 1785796405007 Debug: devices/dircon/dirconprocessor.cpp bool DirconProcessor::init() Dircon TCP Server RV true
seg. ago. 3 19:33:25 2026 1785796405008 Debug: devices/dircon/dirconprocessor.cpp void DirconProcessor::initAdvertising() Dircon Adv init for "Wahoo HRM"
seg. ago. 3 19:33:25 2026 1785796405009 Warning:   QNetworkInterface/AF_NETLINK: found unknown interface with index 1
seg. ago. 3 19:33:25 2026 1785796405010 Warning:   QNetworkInterface/AF_NETLINK: found unknown interface with index 11
seg. ago. 3 19:33:25 2026 1785796405011 Warning:   QNetworkInterface/AF_NETLINK: found unknown interface with index 1
seg. ago. 3 19:33:25 2026 1785796405011 Warning:   QNetworkInterface/AF_NETLINK: found unknown interface with index 11
seg. ago. 3 19:33:25 2026 1785796405013 Debug: devices/dircon/dirconprocessor.cpp void DirconProcessor::initAdvertising() Dircon Adv init for "Wahoo HRM"  end
seg. ago. 3 19:33:25 2026 1785796405031 Debug:   Creating Android Peripheral/Server support for BTLE
seg. ago. 3 19:33:25 2026 1785796405164 Warning:   QObject::connect(QLowEnergyService, virtualbike): invalid nullptr parameter
seg. ago. 3 19:33:25 2026 1785796405166 Warning:   QObject::connect(QLowEnergyService, virtualbike): invalid nullptr parameter
seg. ago. 3 19:33:25 2026 1785796405240 Debug: ./ergtable.h void ergTable::collectData(uint16_t, uint16_t, uint16_t, bool) skipping collecting data due to resistance changing too fast
seg. ago. 3 19:33:25 2026 1785796405246 Debug: devices/ftmsbike/ftmsbike.cpp void ftmsbike::update() "writing resistance " -1 false -1 true
seg. ago. 3 19:33:25 2026 1785796405249 Debug:   Write characteristic with handle  41 "00" (service: "{00001826-0000-1000-8000-00805f9b34fb}" , writeWithResponse: true , signed: false )
seg. ago. 3 19:33:25 2026 1785796405251 Debug: devices/bluetooth.cpp void bluetooth::debug(const QString &) " >> 00 // requestControl"
seg. ago. 3 19:33:25 2026 1785796405254 Debug: devices/ftmsbike/ftmsbike.cpp void ftmsbike::forceResistance(resistance_t) Negative resistance detected: -1 using fallback value 1
seg. ago. 3 19:33:25 2026 1785796405269 Debug:   Descriptor write confirmation "{00001801-0000-1000-8000-00805f9b34fb}" 9 "0200" QLowEnergyService::NoError
seg. ago. 3 19:33:25 2026 1785796405270 Debug: devices/bluetooth.cpp void bluetooth::debug(const QString &) "descriptorWritten Client Characteristic Configuration 02 00"
seg. ago. 3 19:33:25 2026 1785796405272 Debug: devices/bluetooth.cpp void bluetooth::connectedAndDiscovered() bluetooth::connectedAndDiscovered()
seg. ago. 3 19:33:25 2026 1785796405279 Debug:   Connection updated: error: QLowEnergyController::NoError oldState: QLowEnergyController::AdvertisingState newState: QLowEnergyController::ConnectedState
seg. ago. 3 19:33:25 2026 1785796405280 Debug:   Descriptor write confirmation "{0000180f-0000-1000-8000-00805f9b34fb}" 67 "0100" QLowEnergyService::NoError
seg. ago. 3 19:33:25 2026 1785796405281 Debug: devices/bluetooth.cpp void bluetooth::debug(const QString &) "descriptorWritten Client Characteristic Configuration 01 00"
seg. ago. 3 19:33:25 2026 1785796405282 Debug:   Descriptor write confirmation "{00001826-0000-1000-8000-00805f9b34fb}" 34 "0100" QLowEnergyService::NoError
seg. ago. 3 19:33:25 2026 1785796405283 Debug: devices/bluetooth.cpp void bluetooth::debug(const QString &) "descriptorWritten Client Characteristic Configuration 01 00"
seg. ago. 3 19:33:25 2026 1785796405288 Debug: homeform.cpp void homeform::update() homeform::update fired! elapsed: 1019 jitter: -105
seg. ago. 3 19:33:25 2026 1785796405298 Debug: homeform.cpp void homeform::update() homeform::update tiles updated!
seg. ago. 3 19:33:25 2026 1785796405298 Debug: homeform.cpp void homeform::update() Current Distance 1s: 0 0 0
seg. ago. 3 19:33:25 2026 1785796405304 Debug: templateinfosender.cpp bool TemplateInfoSender::update(QJSEngine *) "eval res " "{\"msg\":\"workout\",\"content\":{\"BIKE_TYPE\":2,\"ELLIPTICAL_TYPE\":4,\"ROWING_TYPE\":3,\"TREADMILL_TYPE\":1,\"UNKNOWN_TYPE\":0,\"deviceId\":\"B8:F8:62:6D:A8:D6\",\"deviceName\":\"YPBM001264\",\"deviceRSSI\":-33,\"deviceType\":2,\"deviceConnected\":true,\"devicePaused\":false,\"elapsed_s\":0,\"elapsed_m\":0,\"elapsed_h\":0,\"lapelapsed_s\":0,\"lapelapsed_m\":0,\"lapelapsed_h\":0,\"pace_s\":0,\"pace_m\":0,\"pace_h\":0,\"pace_color\":\"white\",\"avgpace_s\":0,\"avgpace_m\":0,\"avgpace_h\":0,\"maxpace_s\":0,\"maxpace_m\":0,\"maxpace_h\":0,\"moving_s\":0,\"moving_m\":0,\"moving_h\":0,\"speed\":0,\"speed_avg\":0,\"speed_color\":\"white\",\"speed_lapavg\":0,\"speed_lapmax\":0,\"calories\":0,\"distance\":0,\"heart\":0,\"heart_color\":\"lightsteelblue\",\"heart_avg\":0,\"heart_lapavg\":0,\"heart_max\":0,\"heart_lapmax\":0,\"target_heart_above\":0,\"target_heart_below\":0,\"jouls\":0,\"elevation\":0,\"difficult\":1,\"watts\":0,\"watts_avg\":0,\"watts_color\":\"white\",\"watts_lapavg\":0,\"watts_max\":0,\"watts_lapmax\":0,\"kgwatts\":0,\"kgwatts_avg\":0,\"kgwatts_max\":0,\"workoutName\":\"Ride\",\"workoutStartDate\":\"seg. ago. 3 19:33:22 2026\",\"instructorName\":\"\",\"latitude\":null,\"longitude\":null,\"altitude\":null,\"peloton_offset\":0,\"peloton_ask_start\":false,\"autoresistance\":true,\"nextrow\":\"N/A\",\"training_row_index\":0,\"training_row_elapsed\":0,\"training_row_open_ended\":false,\"training_row_wait_for_lap\":false,\"row_remaining_time_s\":0,\"row_remaining_time_m\":0,\"row_remaining_time_h\":0,\"remaining_time_s\":0,\"remaining_time_m\":0,\"remaining_time_h\":0,\"nickName\":\"N/A\",\"gears\":0,\"target_resistance\":0,\"target_peloton_resistance\":0,\"target_cadence\":0,\"target_power\":0,\"power_zone\":1,\"power_zone_lapavg\":1,\"power_zone_lapmax\":1,\"target_power_zone\":1,\"power_zone_color\":\"white\",\"target_power_zone_color\":\"white\",\"peloton_resistance\":0,\"peloton_resistance_avg\":0,\"peloton_resistance_color\":\"white\",\"peloton_resistance_lapavg\":0,\"peloton_resistance_lapmax\":0,\"peloton_req_resistance\":0,\"cadence\":0,\"cadence_color\":\"white\",\"cadence_avg\":0,\"cadence_lapavg\":0,\"cadence_lapmax\":0,\"resistance\":0,\"resistance_avg\":0,\"resistance_lapavg\":0,\"resistance_lapmax\":0,\"cranks\":0,\"cranktime\":0,\"req_power\":0,\"req_cadence\":0,\"req_resistance\":0,\"inclination\":0,\"inclination_avg\":0}}"
seg. ago. 3 19:33:25 2026 1785796405313 Debug: virtualdevices/virtualbike.cpp void virtualbike::bikeProvider() "bikeProvider" 0 2000 true
seg. ago. 3 19:33:25 2026 1785796405313 Debug: virtualdevices/virtualbike.cpp void virtualbike::bikeProvider() "virtual bike connected"
seg. ago. 3 19:33:25 2026 1785796405315 Debug: virtualdevices/virtualbike.cpp void virtualbike::writeCharacteristic(QLowEnergyService *, const QLowEnergyCharacteristic &, const QByteArray &) "virtualbike::writeCharacteristic Unknown Service  64 02 00 00 00 00 00 00 00 00 00 00"
seg. ago. 3 19:33:25 2026 1785796405316 Debug:   Write server characteristic with handle  9 "640200000000000000000000" (service: "{00001826-0000-1000-8000-00805f9b34fb}"
seg. ago. 3 19:33:25 2026 1785796405317 Debug: virtualdevices/virtualbike.cpp void virtualbike::writeCharacteristic(QLowEnergyService *, const QLowEnergyCharacteristic &, const QByteArray &) "virtualbike::writeCharacteristic Heart Rate Heart Rate Measurement 00 00"
seg. ago. 3 19:33:25 2026 1785796405318 Debug:   Write server characteristic with handle  19 "0000" (service: "{0000180d-0000-1000-8000-00805f9b34fb}"
seg. ago. 3 19:33:25 2026 1785796405319 Debug:   Descriptor write confirmation "{00001826-0000-1000-8000-00805f9b34fb}" 43 "0200" QLowEnergyService::NoError
seg. ago. 3 19:33:25 2026 1785796405320 Debug: devices/bluetooth.cpp void bluetooth::debug(const QString &) "descriptorWritten Client Characteristic Configuration 02 00"
seg. ago. 3 19:33:25 2026 1785796405331 Debug: virtualdevices/virtualbike.cpp void virtualbike::bikeProvider() "bikeProvider" 0 2000 true
seg. ago. 3 19:33:25 2026 1785796405332 Debug: virtualdevices/virtualbike.cpp void virtualbike::bikeProvider() "virtual bike connected"
seg. ago. 3 19:33:25 2026 1785796405334 Debug: virtualdevices/virtualbike.cpp void virtualbike::writeCharacteristic(QLowEnergyService *, const QLowEnergyCharacteristic &, const QByteArray &) "virtualbike::writeCharacteristic Unknown Service  64 02 00 00 00 00 00 00 00 00 00 00"
seg. ago. 3 19:33:25 2026 1785796405335 Debug:   Write server characteristic with handle  9 "640200000000000000000000" (service: "{00001826-0000-1000-8000-00805f9b34fb}"
seg. ago. 3 19:33:25 2026 1785796405337 Debug: virtualdevices/virtualbike.cpp void virtualbike::writeCharacteristic(QLowEnergyService *, const QLowEnergyCharacteristic &, const QByteArray &) "virtualbike::writeCharacteristic Heart Rate Heart Rate Measurement 00 00"
seg. ago. 3 19:33:25 2026 1785796405338 Debug:   Write server characteristic with handle  19 "0000" (service: "{0000180d-0000-1000-8000-00805f9b34fb}"
seg. ago. 3 19:33:25 2026 1785796405345 Debug:   Descriptor write confirmation "{00001826-0000-1000-8000-00805f9b34fb}" 46 "0100" QLowEnergyService::NoError
seg. ago. 3 19:33:25 2026 1785796405346 Debug: devices/bluetooth.cpp void bluetooth::debug(const QString &) "descriptorWritten Client Characteristic Configuration 01 00"
seg. ago. 3 19:33:25 2026 1785796405374 Debug:   Descriptor write confirmation "{00001826-0000-1000-8000-00805f9b34fb}" 49 "0100" QLowEnergyService::NoError
seg. ago. 3 19:33:25 2026 1785796405376 Debug: devices/bluetooth.cpp void bluetooth::debug(const QString &) "descriptorWritten Client Characteristic Configuration 01 00"
seg. ago. 3 19:33:25 2026 1785796405380 Debug: virtualdevices/virtualbike.cpp void virtualbike::bikeProvider() "bikeProvider" 0 2000 true
seg. ago. 3 19:33:25 2026 1785796405381 Debug: virtualdevices/virtualbike.cpp void virtualbike::bikeProvider() "virtual bike connected"
seg. ago. 3 19:33:25 2026 1785796405382 Debug: virtualdevices/virtualbike.cpp void virtualbike::writeCharacteristic(QLowEnergyService *, const QLowEnergyCharacteristic &, const QByteArray &) "virtualbike::writeCharacteristic Unknown Service  64 02 00 00 00 00 00 00 00 00 00 00"
seg. ago. 3 19:33:25 2026 1785796405383 Debug:   Write server characteristic with handle  9 "640200000000000000000000" (service: "{00001826-0000-1000-8000-00805f9b34fb}"
seg. ago. 3 19:33:25 2026 1785796405384 Debug: virtualdevices/virtualbike.cpp void virtualbike::writeCharacteristic(QLowEnergyService *, const QLowEnergyCharacteristic &, const QByteArray &) "virtualbike::writeCharacteristic Heart Rate Heart Rate Measurement 00 00"
seg. ago. 3 19:33:25 2026 1785796405385 Debug:   Write server characteristic with handle  19 "0000" (service: "{0000180d-0000-1000-8000-00805f9b34fb}"
seg. ago. 3 19:33:25 2026 1785796405402 Debug:   Descriptor write confirmation "{0000fff0-0000-1000-8000-00805f9b34fb}" 55 "0100" QLowEnergyService::NoError
seg. ago. 3 19:33:25 2026 1785796405403 Debug: devices/bluetooth.cpp void bluetooth::debug(const QString &) "descriptorWritten Client Characteristic Configuration 01 00"
seg. ago. 3 19:33:25 2026 1785796405427 Debug: virtualdevices/virtualbike.cpp void virtualbike::bikeProvider() "bikeProvider" 0 2000 true
seg. ago. 3 19:33:25 2026 1785796405428 Debug: virtualdevices/virtualbike.cpp void virtualbike::bikeProvider() "virtual bike connected"
seg. ago. 3 19:33:25 2026 1785796405430 Debug: virtualdevices/virtualbike.cpp void virtualbike::writeCharacteristic(QLowEnergyService *, const QLowEnergyCharacteristic &, const QByteArray &) "virtualbike::writeCharacteristic Unknown Service  64 02 00 00 00 00 00 00 00 00 00 00"
seg. ago. 3 19:33:25 2026 1785796405431 Debug:   Write server characteristic with handle  9 "640200000000000000000000" (service: "{00001826-0000-1000-8000-00805f9b34fb}"
seg. ago. 3 19:33:25 2026 1785796405433 Debug: virtualdevices/virtualbike.cpp void virtualbike::writeCharacteristic(QLowEnergyService *, const QLowEnergyCharacteristic &, const QByteArray &) "virtualbike::writeCharacteristic Heart Rate Heart Rate Measurement 00 00"
seg. ago. 3 19:33:25 2026 1785796405434 Debug:   Write server characteristic with handle  19 "0000" (service: "{0000180d-0000-1000-8000-00805f9b34fb}"
seg. ago. 3 19:33:25 2026 1785796405435 Debug:   Descriptor write confirmation "{0000fff0-0000-1000-8000-00805f9b34fb}" 62 "0100" QLowEnergyService::NoError
seg. ago. 3 19:33:25 2026 1785796405436 Debug: devices/bluetooth.cpp void bluetooth::debug(const QString &) "descriptorWritten Client Characteristic Configuration 01 00"
seg. ago. 3 19:33:25 2026 1785796405464 Debug:   Characteristic write confirmation "{00001826-0000-1000-8000-00805f9b34fb}" 41 "00" QLowEnergyService::NoError
seg. ago. 3 19:33:25 2026 1785796405466 Debug: devices/bluetooth.cpp void bluetooth::debug(const QString &) "characteristicWritten 00"
seg. ago. 3 19:33:25 2026 1785796405467 Debug:   Characteristic change notification "{00001826-0000-1000-8000-00805f9b34fb}" 41 "800001"
seg. ago. 3 19:33:25 2026 1785796405468 Debug:   Write characteristic with handle  41 "07" (service: "{00001826-0000-1000-8000-00805f9b34fb}" , writeWithResponse: true , signed: false )
seg. ago. 3 19:33:25 2026 1785796405469 Debug: devices/bluetooth.cpp void bluetooth::debug(const QString &) " >> 07 // start simulation"
seg. ago. 3 19:33:25 2026 1785796405470 Debug: devices/ftmsbike/ftmsbike.cpp void ftmsbike::characteristicChanged(const QLowEnergyCharacteristic &, const QByteArray &) "{00002ad9-0000-1000-8000-00805f9b34fb}" 3 " << " "80 00 01"
seg. ago. 3 19:33:25 2026 1785796405475 Debug: virtualdevices/virtualbike.cpp void virtualbike::bikeProvider() "bikeProvider" 0 2000 true
seg. ago. 3 19:33:25 2026 1785796405476 Debug: virtualdevices/virtualbike.cpp void virtualbike::bikeProvider() "virtual bike connected"
seg. ago. 3 19:33:25 2026 1785796405477 Debug: virtualdevices/virtualbike.cpp void virtualbike::writeCharacteristic(QLowEnergyService *, const QLowEnergyCharacteristic &, const QByteArray &) "virtualbike::writeCharacteristic Unknown Service  64 02 00 00 00 00 00 00 00 00 00 00"
seg. ago. 3 19:33:25 2026 1785796405478 Debug:   Write server characteristic with handle  9 "640200000000000000000000" (service: "{00001826-0000-1000-8000-00805f9b34fb}"
seg. ago. 3 19:33:25 2026 1785796405480 Debug: virtualdevices/virtualbike.cpp void virtualbike::writeCharacteristic(QLowEnergyService *, const QLowEnergyCharacteristic &, const QByteArray &) "virtualbike::writeCharacteristic Heart Rate Heart Rate Measurement 00 00"
seg. ago. 3 19:33:25 2026 1785796405481 Debug:   Write server characteristic with handle  19 "0000" (service: "{0000180d-0000-1000-8000-00805f9b34fb}"
seg. ago. 3 19:33:25 2026 1785796405508 Debug:   Characteristic write confirmation "{00001826-0000-1000-8000-00805f9b34fb}" 41 "07" QLowEnergyService::NoError
seg. ago. 3 19:33:25 2026 1785796405509 Debug: devices/bluetooth.cpp void bluetooth::debug(const QString &) "characteristicWritten 07"
seg. ago. 3 19:33:25 2026 1785796405511 Debug:   Characteristic change notification "{00001826-0000-1000-8000-00805f9b34fb}" 41 "800701"
seg. ago. 3 19:33:25 2026 1785796405513 Debug:   Write characteristic with handle  41 "040a00" (service: "{00001826-0000-1000-8000-00805f9b34fb}" , writeWithResponse: true , signed: false )
seg. ago. 3 19:33:25 2026 1785796405514 Debug: devices/bluetooth.cpp void bluetooth::debug(const QString &) " >> 04 0a 00 // forceResistance 1"
seg. ago. 3 19:33:25 2026 1785796405516 Debug: devices/ftmsbike/ftmsbike.cpp void ftmsbike::characteristicChanged(const QLowEnergyCharacteristic &, const QByteArray &) "{00002ad9-0000-1000-8000-00805f9b34fb}" 3 " << " "80 07 01"
seg. ago. 3 19:33:25 2026 1785796405523 Debug: virtualdevices/virtualbike.cpp void virtualbike::bikeProvider() "bikeProvider" 0 2000 true
seg. ago. 3 19:33:25 2026 1785796405524 Debug: virtualdevices/virtualbike.cpp void virtualbike::bikeProvider() "virtual bike connected"
seg. ago. 3 19:33:25 2026 1785796405525 Debug: virtualdevices/virtualbike.cpp void virtualbike::writeCharacteristic(QLowEnergyService *, const QLowEnergyCharacteristic &, const QByteArray &) "virtualbike::writeCharacteristic Unknown Service  64 02 00 00 00 00 00 00 00 00 00 00"
seg. ago. 3 19:33:25 2026 1785796405526 Debug:   Write server characteristic with handle  9 "640200000000000000000000" (service: "{00001826-0000-1000-8000-00805f9b34fb}"
seg. ago. 3 19:33:25 2026 1785796405527 Debug: virtualdevices/virtualbike.cpp void virtualbike::writeCharacteristic(QLowEnergyService *, const QLowEnergyCharacteristic &, const QByteArray &) "virtualbike::writeCharacteristic Heart Rate Heart Rate Measurement 00 00"
seg. ago. 3 19:33:25 2026 1785796405528 Debug:   Write server characteristic with handle  19 "0000" (service: "{0000180d-0000-1000-8000-00805f9b34fb}"
seg. ago. 3 19:33:25 2026 1785796405553 Debug:   Characteristic write confirmation "{00001826-0000-1000-8000-00805f9b34fb}" 41 "040a00" QLowEnergyService::NoError
seg. ago. 3 19:33:25 2026 1785796405554 Debug: devices/bluetooth.cpp void bluetooth::debug(const QString &) "characteristicWritten 04 0a 00"
seg. ago. 3 19:33:25 2026 1785796405555 Debug:   Characteristic change notification "{00001826-0000-1000-8000-00805f9b34fb}" 41 "800402"
seg. ago. 3 19:33:25 2026 1785796405556 Debug: devices/ftmsbike/ftmsbike.cpp void ftmsbike::characteristicChanged(const QLowEnergyCharacteristic &, const QByteArray &) "{00002ad9-0000-1000-8000-00805f9b34fb}" 3 " << " "80 04 02"
seg. ago. 3 19:33:25 2026 1785796405571 Debug: virtualdevices/virtualbike.cpp void virtualbike::bikeProvider() "bikeProvider" 0 2000 true
seg. ago. 3 19:33:25 2026 1785796405573 Debug: virtualdevices/virtualbike.cpp void virtualbike::bikeProvider() "virtual bike connected"
seg. ago. 3 19:33:25 2026 1785796405575 Debug: virtualdevices/virtualbike.cpp void virtualbike::writeCharacteristic(QLowEnergyService *, const QLowEnergyCharacteristic &, const QByteArray &) "virtualbike::writeCharacteristic Unknown Service  64 02 00 00 00 00 00 00 00 00 00 00"
seg. ago. 3 19:33:25 2026 1785796405576 Debug:   Write server characteristic with handle  9 "640200000000000000000000" (service: "{00001826-0000-1000-8000-00805f9b34fb}"
seg. ago. 3 19:33:25 2026 1785796405578 Debug: virtualdevices/virtualbike.cpp void virtualbike::writeCharacteristic(QLowEnergyService *, const QLowEnergyCharacteristic &, const QByteArray &) "virtualbike::writeCharacteristic Heart Rate Heart Rate Measurement 00 00"
seg. ago. 3 19:33:25 2026 1785796405580 Debug:   Write server characteristic with handle  19 "0000" (service: "{0000180d-0000-1000-8000-00805f9b34fb}"
seg. ago. 3 19:33:25 2026 1785796405597 Debug:   Characteristic change notification "{00001826-0000-1000-8000-00805f9b34fb}" 32 "010e"
seg. ago. 3 19:33:25 2026 1785796405599 Debug: devices/ftmsbike/ftmsbike.cpp void ftmsbike::characteristicChanged(const QLowEnergyCharacteristic &, const QByteArray &) "{00002ad3-0000-1000-8000-00805f9b34fb}" 2 " << " "01 0e"
seg. ago. 3 19:33:25 2026 1785796405620 Debug: virtualdevices/virtualbike.cpp void virtualbike::bikeProvider() "bikeProvider" 0 2000 true
seg. ago. 3 19:33:25 2026 1785796405621 Debug: virtualdevices/virtualbike.cpp void virtualbike::bikeProvider() "virtual bike connected"
seg. ago. 3 19:33:25 2026 1785796405622 Debug: virtualdevices/virtualbike.cpp void virtualbike::writeCharacteristic(QLowEnergyService *, const QLowEnergyCharacteristic &, const QByteArray &) "virtualbike::writeCharacteristic Unknown Service  64 02 00 00 00 00 00 00 00 00 00 00"
seg. ago. 3 19:33:25 2026 1785796405624 Debug:   Write server characteristic with handle  9 "640200000000000000000000" (service: "{00001826-0000-1000-8000-00805f9b34fb}"
seg. ago. 3 19:33:25 2026 1785796405627 Debug: virtualdevices/virtualbike.cpp void virtualbike::writeCharacteristic(QLowEnergyService *, const QLowEnergyCharacteristic &, const QByteArray &) "virtualbike::writeCharacteristic Heart Rate Heart Rate Measurement 00 00"
seg. ago. 3 19:33:25 2026 1785796405629 Debug:   Write server characteristic with handle  19 "0000" (service: "{0000180d-0000-1000-8000-00805f9b34fb}"
seg. ago. 3 19:33:25 2026 1785796405664 Debug: ./ergtable.h void ergTable::collectData(uint16_t, uint16_t, uint16_t, bool) skipping collecting data due to resistance changing too fast
seg. ago. 3 19:33:25 2026 1785796405670 Debug: virtualdevices/virtualbike.cpp void virtualbike::bikeProvider() "bikeProvider" 0 2000 true
seg. ago. 3 19:33:25 2026 1785796405672 Debug: virtualdevices/virtualbike.cpp void virtualbike::bikeProvider() "virtual bike connected"
seg. ago. 3 19:33:25 2026 1785796405674 Debug: virtualdevices/virtualbike.cpp void virtualbike::writeCharacteristic(QLowEnergyService *, const QLowEnergyCharacteristic &, const QByteArray &) "virtualbike::writeCharacteristic Unknown Service  64 02 00 00 00 00 00 00 00 00 00 00"
seg. ago. 3 19:33:25 2026 1785796405675 Debug:   Write server characteristic with handle  9 "640200000000000000000000" (service: "{00001826-0000-1000-8000-00805f9b34fb}"
seg. ago. 3 19:33:25 2026 1785796405676 Debug: virtualdevices/virtualbike.cpp void virtualbike::writeCharacteristic(QLowEnergyService *, const QLowEnergyCharacteristic &, const QByteArray &) "virtualbike::writeCharacteristic Heart Rate Heart Rate Measurement 00 00"
seg. ago. 3 19:33:25 2026 1785796405677 Debug:   Write server characteristic with handle  19 "0000" (service: "{0000180d-0000-1000-8000-00805f9b34fb}"
seg. ago. 3 19:33:25 2026 1785796405716 Debug: virtualdevices/virtualbike.cpp void virtualbike::bikeProvider() "bikeProvider" 0 2000 true
seg. ago. 3 19:33:25 2026 1785796405717 Debug: virtualdevices/virtualbike.cpp void virtualbike::bikeProvider() "virtual bike connected"
seg. ago. 3 19:33:25 2026 1785796405719 Debug: virtualdevices/virtualbike.cpp void virtualbike::writeCharacteristic(QLowEnergyService *, const QLowEnergyCharacteristic &, const QByteArray &) "virtualbike::writeCharacteristic Unknown Service  64 02 00 00 00 00 00 00 00 00 00 00"
seg. ago. 3 19:33:25 2026 1785796405720 Debug:   Write server characteristic with handle  9 "640200000000000000000000" (service: "{00001826-0000-1000-8000-00805f9b34fb}"
seg. ago. 3 19:33:25 2026 1785796405722 Debug: virtualdevices/virtualbike.cpp void virtualbike::writeCharacteristic(QLowEnergyService *, const QLowEnergyCharacteristic &, const QByteArray &) "virtualbike::writeCharacteristic Heart Rate Heart Rate Measurement 00 00"
seg. ago. 3 19:33:25 2026 1785796405723 Debug:   Write server characteristic with handle  19 "0000" (service: "{0000180d-0000-1000-8000-00805f9b34fb}"
seg. ago. 3 19:33:25 2026 1785796405768 Debug: virtualdevices/virtualbike.cpp void virtualbike::bikeProvider() "bikeProvider" 0 2000 true
seg. ago. 3 19:33:25 2026 1785796405770 Debug: virtualdevices/virtualbike.cpp void virtualbike::bikeProvider() "virtual bike connected"
seg. ago. 3 19:33:25 2026 1785796405773 Debug: virtualdevices/virtualbike.cpp void virtualbike::writeCharacteristic(QLowEnergyService *, const QLowEnergyCharacteristic &, const QByteArray &) "virtualbike::writeCharacteristic Unknown Service  64 02 00 00 00 00 00 00 00 00 00 00"
seg. ago. 3 19:33:25 2026 1785796405775 Debug:   Write server characteristic with handle  9 "640200000000000000000000" (service: "{00001826-0000-1000-8000-00805f9b34fb}"
seg. ago. 3 19:33:25 2026 1785796405778 Debug: virtualdevices/virtualbike.cpp void virtualbike::writeCharacteristic(QLowEnergyService *, const QLowEnergyCharacteristic &, const QByteArray &) "virtualbike::writeCharacteristic Heart Rate Heart Rate Measurement 00 00"
seg. ago. 3 19:33:25 2026 1785796405780 Debug:   Write server characteristic with handle  19 "0000" (service: "{0000180d-0000-1000-8000-00805f9b34fb}"
seg. ago. 3 19:33:25 2026 1785796405816 Debug: virtualdevices/virtualbike.cpp void virtualbike::bikeProvider() "bikeProvider" 0 2000 true
seg. ago. 3 19:33:25 2026 1785796405817 Debug: virtualdevices/virtualbike.cpp void virtualbike::bikeProvider() "virtual bike connected"
seg. ago. 3 19:33:25 2026 1785796405819 Debug: virtualdevices/virtualbike.cpp void virtualbike::writeCharacteristic(QLowEnergyService *, const QLowEnergyCharacteristic &, const QByteArray &) "virtualbike::writeCharacteristic Unknown Service  64 02 00 00 00 00 00 00 00 00 00 00"
seg. ago. 3 19:33:25 2026 1785796405820 Debug:   Write server characteristic with handle  9 "640200000000000000000000" (service: "{00001826-0000-1000-8000-00805f9b34fb}"
seg. ago. 3 19:33:25 2026 1785796405821 Debug: virtualdevices/virtualbike.cpp void virtualbike::writeCharacteristic(QLowEnergyService *, const QLowEnergyCharacteristic &, const QByteArray &) "virtualbike::writeCharacteristic Heart Rate Heart Rate Measurement 00 00"
seg. ago. 3 19:33:25 2026 1785796405825 Debug:   Write server characteristic with handle  19 "0000" (service: "{0000180d-0000-1000-8000-00805f9b34fb}"
seg. ago. 3 19:33:25 2026 1785796405853 Debug:   Characteristic change notification "{00001826-0000-1000-8000-00805f9b34fb}" 47 "f50100000000000100000000000000ffffff"
seg. ago. 3 19:33:25 2026 1785796405855 Debug: devices/ftmsbike/ftmsbike.cpp void ftmsbike::characteristicChanged(const QLowEnergyCharacteristic &, const QByteArray &) "{00002ad2-0000-1000-8000-00805f9b34fb}" 18 " << " "f5 01 00 00 00 00 00 01 00 00 00 00 00 00 00 ff ff ff"
seg. ago. 3 19:33:25 2026 1785796405856 Debug: devices/bluetooth.cpp void bluetooth::debug(const QString &) "Current Cadence: 0"
seg. ago. 3 19:33:25 2026 1785796405858 Debug: devices/bluetooth.cpp void bluetooth::debug(const QString &) "Current Distance: 0"
seg. ago. 3 19:33:25 2026 1785796405859 Debug: devices/bluetooth.cpp void bluetooth::debug(const QString &) "Current Resistance: 1"
seg. ago. 3 19:33:25 2026 1785796405861 Debug: devices/bluetooth.cpp void bluetooth::debug(const QString &) "Current Watt: 0"
seg. ago. 3 19:33:25 2026 1785796405862 Debug: devices/bluetooth.cpp void bluetooth::debug(const QString &) "Current Average Watt: 0"
seg. ago. 3 19:33:25 2026 1785796405863 Debug: devices/bluetooth.cpp void bluetooth::debug(const QString &) "Current KCal: 0"
seg. ago. 3 19:33:25 2026 1785796405865 Debug: devices/bluetoothdevice.cpp void bluetoothdevice::update_hr_from_external() WearOS Companion Heart: 0
seg. ago. 3 19:33:25 2026 1785796405866 Debug: ./inclinationresistancetable.h void inclinationResistanceTable::collectData(double, uint16_t, double) Skipping invalid data point: Incl: 0 Res: 1 Watt: 0
seg. ago. 3 19:33:25 2026 1785796405867 Debug: devices/bluetooth.cpp void bluetooth::debug(const QString &) "Current CrankRevs: 0"
seg. ago. 3 19:33:25 2026 1785796405868 Debug: devices/bluetooth.cpp void bluetooth::debug(const QString &) "Last CrankEventTime: 0"
seg. ago. 3 19:33:25 2026 1785796405870 Debug: ./ergtable.h void ergTable::collectData(uint16_t, uint16_t, uint16_t, bool) resistance changed
seg. ago. 3 19:33:25 2026 1785796405871 Debug: ./ergtable.h void ergTable::collectData(uint16_t, uint16_t, uint16_t, bool) skipping collecting data due to resistance changing too fast
seg. ago. 3 19:33:25 2026 1785796405882 Debug: virtualdevices/virtualbike.cpp void virtualbike::bikeProvider() "bikeProvider" 0 2000 true
seg. ago. 3 19:33:25 2026 1785796405883 Debug: virtualdevices/virtualbike.cpp void virtualbike::bikeProvider() "virtual bike connected"
seg. ago. 3 19:33:25 2026 1785796405885 Debug: virtualdevices/virtualbike.cpp void virtualbike::writeCharacteristic(QLowEnergyService *, const QLowEnergyCharacteristic &, const QByteArray &) "virtualbike::writeCharacteristic Unknown Service  64 02 00 00 00 00 01 00 00 00 00 00"
seg. ago. 3 19:33:25 2026 1785796405886 Debug:   Write server characteristic with handle  9 "640200000000010000000000" (service: "{00001826-0000-1000-8000-00805f9b34fb}"
seg. ago. 3 19:33:25 2026 1785796405887 Debug: virtualdevices/virtualbike.cpp void virtualbike::writeCharacteristic(QLowEnergyService *, const QLowEnergyCharacteristic &, const QByteArray &) "virtualbike::writeCharacteristic Heart Rate Heart Rate Measurement 00 00"
seg. ago. 3 19:33:25 2026 1785796405888 Debug:   Write server characteristic with handle  19 "0000" (service: "{0000180d-0000-1000-8000-00805f9b34fb}"
seg. ago. 3 19:33:25 2026 1785796405889 Debug:   Characteristic change notification "{00001826-0000-1000-8000-00805f9b34fb}" 47 "002a0000000000000000"
seg. ago. 3 19:33:25 2026 1785796405891 Debug: devices/ftmsbike/ftmsbike.cpp void ftmsbike::characteristicChanged(const QLowEnergyCharacteristic &, const QByteArray &) "{00002ad2-0000-1000-8000-00805f9b34fb}" 10 " << " "00 2a 00 00 00 00 00 00 00 00"
seg. ago. 3 19:33:25 2026 1785796405893 Debug: devices/bluetooth.cpp void bluetooth::debug(const QString &) "Current Speed: 0"
seg. ago. 3 19:33:25 2026 1785796405894 Debug: devices/bluetooth.cpp void bluetooth::debug(const QString &) "Current Distance: 0"
seg. ago. 3 19:33:25 2026 1785796405895 Debug: devices/bluetooth.cpp void bluetooth::debug(const QString &) "Current KCal: 0"
seg. ago. 3 19:33:25 2026 1785796405896 Debug: devices/bluetooth.cpp void bluetooth::debug(const QString &) "Current Heart: 0"
seg. ago. 3 19:33:25 2026 1785796405897 Debug: devices/bluetoothdevice.cpp void bluetoothdevice::update_hr_from_external() WearOS Companion Heart: 0
seg. ago. 3 19:33:25 2026 1785796405898 Debug: ./inclinationresistancetable.h void inclinationResistanceTable::collectData(double, uint16_t, double) Skipping invalid data point: Incl: 0 Res: 1 Watt: 0
seg. ago. 3 19:33:25 2026 1785796405900 Debug: devices/bluetooth.cpp void bluetooth::debug(const QString &) "Current CrankRevs: 0"
seg. ago. 3 19:33:25 2026 1785796405900 Debug: devices/bluetooth.cpp void bluetooth::debug(const QString &) "Last CrankEventTime: 0"
seg. ago. 3 19:33:25 2026 1785796405916 Debug: virtualdevices/virtualbike.cpp void virtualbike::bikeProvider() "bikeProvider" 0 2000 true
seg. ago. 3 19:33:25 2026 1785796405917 Debug: virtualdevices/virtualbike.cpp void virtualbike::bikeProvider() "virtual bike connected"
seg. ago. 3 19:33:25 2026 1785796405918 Debug: virtualdevices/virtualbike.cpp void virtualbike::writeCharacteristic(QLowEnergyService *, const QLowEnergyCharacteristic &, const QByteArray &) "virtualbike::writeCharacteristic Unknown Service  64 02 00 00 00 00 01 00 00 00 00 00"
seg. ago. 3 19:33:25 2026 1785796405919 Debug:   Write server characteristic with handle  9 "640200000000010000000000" (service: "{00001826-0000-1000-8000-00805f9b34fb}"
seg. ago. 3 19:33:25 2026 1785796405921 Debug: virtualdevices/virtualbike.cpp void virtualbike::writeCharacteristic(QLowEnergyService *, const QLowEnergyCharacteristic &, const QByteArray &) "virtualbike::writeCharacteristic Heart Rate Heart Rate Measurement 00 00"
seg. ago. 3 19:33:25 2026 1785796405922 Debug:   Write server characteristic with handle  19 "0000" (service: "{0000180d-0000-1000-8000-00805f9b34fb}"
seg. ago. 3 19:33:25 2026 1785796405965 Debug: virtualdevices/virtualbike.cpp void virtualbike::bikeProvider() "bikeProvider" 0 2000 true
seg. ago. 3 19:33:25 2026 1785796405965 Debug: virtualdevices/virtualbike.cpp void virtualbike::bikeProvider() "virtual bike connected"
seg. ago. 3 19:33:25 2026 1785796405967 Debug: virtualdevices/virtualbike.cpp void virtualbike::writeCharacteristic(QLowEnergyService *, const QLowEnergyCharacteristic &, const QByteArray &) "virtualbike::writeCharacteristic Unknown Service  64 02 00 00 00 00 01 00 00 00 00 00"
seg. ago. 3 19:33:25 2026 1785796405967 Debug:   Write server characteristic with handle  9 "640200000000010000000000" (service: "{00001826-0000-1000-8000-00805f9b34fb}"
seg. ago. 3 19:33:25 2026 1785796405969 Debug: virtualdevices/virtualbike.cpp void virtualbike::writeCharacteristic(QLowEnergyService *, const QLowEnergyCharacteristic &, const QByteArray &) "virtualbike::writeCharacteristic Heart Rate Heart Rate Measurement 00 00"
seg. ago. 3 19:33:25 2026 1785796405969 Debug:   Write server characteristic with handle  19 "0000" (service: "{0000180d-0000-1000-8000-00805f9b34fb}"
seg. ago. 3 19:33:26 2026 1785796406021 Debug: virtualdevices/virtualbike.cpp void virtualbike::bikeProvider() "bikeProvider" 0 2000 true
seg. ago. 3 19:33:26 2026 1785796406022 Debug: virtualdevices/virtualbike.cpp void virtualbike::bikeProvider() "virtual bike connected"
seg. ago. 3 19:33:26 2026 1785796406024 Debug: virtualdevices/virtualbike.cpp void virtualbike::writeCharacteristic(QLowEnergyService *, const QLowEnergyCharacteristic &, const QByteArray &) "virtualbike::writeCharacteristic Unknown Service  64 02 00 00 00 00 01 00 00 00 00 00"
seg. ago. 3 19:33:26 2026 1785796406025 Debug:   Write server characteristic with handle  9 "640200000000010000000000" (service: "{00001826-0000-1000-8000-00805f9b34fb}"
seg. ago. 3 19:33:26 2026 1785796406027 Debug: virtualdevices/virtualbike.cpp void virtualbike::writeCharacteristic(QLowEnergyService *, const QLowEnergyCharacteristic &, const QByteArray &) "virtualbike::writeCharacteristic Heart Rate Heart Rate Measurement 00 00"
seg. ago. 3 19:33:26 2026 1785796406028 Debug:   Write server characteristic with handle  19 "0000" (service: "{0000180d-0000-1000-8000-00805f9b34fb}"
seg. ago. 3 19:33:26 2026 1785796406065 Debug: ./ergtable.h void ergTable::collectData(uint16_t, uint16_t, uint16_t, bool) skipping collecting data due to resistance changing too fast
seg. ago. 3 19:33:26 2026 1785796406078 Debug: virtualdevices/virtualbike.cpp void virtualbike::bikeProvider() "bikeProvider" 0 2000 true
seg. ago. 3 19:33:26 2026 1785796406079 Debug: virtualdevices/virtualbike.cpp void virtualbike::bikeProvider() "virtual bike connected"
seg. ago. 3 19:33:26 2026 1785796406082 Debug: virtualdevices/virtualbike.cpp void virtualbike::writeCharacteristic(QLowEnergyService *, const QLowEnergyCharacteristic &, const QByteArray &) "virtualbike::writeCharacteristic Unknown Service  64 02 00 00 00 00 01 00 00 00 00 00"
seg. ago. 3 19:33:26 2026 1785796406083 Debug:   Write server characteristic with handle  9 "640200000000010000000000" (service: "{00001826-0000-1000-8000-00805f9b34fb}"
seg. ago. 3 19:33:26 2026 1785796406085 Debug: virtualdevices/virtualbike.cpp void virtualbike::writeCharacteristic(QLowEnergyService *, const QLowEnergyCharacteristic &, const QByteArray &) "virtualbike::writeCharacteristic Heart Rate Heart Rate Measurement 00 00"
seg. ago. 3 19:33:26 2026 1785796406086 Debug:   Write server characteristic with handle  19 "0000" (service: "{0000180d-0000-1000-8000-00805f9b34fb}"
seg. ago. 3 19:33:26 2026 1785796406126 Debug: virtualdevices/virtualbike.cpp void virtualbike::bikeProvider() "bikeProvider" 0 2000 true
seg. ago. 3 19:33:26 2026 1785796406128 Debug: virtualdevices/virtualbike.cpp void virtualbike::bikeProvider() "virtual bike connected"
seg. ago. 3 19:33:26 2026 1785796406136 Debug: virtualdevices/virtualbike.cpp void virtualbike::writeCharacteristic(QLowEnergyService *, const QLowEnergyCharacteristic &, const QByteArray &) "virtualbike::writeCharacteristic Unknown Service  64 02 00 00 00 00 01 00 00 00 00 00"
seg. ago. 3 19:33:26 2026 1785796406139 Debug:   Write server characteristic with handle  9 "640200000000010000000000" (service: "{00001826-0000-1000-8000-00805f9b34fb}"
seg. ago. 3 19:33:26 2026 1785796406145 Debug: virtualdevices/virtualbike.cpp void virtualbike::writeCharacteristic(QLowEnergyService *, const QLowEnergyCharacteristic &, const QByteArray &) "virtualbike::writeCharacteristic Heart Rate Heart Rate Measurement 00 00"
seg. ago. 3 19:33:26 2026 1785796406147 Debug:   Write server characteristic with handle  19 "0000" (service: "{0000180d-0000-1000-8000-00805f9b34fb}"
seg. ago. 3 19:33:26 2026 1785796406171 Debug: virtualdevices/virtualbike.cpp void virtualbike::bikeProvider() "bikeProvider" 0 2000 true
seg. ago. 3 19:33:26 2026 1785796406173 Debug: virtualdevices/virtualbike.cpp void virtualbike::bikeProvider() "virtual bike connected"
seg. ago. 3 19:33:26 2026 1785796406175 Debug: virtualdevices/virtualbike.cpp void virtualbike::writeCharacteristic(QLowEnergyService *, const QLowEnergyCharacteristic &, const QByteArray &) "virtualbike::writeCharacteristic Unknown Service  64 02 00 00 00 00 01 00 00 00 00 00"
seg. ago. 3 19:33:26 2026 1785796406176 Debug:   Write server characteristic with handle  9 "640200000000010000000000" (service: "{00001826-0000-1000-8000-00805f9b34fb}"
seg. ago. 3 19:33:26 2026 1785796406177 Debug: virtualdevices/virtualbike.cpp void virtualbike::writeCharacteristic(QLowEnergyService *, const QLowEnergyCharacteristic &, const QByteArray &) "virtualbike::writeCharacteristic Heart Rate Heart Rate Measurement 00 00"
seg. ago. 3 19:33:26 2026 1785796406177 Debug:   Write server characteristic with handle  19 "0000" (service: "{0000180d-0000-1000-8000-00805f9b34fb}"
seg. ago. 3 19:33:26 2026 1785796406216 Debug: virtualdevices/virtualbike.cpp void virtualbike::bikeProvider() "bikeProvider" 0 2000 true
seg. ago. 3 19:33:26 2026 1785796406217 Debug: virtualdevices/virtualbike.cpp void virtualbike::bikeProvider() "virtual bike connected"
seg. ago. 3 19:33:26 2026 1785796406218 Debug: virtualdevices/virtualbike.cpp void virtualbike::writeCharacteristic(QLowEnergyService *, const QLowEnergyCharacteristic &, const QByteArray &) "virtualbike::writeCharacteristic Unknown Service  64 02 00 00 00 00 01 00 00 00 00 00"
seg. ago. 3 19:33:26 2026 1785796406219 Debug:   Write server characteristic with handle  9 "640200000000010000000000" (service: "{00001826-0000-1000-8000-00805f9b34fb}"
seg. ago. 3 19:33:26 2026 1785796406221 Debug: virtualdevices/virtualbike.cpp void virtualbike::writeCharacteristic(QLowEnergyService *, const QLowEnergyCharacteristic &, const QByteArray &) "virtualbike::writeCharacteristic Heart Rate Heart Rate Measurement 00 00"
seg. ago. 3 19:33:26 2026 1785796406222 Debug:   Write server characteristic with handle  19 "0000" (service: "{0000180d-0000-1000-8000-00805f9b34fb}"
seg. ago. 3 19:33:26 2026 1785796406262 Debug: homeform.cpp void homeform::update() homeform::update fired! elapsed: 973 jitter: -132
seg. ago. 3 19:33:26 2026 1785796406271 Debug: homeform.cpp void homeform::update() homeform::update tiles updated!
seg. ago. 3 19:33:26 2026 1785796406272 Debug: homeform.cpp void homeform::update() Current Distance 1s: 0 0 0
seg. ago. 3 19:33:26 2026 1785796406279 Debug: templateinfosender.cpp bool TemplateInfoSender::update(QJSEngine *) "eval res " "{\"msg\":\"workout\",\"content\":{\"BIKE_TYPE\":2,\"ELLIPTICAL_TYPE\":4,\"ROWING_TYPE\":3,\"TREADMILL_TYPE\":1,\"UNKNOWN_TYPE\":0,\"deviceId\":\"B8:F8:62:6D:A8:D6\",\"deviceName\":\"YPBM001264\",\"deviceRSSI\":-33,\"deviceType\":2,\"deviceConnected\":true,\"devicePaused\":false,\"elapsed_s\":0,\"elapsed_m\":0,\"elapsed_h\":0,\"lapelapsed_s\":0,\"lapelapsed_m\":0,\"lapelapsed_h\":0,\"pace_s\":0,\"pace_m\":0,\"pace_h\":0,\"pace_color\":\"white\",\"avgpace_s\":0,\"avgpace_m\":0,\"avgpace_h\":0,\"maxpace_s\":0,\"maxpace_m\":0,\"maxpace_h\":0,\"moving_s\":0,\"moving_m\":0,\"moving_h\":0,\"speed\":0,\"speed_avg\":0,\"speed_color\":\"white\",\"speed_lapavg\":0,\"speed_lapmax\":0,\"calories\":0,\"distance\":0,\"heart\":0,\"heart_color\":\"lightsteelblue\",\"heart_avg\":0,\"heart_lapavg\":0,\"heart_max\":0,\"heart_lapmax\":0,\"target_heart_above\":0,\"target_heart_below\":0,\"jouls\":0,\"elevation\":0,\"difficult\":1,\"watts\":0,\"watts_avg\":0,\"watts_color\":\"white\",\"watts_lapavg\":0,\"watts_max\":0,\"watts_lapmax\":0,\"kgwatts\":0,\"kgwatts_avg\":0,\"kgwatts_max\":0,\"workoutName\":\"Ride\",\"workoutStartDate\":\"seg. ago. 3 19:33:22 2026\",\"instructorName\":\"\",\"latitude\":null,\"longitude\":null,\"altitude\":null,\"peloton_offset\":0,\"peloton_ask_start\":false,\"autoresistance\":true,\"nextrow\":\"N/A\",\"training_row_index\":0,\"training_row_elapsed\":0,\"training_row_open_ended\":false,\"training_row_wait_for_lap\":false,\"row_remaining_time_s\":0,\"row_remaining_time_m\":0,\"row_remaining_time_h\":0,\"remaining_time_s\":0,\"remaining_time_m\":0,\"remaining_time_h\":0,\"nickName\":\"N/A\",\"gears\":0,\"target_resistance\":0,\"target_peloton_resistance\":0,\"target_cadence\":0,\"target_power\":0,\"power_zone\":1,\"power_zone_lapavg\":1,\"power_zone_lapmax\":1,\"target_power_zone\":1,\"power_zone_color\":\"white\",\"target_power_zone_color\":\"white\",\"peloton_resistance\":0,\"peloton_resistance_avg\":0,\"peloton_resistance_color\":\"white\",\"peloton_resistance_lapavg\":0,\"peloton_resistance_lapmax\":0,\"peloton_req_resistance\":0,\"cadence\":0,\"cadence_color\":\"white\",\"cadence_avg\":0,\"cadence_lapavg\":0,\"cadence_lapmax\":0,\"resistance\":1,\"resistance_avg\":1,\"resistance_lapavg\":1,\"resistance_lapmax\":1,\"cranks\":0,\"cranktime\":0,\"req_power\":0,\"req_cadence\":0,\"req_resistance\":0,\"inclination\":0,\"inclination_avg\":0}}"
seg. ago. 3 19:33:26 2026 1785796406286 Debug: ./ergtable.h void ergTable::collectData(uint16_t, uint16_t, uint16_t, bool) skipping collecting data due to resistance changing too fast
seg. ago. 3 19:33:26 2026 1785796406301 Debug: virtualdevices/virtualbike.cpp void virtualbike::bikeProvider() "bikeProvider" 0 2000 true
seg. ago. 3 19:33:26 2026 1785796406303 Debug: virtualdevices/virtualbike.cpp void virtualbike::bikeProvider() "virtual bike connected"
seg. ago. 3 19:33:26 2026 1785796406304 Debug: virtualdevices/virtualbike.cpp void virtualbike::writeCharacteristic(QLowEnergyService *, const QLowEnergyCharacteristic &, const QByteArray &) "virtualbike::writeCharacteristic Unknown Service  64 02 00 00 00 00 01 00 00 00 00 00"
seg. ago. 3 19:33:26 2026 1785796406306 Debug:   Write server characteristic with handle  9 "640200000000010000000000" (service: "{00001826-0000-1000-8000-00805f9b34fb}"
seg. ago. 3 19:33:26 2026 1785796406307 Debug: virtualdevices/virtualbike.cpp void virtualbike::writeCharacteristic(QLowEnergyService *, const QLowEnergyCharacteristic &, const QByteArray &) "virtualbike::writeCharacteristic Heart Rate Heart Rate Measurement 00 00"
seg. ago. 3 19:33:26 2026 1785796406308 Debug:   Write server characteristic with handle  19 "0000" (service: "{0000180d-0000-1000-8000-00805f9b34fb}"
seg. ago. 3 19:33:26 2026 1785796406321 Debug: virtualdevices/virtualbike.cpp void virtualbike::bikeProvider() "bikeProvider" 0 2000 true
seg. ago. 3 19:33:26 2026 1785796406323 Debug: virtualdevices/virtualbike.cpp void virtualbike::bikeProvider() "virtual bike connected"
seg. ago. 3 19:33:26 2026 1785796406326 Debug: virtualdevices/virtualbike.cpp void virtualbike::writeCharacteristic(QLowEnergyService *, const QLowEnergyCharacteristic &, const QByteArray &) "virtualbike::writeCharacteristic Unknown Service  64 02 00 00 00 00 01 00 00 00 00 00"
seg. ago. 3 19:33:26 2026 1785796406327 Debug:   Write server characteristic with handle  9 "640200000000010000000000" (service: "{00001826-0000-1000-8000-00805f9b34fb}"
seg. ago. 3 19:33:26 2026 1785796406329 Debug: virtualdevices/virtualbike.cpp void virtualbike::writeCharacteristic(QLowEnergyService *, const QLowEnergyCharacteristic &, const QByteArray &) "virtualbike::writeCharacteristic Heart Rate Heart Rate Measurement 00 00"
seg. ago. 3 19:33:26 2026 1785796406331 Debug:   Write server characteristic with handle  19 "0000" (service: "{0000180d-0000-1000-8000-00805f9b34fb}"
seg. ago. 3 19:33:26 2026 1785796406368 Debug: virtualdevices/virtualbike.cpp void virtualbike::bikeProvider() "bikeProvider" 0 2000 true
seg. ago. 3 19:33:26 2026 1785796406369 Debug: virtualdevices/virtualbike.cpp void virtualbike::bikeProvider() "virtual bike connected"
seg. ago. 3 19:33:26 2026 1785796406371 Debug: virtualdevices/virtualbike.cpp void virtualbike::writeCharacteristic(QLowEnergyService *, const QLowEnergyCharacteristic &, const QByteArray &) "virtualbike::writeCharacteristic Unknown Service  64 02 00 00 00 00 01 00 00 00 00 00"
seg. ago. 3 19:33:26 2026 1785796406372 Debug:   Write server characteristic with handle  9 "640200000000010000000000" (service: "{00001826-0000-1000-8000-00805f9b34fb}"
seg. ago. 3 19:33:26 2026 1785796406373 Debug: virtualdevices/virtualbike.cpp void virtualbike::writeCharacteristic(QLowEnergyService *, const QLowEnergyCharacteristic &, const QByteArray &) "virtualbike::writeCharacteristic Heart Rate Heart Rate Measurement 00 00"
seg. ago. 3 19:33:26 2026 1785796406374 Debug:   Write server characteristic with handle  19 "0000" (service: "{0000180d-0000-1000-8000-00805f9b34fb}"
seg. ago. 3 19:33:26 2026 1785796406418 Debug: virtualdevices/virtualbike.cpp void virtualbike::bikeProvider() "bikeProvider" 0 2000 true
seg. ago. 3 19:33:26 2026 1785796406419 Debug: virtualdevices/virtualbike.cpp void virtualbike::bikeProvider() "virtual bike connected"
seg. ago. 3 19:33:26 2026 1785796406421 Debug: virtualdevices/virtualbike.cpp void virtualbike::writeCharacteristic(QLowEnergyService *, const QLowEnergyCharacteristic &, const QByteArray &) "virtualbike::writeCharacteristic Unknown Service  64 02 00 00 00 00 01 00 00 00 00 00"
seg. ago. 3 19:33:26 2026 1785796406422 Debug:   Write server characteristic with handle  9 "640200000000010000000000" (service: "{00001826-0000-1000-8000-00805f9b34fb}"
seg. ago. 3 19:33:26 2026 1785796406424 Debug: virtualdevices/virtualbike.cpp void virtualbike::writeCharacteristic(QLowEnergyService *, const QLowEnergyCharacteristic &, const QByteArray &) "virtualbike::writeCharacteristic Heart Rate Heart Rate Measurement 00 00"
seg. ago. 3 19:33:26 2026 1785796406425 Debug:   Write server characteristic with handle  19 "0000" (service: "{0000180d-0000-1000-8000-00805f9b34fb}"
seg. ago. 3 19:33:26 2026 1785796406427 Debug: homeform.cpp auto homeform::homeform(QQmlApplicationEngine *, bluetooth *)::(anonymous class)::operator()() const Garmin Connect: Startup check skipped (not enabled or credentials not configured)
seg. ago. 3 19:33:26 2026 1785796406460 Debug: ./ergtable.h void ergTable::collectData(uint16_t, uint16_t, uint16_t, bool) skipping collecting data due to resistance changing too fast
seg. ago. 3 19:33:26 2026 1785796406467 Debug: virtualdevices/virtualbike.cpp void virtualbike::bikeProvider() "bikeProvider" 0 2000 true
seg. ago. 3 19:33:26 2026 1785796406468 Debug: virtualdevices/virtualbike.cpp void virtualbike::bikeProvider() "virtual bike connected"
seg. ago. 3 19:33:26 2026 1785796406470 Debug: virtualdevices/virtualbike.cpp void virtualbike::writeCharacteristic(QLowEnergyService *, const QLowEnergyCharacteristic &, const QByteArray &) "virtualbike::writeCharacteristic Unknown Service  64 02 00 00 00 00 01 00 00 00 00 00"
seg. ago. 3 19:33:26 2026 1785796406471 Debug:   Write server characteristic with handle  9 "640200000000010000000000" (service: "{00001826-0000-1000-8000-00805f9b34fb}"
seg. ago. 3 19:33:26 2026 1785796406472 Debug: virtualdevices/virtualbike.cpp void virtualbike::writeCharacteristic(QLowEnergyService *, const QLowEnergyCharacteristic &, const QByteArray &) "virtualbike::writeCharacteristic Heart Rate Heart Rate Measurement 00 00"
seg. ago. 3 19:33:26 2026 1785796406473 Debug:   Write server characteristic with handle  19 "0000" (service: "{0000180d-0000-1000-8000-00805f9b34fb}"
seg. ago. 3 19:33:26 2026 1785796406516 Debug: virtualdevices/virtualbike.cpp void virtualbike::bikeProvider() "bikeProvider" 0 2000 true
seg. ago. 3 19:33:26 2026 1785796406516 Debug: virtualdevices/virtualbike.cpp void virtualbike::bikeProvider() "virtual bike connected"
seg. ago. 3 19:33:26 2026 1785796406518 Debug: virtualdevices/virtualbike.cpp void virtualbike::writeCharacteristic(QLowEnergyService *, const QLowEnergyCharacteristic &, const QByteArray &) "virtualbike::writeCharacteristic Unknown Service  64 02 00 00 00 00 01 00 00 00 00 00"
seg. ago. 3 19:33:26 2026 1785796406519 Debug:   Write server characteristic with handle  9 "640200000000010000000000" (service: "{00001826-0000-1000-8000-00805f9b34fb}"
seg. ago. 3 19:33:26 2026 1785796406520 Debug: virtualdevices/virtualbike.cpp void virtualbike::writeCharacteristic(QLowEnergyService *, const QLowEnergyCharacteristic &, const QByteArray &) "virtualbike::writeCharacteristic Heart Rate Heart Rate Measurement 00 00"
seg. ago. 3 19:33:26 2026 1785796406521 Debug:   Write server characteristic with handle  19 "0000" (service: "{0000180d-0000-1000-8000-00805f9b34fb}"
seg. ago. 3 19:33:26 2026 1785796406566 Debug: virtualdevices/virtualbike.cpp void virtualbike::bikeProvider() "bikeProvider" 0 2000 true
seg. ago. 3 19:33:26 2026 1785796406567 Debug: virtualdevices/virtualbike.cpp void virtualbike::bikeProvider() "virtual bike connected"
seg. ago. 3 19:33:26 2026 1785796406568 Debug: virtualdevices/virtualbike.cpp void virtualbike::writeCharacteristic(QLowEnergyService *, const QLowEnergyCharacteristic &, const QByteArray &) "virtualbike::writeCharacteristic Unknown Service  64 02 00 00 00 00 01 00 00 00 00 00"
seg. ago. 3 19:33:26 2026 1785796406569 Debug:   Write server characteristic with handle  9 "640200000000010000000000" (service: "{00001826-0000-1000-8000-00805f9b34fb}"
seg. ago. 3 19:33:26 2026 1785796406570 Debug: virtualdevices/virtualbike.cpp void virtualbike::writeCharacteristic(QLowEnergyService *, const QLowEnergyCharacteristic &, const QByteArray &) "virtualbike::writeCharacteristic Heart Rate Heart Rate Measurement 00 00"
seg. ago. 3 19:33:26 2026 1785796406571 Debug:   Write server characteristic with handle  19 "0000" (service: "{0000180d-0000-1000-8000-00805f9b34fb}"
seg. ago. 3 19:33:26 2026 1785796406615 Debug: virtualdevices/virtualbike.cpp void virtualbike::bikeProvider() "bikeProvider" 0 2000 true
seg. ago. 3 19:33:26 2026 1785796406616 Debug: virtualdevices/virtualbike.cpp void virtualbike::bikeProvider() "virtual bike connected"
seg. ago. 3 19:33:26 2026 1785796406617 Debug: virtualdevices/virtualbike.cpp void virtualbike::writeCharacteristic(QLowEnergyService *, const QLowEnergyCharacteristic &, const QByteArray &) "virtualbike::writeCharacteristic Unknown Service  64 02 00 00 00 00 01 00 00 00 00 00"
seg. ago. 3 19:33:26 2026 1785796406618 Debug:   Write server characteristic with handle  9 "640200000000010000000000" (service: "{00001826-0000-1000-8000-00805f9b34fb}"
seg. ago. 3 19:33:26 2026 1785796406619 Debug: virtualdevices/virtualbike.cpp void virtualbike::writeCharacteristic(QLowEnergyService *, const QLowEnergyCharacteristic &, const QByteArray &) "virtualbike::writeCharacteristic Heart Rate Heart Rate Measurement 00 00"
seg. ago. 3 19:33:26 2026 1785796406620 Debug:   Write server characteristic with handle  19 "0000" (service: "{0000180d-0000-1000-8000-00805f9b34fb}"
seg. ago. 3 19:33:26 2026 1785796406661 Debug: ./ergtable.h void ergTable::collectData(uint16_t, uint16_t, uint16_t, bool) skipping collecting data due to resistance changing too fast
seg. ago. 3 19:33:26 2026 1785796406671 Debug: virtualdevices/virtualbike.cpp void virtualbike::bikeProvider() "bikeProvider" 0 2000 true
seg. ago. 3 19:33:26 2026 1785796406672 Debug: virtualdevices/virtualbike.cpp void virtualbike::bikeProvider() "virtual bike connected"
seg. ago. 3 19:33:26 2026 1785796406673 Debug: virtualdevices/virtualbike.cpp void virtualbike::writeCharacteristic(QLowEnergyService *, const QLowEnergyCharacteristic &, const QByteArray &) "virtualbike::writeCharacteristic Unknown Service  64 02 00 00 00 00 01 00 00 00 00 00"
seg. ago. 3 19:33:26 2026 1785796406674 Debug:   Write server characteristic with handle  9 "640200000000010000000000" (service: "{00001826-0000-1000-8000-00805f9b34fb}"
seg. ago. 3 19:33:26 2026 1785796406676 Debug: virtualdevices/virtualbike.cpp void virtualbike::writeCharacteristic(QLowEnergyService *, const QLowEnergyCharacteristic &, const QByteArray &) "virtualbike::writeCharacteristic Heart Rate Heart Rate Measurement 00 00"
seg. ago. 3 19:33:26 2026 1785796406677 Debug:   Write server characteristic with handle  19 "0000" (service: "{0000180d-0000-1000-8000-00805f9b34fb}"
seg. ago. 3 19:33:26 2026 1785796406715 Debug: virtualdevices/virtualbike.cpp void virtualbike::bikeProvider() "bikeProvider" 0 2000 true
seg. ago. 3 19:33:26 2026 1785796406716 Debug: virtualdevices/virtualbike.cpp void virtualbike::bikeProvider() "virtual bike connected"
seg. ago. 3 19:33:26 2026 1785796406717 Debug: virtualdevices/virtualbike.cpp void virtualbike::writeCharacteristic(QLowEnergyService *, const QLowEnergyCharacteristic &, const QByteArray &) "virtualbike::writeCharacteristic Unknown Service  64 02 00 00 00 00 01 00 00 00 00 00"
seg. ago. 3 19:33:26 2026 1785796406718 Debug:   Write server characteristic with handle  9 "640200000000010000000000" (service: "{00001826-0000-1000-8000-00805f9b34fb}"
seg. ago. 3 19:33:26 2026 1785796406720 Debug: virtualdevices/virtualbike.cpp void virtualbike::writeCharacteristic(QLowEnergyService *, const QLowEnergyCharacteristic &, const QByteArray &) "virtualbike::writeCharacteristic Heart Rate Heart Rate Measurement 00 00"
seg. ago. 3 19:33:26 2026 1785796406721 Debug:   Write server characteristic with handle  19 "0000" (service: "{0000180d-0000-1000-8000-00805f9b34fb}"
seg. ago. 3 19:33:26 2026 1785796406765 Debug: virtualdevices/virtualbike.cpp void virtualbike::bikeProvider() "bikeProvider" 0 2000 true
seg. ago. 3 19:33:26 2026 1785796406766 Debug: virtualdevices/virtualbike.cpp void virtualbike::bikeProvider() "virtual bike connected"
seg. ago. 3 19:33:26 2026 1785796406768 Debug: virtualdevices/virtualbike.cpp void virtualbike::writeCharacteristic(QLowEnergyService *, const QLowEnergyCharacteristic &, const QByteArray &) "virtualbike::writeCharacteristic Unknown Service  64 02 00 00 00 00 01 00 00 00 00 00"
seg. ago. 3 19:33:26 2026 1785796406769 Debug:   Write server characteristic with handle  9 "640200000000010000000000" (service: "{00001826-0000-1000-8000-00805f9b34fb}"
seg. ago. 3 19:33:26 2026 1785796406770 Debug: virtualdevices/virtualbike.cpp void virtualbike::writeCharacteristic(QLowEnergyService *, const QLowEnergyCharacteristic &, const QByteArray &) "virtualbike::writeCharacteristic Heart Rate Heart Rate Measurement 00 00"
seg. ago. 3 19:33:26 2026 1785796406771 Debug:   Write server characteristic with handle  19 "0000" (service: "{0000180d-0000-1000-8000-00805f9b34fb}"
seg. ago. 3 19:33:26 2026 1785796406816 Debug: virtualdevices/virtualbike.cpp void virtualbike::bikeProvider() "bikeProvider" 0 2000 true
seg. ago. 3 19:33:26 2026 1785796406817 Debug: virtualdevices/virtualbike.cpp void virtualbike::bikeProvider() "virtual bike connected"
seg. ago. 3 19:33:26 2026 1785796406818 Debug: virtualdevices/virtualbike.cpp void virtualbike::writeCharacteristic(QLowEnergyService *, const QLowEnergyCharacteristic &, const QByteArray &) "virtualbike::writeCharacteristic Unknown Service  64 02 00 00 00 00 01 00 00 00 00 00"
seg. ago. 3 19:33:26 2026 1785796406819 Debug:   Write server characteristic with handle  9 "640200000000010000000000" (service: "{00001826-0000-1000-8000-00805f9b34fb}"
seg. ago. 3 19:33:26 2026 1785796406820 Debug: virtualdevices/virtualbike.cpp void virtualbike::writeCharacteristic(QLowEnergyService *, const QLowEnergyCharacteristic &, const QByteArray &) "virtualbike::writeCharacteristic Heart Rate Heart Rate Measurement 00 00"
seg. ago. 3 19:33:26 2026 1785796406821 Debug:   Write server characteristic with handle  19 "0000" (service: "{0000180d-0000-1000-8000-00805f9b34fb}"
seg. ago. 3 19:33:26 2026 1785796406845 Debug:   Characteristic change notification "{00001826-0000-1000-8000-00805f9b34fb}" 47 "f50100000000000100000000000000ffffff"
seg. ago. 3 19:33:26 2026 1785796406847 Debug: devices/ftmsbike/ftmsbike.cpp void ftmsbike::characteristicChanged(const QLowEnergyCharacteristic &, const QByteArray &) "{00002ad2-0000-1000-8000-00805f9b34fb}" 18 " << " "f5 01 00 00 00 00 00 01 00 00 00 00 00 00 00 ff ff ff"
seg. ago. 3 19:33:26 2026 1785796406848 Debug: devices/bluetooth.cpp void bluetooth::debug(const QString &) "Current Cadence: 0"
seg. ago. 3 19:33:26 2026 1785796406849 Debug: devices/bluetooth.cpp void bluetooth::debug(const QString &) "Current Distance: 0"
seg. ago. 3 19:33:26 2026 1785796406851 Debug: devices/bluetooth.cpp void bluetooth::debug(const QString &) "Current Resistance: 1"
seg. ago. 3 19:33:26 2026 1785796406852 Debug: devices/bluetooth.cpp void bluetooth::debug(const QString &) "Current Watt: 0"
seg. ago. 3 19:33:26 2026 1785796406853 Debug: devices/bluetooth.cpp void bluetooth::debug(const QString &) "Current Average Watt: 0"
seg. ago. 3 19:33:26 2026 1785796406854 Debug: devices/bluetooth.cpp void bluetooth::debug(const QString &) "Current KCal: 0"
seg. ago. 3 19:33:26 2026 1785796406856 Debug: devices/bluetoothdevice.cpp void bluetoothdevice::update_hr_from_external() WearOS Companion Heart: 0
seg. ago. 3 19:33:26 2026 1785796406857 Debug: ./inclinationresistancetable.h void inclinationResistanceTable::collectData(double, uint16_t, double) Skipping invalid data point: Incl: 0 Res: 1 Watt: 0
seg. ago. 3 19:33:26 2026 1785796406858 Debug: devices/bluetooth.cpp void bluetooth::debug(const QString &) "Current CrankRevs: 0"
seg. ago. 3 19:33:26 2026 1785796406859 Debug: devices/bluetooth.cpp void bluetooth::debug(const QString &) "Last CrankEventTime: 0"
seg. ago. 3 19:33:26 2026 1785796406860 Debug:   Characteristic change notification "{00001826-0000-1000-8000-00805f9b34fb}" 47 "002a0000000000000000"
seg. ago. 3 19:33:26 2026 1785796406861 Debug: devices/ftmsbike/ftmsbike.cpp void ftmsbike::characteristicChanged(const QLowEnergyCharacteristic &, const QByteArray &) "{00002ad2-0000-1000-8000-00805f9b34fb}" 10 " << " "00 2a 00 00 00 00 00 00 00 00"
seg. ago. 3 19:33:26 2026 1785796406863 Debug: devices/bluetooth.cpp void bluetooth::debug(const QString &) "Current Speed: 0"
seg. ago. 3 19:33:26 2026 1785796406864 Debug: devices/bluetooth.cpp void bluetooth::debug(const QString &) "Current Distance: 0"
seg. ago. 3 19:33:26 2026 1785796406865 Debug: devices/bluetooth.cpp void bluetooth::debug(const QString &) "Current KCal: 0"
seg. ago. 3 19:33:26 2026 1785796406866 Debug: devices/bluetooth.cpp void bluetooth::debug(const QString &) "Current Heart: 0"
seg. ago. 3 19:33:26 2026 1785796406868 Debug: devices/bluetoothdevice.cpp void bluetoothdevice::update_hr_from_external() WearOS Companion Heart: 0
seg. ago. 3 19:33:26 2026 1785796406869 Debug: ./inclinationresistancetable.h void inclinationResistanceTable::collectData(double, uint16_t, double) Skipping invalid data point: Incl: 0 Res: 1 Watt: 0
seg. ago. 3 19:33:26 2026 1785796406870 Debug: devices/bluetooth.cpp void bluetooth::debug(const QString &) "Current CrankRevs: 0"
seg. ago. 3 19:33:26 2026 1785796406870 Debug: devices/bluetooth.cpp void bluetooth::debug(const QString &) "Last CrankEventTime: 0"
seg. ago. 3 19:33:26 2026 1785796406880 Debug: virtualdevices/virtualbike.cpp void virtualbike::bikeProvider() "bikeProvider" 0 2000 true
seg. ago. 3 19:33:26 2026 1785796406881 Debug: virtualdevices/virtualbike.cpp void virtualbike::bikeProvider() "virtual bike connected"
seg. ago. 3 19:33:26 2026 1785796406882 Debug: virtualdevices/virtualbike.cpp void virtualbike::writeCharacteristic(QLowEnergyService *, const QLowEnergyCharacteristic &, const QByteArray &) "virtualbike::writeCharacteristic Unknown Service  64 02 00 00 00 00 01 00 00 00 00 00"
seg. ago. 3 19:33:26 2026 1785796406883 Debug:   Write server characteristic with handle  9 "640200000000010000000000" (service: "{00001826-0000-1000-8000-00805f9b34fb}"
seg. ago. 3 19:33:26 2026 1785796406885 Debug: virtualdevices/virtualbike.cpp void virtualbike::writeCharacteristic(QLowEnergyService *, const QLowEnergyCharacteristic &, const QByteArray &) "virtualbike::writeCharacteristic Heart Rate Heart Rate Measurement 00 00"
seg. ago. 3 19:33:26 2026 1785796406886 Debug:   Write server characteristic with handle  19 "0000" (service: "{0000180d-0000-1000-8000-00805f9b34fb}"
seg. ago. 3 19:33:26 2026 1785796406903 Debug: qmdnsengine/src/src/prober.cpp QMdnsEngine::ProberPrivate::ProberPrivate(QMdnsEngine::Prober *, QMdnsEngine::AbstractServer *, const QMdnsEngine::Record &) ProberPrivate::ProberPrivate() "Wahoo KICKR 0000._wahoo-fitness-tnp._tcp.local."
seg. ago. 3 19:33:26 2026 1785796406906 Debug: qmdnsengine/src/src/provider.cpp void QMdnsEngine::ProviderPrivate::confirm() ProviderPrivate::confirm()
seg. ago. 3 19:33:26 2026 1785796406917 Debug: virtualdevices/virtualbike.cpp void virtualbike::bikeProvider() "bikeProvider" 0 2000 true
seg. ago. 3 19:33:26 2026 1785796406918 Debug: virtualdevices/virtualbike.cpp void virtualbike::bikeProvider() "virtual bike connected"
seg. ago. 3 19:33:26 2026 1785796406920 Debug: virtualdevices/virtualbike.cpp void virtualbike::writeCharacteristic(QLowEnergyService *, const QLowEnergyCharacteristic &, const QByteArray &) "virtualbike::writeCharacteristic Unknown Service  64 02 00 00 00 00 01 00 00 00 00 00"
seg. ago. 3 19:33:26 2026 1785796406921 Debug:   Write server characteristic with handle  9 "640200000000010000000000" (service: "{00001826-0000-1000-8000-00805f9b34fb}"
seg. ago. 3 19:33:26 2026 1785796406923 Debug: virtualdevices/virtualbike.cpp void virtualbike::writeCharacteristic(QLowEnergyService *, const QLowEnergyCharacteristic &, const QByteArray &) "virtualbike::writeCharacteristic Heart Rate Heart Rate Measurement 00 00"
seg. ago. 3 19:33:26 2026 1785796406924 Debug:   Write server characteristic with handle  19 "0000" (service: "{0000180d-0000-1000-8000-00805f9b34fb}"
seg. ago. 3 19:33:26 2026 1785796406968 Debug: virtualdevices/virtualbike.cpp void virtualbike::bikeProvider() "bikeProvider" 0 2000 true
seg. ago. 3 19:33:26 2026 1785796406969 Debug: virtualdevices/virtualbike.cpp void virtualbike::bikeProvider() "virtual bike connected"
seg. ago. 3 19:33:26 2026 1785796406971 Debug: virtualdevices/virtualbike.cpp void virtualbike::writeCharacteristic(QLowEnergyService *, const QLowEnergyCharacteristic &, const QByteArray &) "virtualbike::writeCharacteristic Unknown Service  64 02 00 00 00 00 01 00 00 00 00 00"
seg. ago. 3 19:33:26 2026 1785796406972 Debug:   Write server characteristic with handle  9 "640200000000010000000000" (service: "{00001826-0000-1000-8000-00805f9b34fb}"
seg. ago. 3 19:33:26 2026 1785796406975 Debug: virtualdevices/virtualbike.cpp void virtualbike::writeCharacteristic(QLowEnergyService *, const QLowEnergyCharacteristic &, const QByteArray &) "virtualbike::writeCharacteristic Heart Rate Heart Rate Measurement 00 00"
seg. ago. 3 19:33:26 2026 1785796406976 Debug:   Write server characteristic with handle  19 "0000" (service: "{0000180d-0000-1000-8000-00805f9b34fb}"
seg. ago. 3 19:33:27 2026 1785796407015 Debug: virtualdevices/virtualbike.cpp void virtualbike::bikeProvider() "bikeProvider" 0 2000 true
seg. ago. 3 19:33:27 2026 1785796407016 Debug: virtualdevices/virtualbike.cpp void virtualbike::bikeProvider() "virtual bike connected"
seg. ago. 3 19:33:27 2026 1785796407017 Debug: virtualdevices/virtualbike.cpp void virtualbike::writeCharacteristic(QLowEnergyService *, const QLowEnergyCharacteristic &, const QByteArray &) "virtualbike::writeCharacteristic Unknown Service  64 02 00 00 00 00 01 00 00 00 00 00"
seg. ago. 3 19:33:27 2026 1785796407018 Debug:   Write server characteristic with handle  9 "640200000000010000000000" (service: "{00001826-0000-1000-8000-00805f9b34fb}"
seg. ago. 3 19:33:27 2026 1785796407020 Debug: virtualdevices/virtualbike.cpp void virtualbike::writeCharacteristic(QLowEnergyService *, const QLowEnergyCharacteristic &, const QByteArray &) "virtualbike::writeCharacteristic Heart Rate Heart Rate Measurement 00 00"
seg. ago. 3 19:33:27 2026 1785796407021 Debug:   Write server characteristic with handle  19 "0000" (service: "{0000180d-0000-1000-8000-00805f9b34fb}"
seg. ago. 3 19:33:27 2026 1785796407068 Debug: virtualdevices/virtualbike.cpp void virtualbike::bikeProvider() "bikeProvider" 0 2000 true
seg. ago. 3 19:33:27 2026 1785796407068 Debug: virtualdevices/virtualbike.cpp void virtualbike::bikeProvider() "virtual bike connected"
seg. ago. 3 19:33:27 2026 1785796407070 Debug: virtualdevices/virtualbike.cpp void virtualbike::writeCharacteristic(QLowEnergyService *, const QLowEnergyCharacteristic &, const QByteArray &) "virtualbike::writeCharacteristic Unknown Service  64 02 00 00 00 00 01 00 00 00 00 00"
seg. ago. 3 19:33:27 2026 1785796407070 Debug:   Write server characteristic with handle  9 "640200000000010000000000" (service: "{00001826-0000-1000-8000-00805f9b34fb}"
seg. ago. 3 19:33:27 2026 1785796407072 Debug: virtualdevices/virtualbike.cpp void virtualbike::writeCharacteristic(QLowEnergyService *, const QLowEnergyCharacteristic &, const QByteArray &) "virtualbike::writeCharacteristic Heart Rate Heart Rate Measurement 00 00"
seg. ago. 3 19:33:27 2026 1785796407073 Debug:   Write server characteristic with handle  19 "0000" (service: "{0000180d-0000-1000-8000-00805f9b34fb}"
seg. ago. 3 19:33:27 2026 1785796407115 Debug: virtualdevices/virtualbike.cpp void virtualbike::bikeProvider() "bikeProvider" 0 2000 true
seg. ago. 3 19:33:27 2026 1785796407116 Debug: virtualdevices/virtualbike.cpp void virtualbike::bikeProvider() "virtual bike connected"
seg. ago. 3 19:33:27 2026 1785796407117 Debug: virtualdevices/virtualbike.cpp void virtualbike::writeCharacteristic(QLowEnergyService *, const QLowEnergyCharacteristic &, const QByteArray &) "virtualbike::writeCharacteristic Unknown Service  64 02 00 00 00 00 01 00 00 00 00 00"
seg. ago. 3 19:33:27 2026 1785796407118 Debug:   Write server characteristic with handle  9 "640200000000010000000000" (service: "{00001826-0000-1000-8000-00805f9b34fb}"
seg. ago. 3 19:33:27 2026 1785796407119 Debug: virtualdevices/virtualbike.cpp void virtualbike::writeCharacteristic(QLowEnergyService *, const QLowEnergyCharacteristic &, const QByteArray &) "virtualbike::writeCharacteristic Heart Rate Heart Rate Measurement 00 00"
seg. ago. 3 19:33:27 2026 1785796407120 Debug:   Write server characteristic with handle  19 "0000" (service: "{0000180d-0000-1000-8000-00805f9b34fb}"
seg. ago. 3 19:33:27 2026 1785796407121 Debug: qmdnsengine/src/src/prober.cpp QMdnsEngine::ProberPrivate::ProberPrivate(QMdnsEngine::Prober *, QMdnsEngine::AbstractServer *, const QMdnsEngine::Record &) ProberPrivate::ProberPrivate() "Wahoo HRM._wahoo-fitness-tnp._tcp.local."
seg. ago. 3 19:33:27 2026 1785796407122 Debug: qmdnsengine/src/src/provider.cpp void QMdnsEngine::ProviderPrivate::confirm() ProviderPrivate::confirm()
seg. ago. 3 19:33:27 2026 1785796407166 Debug: virtualdevices/virtualbike.cpp void virtualbike::bikeProvider() "bikeProvider" 0 2000 true
seg. ago. 3 19:33:27 2026 1785796407167 Debug: virtualdevices/virtualbike.cpp void virtualbike::bikeProvider() "virtual bike connected"
seg. ago. 3 19:33:27 2026 1785796407169 Debug: virtualdevices/virtualbike.cpp void virtualbike::writeCharacteristic(QLowEnergyService *, const QLowEnergyCharacteristic &, const QByteArray &) "virtualbike::writeCharacteristic Unknown Service  64 02 00 00 00 00 01 00 00 00 00 00"
seg. ago. 3 19:33:27 2026 1785796407170 Debug:   Write server characteristic with handle  9 "640200000000010000000000" (service: "{00001826-0000-1000-8000-00805f9b34fb}"
seg. ago. 3 19:33:27 2026 1785796407171 Debug: virtualdevices/virtualbike.cpp void virtualbike::writeCharacteristic(QLowEnergyService *, const QLowEnergyCharacteristic &, const QByteArray &) "virtualbike::writeCharacteristic Heart Rate Heart Rate Measurement 00 00"
seg. ago. 3 19:33:27 2026 1785796407172 Debug:   Write server characteristic with handle  19 "0000" (service: "{0000180d-0000-1000-8000-00805f9b34fb}"
seg. ago. 3 19:33:27 2026 1785796407216 Debug: virtualdevices/virtualbike.cpp void virtualbike::bikeProvider() "bikeProvider" 0 2000 true
seg. ago. 3 19:33:27 2026 1785796407216 Debug: virtualdevices/virtualbike.cpp void virtualbike::bikeProvider() "virtual bike connected"
seg. ago. 3 19:33:27 2026 1785796407218 Debug: virtualdevices/virtualbike.cpp void virtualbike::writeCharacteristic(QLowEnergyService *, const QLowEnergyCharacteristic &, const QByteArray &) "virtualbike::writeCharacteristic Unknown Service  64 02 00 00 00 00 01 00 00 00 00 00"
seg. ago. 3 19:33:27 2026 1785796407219 Debug:   Write server characteristic with handle  9 "640200000000010000000000" (service: "{00001826-0000-1000-8000-00805f9b34fb}"
seg. ago. 3 19:33:27 2026 1785796407221 Debug: virtualdevices/virtualbike.cpp void virtualbike::writeCharacteristic(QLowEnergyService *, const QLowEnergyCharacteristic &, const QByteArray &) "virtualbike::writeCharacteristic Heart Rate Heart Rate Measurement 00 00"
seg. ago. 3 19:33:27 2026 1785796407223 Debug:   Write server characteristic with handle  19 "0000" (service: "{0000180d-0000-1000-8000-00805f9b34fb}"
seg. ago. 3 19:33:27 2026 1785796407260 Debug: homeform.cpp void homeform::update() homeform::update fired! elapsed: 999 jitter: -133
seg. ago. 3 19:33:27 2026 1785796407268 Debug: homeform.cpp void homeform::update() homeform::update tiles updated!
seg. ago. 3 19:33:27 2026 1785796407269 Debug: homeform.cpp void homeform::update() Current Distance 1s: 0 0 0
seg. ago. 3 19:33:27 2026 1785796407279 Debug: templateinfosender.cpp bool TemplateInfoSender::update(QJSEngine *) "eval res " "{\"msg\":\"workout\",\"content\":{\"BIKE_TYPE\":2,\"ELLIPTICAL_TYPE\":4,\"ROWING_TYPE\":3,\"TREADMILL_TYPE\":1,\"UNKNOWN_TYPE\":0,\"deviceId\":\"B8:F8:62:6D:A8:D6\",\"deviceName\":\"YPBM001264\",\"deviceRSSI\":-33,\"deviceType\":2,\"deviceConnected\":true,\"devicePaused\":false,\"elapsed_s\":0,\"elapsed_m\":0,\"elapsed_h\":0,\"lapelapsed_s\":0,\"lapelapsed_m\":0,\"lapelapsed_h\":0,\"pace_s\":0,\"pace_m\":0,\"pace_h\":0,\"pace_color\":\"white\",\"avgpace_s\":0,\"avgpace_m\":0,\"avgpace_h\":0,\"maxpace_s\":0,\"maxpace_m\":0,\"maxpace_h\":0,\"moving_s\":0,\"moving_m\":0,\"moving_h\":0,\"speed\":0,\"speed_avg\":0,\"speed_color\":\"white\",\"speed_lapavg\":0,\"speed_lapmax\":0,\"calories\":0,\"distance\":0,\"heart\":0,\"heart_color\":\"lightsteelblue\",\"heart_avg\":0,\"heart_lapavg\":0,\"heart_max\":0,\"heart_lapmax\":0,\"target_heart_above\":0,\"target_heart_below\":0,\"jouls\":0,\"elevation\":0,\"difficult\":1,\"watts\":0,\"watts_avg\":0,\"watts_color\":\"white\",\"watts_lapavg\":0,\"watts_max\":0,\"watts_lapmax\":0,\"kgwatts\":0,\"kgwatts_avg\":0,\"kgwatts_max\":0,\"workoutName\":\"Ride\",\"workoutStartDate\":\"seg. ago. 3 19:33:22 2026\",\"instructorName\":\"\",\"latitude\":null,\"longitude\":null,\"altitude\":null,\"peloton_offset\":0,\"peloton_ask_start\":false,\"autoresistance\":true,\"nextrow\":\"N/A\",\"training_row_index\":0,\"training_row_elapsed\":0,\"training_row_open_ended\":false,\"training_row_wait_for_lap\":false,\"row_remaining_time_s\":0,\"row_remaining_time_m\":0,\"row_remaining_time_h\":0,\"remaining_time_s\":0,\"remaining_time_m\":0,\"remaining_time_h\":0,\"nickName\":\"N/A\",\"gears\":0,\"target_resistance\":0,\"target_peloton_resistance\":0,\"target_cadence\":0,\"target_power\":0,\"power_zone\":1,\"power_zone_lapavg\":1,\"power_zone_lapmax\":1,\"target_power_zone\":1,\"power_zone_color\":\"white\",\"target_power_zone_color\":\"white\",\"peloton_resistance\":0,\"peloton_resistance_avg\":0,\"peloton_resistance_color\":\"white\",\"peloton_resistance_lapavg\":0,\"peloton_resistance_lapmax\":0,\"peloton_req_resistance\":0,\"cadence\":0,\"cadence_color\":\"white\",\"cadence_avg\":0,\"cadence_lapavg\":0,\"cadence_lapmax\":0,\"resistance\":1,\"resistance_avg\":1,\"resistance_lapavg\":1,\"resistance_lapmax\":1,\"cranks\":0,\"cranktime\":0,\"req_power\":0,\"req_cadence\":0,\"req_resistance\":0,\"inclination\":0,\"inclination_avg\":0}}"
seg. ago. 3 19:33:27 2026 1785796407292 Debug: virtualdevices/virtualbike.cpp void virtualbike::bikeProvider() "bikeProvider" 0 2000 true
seg. ago. 3 19:33:27 2026 1785796407293 Debug: virtualdevices/virtualbike.cpp void virtualbike::bikeProvider() "virtual bike connected"
seg. ago. 3 19:33:27 2026 1785796407294 Debug: virtualdevices/virtualbike.cpp void virtualbike::writeCharacteristic(QLowEnergyService *, const QLowEnergyCharacteristic &, const QByteArray &) "virtualbike::writeCharacteristic Unknown Service  64 02 00 00 00 00 01 00 00 00 00 00"
seg. ago. 3 19:33:27 2026 1785796407296 Debug:   Write server characteristic with handle  9 "640200000000010000000000" (service: "{00001826-0000-1000-8000-00805f9b34fb}"
seg. ago. 3 19:33:27 2026 1785796407298 Debug: virtualdevices/virtualbike.cpp void virtualbike::writeCharacteristic(QLowEnergyService *, const QLowEnergyCharacteristic &, const QByteArray &) "virtualbike::writeCharacteristic Heart Rate Heart Rate Measurement 00 00"
seg. ago. 3 19:33:27 2026 1785796407299 Debug:   Write server characteristic with handle  19 "0000" (service: "{0000180d-0000-1000-8000-00805f9b34fb}"
seg. ago. 3 19:33:27 2026 1785796407318 Debug: virtualdevices/virtualbike.cpp void virtualbike::bikeProvider() "bikeProvider" 0 2000 true
seg. ago. 3 19:33:27 2026 1785796407319 Debug: virtualdevices/virtualbike.cpp void virtualbike::bikeProvider() "virtual bike connected"
seg. ago. 3 19:33:27 2026 1785796407321 Debug: virtualdevices/virtualbike.cpp void virtualbike::writeCharacteristic(QLowEnergyService *, const QLowEnergyCharacteristic &, const QByteArray &) "virtualbike::writeCharacteristic Unknown Service  64 02 00 00 00 00 01 00 00 00 00 00"
seg. ago. 3 19:33:27 2026 1785796407321 Debug:   Write server characteristic with handle  9 "640200000000010000000000" (service: "{00001826-0000-1000-8000-00805f9b34fb}"
seg. ago. 3 19:33:27 2026 1785796407323 Debug: virtualdevices/virtualbike.cpp void virtualbike::writeCharacteristic(QLowEnergyService *, const QLowEnergyCharacteristic &, const QByteArray &) "virtualbike::writeCharacteristic Heart Rate Heart Rate Measurement 00 00"
seg. ago. 3 19:33:27 2026 1785796407324 Debug:   Write server characteristic with handle  19 "0000" (service: "{0000180d-0000-1000-8000-00805f9b34fb}"
seg. ago. 3 19:33:27 2026 1785796407368 Debug: virtualdevices/virtualbike.cpp void virtualbike::bikeProvider() "bikeProvider" 0 2000 true
seg. ago. 3 19:33:27 2026 1785796407369 Debug: virtualdevices/virtualbike.cpp void virtualbike::bikeProvider() "virtual bike connected"
seg. ago. 3 19:33:27 2026 1785796407370 Debug: virtualdevices/virtualbike.cpp void virtualbike::writeCharacteristic(QLowEnergyService *, const QLowEnergyCharacteristic &, const QByteArray &) "virtualbike::writeCharacteristic Unknown Service  64 02 00 00 00 00 01 00 00 00 00 00"
seg. ago. 3 19:33:27 2026 1785796407372 Debug:   Write server characteristic with handle  9 "640200000000010000000000" (service: "{00001826-0000-1000-8000-00805f9b34fb}"
seg. ago. 3 19:33:27 2026 1785796407374 Debug: virtualdevices/virtualbike.cpp void virtualbike::writeCharacteristic(QLowEnergyService *, const QLowEnergyCharacteristic &, const QByteArray &) "virtualbike::writeCharacteristic Heart Rate Heart Rate Measurement 00 00"
seg. ago. 3 19:33:27 2026 1785796407375 Debug:   Write server characteristic with handle  19 "0000" (service: "{0000180d-0000-1000-8000-00805f9b34fb}"
seg. ago. 3 19:33:27 2026 1785796407418 Debug: virtualdevices/virtualbike.cpp void virtualbike::bikeProvider() "bikeProvider" 0 2000 true
seg. ago. 3 19:33:27 2026 1785796407420 Debug: virtualdevices/virtualbike.cpp void virtualbike::bikeProvider() "virtual bike connected"
seg. ago. 3 19:33:27 2026 1785796407422 Debug: virtualdevices/virtualbike.cpp void virtualbike::writeCharacteristic(QLowEnergyService *, const QLowEnergyCharacteristic &, const QByteArray &) "virtualbike::writeCharacteristic Unknown Service  64 02 00 00 00 00 01 00 00 00 00 00"
seg. ago. 3 19:33:27 2026 1785796407423 Debug:   Write server characteristic with handle  9 "640200000000010000000000" (service: "{00001826-0000-1000-8000-00805f9b34fb}"
seg. ago. 3 19:33:27 2026 1785796407426 Debug: virtualdevices/virtualbike.cpp void virtualbike::writeCharacteristic(QLowEnergyService *, const QLowEnergyCharacteristic &, const QByteArray &) "virtualbike::writeCharacteristic Heart Rate Heart Rate Measurement 00 00"
seg. ago. 3 19:33:27 2026 1785796407427 Debug:   Write server characteristic with handle  19 "0000" (service: "{0000180d-0000-1000-8000-00805f9b34fb}"
seg. ago. 3 19:33:27 2026 1785796407468 Debug: virtualdevices/virtualbike.cpp void virtualbike::bikeProvider() "bikeProvider" 0 2000 true
seg. ago. 3 19:33:27 2026 1785796407470 Debug: virtualdevices/virtualbike.cpp void virtualbike::bikeProvider() "virtual bike connected"
seg. ago. 3 19:33:27 2026 1785796407471 Debug: virtualdevices/virtualbike.cpp void virtualbike::writeCharacteristic(QLowEnergyService *, const QLowEnergyCharacteristic &, const QByteArray &) "virtualbike::writeCharacteristic Unknown Service  64 02 00 00 00 00 01 00 00 00 00 00"
seg. ago. 3 19:33:27 2026 1785796407472 Debug:   Write server characteristic with handle  9 "640200000000010000000000" (service: "{00001826-0000-1000-8000-00805f9b34fb}"
seg. ago. 3 19:33:27 2026 1785796407474 Debug: virtualdevices/virtualbike.cpp void virtualbike::writeCharacteristic(QLowEnergyService *, const QLowEnergyCharacteristic &, const QByteArray &) "virtualbike::writeCharacteristic Heart Rate Heart Rate Measurement 00 00"
seg. ago. 3 19:33:27 2026 1785796407475 Debug:   Write server characteristic with handle  19 "0000" (service: "{0000180d-0000-1000-8000-00805f9b34fb}"
seg. ago. 3 19:33:27 2026 1785796407519 Debug: virtualdevices/virtualbike.cpp void virtualbike::bikeProvider() "bikeProvider" 0 2000 true
seg. ago. 3 19:33:27 2026 1785796407520 Debug: virtualdevices/virtualbike.cpp void virtualbike::bikeProvider() "virtual bike connected"
seg. ago. 3 19:33:27 2026 1785796407522 Debug: virtualdevices/virtualbike.cpp void virtualbike::writeCharacteristic(QLowEnergyService *, const QLowEnergyCharacteristic &, const QByteArray &) "virtualbike::writeCharacteristic Unknown Service  64 02 00 00 00 00 01 00 00 00 00 00"
seg. ago. 3 19:33:27 2026 1785796407523 Debug:   Write server characteristic with handle  9 "640200000000010000000000" (service: "{00001826-0000-1000-8000-00805f9b34fb}"
seg. ago. 3 19:33:27 2026 1785796407525 Debug: virtualdevices/virtualbike.cpp void virtualbike::writeCharacteristic(QLowEnergyService *, const QLowEnergyCharacteristic &, const QByteArray &) "virtualbike::writeCharacteristic Heart Rate Heart Rate Measurement 00 00"
seg. ago. 3 19:33:27 2026 1785796407526 Debug:   Write server characteristic with handle  19 "0000" (service: "{0000180d-0000-1000-8000-00805f9b34fb}"
seg. ago. 3 19:33:27 2026 1785796407570 Debug: virtualdevices/virtualbike.cpp void virtualbike::bikeProvider() "bikeProvider" 0 2000 true
seg. ago. 3 19:33:27 2026 1785796407572 Debug: virtualdevices/virtualbike.cpp void virtualbike::bikeProvider() "virtual bike connected"
seg. ago. 3 19:33:27 2026 1785796407577 Debug: virtualdevices/virtualbike.cpp void virtualbike::writeCharacteristic(QLowEnergyService *, const QLowEnergyCharacteristic &, const QByteArray &) "virtualbike::writeCharacteristic Unknown Service  64 02 00 00 00 00 01 00 00 00 00 00"
seg. ago. 3 19:33:27 2026 1785796407578 Debug:   Write server characteristic with handle  9 "640200000000010000000000" (service: "{00001826-0000-1000-8000-00805f9b34fb}"
seg. ago. 3 19:33:27 2026 1785796407581 Debug: virtualdevices/virtualbike.cpp void virtualbike::writeCharacteristic(QLowEnergyService *, const QLowEnergyCharacteristic &, const QByteArray &) "virtualbike::writeCharacteristic Heart Rate Heart Rate Measurement 00 00"
seg. ago. 3 19:33:27 2026 1785796407582 Debug:   Write server characteristic with handle  19 "0000" (service: "{0000180d-0000-1000-8000-00805f9b34fb}"
seg. ago. 3 19:33:27 2026 1785796407620 Debug: virtualdevices/virtualbike.cpp void virtualbike::bikeProvider() "bikeProvider" 0 2000 true
seg. ago. 3 19:33:27 2026 1785796407621 Debug: virtualdevices/virtualbike.cpp void virtualbike::bikeProvider() "virtual bike connected"
seg. ago. 3 19:33:27 2026 1785796407624 Debug: virtualdevices/virtualbike.cpp void virtualbike::writeCharacteristic(QLowEnergyService *, const QLowEnergyCharacteristic &, const QByteArray &) "virtualbike::writeCharacteristic Unknown Service  64 02 00 00 00 00 01 00 00 00 00 00"
seg. ago. 3 19:33:27 2026 1785796407625 Debug:   Write server characteristic with handle  9 "640200000000010000000000" (service: "{00001826-0000-1000-8000-00805f9b34fb}"
seg. ago. 3 19:33:27 2026 1785796407628 Debug: virtualdevices/virtualbike.cpp void virtualbike::writeCharacteristic(QLowEnergyService *, const QLowEnergyCharacteristic &, const QByteArray &) "virtualbike::writeCharacteristic Heart Rate Heart Rate Measurement 00 00"
seg. ago. 3 19:33:27 2026 1785796407630 Debug:   Write server characteristic with handle  19 "0000" (service: "{0000180d-0000-1000-8000-00805f9b34fb}"
seg. ago. 3 19:33:27 2026 1785796407673 Debug: virtualdevices/virtualbike.cpp void virtualbike::bikeProvider() "bikeProvider" 0 2000 true
seg. ago. 3 19:33:27 2026 1785796407675 Debug: virtualdevices/virtualbike.cpp void virtualbike::bikeProvider() "virtual bike connected"
seg. ago. 3 19:33:27 2026 1785796407677 Debug: virtualdevices/virtualbike.cpp void virtualbike::writeCharacteristic(QLowEnergyService *, const QLowEnergyCharacteristic &, const QByteArray &) "virtualbike::writeCharacteristic Unknown Service  64 02 00 00 00 00 01 00 00 00 00 00"
seg. ago. 3 19:33:27 2026 1785796407679 Debug:   Write server characteristic with handle  9 "640200000000010000000000" (service: "{00001826-0000-1000-8000-00805f9b34fb}"
seg. ago. 3 19:33:27 2026 1785796407682 Debug: virtualdevices/virtualbike.cpp void virtualbike::writeCharacteristic(QLowEnergyService *, const QLowEnergyCharacteristic &, const QByteArray &) "virtualbike::writeCharacteristic Heart Rate Heart Rate Measurement 00 00"
seg. ago. 3 19:33:27 2026 1785796407684 Debug:   Write server characteristic with handle  19 "0000" (service: "{0000180d-0000-1000-8000-00805f9b34fb}"
seg. ago. 3 19:33:27 2026 1785796407728 Debug: virtualdevices/virtualbike.cpp void virtualbike::bikeProvider() "bikeProvider" 0 2000 true
seg. ago. 3 19:33:27 2026 1785796407731 Debug: virtualdevices/virtualbike.cpp void virtualbike::bikeProvider() "virtual bike connected"
seg. ago. 3 19:33:27 2026 1785796407735 Debug: virtualdevices/virtualbike.cpp void virtualbike::writeCharacteristic(QLowEnergyService *, const QLowEnergyCharacteristic &, const QByteArray &) "virtualbike::writeCharacteristic Unknown Service  64 02 00 00 00 00 01 00 00 00 00 00"
seg. ago. 3 19:33:27 2026 1785796407737 Debug:   Write server characteristic with handle  9 "640200000000010000000000" (service: "{00001826-0000-1000-8000-00805f9b34fb}"
seg. ago. 3 19:33:27 2026 1785796407740 Debug: virtualdevices/virtualbike.cpp void virtualbike::writeCharacteristic(QLowEnergyService *, const QLowEnergyCharacteristic &, const QByteArray &) "virtualbike::writeCharacteristic Heart Rate Heart Rate Measurement 00 00"
seg. ago. 3 19:33:27 2026 1785796407741 Debug:   Write server characteristic with handle  19 "0000" (service: "{0000180d-0000-1000-8000-00805f9b34fb}"
seg. ago. 3 19:33:27 2026 1785796407768 Debug: virtualdevices/virtualbike.cpp void virtualbike::bikeProvider() "bikeProvider" 0 2000 true
seg. ago. 3 19:33:27 2026 1785796407768 Debug: virtualdevices/virtualbike.cpp void virtualbike::bikeProvider() "virtual bike connected"
seg. ago. 3 19:33:27 2026 1785796407770 Debug: virtualdevices/virtualbike.cpp void virtualbike::writeCharacteristic(QLowEnergyService *, const QLowEnergyCharacteristic &, const QByteArray &) "virtualbike::writeCharacteristic Unknown Service  64 02 00 00 00 00 01 00 00 00 00 00"
seg. ago. 3 19:33:27 2026 1785796407771 Debug:   Write server characteristic with handle  9 "640200000000010000000000" (service: "{00001826-0000-1000-8000-00805f9b34fb}"
seg. ago. 3 19:33:27 2026 1785796407772 Debug: virtualdevices/virtualbike.cpp void virtualbike::writeCharacteristic(QLowEnergyService *, const QLowEnergyCharacteristic &, const QByteArray &) "virtualbike::writeCharacteristic Heart Rate Heart Rate Measurement 00 00"
seg. ago. 3 19:33:27 2026 1785796407773 Debug:   Write server characteristic with handle  19 "0000" (service: "{0000180d-0000-1000-8000-00805f9b34fb}"
seg. ago. 3 19:33:27 2026 1785796407815 Debug: virtualdevices/virtualbike.cpp void virtualbike::bikeProvider() "bikeProvider" 0 2000 true
seg. ago. 3 19:33:27 2026 1785796407816 Debug: virtualdevices/virtualbike.cpp void virtualbike::bikeProvider() "virtual bike connected"
seg. ago. 3 19:33:27 2026 1785796407818 Debug: virtualdevices/virtualbike.cpp void virtualbike::writeCharacteristic(QLowEnergyService *, const QLowEnergyCharacteristic &, const QByteArray &) "virtualbike::writeCharacteristic Unknown Service  64 02 00 00 00 00 01 00 00 00 00 00"
seg. ago. 3 19:33:27 2026 1785796407819 Debug:   Write server characteristic with handle  9 "640200000000010000000000" (service: "{00001826-0000-1000-8000-00805f9b34fb}"
seg. ago. 3 19:33:27 2026 1785796407820 Debug: virtualdevices/virtualbike.cpp void virtualbike::writeCharacteristic(QLowEnergyService *, const QLowEnergyCharacteristic &, const QByteArray &) "virtualbike::writeCharacteristic Heart Rate Heart Rate Measurement 00 00"
seg. ago. 3 19:33:27 2026 1785796407821 Debug:   Write server characteristic with handle  19 "0000" (service: "{0000180d-0000-1000-8000-00805f9b34fb}"
seg. ago. 3 19:33:27 2026 1785796407846 Debug:   Characteristic change notification "{00001826-0000-1000-8000-00805f9b34fb}" 47 "f50100000000000100000000000000ffffff"
seg. ago. 3 19:33:27 2026 1785796407847 Debug: devices/ftmsbike/ftmsbike.cpp void ftmsbike::characteristicChanged(const QLowEnergyCharacteristic &, const QByteArray &) "{00002ad2-0000-1000-8000-00805f9b34fb}" 18 " << " "f5 01 00 00 00 00 00 01 00 00 00 00 00 00 00 ff ff ff"
seg. ago. 3 19:33:27 2026 1785796407848 Debug: devices/bluetooth.cpp void bluetooth::debug(const QString &) "Current Cadence: 0"
seg. ago. 3 19:33:27 2026 1785796407849 Debug: devices/bluetooth.cpp void bluetooth::debug(const QString &) "Current Distance: 0"
seg. ago. 3 19:33:27 2026 1785796407851 Debug: devices/bluetooth.cpp void bluetooth::debug(const QString &) "Current Resistance: 1"
seg. ago. 3 19:33:27 2026 1785796407853 Debug: devices/bluetooth.cpp void bluetooth::debug(const QString &) "Current Watt: 0"
seg. ago. 3 19:33:27 2026 1785796407854 Debug: devices/bluetooth.cpp void bluetooth::debug(const QString &) "Current Average Watt: 0"
seg. ago. 3 19:33:27 2026 1785796407855 Debug: devices/bluetooth.cpp void bluetooth::debug(const QString &) "Current KCal: 0"
seg. ago. 3 19:33:27 2026 1785796407857 Debug: devices/bluetoothdevice.cpp void bluetoothdevice::update_hr_from_external() WearOS Companion Heart: 0
seg. ago. 3 19:33:27 2026 1785796407858 Debug: ./inclinationresistancetable.h void inclinationResistanceTable::collectData(double, uint16_t, double) Skipping invalid data point: Incl: 0 Res: 1 Watt: 0
seg. ago. 3 19:33:27 2026 1785796407859 Debug: devices/bluetooth.cpp void bluetooth::debug(const QString &) "Current CrankRevs: 0"
seg. ago. 3 19:33:27 2026 1785796407860 Debug: devices/bluetooth.cpp void bluetooth::debug(const QString &) "Last CrankEventTime: 0"
seg. ago. 3 19:33:27 2026 1785796407869 Debug: virtualdevices/virtualbike.cpp void virtualbike::bikeProvider() "bikeProvider" 0 2000 true
seg. ago. 3 19:33:27 2026 1785796407870 Debug: virtualdevices/virtualbike.cpp void virtualbike::bikeProvider() "virtual bike connected"
seg. ago. 3 19:33:27 2026 1785796407872 Debug: virtualdevices/virtualbike.cpp void virtualbike::writeCharacteristic(QLowEnergyService *, const QLowEnergyCharacteristic &, const QByteArray &) "virtualbike::writeCharacteristic Unknown Service  64 02 00 00 00 00 01 00 00 00 00 00"
seg. ago. 3 19:33:27 2026 1785796407872 Debug:   Write server characteristic with handle  9 "640200000000010000000000" (service: "{00001826-0000-1000-8000-00805f9b34fb}"
seg. ago. 3 19:33:27 2026 1785796407874 Debug: virtualdevices/virtualbike.cpp void virtualbike::writeCharacteristic(QLowEnergyService *, const QLowEnergyCharacteristic &, const QByteArray &) "virtualbike::writeCharacteristic Heart Rate Heart Rate Measurement 00 00"
seg. ago. 3 19:33:27 2026 1785796407875 Debug:   Write server characteristic with handle  19 "0000" (service: "{0000180d-0000-1000-8000-00805f9b34fb}"
seg. ago. 3 19:33:27 2026 1785796407876 Debug:   Characteristic change notification "{00001826-0000-1000-8000-00805f9b34fb}" 47 "002a0000000000000000"
seg. ago. 3 19:33:27 2026 1785796407877 Debug: devices/ftmsbike/ftmsbike.cpp void ftmsbike::characteristicChanged(const QLowEnergyCharacteristic &, const QByteArray &) "{00002ad2-0000-1000-8000-00805f9b34fb}" 10 " << " "00 2a 00 00 00 00 00 00 00 00"
seg. ago. 3 19:33:27 2026 1785796407879 Debug: devices/bluetooth.cpp void bluetooth::debug(const QString &) "Current Speed: 0"
seg. ago. 3 19:33:27 2026 1785796407880 Debug: devices/bluetooth.cpp void bluetooth::debug(const QString &) "Current Distance: 0"
seg. ago. 3 19:33:27 2026 1785796407881 Debug: devices/bluetooth.cpp void bluetooth::debug(const QString &) "Current KCal: 0"
seg. ago. 3 19:33:27 2026 1785796407882 Debug: devices/bluetooth.cpp void bluetooth::debug(const QString &) "Current Heart: 0"
seg. ago. 3 19:33:27 2026 1785796407884 Debug: devices/bluetoothdevice.cpp void bluetoothdevice::update_hr_from_external() WearOS Companion Heart: 0
seg. ago. 3 19:33:27 2026 1785796407886 Debug: ./inclinationresistancetable.h void inclinationResistanceTable::collectData(double, uint16_t, double) Skipping invalid data point: Incl: 0 Res: 1 Watt: 0
seg. ago. 3 19:33:27 2026 1785796407887 Debug: devices/bluetooth.cpp void bluetooth::debug(const QString &) "Current CrankRevs: 0"
seg. ago. 3 19:33:27 2026 1785796407888 Debug: devices/bluetooth.cpp void bluetooth::debug(const QString &) "Last CrankEventTime: 0"
seg. ago. 3 19:33:27 2026 1785796407915 Debug: virtualdevices/virtualbike.cpp void virtualbike::bikeProvider() "bikeProvider" 0 2000 true
seg. ago. 3 19:33:27 2026 1785796407916 Debug: virtualdevices/virtualbike.cpp void virtualbike::bikeProvider() "virtual bike connected"
seg. ago. 3 19:33:27 2026 1785796407918 Debug: virtualdevices/virtualbike.cpp void virtualbike::writeCharacteristic(QLowEnergyService *, const QLowEnergyCharacteristic &, const QByteArray &) "virtualbike::writeCharacteristic Unknown Service  64 02 00 00 00 00 01 00 00 00 00 00"
seg. ago. 3 19:33:27 2026 1785796407918 Debug:   Write server characteristic with handle  9 "640200000000010000000000" (service: "{00001826-0000-1000-8000-00805f9b34fb}"
seg. ago. 3 19:33:27 2026 1785796407920 Debug: virtualdevices/virtualbike.cpp void virtualbike::writeCharacteristic(QLowEnergyService *, const QLowEnergyCharacteristic &, const QByteArray &) "virtualbike::writeCharacteristic Heart Rate Heart Rate Measurement 00 00"
seg. ago. 3 19:33:27 2026 1785796407921 Debug:   Write server characteristic with handle  19 "0000" (service: "{0000180d-0000-1000-8000-00805f9b34fb}"
seg. ago. 3 19:33:27 2026 1785796407969 Debug: virtualdevices/virtualbike.cpp void virtualbike::bikeProvider() "bikeProvider" 0 2000 true
seg. ago. 3 19:33:27 2026 1785796407970 Debug: virtualdevices/virtualbike.cpp void virtualbike::bikeProvider() "virtual bike connected"
seg. ago. 3 19:33:27 2026 1785796407971 Debug: virtualdevices/virtualbike.cpp void virtualbike::writeCharacteristic(QLowEnergyService *, const QLowEnergyCharacteristic &, const QByteArray &) "virtualbike::writeCharacteristic Unknown Service  64 02 00 00 00 00 01 00 00 00 00 00"
seg. ago. 3 19:33:27 2026 1785796407973 Debug:   Write server characteristic with handle  9 "640200000000010000000000" (service: "{00001826-0000-1000-8000-00805f9b34fb}"
seg. ago. 3 19:33:27 2026 1785796407974 Debug: virtualdevices/virtualbike.cpp void virtualbike::writeCharacteristic(QLowEnergyService *, const QLowEnergyCharacteristic &, const QByteArray &) "virtualbike::writeCharacteristic Heart Rate Heart Rate Measurement 00 00"
seg. ago. 3 19:33:27 2026 1785796407975 Debug:   Write server characteristic with handle  19 "0000" (service: "{0000180d-0000-1000-8000-00805f9b34fb}"
seg. ago. 3 19:33:28 2026 1785796408019 Debug: virtualdevices/virtualbike.cpp void virtualbike::bikeProvider() "bikeProvider" 0 2000 true
seg. ago. 3 19:33:28 2026 1785796408020 Debug: virtualdevices/virtualbike.cpp void virtualbike::bikeProvider() "virtual bike connected"
seg. ago. 3 19:33:28 2026 1785796408023 Debug: virtualdevices/virtualbike.cpp void virtualbike::writeCharacteristic(QLowEnergyService *, const QLowEnergyCharacteristic &, const QByteArray &) "virtualbike::writeCharacteristic Unknown Service  64 02 00 00 00 00 01 00 00 00 00 00"
seg. ago. 3 19:33:28 2026 1785796408025 Debug:   Write server characteristic with handle  9 "640200000000010000000000" (service: "{00001826-0000-1000-8000-00805f9b34fb}"
seg. ago. 3 19:33:28 2026 1785796408027 Debug: virtualdevices/virtualbike.cpp void virtualbike::writeCharacteristic(QLowEnergyService *, const QLowEnergyCharacteristic &, const QByteArray &) "virtualbike::writeCharacteristic Heart Rate Heart Rate Measurement 00 00"
seg. ago. 3 19:33:28 2026 1785796408029 Debug:   Write server characteristic with handle  19 "0000" (service: "{0000180d-0000-1000-8000-00805f9b34fb}"
seg. ago. 3 19:33:28 2026 1785796408073 Debug: virtualdevices/virtualbike.cpp void virtualbike::bikeProvider() "bikeProvider" 0 2000 true
seg. ago. 3 19:33:28 2026 1785796408075 Debug: virtualdevices/virtualbike.cpp void virtualbike::bikeProvider() "virtual bike connected"
seg. ago. 3 19:33:28 2026 1785796408078 Debug: virtualdevices/virtualbike.cpp void virtualbike::writeCharacteristic(QLowEnergyService *, const QLowEnergyCharacteristic &, const QByteArray &) "virtualbike::writeCharacteristic Unknown Service  64 02 00 00 00 00 01 00 00 00 00 00"
seg. ago. 3 19:33:28 2026 1785796408079 Debug:   Write server characteristic with handle  9 "640200000000010000000000" (service: "{00001826-0000-1000-8000-00805f9b34fb}"
seg. ago. 3 19:33:28 2026 1785796408082 Debug: virtualdevices/virtualbike.cpp void virtualbike::writeCharacteristic(QLowEnergyService *, const QLowEnergyCharacteristic &, const QByteArray &) "virtualbike::writeCharacteristic Heart Rate Heart Rate Measurement 00 00"
seg. ago. 3 19:33:28 2026 1785796408083 Debug:   Write server characteristic with handle  19 "0000" (service: "{0000180d-0000-1000-8000-00805f9b34fb}"
seg. ago. 3 19:33:28 2026 1785796408119 Debug: virtualdevices/virtualbike.cpp void virtualbike::bikeProvider() "bikeProvider" 0 2000 true
seg. ago. 3 19:33:28 2026 1785796408120 Debug: virtualdevices/virtualbike.cpp void virtualbike::bikeProvider() "virtual bike connected"
seg. ago. 3 19:33:28 2026 1785796408122 Debug: virtualdevices/virtualbike.cpp void virtualbike::writeCharacteristic(QLowEnergyService *, const QLowEnergyCharacteristic &, const QByteArray &) "virtualbike::writeCharacteristic Unknown Service  64 02 00 00 00 00 01 00 00 00 00 00"
seg. ago. 3 19:33:28 2026 1785796408124 Debug:   Write server characteristic with handle  9 "640200000000010000000000" (service: "{00001826-0000-1000-8000-00805f9b34fb}"
seg. ago. 3 19:33:28 2026 1785796408126 Debug: virtualdevices/virtualbike.cpp void virtualbike::writeCharacteristic(QLowEnergyService *, const QLowEnergyCharacteristic &, const QByteArray &) "virtualbike::writeCharacteristic Heart Rate Heart Rate Measurement 00 00"
seg. ago. 3 19:33:28 2026 1785796408128 Debug:   Write server characteristic with handle  19 "0000" (service: "{0000180d-0000-1000-8000-00805f9b34fb}"
seg. ago. 3 19:33:28 2026 1785796408174 Debug: virtualdevices/virtualbike.cpp void virtualbike::bikeProvider() "bikeProvider" 0 2000 true
seg. ago. 3 19:33:28 2026 1785796408176 Debug: virtualdevices/virtualbike.cpp void virtualbike::bikeProvider() "virtual bike connected"
seg. ago. 3 19:33:28 2026 1785796408183 Debug: virtualdevices/virtualbike.cpp void virtualbike::writeCharacteristic(QLowEnergyService *, const QLowEnergyCharacteristic &, const QByteArray &) "virtualbike::writeCharacteristic Unknown Service  64 02 00 00 00 00 01 00 00 00 00 00"
seg. ago. 3 19:33:28 2026 1785796408185 Debug:   Write server characteristic with handle  9 "640200000000010000000000" (service: "{00001826-0000-1000-8000-00805f9b34fb}"
seg. ago. 3 19:33:28 2026 1785796408189 Debug: virtualdevices/virtualbike.cpp void virtualbike::writeCharacteristic(QLowEnergyService *, const QLowEnergyCharacteristic &, const QByteArray &) "virtualbike::writeCharacteristic Heart Rate Heart Rate Measurement 00 00"
seg. ago. 3 19:33:28 2026 1785796408194 Debug:   Write server characteristic with handle  19 "0000" (service: "{0000180d-0000-1000-8000-00805f9b34fb}"
seg. ago. 3 19:33:28 2026 1785796408220 Debug: virtualdevices/virtualbike.cpp void virtualbike::bikeProvider() "bikeProvider" 0 2000 true
seg. ago. 3 19:33:28 2026 1785796408221 Debug: virtualdevices/virtualbike.cpp void virtualbike::bikeProvider() "virtual bike connected"
seg. ago. 3 19:33:28 2026 1785796408225 Debug: virtualdevices/virtualbike.cpp void virtualbike::writeCharacteristic(QLowEnergyService *, const QLowEnergyCharacteristic &, const QByteArray &) "virtualbike::writeCharacteristic Unknown Service  64 02 00 00 00 00 01 00 00 00 00 00"
seg. ago. 3 19:33:28 2026 1785796408229 Debug:   Write server characteristic with handle  9 "640200000000010000000000" (service: "{00001826-0000-1000-8000-00805f9b34fb}"
seg. ago. 3 19:33:28 2026 1785796408233 Debug: virtualdevices/virtualbike.cpp void virtualbike::writeCharacteristic(QLowEnergyService *, const QLowEnergyCharacteristic &, const QByteArray &) "virtualbike::writeCharacteristic Heart Rate Heart Rate Measurement 00 00"
seg. ago. 3 19:33:28 2026 1785796408235 Debug:   Write server characteristic with handle  19 "0000" (service: "{0000180d-0000-1000-8000-00805f9b34fb}"
seg. ago. 3 19:33:28 2026 1785796408261 Debug: homeform.cpp void homeform::update() homeform::update fired! elapsed: 1001 jitter: -132
seg. ago. 3 19:33:28 2026 1785796408276 Debug: homeform.cpp void homeform::update() homeform::update tiles updated!
seg. ago. 3 19:33:28 2026 1785796408281 Debug: homeform.cpp void homeform::update() Current Distance 1s: 0 0 0
seg. ago. 3 19:33:28 2026 1785796408290 Debug: templateinfosender.cpp bool TemplateInfoSender::update(QJSEngine *) "eval res " "{\"msg\":\"workout\",\"content\":{\"BIKE_TYPE\":2,\"ELLIPTICAL_TYPE\":4,\"ROWING_TYPE\":3,\"TREADMILL_TYPE\":1,\"UNKNOWN_TYPE\":0,\"deviceId\":\"B8:F8:62:6D:A8:D6\",\"deviceName\":\"YPBM001264\",\"deviceRSSI\":-33,\"deviceType\":2,\"deviceConnected\":true,\"devicePaused\":false,\"elapsed_s\":0,\"elapsed_m\":0,\"elapsed_h\":0,\"lapelapsed_s\":0,\"lapelapsed_m\":0,\"lapelapsed_h\":0,\"pace_s\":0,\"pace_m\":0,\"pace_h\":0,\"pace_color\":\"white\",\"avgpace_s\":0,\"avgpace_m\":0,\"avgpace_h\":0,\"maxpace_s\":0,\"maxpace_m\":0,\"maxpace_h\":0,\"moving_s\":0,\"moving_m\":0,\"moving_h\":0,\"speed\":0,\"speed_avg\":0,\"speed_color\":\"white\",\"speed_lapavg\":0,\"speed_lapmax\":0,\"calories\":0,\"distance\":0,\"heart\":0,\"heart_color\":\"lightsteelblue\",\"heart_avg\":0,\"heart_lapavg\":0,\"heart_max\":0,\"heart_lapmax\":0,\"target_heart_above\":0,\"target_heart_below\":0,\"jouls\":0,\"elevation\":0,\"difficult\":1,\"watts\":0,\"watts_avg\":0,\"watts_color\":\"white\",\"watts_lapavg\":0,\"watts_max\":0,\"watts_lapmax\":0,\"kgwatts\":0,\"kgwatts_avg\":0,\"kgwatts_max\":0,\"workoutName\":\"Ride\",\"workoutStartDate\":\"seg. ago. 3 19:33:22 2026\",\"instructorName\":\"\",\"latitude\":null,\"longitude\":null,\"altitude\":null,\"peloton_offset\":0,\"peloton_ask_start\":false,\"autoresistance\":true,\"nextrow\":\"N/A\",\"training_row_index\":0,\"training_row_elapsed\":0,\"training_row_open_ended\":false,\"training_row_wait_for_lap\":false,\"row_remaining_time_s\":0,\"row_remaining_time_m\":0,\"row_remaining_time_h\":0,\"remaining_time_s\":0,\"remaining_time_m\":0,\"remaining_time_h\":0,\"nickName\":\"N/A\",\"gears\":0,\"target_resistance\":0,\"target_peloton_resistance\":0,\"target_cadence\":0,\"target_power\":0,\"power_zone\":1,\"power_zone_lapavg\":1,\"power_zone_lapmax\":1,\"target_power_zone\":1,\"power_zone_color\":\"white\",\"target_power_zone_color\":\"white\",\"peloton_resistance\":0,\"peloton_resistance_avg\":0,\"peloton_resistance_color\":\"white\",\"peloton_resistance_lapavg\":0,\"peloton_resistance_lapmax\":0,\"peloton_req_resistance\":0,\"cadence\":0,\"cadence_color\":\"white\",\"cadence_avg\":0,\"cadence_lapavg\":0,\"cadence_lapmax\":0,\"resistance\":1,\"resistance_avg\":1,\"resistance_lapavg\":1,\"resistance_lapmax\":1,\"cranks\":0,\"cranktime\":0,\"req_power\":0,\"req_cadence\":0,\"req_resistance\":0,\"inclination\":0,\"inclination_avg\":0}}"
seg. ago. 3 19:33:28 2026 1785796408306 Debug: virtualdevices/virtualbike.cpp void virtualbike::bikeProvider() "bikeProvider" 0 2000 true
seg. ago. 3 19:33:28 2026 1785796408307 Debug: virtualdevices/virtualbike.cpp void virtualbike::bikeProvider() "virtual bike connected"
seg. ago. 3 19:33:28 2026 1785796408309 Debug: virtualdevices/virtualbike.cpp void virtualbike::writeCharacteristic(QLowEnergyService *, const QLowEnergyCharacteristic &, const QByteArray &) "virtualbike::writeCharacteristic Unknown Service  64 02 00 00 00 00 01 00 00 00 00 00"
seg. ago. 3 19:33:28 2026 1785796408310 Debug:   Write server characteristic with handle  9 "640200000000010000000000" (service: "{00001826-0000-1000-8000-00805f9b34fb}"
seg. ago. 3 19:33:28 2026 1785796408312 Debug: virtualdevices/virtualbike.cpp void virtualbike::writeCharacteristic(QLowEnergyService *, const QLowEnergyCharacteristic &, const QByteArray &) "virtualbike::writeCharacteristic Heart Rate Heart Rate Measurement 00 00"
seg. ago. 3 19:33:28 2026 1785796408313 Debug:   Write server characteristic with handle  19 "0000" (service: "{0000180d-0000-1000-8000-00805f9b34fb}"
seg. ago. 3 19:33:28 2026 1785796408323 Debug: virtualdevices/virtualbike.cpp void virtualbike::bikeProvider() "bikeProvider" 0 2000 true
seg. ago. 3 19:33:28 2026 1785796408324 Debug: virtualdevices/virtualbike.cpp void virtualbike::bikeProvider() "virtual bike connected"
seg. ago. 3 19:33:28 2026 1785796408326 Debug: virtualdevices/virtualbike.cpp void virtualbike::writeCharacteristic(QLowEnergyService *, const QLowEnergyCharacteristic &, const QByteArray &) "virtualbike::writeCharacteristic Unknown Service  64 02 00 00 00 00 01 00 00 00 00 00"
seg. ago. 3 19:33:28 2026 1785796408327 Debug:   Write server characteristic with handle  9 "640200000000010000000000" (service: "{00001826-0000-1000-8000-00805f9b34fb}"
seg. ago. 3 19:33:28 2026 1785796408329 Debug: virtualdevices/virtualbike.cpp void virtualbike::writeCharacteristic(QLowEnergyService *, const QLowEnergyCharacteristic &, const QByteArray &) "virtualbike::writeCharacteristic Heart Rate Heart Rate Measurement 00 00"
seg. ago. 3 19:33:28 2026 1785796408330 Debug:   Write server characteristic with handle  19 "0000" (service: "{0000180d-0000-1000-8000-00805f9b34fb}"
seg. ago. 3 19:33:28 2026 1785796408365 Debug: virtualdevices/virtualbike.cpp void virtualbike::bikeProvider() "bikeProvider" 0 2000 true
seg. ago. 3 19:33:28 2026 1785796408366 Debug: virtualdevices/virtualbike.cpp void virtualbike::bikeProvider() "virtual bike connected"
seg. ago. 3 19:33:28 2026 1785796408367 Debug: virtualdevices/virtualbike.cpp void virtualbike::writeCharacteristic(QLowEnergyService *, const QLowEnergyCharacteristic &, const QByteArray &) "virtualbike::writeCharacteristic Unknown Service  64 02 00 00 00 00 01 00 00 00 00 00"
seg. ago. 3 19:33:28 2026 1785796408368 Debug:   Write server characteristic with handle  9 "640200000000010000000000" (service: "{00001826-0000-1000-8000-00805f9b34fb}"
seg. ago. 3 19:33:28 2026 1785796408369 Debug: virtualdevices/virtualbike.cpp void virtualbike::writeCharacteristic(QLowEnergyService *, const QLowEnergyCharacteristic &, const QByteArray &) "virtualbike::writeCharacteristic Heart Rate Heart Rate Measurement 00 00"
seg. ago. 3 19:33:28 2026 1785796408370 Debug:   Write server characteristic with handle  19 "0000" (service: "{0000180d-0000-1000-8000-00805f9b34fb}"
seg. ago. 3 19:33:28 2026 1785796408418 Debug: virtualdevices/virtualbike.cpp void virtualbike::bikeProvider() "bikeProvider" 0 2000 true
seg. ago. 3 19:33:28 2026 1785796408419 Debug: virtualdevices/virtualbike.cpp void virtualbike::bikeProvider() "virtual bike connected"
seg. ago. 3 19:33:28 2026 1785796408421 Debug: virtualdevices/virtualbike.cpp void virtualbike::writeCharacteristic(QLowEnergyService *, const QLowEnergyCharacteristic &, const QByteArray &) "virtualbike::writeCharacteristic Unknown Service  64 02 00 00 00 00 01 00 00 00 00 00"
seg. ago. 3 19:33:28 2026 1785796408422 Debug:   Write server characteristic with handle  9 "640200000000010000000000" (service: "{00001826-0000-1000-8000-00805f9b34fb}"
seg. ago. 3 19:33:28 2026 1785796408424 Debug: virtualdevices/virtualbike.cpp void virtualbike::writeCharacteristic(QLowEnergyService *, const QLowEnergyCharacteristic &, const QByteArray &) "virtualbike::writeCharacteristic Heart Rate Heart Rate Measurement 00 00"
seg. ago. 3 19:33:28 2026 1785796408425 Debug:   Write server characteristic with handle  19 "0000" (service: "{0000180d-0000-1000-8000-00805f9b34fb}"
seg. ago. 3 19:33:28 2026 1785796408473 Debug: virtualdevices/virtualbike.cpp void virtualbike::bikeProvider() "bikeProvider" 0 2000 true
seg. ago. 3 19:33:28 2026 1785796408474 Debug: virtualdevices/virtualbike.cpp void virtualbike::bikeProvider() "virtual bike connected"
seg. ago. 3 19:33:28 2026 1785796408477 Debug: virtualdevices/virtualbike.cpp void virtualbike::writeCharacteristic(QLowEnergyService *, const QLowEnergyCharacteristic &, const QByteArray &) "virtualbike::writeCharacteristic Unknown Service  64 02 00 00 00 00 01 00 00 00 00 00"
seg. ago. 3 19:33:28 2026 1785796408479 Debug:   Write server characteristic with handle  9 "640200000000010000000000" (service: "{00001826-0000-1000-8000-00805f9b34fb}"
seg. ago. 3 19:33:28 2026 1785796408482 Debug: virtualdevices/virtualbike.cpp void virtualbike::writeCharacteristic(QLowEnergyService *, const QLowEnergyCharacteristic &, const QByteArray &) "virtualbike::writeCharacteristic Heart Rate Heart Rate Measurement 00 00"
seg. ago. 3 19:33:28 2026 1785796408483 Debug:   Write server characteristic with handle  19 "0000" (service: "{0000180d-0000-1000-8000-00805f9b34fb}"
seg. ago. 3 19:33:28 2026 1785796408521 Debug: virtualdevices/virtualbike.cpp void virtualbike::bikeProvider() "bikeProvider" 0 2000 true
seg. ago. 3 19:33:28 2026 1785796408522 Debug: virtualdevices/virtualbike.cpp void virtualbike::bikeProvider() "virtual bike connected"
seg. ago. 3 19:33:28 2026 1785796408525 Debug: virtualdevices/virtualbike.cpp void virtualbike::writeCharacteristic(QLowEnergyService *, const QLowEnergyCharacteristic &, const QByteArray &) "virtualbike::writeCharacteristic Unknown Service  64 02 00 00 00 00 01 00 00 00 00 00"
seg. ago. 3 19:33:28 2026 1785796408526 Debug:   Write server characteristic with handle  9 "640200000000010000000000" (service: "{00001826-0000-1000-8000-00805f9b34fb}"
seg. ago. 3 19:33:28 2026 1785796408528 Debug: virtualdevices/virtualbike.cpp void virtualbike::writeCharacteristic(QLowEnergyService *, const QLowEnergyCharacteristic &, const QByteArray &) "virtualbike::writeCharacteristic Heart Rate Heart Rate Measurement 00 00"
seg. ago. 3 19:33:28 2026 1785796408529 Debug:   Write server characteristic with handle  19 "0000" (service: "{0000180d-0000-1000-8000-00805f9b34fb}"
seg. ago. 3 19:33:28 2026 1785796408570 Debug: virtualdevices/virtualbike.cpp void virtualbike::bikeProvider() "bikeProvider" 0 2000 true
seg. ago. 3 19:33:28 2026 1785796408572 Debug: virtualdevices/virtualbike.cpp void virtualbike::bikeProvider() "virtual bike connected"
seg. ago. 3 19:33:28 2026 1785796408575 Debug: virtualdevices/virtualbike.cpp void virtualbike::writeCharacteristic(QLowEnergyService *, const QLowEnergyCharacteristic &, const QByteArray &) "virtualbike::writeCharacteristic Unknown Service  64 02 00 00 00 00 01 00 00 00 00 00"
seg. ago. 3 19:33:28 2026 1785796408577 Debug:   Write server characteristic with handle  9 "640200000000010000000000" (service: "{00001826-0000-1000-8000-00805f9b34fb}"
seg. ago. 3 19:33:28 2026 1785796408580 Debug: virtualdevices/virtualbike.cpp void virtualbike::writeCharacteristic(QLowEnergyService *, const QLowEnergyCharacteristic &, const QByteArray &) "virtualbike::writeCharacteristic Heart Rate Heart Rate Measurement 00 00"
seg. ago. 3 19:33:28 2026 1785796408581 Debug:   Write server characteristic with handle  19 "0000" (service: "{0000180d-0000-1000-8000-00805f9b34fb}"
seg. ago. 3 19:33:28 2026 1785796408598 Debug:   Characteristic change notification "{00001826-0000-1000-8000-00805f9b34fb}" 32 "010d"
seg. ago. 3 19:33:28 2026 1785796408601 Debug: devices/ftmsbike/ftmsbike.cpp void ftmsbike::characteristicChanged(const QLowEnergyCharacteristic &, const QByteArray &) "{00002ad3-0000-1000-8000-00805f9b34fb}" 2 " << " "01 0d"
seg. ago. 3 19:33:28 2026 1785796408623 Debug: virtualdevices/virtualbike.cpp void virtualbike::bikeProvider() "bikeProvider" 0 2000 true
seg. ago. 3 19:33:28 2026 1785796408631 Debug: virtualdevices/virtualbike.cpp void virtualbike::bikeProvider() "virtual bike connected"
seg. ago. 3 19:33:28 2026 1785796408633 Debug: virtualdevices/virtualbike.cpp void virtualbike::writeCharacteristic(QLowEnergyService *, const QLowEnergyCharacteristic &, const QByteArray &) "virtualbike::writeCharacteristic Unknown Service  64 02 00 00 00 00 01 00 00 00 00 00"
seg. ago. 3 19:33:28 2026 1785796408635 Debug:   Write server characteristic with handle  9 "640200000000010000000000" (service: "{00001826-0000-1000-8000-00805f9b34fb}"
seg. ago. 3 19:33:28 2026 1785796408637 Debug: virtualdevices/virtualbike.cpp void virtualbike::writeCharacteristic(QLowEnergyService *, const QLowEnergyCharacteristic &, const QByteArray &) "virtualbike::writeCharacteristic Heart Rate Heart Rate Measurement 00 00"
seg. ago. 3 19:33:28 2026 1785796408638 Debug:   Write server characteristic with handle  19 "0000" (service: "{0000180d-0000-1000-8000-00805f9b34fb}"
seg. ago. 3 19:33:28 2026 1785796408673 Debug: virtualdevices/virtualbike.cpp void virtualbike::bikeProvider() "bikeProvider" 0 2000 true
seg. ago. 3 19:33:28 2026 1785796408674 Debug: virtualdevices/virtualbike.cpp void virtualbike::bikeProvider() "virtual bike connected"
seg. ago. 3 19:33:28 2026 1785796408679 Debug: virtualdevices/virtualbike.cpp void virtualbike::writeCharacteristic(QLowEnergyService *, const QLowEnergyCharacteristic &, const QByteArray &) "virtualbike::writeCharacteristic Unknown Service  64 02 00 00 00 00 01 00 00 00 00 00"
seg. ago. 3 19:33:28 2026 1785796408680 Debug:   Write server characteristic with handle  9 "640200000000010000000000" (service: "{00001826-0000-1000-8000-00805f9b34fb}"
seg. ago. 3 19:33:28 2026 1785796408682 Debug: virtualdevices/virtualbike.cpp void virtualbike::writeCharacteristic(QLowEnergyService *, const QLowEnergyCharacteristic &, const QByteArray &) "virtualbike::writeCharacteristic Heart Rate Heart Rate Measurement 00 00"
seg. ago. 3 19:33:28 2026 1785796408683 Debug:   Write server characteristic with handle  19 "0000" (service: "{0000180d-0000-1000-8000-00805f9b34fb}"
seg. ago. 3 19:33:28 2026 1785796408716 Debug: virtualdevices/virtualbike.cpp void virtualbike::bikeProvider() "bikeProvider" 0 2000 true
seg. ago. 3 19:33:28 2026 1785796408717 Debug: virtualdevices/virtualbike.cpp void virtualbike::bikeProvider() "virtual bike connected"
seg. ago. 3 19:33:28 2026 1785796408718 Debug: virtualdevices/virtualbike.cpp void virtualbike::writeCharacteristic(QLowEnergyService *, const QLowEnergyCharacteristic &, const QByteArray &) "virtualbike::writeCharacteristic Unknown Service  64 02 00 00 00 00 01 00 00 00 00 00"
seg. ago. 3 19:33:28 2026 1785796408719 Debug:   Write server characteristic with handle  9 "640200000000010000000000" (service: "{00001826-0000-1000-8000-00805f9b34fb}"
seg. ago. 3 19:33:28 2026 1785796408721 Debug: virtualdevices/virtualbike.cpp void virtualbike::writeCharacteristic(QLowEnergyService *, const QLowEnergyCharacteristic &, const QByteArray &) "virtualbike::writeCharacteristic Heart Rate Heart Rate Measurement 00 00"
seg. ago. 3 19:33:28 2026 1785796408721 Debug:   Write server characteristic with handle  19 "0000" (service: "{0000180d-0000-1000-8000-00805f9b34fb}"
seg. ago. 3 19:33:28 2026 1785796408768 Debug: virtualdevices/virtualbike.cpp void virtualbike::bikeProvider() "bikeProvider" 0 2000 true
seg. ago. 3 19:33:28 2026 1785796408769 Debug: virtualdevices/virtualbike.cpp void virtualbike::bikeProvider() "virtual bike connected"
seg. ago. 3 19:33:28 2026 1785796408771 Debug: virtualdevices/virtualbike.cpp void virtualbike::writeCharacteristic(QLowEnergyService *, const QLowEnergyCharacteristic &, const QByteArray &) "virtualbike::writeCharacteristic Unknown Service  64 02 00 00 00 00 01 00 00 00 00 00"
seg. ago. 3 19:33:28 2026 1785796408772 Debug:   Write server characteristic with handle  9 "640200000000010000000000" (service: "{00001826-0000-1000-8000-00805f9b34fb}"
seg. ago. 3 19:33:28 2026 1785796408774 Debug: virtualdevices/virtualbike.cpp void virtualbike::writeCharacteristic(QLowEnergyService *, const QLowEnergyCharacteristic &, const QByteArray &) "virtualbike::writeCharacteristic Heart Rate Heart Rate Measurement 00 00"
seg. ago. 3 19:33:28 2026 1785796408775 Debug:   Write server characteristic with handle  19 "0000" (service: "{0000180d-0000-1000-8000-00805f9b34fb}"
seg. ago. 3 19:33:28 2026 1785796408808 Debug: qmdnsengine/src/src/prober.cpp void QMdnsEngine::ProberPrivate::onTimeout() ProberPrivate::onTimeout()
seg. ago. 3 19:33:28 2026 1785796408809 Debug: qmdnsengine/src/src/provider.cpp auto QMdnsEngine::ProviderPrivate::confirm()::(anonymous class)::operator()(const QByteArray &) const Prober::nameConfirmed false
seg. ago. 3 19:33:28 2026 1785796408810 Debug: localipaddress.cpp jobject getWifiManagerObj(JNIEnv *, jobject) gotWifiMangerObj 
seg. ago. 3 19:33:28 2026 1785796408827 Debug: localipaddress.cpp jobject getWifiInfoObj(JNIEnv *, jobject) getWifiInfoObj 
seg. ago. 3 19:33:28 2026 1785796408858 Debug: localipaddress.cpp int getIpAddress(JNIEnv *, jobject) getIpAddress.... 
seg. ago. 3 19:33:28 2026 1785796408860 Debug: localipaddress.cpp static QHostAddress localipaddress::getIP(const QHostAddress &) getIP from JNI QHostAddress("192.168.0.105")
seg. ago. 3 19:33:28 2026 1785796408861 Debug: qmdnsengine/src/src/provider.cpp void QMdnsEngine::ProviderPrivate::publish() ProviderPrivate::publish QHostAddress("192.168.0.105")
seg. ago. 3 19:33:28 2026 1785796408868 Debug:   Characteristic change notification "{00001826-0000-1000-8000-00805f9b34fb}" 47 "f5017800050000010038002a000000ffffff"
seg. ago. 3 19:33:28 2026 1785796408869 Debug: devices/ftmsbike/ftmsbike.cpp void ftmsbike::characteristicChanged(const QLowEnergyCharacteristic &, const QByteArray &) "{00002ad2-0000-1000-8000-00805f9b34fb}" 18 " << " "f5 01 78 00 05 00 00 01 00 38 00 2a 00 00 00 ff ff ff"
seg. ago. 3 19:33:28 2026 1785796408870 Debug: devices/bluetooth.cpp void bluetooth::debug(const QString &) "Current Cadence: 60"
seg. ago. 3 19:33:28 2026 1785796408872 Debug: devices/bluetooth.cpp void bluetooth::debug(const QString &) "Current Distance: 0"
seg. ago. 3 19:33:28 2026 1785796408873 Debug: devices/bluetooth.cpp void bluetooth::debug(const QString &) "Current Resistance: 1"
seg. ago. 3 19:33:28 2026 1785796408875 Debug: devices/bluetooth.cpp void bluetooth::debug(const QString &) "Current Watt: 56"
seg. ago. 3 19:33:28 2026 1785796408876 Debug: devices/bluetooth.cpp void bluetooth::debug(const QString &) "Current Average Watt: 42"
seg. ago. 3 19:33:28 2026 1785796408877 Debug: devices/bluetooth.cpp void bluetooth::debug(const QString &) "Current KCal: 0.0941559"
seg. ago. 3 19:33:28 2026 1785796408879 Debug: devices/bluetoothdevice.cpp void bluetoothdevice::update_hr_from_external() WearOS Companion Heart: 0
seg. ago. 3 19:33:28 2026 1785796408880 Debug: ./inclinationresistancetable.h void inclinationResistanceTable::collectData(double, uint16_t, double) Skipping invalid data point: Incl: 0 Res: 1 Watt: 56
seg. ago. 3 19:33:28 2026 1785796408881 Debug: devices/bluetooth.cpp void bluetooth::debug(const QString &) "Current CrankRevs: 1"
seg. ago. 3 19:33:28 2026 1785796408881 Debug: devices/bluetooth.cpp void bluetooth::debug(const QString &) "Last CrankEventTime: 1024"
seg. ago. 3 19:33:28 2026 1785796408882 Debug:   Characteristic change notification "{00001826-0000-1000-8000-00805f9b34fb}" 47 "002ad007000100020000"
seg. ago. 3 19:33:28 2026 1785796408884 Debug: devices/ftmsbike/ftmsbike.cpp void ftmsbike::characteristicChanged(const QLowEnergyCharacteristic &, const QByteArray &) "{00002ad2-0000-1000-8000-00805f9b34fb}" 10 " << " "00 2a d0 07 00 01 00 02 00 00"
seg. ago. 3 19:33:28 2026 1785796408886 Debug: devices/bluetooth.cpp void bluetooth::debug(const QString &) "Current Speed: 2.4096"
seg. ago. 3 19:33:28 2026 1785796408887 Debug: devices/bluetooth.cpp void bluetooth::debug(const QString &) "Current Distance: 1.004e-05"
seg. ago. 3 19:33:28 2026 1785796408889 Debug: devices/bluetooth.cpp void bluetooth::debug(const QString &) "Current KCal: 0.0955811"
seg. ago. 3 19:33:28 2026 1785796408890 Debug: devices/bluetooth.cpp void bluetooth::debug(const QString &) "Current Heart: 0"
seg. ago. 3 19:33:28 2026 1785796408891 Debug: devices/bluetoothdevice.cpp void bluetoothdevice::update_hr_from_external() WearOS Companion Heart: 0
seg. ago. 3 19:33:28 2026 1785796408892 Debug: ./inclinationresistancetable.h void inclinationResistanceTable::collectData(double, uint16_t, double) Skipping invalid data point: Incl: 0 Res: 1 Watt: 56
seg. ago. 3 19:33:28 2026 1785796408893 Debug: devices/bluetooth.cpp void bluetooth::debug(const QString &) "Current CrankRevs: 2"
seg. ago. 3 19:33:28 2026 1785796408894 Debug: devices/bluetooth.cpp void bluetooth::debug(const QString &) "Last CrankEventTime: 2048"
seg. ago. 3 19:33:28 2026 1785796408901 Debug: virtualdevices/virtualbike.cpp void virtualbike::bikeProvider() "bikeProvider" 0 2000 true
seg. ago. 3 19:33:28 2026 1785796408902 Debug: virtualdevices/virtualbike.cpp void virtualbike::bikeProvider() "virtual bike connected"
seg. ago. 3 19:33:28 2026 1785796408903 Debug: virtualdevices/virtualbike.cpp void virtualbike::writeCharacteristic(QLowEnergyService *, const QLowEnergyCharacteristic &, const QByteArray &) "virtualbike::writeCharacteristic Unknown Service  64 02 f1 00 78 00 01 00 38 00 00 00"
seg. ago. 3 19:33:28 2026 1785796408904 Debug:   Write server characteristic with handle  9 "6402f1007800010038000000" (service: "{00001826-0000-1000-8000-00805f9b34fb}"
seg. ago. 3 19:33:28 2026 1785796408905 Debug: virtualdevices/virtualbike.cpp void virtualbike::writeCharacteristic(QLowEnergyService *, const QLowEnergyCharacteristic &, const QByteArray &) "virtualbike::writeCharacteristic Heart Rate Heart Rate Measurement 00 00"
seg. ago. 3 19:33:28 2026 1785796408906 Debug:   Write server characteristic with handle  19 "0000" (service: "{0000180d-0000-1000-8000-00805f9b34fb}"
seg. ago. 3 19:33:28 2026 1785796408954 Debug: virtualdevices/virtualbike.cpp void virtualbike::bikeProvider() "bikeProvider" 0 2000 true
seg. ago. 3 19:33:28 2026 1785796408955 Debug: virtualdevices/virtualbike.cpp void virtualbike::bikeProvider() "virtual bike connected"
seg. ago. 3 19:33:28 2026 1785796408957 Debug: virtualdevices/virtualbike.cpp void virtualbike::writeCharacteristic(QLowEnergyService *, const QLowEnergyCharacteristic &, const QByteArray &) "virtualbike::writeCharacteristic Unknown Service  64 02 f1 00 78 00 01 00 38 00 00 00"
seg. ago. 3 19:33:28 2026 1785796408958 Debug:   Write server characteristic with handle  9 "6402f1007800010038000000" (service: "{00001826-0000-1000-8000-00805f9b34fb}"
seg. ago. 3 19:33:28 2026 1785796408959 Debug: virtualdevices/virtualbike.cpp void virtualbike::writeCharacteristic(QLowEnergyService *, const QLowEnergyCharacteristic &, const QByteArray &) "virtualbike::writeCharacteristic Heart Rate Heart Rate Measurement 00 00"
seg. ago. 3 19:33:28 2026 1785796408960 Debug:   Write server characteristic with handle  19 "0000" (service: "{0000180d-0000-1000-8000-00805f9b34fb}"
seg. ago. 3 19:33:29 2026 1785796409005 Debug: virtualdevices/virtualbike.cpp void virtualbike::bikeProvider() "bikeProvider" 0 2000 true
seg. ago. 3 19:33:29 2026 1785796409006 Debug: virtualdevices/virtualbike.cpp void virtualbike::bikeProvider() "virtual bike connected"
seg. ago. 3 19:33:29 2026 1785796409007 Debug: virtualdevices/virtualbike.cpp void virtualbike::writeCharacteristic(QLowEnergyService *, const QLowEnergyCharacteristic &, const QByteArray &) "virtualbike::writeCharacteristic Unknown Service  64 02 f1 00 78 00 01 00 38 00 00 00"
seg. ago. 3 19:33:29 2026 1785796409008 Debug:   Write server characteristic with handle  9 "6402f1007800010038000000" (service: "{00001826-0000-1000-8000-00805f9b34fb}"
seg. ago. 3 19:33:29 2026 1785796409009 Debug: virtualdevices/virtualbike.cpp void virtualbike::writeCharacteristic(QLowEnergyService *, const QLowEnergyCharacteristic &, const QByteArray &) "virtualbike::writeCharacteristic Heart Rate Heart Rate Measurement 00 00"
seg. ago. 3 19:33:29 2026 1785796409010 Debug:   Write server characteristic with handle  19 "0000" (service: "{0000180d-0000-1000-8000-00805f9b34fb}"
seg. ago. 3 19:33:29 2026 1785796409057 Debug: virtualdevices/virtualbike.cpp void virtualbike::bikeProvider() "bikeProvider" 0 2000 true
seg. ago. 3 19:33:29 2026 1785796409058 Debug: virtualdevices/virtualbike.cpp void virtualbike::bikeProvider() "virtual bike connected"
seg. ago. 3 19:33:29 2026 1785796409060 Debug: virtualdevices/virtualbike.cpp void virtualbike::writeCharacteristic(QLowEnergyService *, const QLowEnergyCharacteristic &, const QByteArray &) "virtualbike::writeCharacteristic Unknown Service  64 02 f1 00 78 00 01 00 38 00 00 00"
seg. ago. 3 19:33:29 2026 1785796409060 Debug:   Write server characteristic with handle  9 "6402f1007800010038000000" (service: "{00001826-0000-1000-8000-00805f9b34fb}"
seg. ago. 3 19:33:29 2026 1785796409062 Debug: virtualdevices/virtualbike.cpp void virtualbike::writeCharacteristic(QLowEnergyService *, const QLowEnergyCharacteristic &, const QByteArray &) "virtualbike::writeCharacteristic Heart Rate Heart Rate Measurement 00 00"
seg. ago. 3 19:33:29 2026 1785796409062 Debug:   Write server characteristic with handle  19 "0000" (service: "{0000180d-0000-1000-8000-00805f9b34fb}"
seg. ago. 3 19:33:29 2026 1785796409109 Debug: virtualdevices/virtualbike.cpp void virtualbike::bikeProvider() "bikeProvider" 0 2000 true
seg. ago. 3 19:33:29 2026 1785796409110 Debug: virtualdevices/virtualbike.cpp void virtualbike::bikeProvider() "virtual bike connected"
seg. ago. 3 19:33:29 2026 1785796409112 Debug: virtualdevices/virtualbike.cpp void virtualbike::writeCharacteristic(QLowEnergyService *, const QLowEnergyCharacteristic &, const QByteArray &) "virtualbike::writeCharacteristic Unknown Service  64 02 f1 00 78 00 01 00 38 00 00 00"
seg. ago. 3 19:33:29 2026 1785796409112 Debug:   Write server characteristic with handle  9 "6402f1007800010038000000" (service: "{00001826-0000-1000-8000-00805f9b34fb}"
seg. ago. 3 19:33:29 2026 1785796409114 Debug: virtualdevices/virtualbike.cpp void virtualbike::writeCharacteristic(QLowEnergyService *, const QLowEnergyCharacteristic &, const QByteArray &) "virtualbike::writeCharacteristic Heart Rate Heart Rate Measurement 00 00"
seg. ago. 3 19:33:29 2026 1785796409114 Debug:   Write server characteristic with handle  19 "0000" (service: "{0000180d-0000-1000-8000-00805f9b34fb}"
seg. ago. 3 19:33:29 2026 1785796409161 Debug: virtualdevices/virtualbike.cpp void virtualbike::bikeProvider() "bikeProvider" 0 2000 true
seg. ago. 3 19:33:29 2026 1785796409162 Debug: virtualdevices/virtualbike.cpp void virtualbike::bikeProvider() "virtual bike connected"
seg. ago. 3 19:33:29 2026 1785796409163 Debug: virtualdevices/virtualbike.cpp void virtualbike::writeCharacteristic(QLowEnergyService *, const QLowEnergyCharacteristic &, const QByteArray &) "virtualbike::writeCharacteristic Unknown Service  64 02 f1 00 78 00 01 00 38 00 00 00"
seg. ago. 3 19:33:29 2026 1785796409164 Debug:   Write server characteristic with handle  9 "6402f1007800010038000000" (service: "{00001826-0000-1000-8000-00805f9b34fb}"
seg. ago. 3 19:33:29 2026 1785796409165 Debug: virtualdevices/virtualbike.cpp void virtualbike::writeCharacteristic(QLowEnergyService *, const QLowEnergyCharacteristic &, const QByteArray &) "virtualbike::writeCharacteristic Heart Rate Heart Rate Measurement 00 00"
seg. ago. 3 19:33:29 2026 1785796409166 Debug:   Write server characteristic with handle  19 "0000" (service: "{0000180d-0000-1000-8000-00805f9b34fb}"
seg. ago. 3 19:33:29 2026 1785796409214 Debug: virtualdevices/virtualbike.cpp void virtualbike::bikeProvider() "bikeProvider" 0 2000 true
seg. ago. 3 19:33:29 2026 1785796409214 Debug: virtualdevices/virtualbike.cpp void virtualbike::bikeProvider() "virtual bike connected"
seg. ago. 3 19:33:29 2026 1785796409216 Debug: virtualdevices/virtualbike.cpp void virtualbike::writeCharacteristic(QLowEnergyService *, const QLowEnergyCharacteristic &, const QByteArray &) "virtualbike::writeCharacteristic Unknown Service  64 02 f1 00 78 00 01 00 38 00 00 00"
seg. ago. 3 19:33:29 2026 1785796409217 Debug:   Write server characteristic with handle  9 "6402f1007800010038000000" (service: "{00001826-0000-1000-8000-00805f9b34fb}"
seg. ago. 3 19:33:29 2026 1785796409218 Debug: virtualdevices/virtualbike.cpp void virtualbike::writeCharacteristic(QLowEnergyService *, const QLowEnergyCharacteristic &, const QByteArray &) "virtualbike::writeCharacteristic Heart Rate Heart Rate Measurement 00 00"
seg. ago. 3 19:33:29 2026 1785796409219 Debug:   Write server characteristic with handle  19 "0000" (service: "{0000180d-0000-1000-8000-00805f9b34fb}"
seg. ago. 3 19:33:29 2026 1785796409223 Debug: qmdnsengine/src/src/prober.cpp void QMdnsEngine::ProberPrivate::onTimeout() ProberPrivate::onTimeout()
seg. ago. 3 19:33:29 2026 1785796409224 Debug: qmdnsengine/src/src/provider.cpp auto QMdnsEngine::ProviderPrivate::confirm()::(anonymous class)::operator()(const QByteArray &) const Prober::nameConfirmed false
seg. ago. 3 19:33:29 2026 1785796409225 Debug: localipaddress.cpp jobject getWifiManagerObj(JNIEnv *, jobject) gotWifiMangerObj 
seg. ago. 3 19:33:29 2026 1785796409226 Debug: localipaddress.cpp jobject getWifiInfoObj(JNIEnv *, jobject) getWifiInfoObj 
seg. ago. 3 19:33:29 2026 1785796409232 Debug: localipaddress.cpp int getIpAddress(JNIEnv *, jobject) getIpAddress.... 
seg. ago. 3 19:33:29 2026 1785796409233 Debug: localipaddress.cpp static QHostAddress localipaddress::getIP(const QHostAddress &) getIP from JNI QHostAddress("192.168.0.105")
seg. ago. 3 19:33:29 2026 1785796409234 Debug: qmdnsengine/src/src/provider.cpp void QMdnsEngine::ProviderPrivate::publish() ProviderPrivate::publish QHostAddress("192.168.0.105")
seg. ago. 3 19:33:29 2026 1785796409260 Debug: homeform.cpp void homeform::update() homeform::update fired! elapsed: 999 jitter: -133
seg. ago. 3 19:33:29 2026 1785796409271 Debug: homeform.cpp void homeform::update() homeform::update tiles updated!
seg. ago. 3 19:33:29 2026 1785796409273 Debug: homeform.cpp void homeform::update() Current Distance 1s: 0.000669333 2.4096 56
seg. ago. 3 19:33:29 2026 1785796409278 Debug: templateinfosender.cpp bool TemplateInfoSender::update(QJSEngine *) "eval res " "{\"msg\":\"workout\",\"content\":{\"BIKE_TYPE\":2,\"ELLIPTICAL_TYPE\":4,\"ROWING_TYPE\":3,\"TREADMILL_TYPE\":1,\"UNKNOWN_TYPE\":0,\"deviceId\":\"B8:F8:62:6D:A8:D6\",\"deviceName\":\"YPBM001264\",\"deviceRSSI\":-33,\"deviceType\":2,\"deviceConnected\":true,\"devicePaused\":false,\"elapsed_s\":0,\"elapsed_m\":0,\"elapsed_h\":0,\"lapelapsed_s\":0,\"lapelapsed_m\":0,\"lapelapsed_h\":0,\"pace_s\":54,\"pace_m\":24,\"pace_h\":0,\"pace_color\":\"white\",\"avgpace_s\":54,\"avgpace_m\":24,\"avgpace_h\":0,\"maxpace_s\":54,\"maxpace_m\":24,\"maxpace_h\":0,\"moving_s\":0,\"moving_m\":0,\"moving_h\":0,\"speed\":2.4095999999999997,\"speed_avg\":2.4095999999999997,\"speed_color\":\"white\",\"speed_lapavg\":2.4095999999999997,\"speed_lapmax\":2.4095999999999997,\"calories\":0.095581066,\"distance\":0.000010039999999999999,\"heart\":0,\"heart_color\":\"lightsteelblue\",\"heart_avg\":0,\"heart_lapavg\":0,\"heart_max\":0,\"heart_lapmax\":0,\"target_heart_above\":0,\"target_heart_below\":0,\"jouls\":22.568,\"elevation\":0,\"difficult\":1,\"watts\":56,\"watts_avg\":56,\"watts_color\":\"white\",\"watts_lapavg\":56,\"watts_max\":56,\"watts_lapmax\":56,\"kgwatts\":0.6666666666666666,\"kgwatts_avg\":0.6666666666666666,\"kgwatts_max\":0.6666666666666666,\"workoutName\":\"Ride\",\"workoutStartDate\":\"seg. ago. 3 19:33:22 2026\",\"instructorName\":\"\",\"latitude\":null,\"longitude\":null,\"altitude\":null,\"peloton_offset\":0,\"peloton_ask_start\":false,\"autoresistance\":true,\"nextrow\":\"N/A\",\"training_row_index\":0,\"training_row_elapsed\":0,\"training_row_open_ended\":false,\"training_row_wait_for_lap\":false,\"row_remaining_time_s\":0,\"row_remaining_time_m\":0,\"row_remaining_time_h\":0,\"remaining_time_s\":0,\"remaining_time_m\":0,\"remaining_time_h\":0,\"nickName\":\"N/A\",\"gears\":0,\"target_resistance\":0,\"target_peloton_resistance\":0,\"target_cadence\":0,\"target_power\":0,\"power_zone\":1.5,\"power_zone_lapavg\":1.0625,\"power_zone_lapmax\":1.5,\"target_power_zone\":1,\"power_zone_color\":\"white\",\"target_power_zone_color\":\"white\",\"peloton_resistance\":36.892275011814434,\"peloton_resistance_avg\":36.892275011814434,\"peloton_resistance_color\":\"white\",\"peloton_resistance_lapavg\":36.892275011814434,\"peloton_resistance_lapmax\":36.892275011814434,\"peloton_req_resistance\":0,\"cadence\":60,\"cadence_color\":\"white\",\"cadence_avg\":60,\"cadence_lapavg\":60,\"cadence_lapmax\":60,\"resistance\":1,\"resistance_avg\":1,\"resistance_lapavg\":1,\"resistance_lapmax\":1,\"cranks\":2,\"cranktime\":2048,\"req_power\":0,\"req_cadence\":0,\"req_resistance\":0,\"inclination\":0,\"inclination_avg\":0}}"
seg. ago. 3 19:33:29 2026 1785796409290 Debug: virtualdevices/virtualbike.cpp void virtualbike::bikeProvider() "bikeProvider" 0 2000 true
seg. ago. 3 19:33:29 2026 1785796409291 Debug: virtualdevices/virtualbike.cpp void virtualbike::bikeProvider() "virtual bike connected"
seg. ago. 3 19:33:29 2026 1785796409292 Debug: virtualdevices/virtualbike.cpp void virtualbike::writeCharacteristic(QLowEnergyService *, const QLowEnergyCharacteristic &, const QByteArray &) "virtualbike::writeCharacteristic Unknown Service  64 02 f1 00 78 00 01 00 38 00 00 00"
seg. ago. 3 19:33:29 2026 1785796409293 Debug:   Write server characteristic with handle  9 "6402f1007800010038000000" (service: "{00001826-0000-1000-8000-00805f9b34fb}"
seg. ago. 3 19:33:29 2026 1785796409294 Debug: virtualdevices/virtualbike.cpp void virtualbike::writeCharacteristic(QLowEnergyService *, const QLowEnergyCharacteristic &, const QByteArray &) "virtualbike::writeCharacteristic Heart Rate Heart Rate Measurement 00 00"
seg. ago. 3 19:33:29 2026 1785796409295 Debug:   Write server characteristic with handle  19 "0000" (service: "{0000180d-0000-1000-8000-00805f9b34fb}"
seg. ago. 3 19:33:29 2026 1785796409316 Debug: virtualdevices/virtualbike.cpp void virtualbike::bikeProvider() "bikeProvider" 0 2000 true
seg. ago. 3 19:33:29 2026 1785796409317 Debug: virtualdevices/virtualbike.cpp void virtualbike::bikeProvider() "virtual bike connected"
seg. ago. 3 19:33:29 2026 1785796409318 Debug: virtualdevices/virtualbike.cpp void virtualbike::writeCharacteristic(QLowEnergyService *, const QLowEnergyCharacteristic &, const QByteArray &) "virtualbike::writeCharacteristic Unknown Service  64 02 f1 00 78 00 01 00 38 00 00 00"
seg. ago. 3 19:33:29 2026 1785796409319 Debug:   Write server characteristic with handle  9 "6402f1007800010038000000" (service: "{00001826-0000-1000-8000-00805f9b34fb}"
seg. ago. 3 19:33:29 2026 1785796409320 Debug: virtualdevices/virtualbike.cpp void virtualbike::writeCharacteristic(QLowEnergyService *, const QLowEnergyCharacteristic &, const QByteArray &) "virtualbike::writeCharacteristic Heart Rate Heart Rate Measurement 00 00"
seg. ago. 3 19:33:29 2026 1785796409321 Debug:   Write server characteristic with handle  19 "0000" (service: "{0000180d-0000-1000-8000-00805f9b34fb}"
seg. ago. 3 19:33:29 2026 1785796409368 Debug: virtualdevices/virtualbike.cpp void virtualbike::bikeProvider() "bikeProvider" 0 2000 true
seg. ago. 3 19:33:29 2026 1785796409369 Debug: virtualdevices/virtualbike.cpp void virtualbike::bikeProvider() "virtual bike connected"
seg. ago. 3 19:33:29 2026 1785796409370 Debug: virtualdevices/virtualbike.cpp void virtualbike::writeCharacteristic(QLowEnergyService *, const QLowEnergyCharacteristic &, const QByteArray &) "virtualbike::writeCharacteristic Unknown Service  64 02 f1 00 78 00 01 00 38 00 00 00"
seg. ago. 3 19:33:29 2026 1785796409371 Debug:   Write server characteristic with handle  9 "6402f1007800010038000000" (service: "{00001826-0000-1000-8000-00805f9b34fb}"
seg. ago. 3 19:33:29 2026 1785796409372 Debug: virtualdevices/virtualbike.cpp void virtualbike::writeCharacteristic(QLowEnergyService *, const QLowEnergyCharacteristic &, const QByteArray &) "virtualbike::writeCharacteristic Heart Rate Heart Rate Measurement 00 00"
seg. ago. 3 19:33:29 2026 1785796409373 Debug:   Write server characteristic with handle  19 "0000" (service: "{0000180d-0000-1000-8000-00805f9b34fb}"
seg. ago. 3 19:33:29 2026 1785796409418 Debug: virtualdevices/virtualbike.cpp void virtualbike::bikeProvider() "bikeProvider" 0 2000 true
seg. ago. 3 19:33:29 2026 1785796409419 Debug: virtualdevices/virtualbike.cpp void virtualbike::bikeProvider() "virtual bike connected"
seg. ago. 3 19:33:29 2026 1785796409422 Debug: virtualdevices/virtualbike.cpp void virtualbike::writeCharacteristic(QLowEnergyService *, const QLowEnergyCharacteristic &, const QByteArray &) "virtualbike::writeCharacteristic Unknown Service  64 02 f1 00 78 00 01 00 38 00 00 00"
seg. ago. 3 19:33:29 2026 1785796409424 Debug:   Write server characteristic with handle  9 "6402f1007800010038000000" (service: "{00001826-0000-1000-8000-00805f9b34fb}"
seg. ago. 3 19:33:29 2026 1785796409426 Debug: virtualdevices/virtualbike.cpp void virtualbike::writeCharacteristic(QLowEnergyService *, const QLowEnergyCharacteristic &, const QByteArray &) "virtualbike::writeCharacteristic Heart Rate Heart Rate Measurement 00 00"
seg. ago. 3 19:33:29 2026 1785796409428 Debug:   Write server characteristic with handle  19 "0000" (service: "{0000180d-0000-1000-8000-00805f9b34fb}"
seg. ago. 3 19:33:29 2026 1785796409472 Debug: virtualdevices/virtualbike.cpp void virtualbike::bikeProvider() "bikeProvider" 0 2000 true
seg. ago. 3 19:33:29 2026 1785796409473 Debug: virtualdevices/virtualbike.cpp void virtualbike::bikeProvider() "virtual bike connected"
seg. ago. 3 19:33:29 2026 1785796409475 Debug: virtualdevices/virtualbike.cpp void virtualbike::writeCharacteristic(QLowEnergyService *, const QLowEnergyCharacteristic &, const QByteArray &) "virtualbike::writeCharacteristic Unknown Service  64 02 f1 00 78 00 01 00 38 00 00 00"
seg. ago. 3 19:33:29 2026 1785796409476 Debug:   Write server characteristic with handle  9 "6402f1007800010038000000" (service: "{00001826-0000-1000-8000-00805f9b34fb}"
seg. ago. 3 19:33:29 2026 1785796409478 Debug: virtualdevices/virtualbike.cpp void virtualbike::writeCharacteristic(QLowEnergyService *, const QLowEnergyCharacteristic &, const QByteArray &) "virtualbike::writeCharacteristic Heart Rate Heart Rate Measurement 00 00"
seg. ago. 3 19:33:29 2026 1785796409479 Debug:   Write server characteristic with handle  19 "0000" (service: "{0000180d-0000-1000-8000-00805f9b34fb}"
seg. ago. 3 19:33:29 2026 1785796409519 Debug: virtualdevices/virtualbike.cpp void virtualbike::bikeProvider() "bikeProvider" 0 2000 true
seg. ago. 3 19:33:29 2026 1785796409520 Debug: virtualdevices/virtualbike.cpp void virtualbike::bikeProvider() "virtual bike connected"
seg. ago. 3 19:33:29 2026 1785796409522 Debug: virtualdevices/virtualbike.cpp void virtualbike::writeCharacteristic(QLowEnergyService *, const QLowEnergyCharacteristic &, const QByteArray &) "virtualbike::writeCharacteristic Unknown Service  64 02 f1 00 78 00 01 00 38 00 00 00"
seg. ago. 3 19:33:29 2026 1785796409523 Debug:   Write server characteristic with handle  9 "6402f1007800010038000000" (service: "{00001826-0000-1000-8000-00805f9b34fb}"
seg. ago. 3 19:33:29 2026 1785796409525 Debug: virtualdevices/virtualbike.cpp void virtualbike::writeCharacteristic(QLowEnergyService *, const QLowEnergyCharacteristic &, const QByteArray &) "virtualbike::writeCharacteristic Heart Rate Heart Rate Measurement 00 00"
seg. ago. 3 19:33:29 2026 1785796409526 Debug:   Write server characteristic with handle  19 "0000" (service: "{0000180d-0000-1000-8000-00805f9b34fb}"
seg. ago. 3 19:33:29 2026 1785796409570 Debug: virtualdevices/virtualbike.cpp void virtualbike::bikeProvider() "bikeProvider" 0 2000 true
seg. ago. 3 19:33:29 2026 1785796409572 Debug: virtualdevices/virtualbike.cpp void virtualbike::bikeProvider() "virtual bike connected"
seg. ago. 3 19:33:29 2026 1785796409574 Debug: virtualdevices/virtualbike.cpp void virtualbike::writeCharacteristic(QLowEnergyService *, const QLowEnergyCharacteristic &, const QByteArray &) "virtualbike::writeCharacteristic Unknown Service  64 02 f1 00 78 00 01 00 38 00 00 00"
seg. ago. 3 19:33:29 2026 1785796409576 Debug:   Write server characteristic with handle  9 "6402f1007800010038000000" (service: "{00001826-0000-1000-8000-00805f9b34fb}"
seg. ago. 3 19:33:29 2026 1785796409578 Debug: virtualdevices/virtualbike.cpp void virtualbike::writeCharacteristic(QLowEnergyService *, const QLowEnergyCharacteristic &, const QByteArray &) "virtualbike::writeCharacteristic Heart Rate Heart Rate Measurement 00 00"
seg. ago. 3 19:33:29 2026 1785796409579 Debug:   Write server characteristic with handle  19 "0000" (service: "{0000180d-0000-1000-8000-00805f9b34fb}"
seg. ago. 3 19:33:29 2026 1785796409617 Debug: virtualdevices/virtualbike.cpp void virtualbike::bikeProvider() "bikeProvider" 0 2000 true
seg. ago. 3 19:33:29 2026 1785796409618 Debug: virtualdevices/virtualbike.cpp void virtualbike::bikeProvider() "virtual bike connected"
seg. ago. 3 19:33:29 2026 1785796409620 Debug: virtualdevices/virtualbike.cpp void virtualbike::writeCharacteristic(QLowEnergyService *, const QLowEnergyCharacteristic &, const QByteArray &) "virtualbike::writeCharacteristic Unknown Service  64 02 f1 00 78 00 01 00 38 00 00 00"
seg. ago. 3 19:33:29 2026 1785796409621 Debug:   Write server characteristic with handle  9 "6402f1007800010038000000" (service: "{00001826-0000-1000-8000-00805f9b34fb}"
seg. ago. 3 19:33:29 2026 1785796409622 Debug: virtualdevices/virtualbike.cpp void virtualbike::writeCharacteristic(QLowEnergyService *, const QLowEnergyCharacteristic &, const QByteArray &) "virtualbike::writeCharacteristic Heart Rate Heart Rate Measurement 00 00"
seg. ago. 3 19:33:29 2026 1785796409623 Debug:   Write server characteristic with handle  19 "0000" (service: "{0000180d-0000-1000-8000-00805f9b34fb}"
seg. ago. 3 19:33:29 2026 1785796409678 Debug: virtualdevices/virtualbike.cpp void virtualbike::bikeProvider() "bikeProvider" 0 2000 true
seg. ago. 3 19:33:29 2026 1785796409679 Debug: virtualdevices/virtualbike.cpp void virtualbike::bikeProvider() "virtual bike connected"
seg. ago. 3 19:33:29 2026 1785796409682 Debug: virtualdevices/virtualbike.cpp void virtualbike::writeCharacteristic(QLowEnergyService *, const QLowEnergyCharacteristic &, const QByteArray &) "virtualbike::writeCharacteristic Unknown Service  64 02 f1 00 78 00 01 00 38 00 00 00"
seg. ago. 3 19:33:29 2026 1785796409683 Debug:   Write server characteristic with handle  9 "6402f1007800010038000000" (service: "{00001826-0000-1000-8000-00805f9b34fb}"
seg. ago. 3 19:33:29 2026 1785796409685 Debug: virtualdevices/virtualbike.cpp void virtualbike::writeCharacteristic(QLowEnergyService *, const QLowEnergyCharacteristic &, const QByteArray &) "virtualbike::writeCharacteristic Heart Rate Heart Rate Measurement 00 00"
seg. ago. 3 19:33:29 2026 1785796409687 Debug:   Write server characteristic with handle  19 "0000" (service: "{0000180d-0000-1000-8000-00805f9b34fb}"
seg. ago. 3 19:33:29 2026 1785796409718 Debug: virtualdevices/virtualbike.cpp void virtualbike::bikeProvider() "bikeProvider" 0 2000 true
seg. ago. 3 19:33:29 2026 1785796409719 Debug: virtualdevices/virtualbike.cpp void virtualbike::bikeProvider() "virtual bike connected"
seg. ago. 3 19:33:29 2026 1785796409722 Debug: virtualdevices/virtualbike.cpp void virtualbike::writeCharacteristic(QLowEnergyService *, const QLowEnergyCharacteristic &, const QByteArray &) "virtualbike::writeCharacteristic Unknown Service  64 02 f1 00 78 00 01 00 38 00 00 00"
seg. ago. 3 19:33:29 2026 1785796409723 Debug:   Write server characteristic with handle  9 "6402f1007800010038000000" (service: "{00001826-0000-1000-8000-00805f9b34fb}"
seg. ago. 3 19:33:29 2026 1785796409725 Debug: virtualdevices/virtualbike.cpp void virtualbike::writeCharacteristic(QLowEnergyService *, const QLowEnergyCharacteristic &, const QByteArray &) "virtualbike::writeCharacteristic Heart Rate Heart Rate Measurement 00 00"
seg. ago. 3 19:33:29 2026 1785796409725 Debug:   Write server characteristic with handle  19 "0000" (service: "{0000180d-0000-1000-8000-00805f9b34fb}"
seg. ago. 3 19:33:29 2026 1785796409766 Debug: virtualdevices/virtualbike.cpp void virtualbike::bikeProvider() "bikeProvider" 0 2000 true
seg. ago. 3 19:33:29 2026 1785796409767 Debug: virtualdevices/virtualbike.cpp void virtualbike::bikeProvider() "virtual bike connected"
seg. ago. 3 19:33:29 2026 1785796409768 Debug: virtualdevices/virtualbike.cpp void virtualbike::writeCharacteristic(QLowEnergyService *, const QLowEnergyCharacteristic &, const QByteArray &) "virtualbike::writeCharacteristic Unknown Service  64 02 f1 00 78 00 01 00 38 00 00 00"
seg. ago. 3 19:33:29 2026 1785796409769 Debug:   Write server characteristic with handle  9 "6402f1007800010038000000" (service: "{00001826-0000-1000-8000-00805f9b34fb}"
seg. ago. 3 19:33:29 2026 1785796409771 Debug: virtualdevices/virtualbike.cpp void virtualbike::writeCharacteristic(QLowEnergyService *, const QLowEnergyCharacteristic &, const QByteArray &) "virtualbike::writeCharacteristic Heart Rate Heart Rate Measurement 00 00"
seg. ago. 3 19:33:29 2026 1785796409771 Debug:   Write server characteristic with handle  19 "0000" (service: "{0000180d-0000-1000-8000-00805f9b34fb}"
seg. ago. 3 19:33:29 2026 1785796409815 Debug: virtualdevices/virtualbike.cpp void virtualbike::bikeProvider() "bikeProvider" 0 2000 true
seg. ago. 3 19:33:29 2026 1785796409816 Debug: virtualdevices/virtualbike.cpp void virtualbike::bikeProvider() "virtual bike connected"
seg. ago. 3 19:33:29 2026 1785796409817 Debug: virtualdevices/virtualbike.cpp void virtualbike::writeCharacteristic(QLowEnergyService *, const QLowEnergyCharacteristic &, const QByteArray &) "virtualbike::writeCharacteristic Unknown Service  64 02 f1 00 78 00 01 00 38 00 00 00"
seg. ago. 3 19:33:29 2026 1785796409818 Debug:   Write server characteristic with handle  9 "6402f1007800010038000000" (service: "{00001826-0000-1000-8000-00805f9b34fb}"
seg. ago. 3 19:33:29 2026 1785796409819 Debug: virtualdevices/virtualbike.cpp void virtualbike::writeCharacteristic(QLowEnergyService *, const QLowEnergyCharacteristic &, const QByteArray &) "virtualbike::writeCharacteristic Heart Rate Heart Rate Measurement 00 00"
seg. ago. 3 19:33:29 2026 1785796409820 Debug:   Write server characteristic with handle  19 "0000" (service: "{0000180d-0000-1000-8000-00805f9b34fb}"
seg. ago. 3 19:33:29 2026 1785796409846 Debug:   Characteristic change notification "{00001826-0000-1000-8000-00805f9b34fb}" 47 "f5017e000b000001003c0030000000ffffff"
seg. ago. 3 19:33:29 2026 1785796409849 Debug: devices/ftmsbike/ftmsbike.cpp void ftmsbike::characteristicChanged(const QLowEnergyCharacteristic &, const QByteArray &) "{00002ad2-0000-1000-8000-00805f9b34fb}" 18 " << " "f5 01 7e 00 0b 00 00 01 00 3c 00 30 00 00 00 ff ff ff"
seg. ago. 3 19:33:29 2026 1785796409851 Debug: devices/bluetooth.cpp void bluetooth::debug(const QString &) "Current Cadence: 63"
seg. ago. 3 19:33:29 2026 1785796409853 Debug: devices/bluetooth.cpp void bluetooth::debug(const QString &) "Current Distance: 0.000655277"
seg. ago. 3 19:33:29 2026 1785796409855 Debug: devices/bluetooth.cpp void bluetooth::debug(const QString &) "Current Resistance: 1"
seg. ago. 3 19:33:29 2026 1785796409858 Debug: devices/bluetooth.cpp void bluetooth::debug(const QString &) "Current Watt: 60"
seg. ago. 3 19:33:29 2026 1785796409859 Debug: devices/bluetooth.cpp void bluetooth::debug(const QString &) "Current Average Watt: 48"
seg. ago. 3 19:33:29 2026 1785796409861 Debug: devices/bluetooth.cpp void bluetooth::debug(const QString &) "Current KCal: 0.191706"
seg. ago. 3 19:33:29 2026 1785796409864 Debug: devices/bluetoothdevice.cpp void bluetoothdevice::update_hr_from_external() WearOS Companion Heart: 0
seg. ago. 3 19:33:29 2026 1785796409865 Debug: ./inclinationresistancetable.h void inclinationResistanceTable::collectData(double, uint16_t, double) Skipping invalid data point: Incl: 0 Res: 1 Watt: 60
seg. ago. 3 19:33:29 2026 1785796409867 Debug: devices/bluetooth.cpp void bluetooth::debug(const QString &) "Current CrankRevs: 3"
seg. ago. 3 19:33:29 2026 1785796409868 Debug: devices/bluetooth.cpp void bluetooth::debug(const QString &) "Last CrankEventTime: 3023"
seg. ago. 3 19:33:29 2026 1785796409869 Debug:   Characteristic change notification "{00001826-0000-1000-8000-00805f9b34fb}" 47 "002a3408000200040000"
seg. ago. 3 19:33:29 2026 1785796409871 Debug: devices/ftmsbike/ftmsbike.cpp void ftmsbike::characteristicChanged(const QLowEnergyCharacteristic &, const QByteArray &) "{00002ad2-0000-1000-8000-00805f9b34fb}" 10 " << " "00 2a 34 08 00 02 00 04 00 00"
seg. ago. 3 19:33:29 2026 1785796409874 Debug: devices/bluetooth.cpp void bluetooth::debug(const QString &) "Current Speed: 4.81457"
seg. ago. 3 19:33:29 2026 1785796409877 Debug: devices/bluetooth.cpp void bluetooth::debug(const QString &) "Current Distance: 0.000686037"
seg. ago. 3 19:33:29 2026 1785796409880 Debug: devices/bluetooth.cpp void bluetooth::debug(const QString &) "Current KCal: 0.194"
seg. ago. 3 19:33:29 2026 1785796409881 Debug: devices/bluetooth.cpp void bluetooth::debug(const QString &) "Current Heart: 0"
seg. ago. 3 19:33:29 2026 1785796409884 Debug: devices/bluetoothdevice.cpp void bluetoothdevice::update_hr_from_external() WearOS Companion Heart: 0
seg. ago. 3 19:33:29 2026 1785796409886 Debug: ./inclinationresistancetable.h void inclinationResistanceTable::collectData(double, uint16_t, double) Skipping invalid data point: Incl: 0 Res: 1 Watt: 60
seg. ago. 3 19:33:29 2026 1785796409888 Debug: devices/bluetooth.cpp void bluetooth::debug(const QString &) "Current CrankRevs: 4"
seg. ago. 3 19:33:29 2026 1785796409889 Debug: devices/bluetooth.cpp void bluetooth::debug(const QString &) "Last CrankEventTime: 3998"
seg. ago. 3 19:33:29 2026 1785796409906 Debug: virtualdevices/virtualbike.cpp void virtualbike::bikeProvider() "bikeProvider" 0 2000 true
seg. ago. 3 19:33:29 2026 1785796409908 Debug: virtualdevices/virtualbike.cpp void virtualbike::bikeProvider() "virtual bike connected"
seg. ago. 3 19:33:29 2026 1785796409910 Debug: virtualdevices/virtualbike.cpp void virtualbike::writeCharacteristic(QLowEnergyService *, const QLowEnergyCharacteristic &, const QByteArray &) "virtualbike::writeCharacteristic Unknown Service  64 02 e1 01 7e 00 01 00 3c 00 00 00"
seg. ago. 3 19:33:29 2026 1785796409912 Debug:   Write server characteristic with handle  9 "6402e1017e0001003c000000" (service: "{00001826-0000-1000-8000-00805f9b34fb}"
seg. ago. 3 19:33:29 2026 1785796409913 Debug: virtualdevices/virtualbike.cpp void virtualbike::writeCharacteristic(QLowEnergyService *, const QLowEnergyCharacteristic &, const QByteArray &) "virtualbike::writeCharacteristic Heart Rate Heart Rate Measurement 00 00"
seg. ago. 3 19:33:29 2026 1785796409915 Debug:   Write server characteristic with handle  19 "0000" (service: "{0000180d-0000-1000-8000-00805f9b34fb}"
seg. ago. 3 19:33:29 2026 1785796409924 Debug: virtualdevices/virtualbike.cpp void virtualbike::bikeProvider() "bikeProvider" 0 2000 true
seg. ago. 3 19:33:29 2026 1785796409925 Debug: virtualdevices/virtualbike.cpp void virtualbike::bikeProvider() "virtual bike connected"
seg. ago. 3 19:33:29 2026 1785796409926 Debug: virtualdevices/virtualbike.cpp void virtualbike::writeCharacteristic(QLowEnergyService *, const QLowEnergyCharacteristic &, const QByteArray &) "virtualbike::writeCharacteristic Unknown Service  64 02 e1 01 7e 00 01 00 3c 00 00 00"
seg. ago. 3 19:33:29 2026 1785796409928 Debug:   Write server characteristic with handle  9 "6402e1017e0001003c000000" (service: "{00001826-0000-1000-8000-00805f9b34fb}"
seg. ago. 3 19:33:29 2026 1785796409929 Debug: virtualdevices/virtualbike.cpp void virtualbike::writeCharacteristic(QLowEnergyService *, const QLowEnergyCharacteristic &, const QByteArray &) "virtualbike::writeCharacteristic Heart Rate Heart Rate Measurement 00 00"
seg. ago. 3 19:33:29 2026 1785796409930 Debug:   Write server characteristic with handle  19 "0000" (service: "{0000180d-0000-1000-8000-00805f9b34fb}"
seg. ago. 3 19:33:29 2026 1785796409966 Debug: virtualdevices/virtualbike.cpp void virtualbike::bikeProvider() "bikeProvider" 0 2000 true
seg. ago. 3 19:33:29 2026 1785796409967 Debug: virtualdevices/virtualbike.cpp void virtualbike::bikeProvider() "virtual bike connected"
seg. ago. 3 19:33:29 2026 1785796409969 Debug: virtualdevices/virtualbike.cpp void virtualbike::writeCharacteristic(QLowEnergyService *, const QLowEnergyCharacteristic &, const QByteArray &) "virtualbike::writeCharacteristic Unknown Service  64 02 e1 01 7e 00 01 00 3c 00 00 00"
seg. ago. 3 19:33:29 2026 1785796409970 Debug:   Write server characteristic with handle  9 "6402e1017e0001003c000000" (service: "{00001826-0000-1000-8000-00805f9b34fb}"
seg. ago. 3 19:33:29 2026 1785796409971 Debug: virtualdevices/virtualbike.cpp void virtualbike::writeCharacteristic(QLowEnergyService *, const QLowEnergyCharacteristic &, const QByteArray &) "virtualbike::writeCharacteristic Heart Rate Heart Rate Measurement 00 00"
seg. ago. 3 19:33:29 2026 1785796409972 Debug:   Write server characteristic with handle  19 "0000" (service: "{0000180d-0000-1000-8000-00805f9b34fb}"
seg. ago. 3 19:33:30 2026 1785796410016 Debug: virtualdevices/virtualbike.cpp void virtualbike::bikeProvider() "bikeProvider" 0 2000 true
seg. ago. 3 19:33:30 2026 1785796410017 Debug: virtualdevices/virtualbike.cpp void virtualbike::bikeProvider() "virtual bike connected"
seg. ago. 3 19:33:30 2026 1785796410018 Debug: virtualdevices/virtualbike.cpp void virtualbike::writeCharacteristic(QLowEnergyService *, const QLowEnergyCharacteristic &, const QByteArray &) "virtualbike::writeCharacteristic Unknown Service  64 02 e1 01 7e 00 01 00 3c 00 00 00"
seg. ago. 3 19:33:30 2026 1785796410019 Debug:   Write server characteristic with handle  9 "6402e1017e0001003c000000" (service: "{00001826-0000-1000-8000-00805f9b34fb}"
seg. ago. 3 19:33:30 2026 1785796410021 Debug: virtualdevices/virtualbike.cpp void virtualbike::writeCharacteristic(QLowEnergyService *, const QLowEnergyCharacteristic &, const QByteArray &) "virtualbike::writeCharacteristic Heart Rate Heart Rate Measurement 00 00"
seg. ago. 3 19:33:30 2026 1785796410022 Debug:   Write server characteristic with handle  19 "0000" (service: "{0000180d-0000-1000-8000-00805f9b34fb}"
seg. ago. 3 19:33:30 2026 1785796410071 Debug: virtualdevices/virtualbike.cpp void virtualbike::bikeProvider() "bikeProvider" 0 2000 true
seg. ago. 3 19:33:30 2026 1785796410072 Debug: virtualdevices/virtualbike.cpp void virtualbike::bikeProvider() "virtual bike connected"
seg. ago. 3 19:33:30 2026 1785796410073 Debug: virtualdevices/virtualbike.cpp void virtualbike::writeCharacteristic(QLowEnergyService *, const QLowEnergyCharacteristic &, const QByteArray &) "virtualbike::writeCharacteristic Unknown Service  64 02 e1 01 7e 00 01 00 3c 00 00 00"
seg. ago. 3 19:33:30 2026 1785796410074 Debug:   Write server characteristic with handle  9 "6402e1017e0001003c000000" (service: "{00001826-0000-1000-8000-00805f9b34fb}"
seg. ago. 3 19:33:30 2026 1785796410076 Debug: virtualdevices/virtualbike.cpp void virtualbike::writeCharacteristic(QLowEnergyService *, const QLowEnergyCharacteristic &, const QByteArray &) "virtualbike::writeCharacteristic Heart Rate Heart Rate Measurement 00 00"
seg. ago. 3 19:33:30 2026 1785796410077 Debug:   Write server characteristic with handle  19 "0000" (service: "{0000180d-0000-1000-8000-00805f9b34fb}"
seg. ago. 3 19:33:30 2026 1785796410078 Debug:   Characteristic change notification "{0000180f-0000-1000-8000-00805f9b34fb}" 65 "61"
seg. ago. 3 19:33:30 2026 1785796410080 Debug: devices/ftmsbike/ftmsbike.cpp void ftmsbike::characteristicChanged(const QLowEnergyCharacteristic &, const QByteArray &) "{00002a19-0000-1000-8000-00805f9b34fb}" 1 " << " "61"
seg. ago. 3 19:33:30 2026 1785796410084 Warning:   <Unknown File>: duration is undefined. Adding an object with a undefined member does not create a role for it.
seg. ago. 3 19:33:30 2026 1785796410127 Debug: virtualdevices/virtualbike.cpp void virtualbike::bikeProvider() "bikeProvider" 0 2000 true
seg. ago. 3 19:33:30 2026 1785796410128 Debug: virtualdevices/virtualbike.cpp void virtualbike::bikeProvider() "virtual bike connected"
seg. ago. 3 19:33:30 2026 1785796410130 Debug: virtualdevices/virtualbike.cpp void virtualbike::writeCharacteristic(QLowEnergyService *, const QLowEnergyCharacteristic &, const QByteArray &) "virtualbike::writeCharacteristic Unknown Service  64 02 e1 01 7e 00 01 00 3c 00 00 00"
seg. ago. 3 19:33:30 2026 1785796410131 Debug:   Write server characteristic with handle  9 "6402e1017e0001003c000000" (service: "{00001826-0000-1000-8000-00805f9b34fb}"
seg. ago. 3 19:33:30 2026 1785796410133 Debug: virtualdevices/virtualbike.cpp void virtualbike::writeCharacteristic(QLowEnergyService *, const QLowEnergyCharacteristic &, const QByteArray &) "virtualbike::writeCharacteristic Heart Rate Heart Rate Measurement 00 00"
seg. ago. 3 19:33:30 2026 1785796410134 Debug:   Write server characteristic with handle  19 "0000" (service: "{0000180d-0000-1000-8000-00805f9b34fb}"
seg. ago. 3 19:33:30 2026 1785796410171 Debug: virtualdevices/virtualbike.cpp void virtualbike::bikeProvider() "bikeProvider" 0 2000 true
seg. ago. 3 19:33:30 2026 1785796410172 Debug: virtualdevices/virtualbike.cpp void virtualbike::bikeProvider() "virtual bike connected"
seg. ago. 3 19:33:30 2026 1785796410176 Debug: virtualdevices/virtualbike.cpp void virtualbike::writeCharacteristic(QLowEnergyService *, const QLowEnergyCharacteristic &, const QByteArray &) "virtualbike::writeCharacteristic Unknown Service  64 02 e1 01 7e 00 01 00 3c 00 00 00"
seg. ago. 3 19:33:30 2026 1785796410185 Debug:   Write server characteristic with handle  9 "6402e1017e0001003c000000" (service: "{00001826-0000-1000-8000-00805f9b34fb}"
seg. ago. 3 19:33:30 2026 1785796410187 Debug: virtualdevices/virtualbike.cpp void virtualbike::writeCharacteristic(QLowEnergyService *, const QLowEnergyCharacteristic &, const QByteArray &) "virtualbike::writeCharacteristic Heart Rate Heart Rate Measurement 00 00"
seg. ago. 3 19:33:30 2026 1785796410189 Debug:   Write server characteristic with handle  19 "0000" (service: "{0000180d-0000-1000-8000-00805f9b34fb}"
seg. ago. 3 19:33:30 2026 1785796410227 Debug: virtualdevices/virtualbike.cpp void virtualbike::bikeProvider() "bikeProvider" 0 2000 true
seg. ago. 3 19:33:30 2026 1785796410231 Debug: virtualdevices/virtualbike.cpp void virtualbike::bikeProvider() "virtual bike connected"
seg. ago. 3 19:33:30 2026 1785796410235 Debug: virtualdevices/virtualbike.cpp void virtualbike::writeCharacteristic(QLowEnergyService *, const QLowEnergyCharacteristic &, const QByteArray &) "virtualbike::writeCharacteristic Unknown Service  64 02 e1 01 7e 00 01 00 3c 00 00 00"
seg. ago. 3 19:33:30 2026 1785796410236 Debug:   Write server characteristic with handle  9 "6402e1017e0001003c000000" (service: "{00001826-0000-1000-8000-00805f9b34fb}"
seg. ago. 3 19:33:30 2026 1785796410238 Debug: virtualdevices/virtualbike.cpp void virtualbike::writeCharacteristic(QLowEnergyService *, const QLowEnergyCharacteristic &, const QByteArray &) "virtualbike::writeCharacteristic Heart Rate Heart Rate Measurement 00 00"
seg. ago. 3 19:33:30 2026 1785796410239 Debug:   Write server characteristic with handle  19 "0000" (service: "{0000180d-0000-1000-8000-00805f9b34fb}"
seg. ago. 3 19:33:30 2026 1785796410264 Debug: homeform.cpp void homeform::update() homeform::update fired! elapsed: 1004 jitter: -129
seg. ago. 3 19:33:30 2026 1785796410288 Debug: homeform.cpp void homeform::update() homeform::update tiles updated!
seg. ago. 3 19:33:30 2026 1785796410290 Debug: homeform.cpp void homeform::update() Current Distance 1s: 0.00200671 4.81457 60
seg. ago. 3 19:33:30 2026 1785796410301 Debug: templateinfosender.cpp bool TemplateInfoSender::update(QJSEngine *) "eval res " "{\"msg\":\"workout\",\"content\":{\"BIKE_TYPE\":2,\"ELLIPTICAL_TYPE\":4,\"ROWING_TYPE\":3,\"TREADMILL_TYPE\":1,\"UNKNOWN_TYPE\":0,\"deviceId\":\"B8:F8:62:6D:A8:D6\",\"deviceName\":\"YPBM001264\",\"deviceRSSI\":-33,\"deviceType\":2,\"deviceConnected\":true,\"devicePaused\":false,\"elapsed_s\":1,\"elapsed_m\":0,\"elapsed_h\":0,\"lapelapsed_s\":1,\"lapelapsed_m\":0,\"lapelapsed_h\":0,\"pace_s\":27,\"pace_m\":12,\"pace_h\":0,\"pace_color\":\"white\",\"avgpace_s\":36,\"avgpace_m\":16,\"avgpace_h\":0,\"maxpace_s\":27,\"maxpace_m\":12,\"maxpace_h\":0,\"moving_s\":1,\"moving_m\":0,\"moving_h\":0,\"speed\":4.814569080465104,\"speed_avg\":3.6120845402325514,\"speed_color\":\"white\",\"speed_lapavg\":3.6120845402325514,\"speed_lapmax\":4.814569080465104,\"calories\":0.19399977100000002,\"distance\":0.0006860370802363048,\"heart\":0,\"heart_color\":\"lightsteelblue\",\"heart_avg\":0,\"heart_lapavg\":0,\"heart_max\":0,\"heart_lapmax\":0,\"target_heart_above\":0,\"target_heart_below\":0,\"jouls\":79.99600000000001,\"elevation\":0,\"difficult\":1,\"watts\":60,\"watts_avg\":58,\"watts_color\":\"white\",\"watts_lapavg\":58,\"watts_max\":60,\"watts_lapmax\":60,\"kgwatts\":0.7142857142857143,\"kgwatts_avg\":0.6802721088435374,\"kgwatts_max\":0.7142857142857143,\"workoutName\":\"Ride\",\"workoutStartDate\":\"seg. ago. 3 19:33:22 2026\",\"instructorName\":\"\",\"latitude\":null,\"longitude\":null,\"altitude\":null,\"peloton_offset\":0,\"peloton_ask_start\":false,\"autoresistance\":true,\"nextrow\":\"N/A\",\"training_row_index\":0,\"training_row_elapsed\":0,\"training_row_open_ended\":false,\"training_row_wait_for_lap\":false,\"row_remaining_time_s\":0,\"row_remaining_time_m\":0,\"row_remaining_time_h\":0,\"remaining_time_s\":0,\"remaining_time_m\":0,\"remaining_time_h\":0,\"nickName\":\"N/A\",\"gears\":0,\"target_resistance\":0,\"target_peloton_resistance\":0,\"target_cadence\":0,\"target_power\":0,\"power_zone\":1.5357142857142856,\"power_zone_lapavg\":1.115079365079365,\"power_zone_lapmax\":1.5357142857142856,\"target_power_zone\":1,\"power_zone_color\":\"white\",\"target_power_zone_color\":\"white\",\"peloton_resistance\":36.62271324988167,\"peloton_resistance_avg\":36.33505492161438,\"peloton_resistance_color\":\"white\",\"peloton_resistance_lapavg\":36.33505492161438,\"peloton_resistance_lapmax\":36.892275011814434,\"peloton_req_resistance\":0,\"cadence\":63,\"cadence_color\":\"white\",\"cadence_avg\":61.5,\"cadence_lapavg\":61.5,\"cadence_lapmax\":63,\"resistance\":1,\"resistance_avg\":1,\"resistance_lapavg\":1,\"resistance_lapmax\":1,\"cranks\":4,\"cranktime\":3998,\"req_power\":0,\"req_cadence\":0,\"req_resistance\":0,\"inclination\":0,\"inclination_avg\":0}}"
seg. ago. 3 19:33:30 2026 1785796410316 Debug: virtualdevices/virtualbike.cpp void virtualbike::bikeProvider() "bikeProvider" 0 2000 true
seg. ago. 3 19:33:30 2026 1785796410318 Debug: virtualdevices/virtualbike.cpp void virtualbike::bikeProvider() "virtual bike connected"
seg. ago. 3 19:33:30 2026 1785796410319 Debug: virtualdevices/virtualbike.cpp void virtualbike::writeCharacteristic(QLowEnergyService *, const QLowEnergyCharacteristic &, const QByteArray &) "virtualbike::writeCharacteristic Unknown Service  64 02 e1 01 7e 00 01 00 3c 00 00 00"
seg. ago. 3 19:33:30 2026 1785796410320 Debug:   Write server characteristic with handle  9 "6402e1017e0001003c000000" (service: "{00001826-0000-1000-8000-00805f9b34fb}"
seg. ago. 3 19:33:30 2026 1785796410322 Debug: virtualdevices/virtualbike.cpp void virtualbike::writeCharacteristic(QLowEnergyService *, const QLowEnergyCharacteristic &, const QByteArray &) "virtualbike::writeCharacteristic Heart Rate Heart Rate Measurement 00 00"
seg. ago. 3 19:33:30 2026 1785796410324 Debug:   Write server characteristic with handle  19 "0000" (service: "{0000180d-0000-1000-8000-00805f9b34fb}"
seg. ago. 3 19:33:30 2026 1785796410337 Debug: virtualdevices/virtualbike.cpp void virtualbike::bikeProvider() "bikeProvider" 0 2000 true
seg. ago. 3 19:33:30 2026 1785796410339 Debug: virtualdevices/virtualbike.cpp void virtualbike::bikeProvider() "virtual bike connected"
seg. ago. 3 19:33:30 2026 1785796410341 Debug: virtualdevices/virtualbike.cpp void virtualbike::writeCharacteristic(QLowEnergyService *, const QLowEnergyCharacteristic &, const QByteArray &) "virtualbike::writeCharacteristic Unknown Service  64 02 e1 01 7e 00 01 00 3c 00 00 00"
seg. ago. 3 19:33:30 2026 1785796410342 Debug:   Write server characteristic with handle  9 "6402e1017e0001003c000000" (service: "{00001826-0000-1000-8000-00805f9b34fb}"
seg. ago. 3 19:33:30 2026 1785796410344 Debug: virtualdevices/virtualbike.cpp void virtualbike::writeCharacteristic(QLowEnergyService *, const QLowEnergyCharacteristic &, const QByteArray &) "virtualbike::writeCharacteristic Heart Rate Heart Rate Measurement 00 00"
seg. ago. 3 19:33:30 2026 1785796410345 Debug:   Write server characteristic with handle  19 "0000" (service: "{0000180d-0000-1000-8000-00805f9b34fb}"
seg. ago. 3 19:33:30 2026 1785796410388 Debug: virtualdevices/virtualbike.cpp void virtualbike::bikeProvider() "bikeProvider" 0 2000 true
seg. ago. 3 19:33:30 2026 1785796410389 Debug: virtualdevices/virtualbike.cpp void virtualbike::bikeProvider() "virtual bike connected"
seg. ago. 3 19:33:30 2026 1785796410391 Debug: virtualdevices/virtualbike.cpp void virtualbike::writeCharacteristic(QLowEnergyService *, const QLowEnergyCharacteristic &, const QByteArray &) "virtualbike::writeCharacteristic Unknown Service  64 02 e1 01 7e 00 01 00 3c 00 00 00"
seg. ago. 3 19:33:30 2026 1785796410392 Debug:   Write server characteristic with handle  9 "6402e1017e0001003c000000" (service: "{00001826-0000-1000-8000-00805f9b34fb}"
seg. ago. 3 19:33:30 2026 1785796410394 Debug: virtualdevices/virtualbike.cpp void virtualbike::writeCharacteristic(QLowEnergyService *, const QLowEnergyCharacteristic &, const QByteArray &) "virtualbike::writeCharacteristic Heart Rate Heart Rate Measurement 00 00"
seg. ago. 3 19:33:30 2026 1785796410401 Debug:   Write server characteristic with handle  19 "0000" (service: "{0000180d-0000-1000-8000-00805f9b34fb}"
seg. ago. 3 19:33:30 2026 1785796410418 Debug: virtualdevices/virtualbike.cpp void virtualbike::bikeProvider() "bikeProvider" 0 2000 true
seg. ago. 3 19:33:30 2026 1785796410420 Debug: virtualdevices/virtualbike.cpp void virtualbike::bikeProvider() "virtual bike connected"
seg. ago. 3 19:33:30 2026 1785796410422 Debug: virtualdevices/virtualbike.cpp void virtualbike::writeCharacteristic(QLowEnergyService *, const QLowEnergyCharacteristic &, const QByteArray &) "virtualbike::writeCharacteristic Unknown Service  64 02 e1 01 7e 00 01 00 3c 00 00 00"
seg. ago. 3 19:33:30 2026 1785796410423 Debug:   Write server characteristic with handle  9 "6402e1017e0001003c000000" (service: "{00001826-0000-1000-8000-00805f9b34fb}"
seg. ago. 3 19:33:30 2026 1785796410429 Debug: virtualdevices/virtualbike.cpp void virtualbike::writeCharacteristic(QLowEnergyService *, const QLowEnergyCharacteristic &, const QByteArray &) "virtualbike::writeCharacteristic Heart Rate Heart Rate Measurement 00 00"
seg. ago. 3 19:33:30 2026 1785796410432 Debug:   Write server characteristic with handle  19 "0000" (service: "{0000180d-0000-1000-8000-00805f9b34fb}"
seg. ago. 3 19:33:30 2026 1785796410471 Debug: virtualdevices/virtualbike.cpp void virtualbike::bikeProvider() "bikeProvider" 0 2000 true
seg. ago. 3 19:33:30 2026 1785796410472 Debug: virtualdevices/virtualbike.cpp void virtualbike::bikeProvider() "virtual bike connected"
seg. ago. 3 19:33:30 2026 1785796410474 Debug: virtualdevices/virtualbike.cpp void virtualbike::writeCharacteristic(QLowEnergyService *, const QLowEnergyCharacteristic &, const QByteArray &) "virtualbike::writeCharacteristic Unknown Service  64 02 e1 01 7e 00 01 00 3c 00 00 00"
seg. ago. 3 19:33:30 2026 1785796410475 Debug:   Write server characteristic with handle  9 "6402e1017e0001003c000000" (service: "{00001826-0000-1000-8000-00805f9b34fb}"
seg. ago. 3 19:33:30 2026 1785796410477 Debug: virtualdevices/virtualbike.cpp void virtualbike::writeCharacteristic(QLowEnergyService *, const QLowEnergyCharacteristic &, const QByteArray &) "virtualbike::writeCharacteristic Heart Rate Heart Rate Measurement 00 00"
seg. ago. 3 19:33:30 2026 1785796410479 Debug:   Write server characteristic with handle  19 "0000" (service: "{0000180d-0000-1000-8000-00805f9b34fb}"
seg. ago. 3 19:33:30 2026 1785796410522 Debug: virtualdevices/virtualbike.cpp void virtualbike::bikeProvider() "bikeProvider" 0 2000 true
seg. ago. 3 19:33:30 2026 1785796410523 Debug: virtualdevices/virtualbike.cpp void virtualbike::bikeProvider() "virtual bike connected"
seg. ago. 3 19:33:30 2026 1785796410525 Debug: virtualdevices/virtualbike.cpp void virtualbike::writeCharacteristic(QLowEnergyService *, const QLowEnergyCharacteristic &, const QByteArray &) "virtualbike::writeCharacteristic Unknown Service  64 02 e1 01 7e 00 01 00 3c 00 00 00"
seg. ago. 3 19:33:30 2026 1785796410526 Debug:   Write server characteristic with handle  9 "6402e1017e0001003c000000" (service: "{00001826-0000-1000-8000-00805f9b34fb}"
seg. ago. 3 19:33:30 2026 1785796410527 Debug: virtualdevices/virtualbike.cpp void virtualbike::writeCharacteristic(QLowEnergyService *, const QLowEnergyCharacteristic &, const QByteArray &) "virtualbike::writeCharacteristic Heart Rate Heart Rate Measurement 00 00"
seg. ago. 3 19:33:30 2026 1785796410528 Debug:   Write server characteristic with handle  19 "0000" (service: "{0000180d-0000-1000-8000-00805f9b34fb}"
seg. ago. 3 19:33:30 2026 1785796410568 Debug: virtualdevices/virtualbike.cpp void virtualbike::bikeProvider() "bikeProvider" 0 2000 true
seg. ago. 3 19:33:30 2026 1785796410569 Debug: virtualdevices/virtualbike.cpp void virtualbike::bikeProvider() "virtual bike connected"
seg. ago. 3 19:33:30 2026 1785796410570 Debug: virtualdevices/virtualbike.cpp void virtualbike::writeCharacteristic(QLowEnergyService *, const QLowEnergyCharacteristic &, const QByteArray &) "virtualbike::writeCharacteristic Unknown Service  64 02 e1 01 7e 00 01 00 3c 00 00 00"
seg. ago. 3 19:33:30 2026 1785796410571 Debug:   Write server characteristic with handle  9 "6402e1017e0001003c000000" (service: "{00001826-0000-1000-8000-00805f9b34fb}"
seg. ago. 3 19:33:30 2026 1785796410573 Debug: virtualdevices/virtualbike.cpp void virtualbike::writeCharacteristic(QLowEnergyService *, const QLowEnergyCharacteristic &, const QByteArray &) "virtualbike::writeCharacteristic Heart Rate Heart Rate Measurement 00 00"
seg. ago. 3 19:33:30 2026 1785796410574 Debug:   Write server characteristic with handle  19 "0000" (service: "{0000180d-0000-1000-8000-00805f9b34fb}"
seg. ago. 3 19:33:30 2026 1785796410621 Debug: virtualdevices/virtualbike.cpp void virtualbike::bikeProvider() "bikeProvider" 0 2000 true
seg. ago. 3 19:33:30 2026 1785796410622 Debug: virtualdevices/virtualbike.cpp void virtualbike::bikeProvider() "virtual bike connected"
seg. ago. 3 19:33:30 2026 1785796410624 Debug: virtualdevices/virtualbike.cpp void virtualbike::writeCharacteristic(QLowEnergyService *, const QLowEnergyCharacteristic &, const QByteArray &) "virtualbike::writeCharacteristic Unknown Service  64 02 e1 01 7e 00 01 00 3c 00 00 00"
seg. ago. 3 19:33:30 2026 1785796410625 Debug:   Write server characteristic with handle  9 "6402e1017e0001003c000000" (service: "{00001826-0000-1000-8000-00805f9b34fb}"
seg. ago. 3 19:33:30 2026 1785796410627 Debug: virtualdevices/virtualbike.cpp void virtualbike::writeCharacteristic(QLowEnergyService *, const QLowEnergyCharacteristic &, const QByteArray &) "virtualbike::writeCharacteristic Heart Rate Heart Rate Measurement 00 00"
seg. ago. 3 19:33:30 2026 1785796410633 Debug:   Write server characteristic with handle  19 "0000" (service: "{0000180d-0000-1000-8000-00805f9b34fb}"
seg. ago. 3 19:33:30 2026 1785796410674 Debug: virtualdevices/virtualbike.cpp void virtualbike::bikeProvider() "bikeProvider" 0 2000 true
seg. ago. 3 19:33:30 2026 1785796410675 Debug: virtualdevices/virtualbike.cpp void virtualbike::bikeProvider() "virtual bike connected"
seg. ago. 3 19:33:30 2026 1785796410678 Debug: virtualdevices/virtualbike.cpp void virtualbike::writeCharacteristic(QLowEnergyService *, const QLowEnergyCharacteristic &, const QByteArray &) "virtualbike::writeCharacteristic Unknown Service  64 02 e1 01 7e 00 01 00 3c 00 00 00"
seg. ago. 3 19:33:30 2026 1785796410679 Debug:   Write server characteristic with handle  9 "6402e1017e0001003c000000" (service: "{00001826-0000-1000-8000-00805f9b34fb}"
seg. ago. 3 19:33:30 2026 1785796410681 Debug: virtualdevices/virtualbike.cpp void virtualbike::writeCharacteristic(QLowEnergyService *, const QLowEnergyCharacteristic &, const QByteArray &) "virtualbike::writeCharacteristic Heart Rate Heart Rate Measurement 00 00"
seg. ago. 3 19:33:30 2026 1785796410682 Debug:   Write server characteristic with handle  19 "0000" (service: "{0000180d-0000-1000-8000-00805f9b34fb}"
seg. ago. 3 19:33:30 2026 1785796410719 Debug: virtualdevices/virtualbike.cpp void virtualbike::bikeProvider() "bikeProvider" 0 2000 true
seg. ago. 3 19:33:30 2026 1785796410721 Debug: virtualdevices/virtualbike.cpp void virtualbike::bikeProvider() "virtual bike connected"
seg. ago. 3 19:33:30 2026 1785796410723 Debug: virtualdevices/virtualbike.cpp void virtualbike::writeCharacteristic(QLowEnergyService *, const QLowEnergyCharacteristic &, const QByteArray &) "virtualbike::writeCharacteristic Unknown Service  64 02 e1 01 7e 00 01 00 3c 00 00 00"
seg. ago. 3 19:33:30 2026 1785796410724 Debug:   Write server characteristic with handle  9 "6402e1017e0001003c000000" (service: "{00001826-0000-1000-8000-00805f9b34fb}"
seg. ago. 3 19:33:30 2026 1785796410726 Debug: virtualdevices/virtualbike.cpp void virtualbike::writeCharacteristic(QLowEnergyService *, const QLowEnergyCharacteristic &, const QByteArray &) "virtualbike::writeCharacteristic Heart Rate Heart Rate Measurement 00 00"
seg. ago. 3 19:33:30 2026 1785796410727 Debug:   Write server characteristic with handle  19 "0000" (service: "{0000180d-0000-1000-8000-00805f9b34fb}"
seg. ago. 3 19:33:30 2026 1785796410770 Debug: virtualdevices/virtualbike.cpp void virtualbike::bikeProvider() "bikeProvider" 0 2000 true
seg. ago. 3 19:33:30 2026 1785796410772 Debug: virtualdevices/virtualbike.cpp void virtualbike::bikeProvider() "virtual bike connected"
seg. ago. 3 19:33:30 2026 1785796410774 Debug: virtualdevices/virtualbike.cpp void virtualbike::writeCharacteristic(QLowEnergyService *, const QLowEnergyCharacteristic &, const QByteArray &) "virtualbike::writeCharacteristic Unknown Service  64 02 e1 01 7e 00 01 00 3c 00 00 00"
seg. ago. 3 19:33:30 2026 1785796410776 Debug:   Write server characteristic with handle  9 "6402e1017e0001003c000000" (service: "{00001826-0000-1000-8000-00805f9b34fb}"
seg. ago. 3 19:33:30 2026 1785796410778 Debug: virtualdevices/virtualbike.cpp void virtualbike::writeCharacteristic(QLowEnergyService *, const QLowEnergyCharacteristic &, const QByteArray &) "virtualbike::writeCharacteristic Heart Rate Heart Rate Measurement 00 00"
seg. ago. 3 19:33:30 2026 1785796410780 Debug:   Write server characteristic with handle  19 "0000" (service: "{0000180d-0000-1000-8000-00805f9b34fb}"
seg. ago. 3 19:33:30 2026 1785796410820 Debug: virtualdevices/virtualbike.cpp void virtualbike::bikeProvider() "bikeProvider" 0 2000 true
seg. ago. 3 19:33:30 2026 1785796410822 Debug: virtualdevices/virtualbike.cpp void virtualbike::bikeProvider() "virtual bike connected"
seg. ago. 3 19:33:30 2026 1785796410824 Debug: virtualdevices/virtualbike.cpp void virtualbike::writeCharacteristic(QLowEnergyService *, const QLowEnergyCharacteristic &, const QByteArray &) "virtualbike::writeCharacteristic Unknown Service  64 02 e1 01 7e 00 01 00 3c 00 00 00"
seg. ago. 3 19:33:30 2026 1785796410825 Debug:   Write server characteristic with handle  9 "6402e1017e0001003c000000" (service: "{00001826-0000-1000-8000-00805f9b34fb}"
seg. ago. 3 19:33:30 2026 1785796410828 Debug: virtualdevices/virtualbike.cpp void virtualbike::writeCharacteristic(QLowEnergyService *, const QLowEnergyCharacteristic &, const QByteArray &) "virtualbike::writeCharacteristic Heart Rate Heart Rate Measurement 00 00"
seg. ago. 3 19:33:30 2026 1785796410829 Debug:   Write server characteristic with handle  19 "0000" (service: "{0000180d-0000-1000-8000-00805f9b34fb}"
seg. ago. 3 19:33:30 2026 1785796410850 Debug:   Characteristic change notification "{00001826-0000-1000-8000-00805f9b34fb}" 47 "f501800011000001003d0035000000ffffff"
seg. ago. 3 19:33:30 2026 1785796410852 Debug: devices/ftmsbike/ftmsbike.cpp void ftmsbike::characteristicChanged(const QLowEnergyCharacteristic &, const QByteArray &) "{00002ad2-0000-1000-8000-00805f9b34fb}" 18 " << " "f5 01 80 00 11 00 00 01 00 3d 00 35 00 00 00 ff ff ff"
seg. ago. 3 19:33:30 2026 1785796410854 Debug: devices/bluetooth.cpp void bluetooth::debug(const QString &) "Current Cadence: 64"
seg. ago. 3 19:33:30 2026 1785796410856 Debug: devices/bluetooth.cpp void bluetooth::debug(const QString &) "Current Distance: 0.00199801"
seg. ago. 3 19:33:30 2026 1785796410858 Debug: devices/bluetooth.cpp void bluetooth::debug(const QString &) "Current Resistance: 1"
seg. ago. 3 19:33:30 2026 1785796410861 Debug: devices/bluetooth.cpp void bluetooth::debug(const QString &) "Current Watt: 61"
seg. ago. 3 19:33:30 2026 1785796410863 Debug: devices/bluetooth.cpp void bluetooth::debug(const QString &) "Current Average Watt: 53"
seg. ago. 3 19:33:30 2026 1785796410865 Debug: devices/bluetooth.cpp void bluetooth::debug(const QString &) "Current KCal: 0.292974"
seg. ago. 3 19:33:30 2026 1785796410867 Debug: devices/bluetoothdevice.cpp void bluetoothdevice::update_hr_from_external() WearOS Companion Heart: 0
seg. ago. 3 19:33:30 2026 1785796410869 Debug: ./inclinationresistancetable.h void inclinationResistanceTable::collectData(double, uint16_t, double) Skipping invalid data point: Incl: 0 Res: 1 Watt: 61
seg. ago. 3 19:33:30 2026 1785796410870 Debug: devices/bluetooth.cpp void bluetooth::debug(const QString &) "Current CrankRevs: 5"
seg. ago. 3 19:33:30 2026 1785796410872 Debug: devices/bluetooth.cpp void bluetooth::debug(const QString &) "Last CrankEventTime: 4958"
seg. ago. 3 19:33:30 2026 1785796410889 Debug: virtualdevices/virtualbike.cpp void virtualbike::bikeProvider() "bikeProvider" 0 2000 true
seg. ago. 3 19:33:30 2026 1785796410891 Debug: virtualdevices/virtualbike.cpp void virtualbike::bikeProvider() "virtual bike connected"
seg. ago. 3 19:33:30 2026 1785796410893 Debug: virtualdevices/virtualbike.cpp void virtualbike::writeCharacteristic(QLowEnergyService *, const QLowEnergyCharacteristic &, const QByteArray &) "virtualbike::writeCharacteristic Unknown Service  64 02 e1 01 80 00 01 00 3d 00 00 00"
seg. ago. 3 19:33:30 2026 1785796410894 Debug:   Write server characteristic with handle  9 "6402e101800001003d000000" (service: "{00001826-0000-1000-8000-00805f9b34fb}"
seg. ago. 3 19:33:30 2026 1785796410896 Debug: virtualdevices/virtualbike.cpp void virtualbike::writeCharacteristic(QLowEnergyService *, const QLowEnergyCharacteristic &, const QByteArray &) "virtualbike::writeCharacteristic Heart Rate Heart Rate Measurement 00 00"
seg. ago. 3 19:33:30 2026 1785796410898 Debug:   Write server characteristic with handle  19 "0000" (service: "{0000180d-0000-1000-8000-00805f9b34fb}"
seg. ago. 3 19:33:30 2026 1785796410899 Debug:   Characteristic change notification "{00001826-0000-1000-8000-00805f9b34fb}" 47 "002a5508000300060000"
seg. ago. 3 19:33:30 2026 1785796410901 Debug: devices/ftmsbike/ftmsbike.cpp void ftmsbike::characteristicChanged(const QLowEnergyCharacteristic &, const QByteArray &) "{00002ad2-0000-1000-8000-00805f9b34fb}" 10 " << " "00 2a 55 08 00 03 00 06 00 00"
seg. ago. 3 19:33:30 2026 1785796410904 Debug: devices/bluetooth.cpp void bluetooth::debug(const QString &) "Current Speed: 7.21692"
seg. ago. 3 19:33:30 2026 1785796410905 Debug: devices/bluetooth.cpp void bluetooth::debug(const QString &) "Current Distance: 0.00209624"
seg. ago. 3 19:33:30 2026 1785796410906 Debug: devices/bluetooth.cpp void bluetooth::debug(const QString &) "Current KCal: 0.297918"
seg. ago. 3 19:33:30 2026 1785796410907 Debug: devices/bluetooth.cpp void bluetooth::debug(const QString &) "Current Heart: 0"
seg. ago. 3 19:33:30 2026 1785796410909 Debug: devices/bluetoothdevice.cpp void bluetoothdevice::update_hr_from_external() WearOS Companion Heart: 0
seg. ago. 3 19:33:30 2026 1785796410910 Debug: ./inclinationresistancetable.h void inclinationResistanceTable::collectData(double, uint16_t, double) Skipping invalid data point: Incl: 0 Res: 1 Watt: 61
seg. ago. 3 19:33:30 2026 1785796410911 Debug: devices/bluetooth.cpp void bluetooth::debug(const QString &) "Current CrankRevs: 6"
seg. ago. 3 19:33:30 2026 1785796410912 Debug: devices/bluetooth.cpp void bluetooth::debug(const QString &) "Last CrankEventTime: 5918"
seg. ago. 3 19:33:30 2026 1785796410919 Debug: virtualdevices/virtualbike.cpp void virtualbike::bikeProvider() "bikeProvider" 0 2000 true
seg. ago. 3 19:33:30 2026 1785796410920 Debug: virtualdevices/virtualbike.cpp void virtualbike::bikeProvider() "virtual bike connected"
seg. ago. 3 19:33:30 2026 1785796410922 Debug: virtualdevices/virtualbike.cpp void virtualbike::writeCharacteristic(QLowEnergyService *, const QLowEnergyCharacteristic &, const QByteArray &) "virtualbike::writeCharacteristic Unknown Service  64 02 d2 02 80 00 01 00 3d 00 00 00"
seg. ago. 3 19:33:30 2026 1785796410922 Debug:   Write server characteristic with handle  9 "6402d202800001003d000000" (service: "{00001826-0000-1000-8000-00805f9b34fb}"
seg. ago. 3 19:33:30 2026 1785796410924 Debug: virtualdevices/virtualbike.cpp void virtualbike::writeCharacteristic(QLowEnergyService *, const QLowEnergyCharacteristic &, const QByteArray &) "virtualbike::writeCharacteristic Heart Rate Heart Rate Measurement 00 00"
seg. ago. 3 19:33:30 2026 1785796410925 Debug:   Write server characteristic with handle  19 "0000" (service: "{0000180d-0000-1000-8000-00805f9b34fb}"
seg. ago. 3 19:33:30 2026 1785796410969 Debug: virtualdevices/virtualbike.cpp void virtualbike::bikeProvider() "bikeProvider" 0 2000 true
seg. ago. 3 19:33:30 2026 1785796410970 Debug: virtualdevices/virtualbike.cpp void virtualbike::bikeProvider() "virtual bike connected"
seg. ago. 3 19:33:30 2026 1785796410972 Debug: virtualdevices/virtualbike.cpp void virtualbike::writeCharacteristic(QLowEnergyService *, const QLowEnergyCharacteristic &, const QByteArray &) "virtualbike::writeCharacteristic Unknown Service  64 02 d2 02 80 00 01 00 3d 00 00 00"
seg. ago. 3 19:33:30 2026 1785796410972 Debug:   Write server characteristic with handle  9 "6402d202800001003d000000" (service: "{00001826-0000-1000-8000-00805f9b34fb}"
seg. ago. 3 19:33:30 2026 1785796410974 Debug: virtualdevices/virtualbike.cpp void virtualbike::writeCharacteristic(QLowEnergyService *, const QLowEnergyCharacteristic &, const QByteArray &) "virtualbike::writeCharacteristic Heart Rate Heart Rate Measurement 00 00"
seg. ago. 3 19:33:30 2026 1785796410975 Debug:   Write server characteristic with handle  19 "0000" (service: "{0000180d-0000-1000-8000-00805f9b34fb}"
seg. ago. 3 19:33:31 2026 1785796411019 Debug: virtualdevices/virtualbike.cpp void virtualbike::bikeProvider() "bikeProvider" 0 2000 true
seg. ago. 3 19:33:31 2026 1785796411020 Debug: virtualdevices/virtualbike.cpp void virtualbike::bikeProvider() "virtual bike connected"
seg. ago. 3 19:33:31 2026 1785796411022 Debug: virtualdevices/virtualbike.cpp void virtualbike::writeCharacteristic(QLowEnergyService *, const QLowEnergyCharacteristic &, const QByteArray &) "virtualbike::writeCharacteristic Unknown Service  64 02 d2 02 80 00 01 00 3d 00 00 00"
seg. ago. 3 19:33:31 2026 1785796411023 Debug:   Write server characteristic with handle  9 "6402d202800001003d000000" (service: "{00001826-0000-1000-8000-00805f9b34fb}"
seg. ago. 3 19:33:31 2026 1785796411024 Debug: virtualdevices/virtualbike.cpp void virtualbike::writeCharacteristic(QLowEnergyService *, const QLowEnergyCharacteristic &, const QByteArray &) "virtualbike::writeCharacteristic Heart Rate Heart Rate Measurement 00 00"
seg. ago. 3 19:33:31 2026 1785796411025 Debug:   Write server characteristic with handle  19 "0000" (service: "{0000180d-0000-1000-8000-00805f9b34fb}"
seg. ago. 3 19:33:31 2026 1785796411075 Debug: virtualdevices/virtualbike.cpp void virtualbike::bikeProvider() "bikeProvider" 0 2000 true
seg. ago. 3 19:33:31 2026 1785796411077 Debug: virtualdevices/virtualbike.cpp void virtualbike::bikeProvider() "virtual bike connected"
seg. ago. 3 19:33:31 2026 1785796411079 Debug: virtualdevices/virtualbike.cpp void virtualbike::writeCharacteristic(QLowEnergyService *, const QLowEnergyCharacteristic &, const QByteArray &) "virtualbike::writeCharacteristic Unknown Service  64 02 d2 02 80 00 01 00 3d 00 00 00"
seg. ago. 3 19:33:31 2026 1785796411080 Debug:   Write server characteristic with handle  9 "6402d202800001003d000000" (service: "{00001826-0000-1000-8000-00805f9b34fb}"
seg. ago. 3 19:33:31 2026 1785796411082 Debug: virtualdevices/virtualbike.cpp void virtualbike::writeCharacteristic(QLowEnergyService *, const QLowEnergyCharacteristic &, const QByteArray &) "virtualbike::writeCharacteristic Heart Rate Heart Rate Measurement 00 00"
seg. ago. 3 19:33:31 2026 1785796411083 Debug:   Write server characteristic with handle  19 "0000" (service: "{0000180d-0000-1000-8000-00805f9b34fb}"
seg. ago. 3 19:33:31 2026 1785796411118 Debug: virtualdevices/virtualbike.cpp void virtualbike::bikeProvider() "bikeProvider" 0 2000 true
seg. ago. 3 19:33:31 2026 1785796411119 Debug: virtualdevices/virtualbike.cpp void virtualbike::bikeProvider() "virtual bike connected"
seg. ago. 3 19:33:31 2026 1785796411121 Debug: virtualdevices/virtualbike.cpp void virtualbike::writeCharacteristic(QLowEnergyService *, const QLowEnergyCharacteristic &, const QByteArray &) "virtualbike::writeCharacteristic Unknown Service  64 02 d2 02 80 00 01 00 3d 00 00 00"
seg. ago. 3 19:33:31 2026 1785796411121 Debug:   Write server characteristic with handle  9 "6402d202800001003d000000" (service: "{00001826-0000-1000-8000-00805f9b34fb}"
seg. ago. 3 19:33:31 2026 1785796411123 Debug: virtualdevices/virtualbike.cpp void virtualbike::writeCharacteristic(QLowEnergyService *, const QLowEnergyCharacteristic &, const QByteArray &) "virtualbike::writeCharacteristic Heart Rate Heart Rate Measurement 00 00"
seg. ago. 3 19:33:31 2026 1785796411124 Debug:   Write server characteristic with handle  19 "0000" (service: "{0000180d-0000-1000-8000-00805f9b34fb}"
seg. ago. 3 19:33:31 2026 1785796411164 Debug: virtualdevices/virtualbike.cpp void virtualbike::bikeProvider() "bikeProvider" 0 2000 true
seg. ago. 3 19:33:31 2026 1785796411165 Debug: virtualdevices/virtualbike.cpp void virtualbike::bikeProvider() "virtual bike connected"
seg. ago. 3 19:33:31 2026 1785796411166 Debug: virtualdevices/virtualbike.cpp void virtualbike::writeCharacteristic(QLowEnergyService *, const QLowEnergyCharacteristic &, const QByteArray &) "virtualbike::writeCharacteristic Unknown Service  64 02 d2 02 80 00 01 00 3d 00 00 00"
seg. ago. 3 19:33:31 2026 1785796411167 Debug:   Write server characteristic with handle  9 "6402d202800001003d000000" (service: "{00001826-0000-1000-8000-00805f9b34fb}"
seg. ago. 3 19:33:31 2026 1785796411169 Debug: virtualdevices/virtualbike.cpp void virtualbike::writeCharacteristic(QLowEnergyService *, const QLowEnergyCharacteristic &, const QByteArray &) "virtualbike::writeCharacteristic Heart Rate Heart Rate Measurement 00 00"
seg. ago. 3 19:33:31 2026 1785796411169 Debug:   Write server characteristic with handle  19 "0000" (service: "{0000180d-0000-1000-8000-00805f9b34fb}"
seg. ago. 3 19:33:31 2026 1785796411215 Debug: virtualdevices/virtualbike.cpp void virtualbike::bikeProvider() "bikeProvider" 0 2000 true
seg. ago. 3 19:33:31 2026 1785796411216 Debug: virtualdevices/virtualbike.cpp void virtualbike::bikeProvider() "virtual bike connected"
seg. ago. 3 19:33:31 2026 1785796411217 Debug: virtualdevices/virtualbike.cpp void virtualbike::writeCharacteristic(QLowEnergyService *, const QLowEnergyCharacteristic &, const QByteArray &) "virtualbike::writeCharacteristic Unknown Service  64 02 d2 02 80 00 01 00 3d 00 00 00"
seg. ago. 3 19:33:31 2026 1785796411218 Debug:   Write server characteristic with handle  9 "6402d202800001003d000000" (service: "{00001826-0000-1000-8000-00805f9b34fb}"
seg. ago. 3 19:33:31 2026 1785796411219 Debug: virtualdevices/virtualbike.cpp void virtualbike::writeCharacteristic(QLowEnergyService *, const QLowEnergyCharacteristic &, const QByteArray &) "virtualbike::writeCharacteristic Heart Rate Heart Rate Measurement 00 00"
seg. ago. 3 19:33:31 2026 1785796411220 Debug:   Write server characteristic with handle  19 "0000" (service: "{0000180d-0000-1000-8000-00805f9b34fb}"
seg. ago. 3 19:33:31 2026 1785796411261 Debug: homeform.cpp auto homeform::homeform(QQmlApplicationEngine *, bluetooth *)::(anonymous class)::operator()() const Intervals.icu: Auto-download skipped (not configured or not enabled)
seg. ago. 3 19:33:31 2026 1785796411263 Debug: homeform.cpp void homeform::update() homeform::update fired! elapsed: 999 jitter: -130
seg. ago. 3 19:33:31 2026 1785796411276 Debug: homeform.cpp void homeform::update() homeform::update tiles updated!
seg. ago. 3 19:33:31 2026 1785796411278 Debug: homeform.cpp void homeform::update() Current Distance 1s: 0.00401141 7.21692 61
seg. ago. 3 19:33:31 2026 1785796411286 Debug: templateinfosender.cpp bool TemplateInfoSender::update(QJSEngine *) "eval res " "{\"msg\":\"workout\",\"content\":{\"BIKE_TYPE\":2,\"ELLIPTICAL_TYPE\":4,\"ROWING_TYPE\":3,\"TREADMILL_TYPE\":1,\"UNKNOWN_TYPE\":0,\"deviceId\":\"B8:F8:62:6D:A8:D6\",\"deviceName\":\"YPBM001264\",\"deviceRSSI\":-33,\"deviceType\":2,\"deviceConnected\":true,\"devicePaused\":false,\"elapsed_s\":2,\"elapsed_m\":0,\"elapsed_h\":0,\"lapelapsed_s\":2,\"lapelapsed_m\":0,\"lapelapsed_h\":0,\"pace_s\":18,\"pace_m\":8,\"pace_h\":0,\"pace_color\":\"white\",\"avgpace_s\":27,\"avgpace_m\":12,\"avgpace_h\":0,\"maxpace_s\":18,\"maxpace_m\":8,\"maxpace_h\":0,\"moving_s\":2,\"moving_m\":0,\"moving_h\":0,\"speed\":7.216915914971978,\"speed_avg\":4.8136949984790265,\"speed_color\":\"white\",\"speed_lapavg\":4.8136949984790265,\"speed_lapmax\":7.216915914971978,\"calories\":0.29791750100000003,\"distance\":0.0020962373990612757,\"heart\":0,\"heart_color\":\"lightsteelblue\",\"heart_avg\":0,\"heart_lapavg\":0,\"heart_max\":0,\"heart_lapmax\":0,\"target_heart_above\":0,\"target_heart_below\":0,\"jouls\":140.457,\"elevation\":0,\"difficult\":1,\"watts\":61,\"watts_avg\":59,\"watts_color\":\"white\",\"watts_lapavg\":59,\"watts_max\":61,\"watts_lapmax\":61,\"kgwatts\":0.7261904761904762,\"kgwatts_avg\":0.6964285714285715,\"kgwatts_max\":0.7261904761904762,\"workoutName\":\"Ride\",\"workoutStartDate\":\"seg. ago. 3 19:33:22 2026\",\"instructorName\":\"\",\"latitude\":null,\"longitude\":null,\"altitude\":null,\"peloton_offset\":0,\"peloton_ask_start\":false,\"autoresistance\":true,\"nextrow\":\"N/A\",\"training_row_index\":0,\"training_row_elapsed\":0,\"training_row_open_ended\":false,\"training_row_wait_for_lap\":false,\"row_remaining_time_s\":0,\"row_remaining_time_m\":0,\"row_remaining_time_h\":0,\"remaining_time_s\":0,\"remaining_time_m\":0,\"remaining_time_h\":0,\"nickName\":\"N/A\",\"gears\":0,\"target_resistance\":0,\"target_peloton_resistance\":0,\"target_cadence\":0,\"target_power\":0,\"power_zone\":1.5446428571428572,\"power_zone_lapavg\":1.1580357142857143,\"power_zone_lapmax\":1.5446428571428572,\"target_power_zone\":1,\"power_zone_color\":\"white\",\"target_power_zone_color\":\"white\",\"peloton_resistance\":36.44402546975963,\"peloton_resistance_avg\":36.32439243011782,\"peloton_resistance_color\":\"white\",\"peloton_resistance_lapavg\":36.32439243011782,\"peloton_resistance_lapmax\":36.892275011814434,\"peloton_req_resistance\":0,\"cadence\":64,\"cadence_color\":\"white\",\"cadence_avg\":62.333333333333336,\"cadence_lapavg\":62.333333333333336,\"cadence_lapmax\":64,\"resistance\":1,\"resistance_avg\":1,\"resistance_lapavg\":1,\"resistance_lapmax\":1,\"cranks\":6,\"cranktime\":5918,\"req_power\":0,\"req_cadence\":0,\"req_resistance\":0,\"inclination\":0,\"inclination_avg\":0}}"
seg. ago. 3 19:33:31 2026 1785796411308 Debug: virtualdevices/virtualbike.cpp void virtualbike::bikeProvider() "bikeProvider" 0 2000 true
seg. ago. 3 19:33:31 2026 1785796411309 Debug: virtualdevices/virtualbike.cpp void virtualbike::bikeProvider() "virtual bike connected"
seg. ago. 3 19:33:31 2026 1785796411311 Debug: virtualdevices/virtualbike.cpp void virtualbike::writeCharacteristic(QLowEnergyService *, const QLowEnergyCharacteristic &, const QByteArray &) "virtualbike::writeCharacteristic Unknown Service  64 02 d2 02 80 00 01 00 3d 00 00 00"
seg. ago. 3 19:33:31 2026 1785796411313 Debug:   Write server characteristic with handle  9 "6402d202800001003d000000" (service: "{00001826-0000-1000-8000-00805f9b34fb}"
seg. ago. 3 19:33:31 2026 1785796411315 Debug: virtualdevices/virtualbike.cpp void virtualbike::writeCharacteristic(QLowEnergyService *, const QLowEnergyCharacteristic &, const QByteArray &) "virtualbike::writeCharacteristic Heart Rate Heart Rate Measurement 00 00"
seg. ago. 3 19:33:31 2026 1785796411316 Debug:   Write server characteristic with handle  19 "0000" (service: "{0000180d-0000-1000-8000-00805f9b34fb}"
seg. ago. 3 19:33:31 2026 1785796411330 Debug: virtualdevices/virtualbike.cpp void virtualbike::bikeProvider() "bikeProvider" 0 2000 true
seg. ago. 3 19:33:31 2026 1785796411332 Debug: virtualdevices/virtualbike.cpp void virtualbike::bikeProvider() "virtual bike connected"
seg. ago. 3 19:33:31 2026 1785796411333 Debug: virtualdevices/virtualbike.cpp void virtualbike::writeCharacteristic(QLowEnergyService *, const QLowEnergyCharacteristic &, const QByteArray &) "virtualbike::writeCharacteristic Unknown Service  64 02 d2 02 80 00 01 00 3d 00 00 00"
seg. ago. 3 19:33:31 2026 1785796411334 Debug:   Write server characteristic with handle  9 "6402d202800001003d000000" (service: "{00001826-0000-1000-8000-00805f9b34fb}"
seg. ago. 3 19:33:31 2026 1785796411337 Debug: virtualdevices/virtualbike.cpp void virtualbike::writeCharacteristic(QLowEnergyService *, const QLowEnergyCharacteristic &, const QByteArray &) "virtualbike::writeCharacteristic Heart Rate Heart Rate Measurement 00 00"
seg. ago. 3 19:33:31 2026 1785796411338 Debug:   Write server characteristic with handle  19 "0000" (service: "{0000180d-0000-1000-8000-00805f9b34fb}"
seg. ago. 3 19:33:31 2026 1785796411367 Debug: virtualdevices/virtualbike.cpp void virtualbike::bikeProvider() "bikeProvider" 0 2000 true
seg. ago. 3 19:33:31 2026 1785796411368 Debug: virtualdevices/virtualbike.cpp void virtualbike::bikeProvider() "virtual bike connected"
seg. ago. 3 19:33:31 2026 1785796411373 Debug: virtualdevices/virtualbike.cpp void virtualbike::writeCharacteristic(QLowEnergyService *, const QLowEnergyCharacteristic &, const QByteArray &) "virtualbike::writeCharacteristic Unknown Service  64 02 d2 02 80 00 01 00 3d 00 00 00"
seg. ago. 3 19:33:31 2026 1785796411374 Debug:   Write server characteristic with handle  9 "6402d202800001003d000000" (service: "{00001826-0000-1000-8000-00805f9b34fb}"
seg. ago. 3 19:33:31 2026 1785796411375 Debug: virtualdevices/virtualbike.cpp void virtualbike::writeCharacteristic(QLowEnergyService *, const QLowEnergyCharacteristic &, const QByteArray &) "virtualbike::writeCharacteristic Heart Rate Heart Rate Measurement 00 00"
seg. ago. 3 19:33:31 2026 1785796411376 Debug:   Write server characteristic with handle  19 "0000" (service: "{0000180d-0000-1000-8000-00805f9b34fb}"
seg. ago. 3 19:33:31 2026 1785796411417 Debug: virtualdevices/virtualbike.cpp void virtualbike::bikeProvider() "bikeProvider" 0 2000 true
seg. ago. 3 19:33:31 2026 1785796411418 Debug: virtualdevices/virtualbike.cpp void virtualbike::bikeProvider() "virtual bike connected"
seg. ago. 3 19:33:31 2026 1785796411420 Debug: virtualdevices/virtualbike.cpp void virtualbike::writeCharacteristic(QLowEnergyService *, const QLowEnergyCharacteristic &, const QByteArray &) "virtualbike::writeCharacteristic Unknown Service  64 02 d2 02 80 00 01 00 3d 00 00 00"
seg. ago. 3 19:33:31 2026 1785796411421 Debug:   Write server characteristic with handle  9 "6402d202800001003d000000" (service: "{00001826-0000-1000-8000-00805f9b34fb}"
seg. ago. 3 19:33:31 2026 1785796411422 Debug: virtualdevices/virtualbike.cpp void virtualbike::writeCharacteristic(QLowEnergyService *, const QLowEnergyCharacteristic &, const QByteArray &) "virtualbike::writeCharacteristic Heart Rate Heart Rate Measurement 00 00"
seg. ago. 3 19:33:31 2026 1785796411423 Debug:   Write server characteristic with handle  19 "0000" (service: "{0000180d-0000-1000-8000-00805f9b34fb}"
seg. ago. 3 19:33:31 2026 1785796411476 Debug: virtualdevices/virtualbike.cpp void virtualbike::bikeProvider() "bikeProvider" 0 2000 true
seg. ago. 3 19:33:31 2026 1785796411478 Debug: virtualdevices/virtualbike.cpp void virtualbike::bikeProvider() "virtual bike connected"
seg. ago. 3 19:33:31 2026 1785796411480 Debug: virtualdevices/virtualbike.cpp void virtualbike::writeCharacteristic(QLowEnergyService *, const QLowEnergyCharacteristic &, const QByteArray &) "virtualbike::writeCharacteristic Unknown Service  64 02 d2 02 80 00 01 00 3d 00 00 00"
seg. ago. 3 19:33:31 2026 1785796411481 Debug:   Write server characteristic with handle  9 "6402d202800001003d000000" (service: "{00001826-0000-1000-8000-00805f9b34fb}"
seg. ago. 3 19:33:31 2026 1785796411484 Debug: virtualdevices/virtualbike.cpp void virtualbike::writeCharacteristic(QLowEnergyService *, const QLowEnergyCharacteristic &, const QByteArray &) "virtualbike::writeCharacteristic Heart Rate Heart Rate Measurement 00 00"
seg. ago. 3 19:33:31 2026 1785796411485 Debug:   Write server characteristic with handle  19 "0000" (service: "{0000180d-0000-1000-8000-00805f9b34fb}"
seg. ago. 3 19:33:31 2026 1785796411520 Debug: virtualdevices/virtualbike.cpp void virtualbike::bikeProvider() "bikeProvider" 0 2000 true
seg. ago. 3 19:33:31 2026 1785796411521 Debug: virtualdevices/virtualbike.cpp void virtualbike::bikeProvider() "virtual bike connected"
seg. ago. 3 19:33:31 2026 1785796411523 Debug: virtualdevices/virtualbike.cpp void virtualbike::writeCharacteristic(QLowEnergyService *, const QLowEnergyCharacteristic &, const QByteArray &) "virtualbike::writeCharacteristic Unknown Service  64 02 d2 02 80 00 01 00 3d 00 00 00"
seg. ago. 3 19:33:31 2026 1785796411524 Debug:   Write server characteristic with handle  9 "6402d202800001003d000000" (service: "{00001826-0000-1000-8000-00805f9b34fb}"
seg. ago. 3 19:33:31 2026 1785796411526 Debug: virtualdevices/virtualbike.cpp void virtualbike::writeCharacteristic(QLowEnergyService *, const QLowEnergyCharacteristic &, const QByteArray &) "virtualbike::writeCharacteristic Heart Rate Heart Rate Measurement 00 00"
seg. ago. 3 19:33:31 2026 1785796411527 Debug:   Write server characteristic with handle  19 "0000" (service: "{0000180d-0000-1000-8000-00805f9b34fb}"
seg. ago. 3 19:33:31 2026 1785796411570 Debug: virtualdevices/virtualbike.cpp void virtualbike::bikeProvider() "bikeProvider" 0 2000 true
seg. ago. 3 19:33:31 2026 1785796411572 Debug: virtualdevices/virtualbike.cpp void virtualbike::bikeProvider() "virtual bike connected"
seg. ago. 3 19:33:31 2026 1785796411574 Debug: virtualdevices/virtualbike.cpp void virtualbike::writeCharacteristic(QLowEnergyService *, const QLowEnergyCharacteristic &, const QByteArray &) "virtualbike::writeCharacteristic Unknown Service  64 02 d2 02 80 00 01 00 3d 00 00 00"
seg. ago. 3 19:33:31 2026 1785796411575 Debug:   Write server characteristic with handle  9 "6402d202800001003d000000" (service: "{00001826-0000-1000-8000-00805f9b34fb}"
seg. ago. 3 19:33:31 2026 1785796411578 Debug: virtualdevices/virtualbike.cpp void virtualbike::writeCharacteristic(QLowEnergyService *, const QLowEnergyCharacteristic &, const QByteArray &) "virtualbike::writeCharacteristic Heart Rate Heart Rate Measurement 00 00"
seg. ago. 3 19:33:31 2026 1785796411579 Debug:   Write server characteristic with handle  19 "0000" (service: "{0000180d-0000-1000-8000-00805f9b34fb}"
seg. ago. 3 19:33:31 2026 1785796411620 Debug: virtualdevices/virtualbike.cpp void virtualbike::bikeProvider() "bikeProvider" 0 2000 true
seg. ago. 3 19:33:31 2026 1785796411621 Debug: virtualdevices/virtualbike.cpp void virtualbike::bikeProvider() "virtual bike connected"
seg. ago. 3 19:33:31 2026 1785796411623 Debug: virtualdevices/virtualbike.cpp void virtualbike::writeCharacteristic(QLowEnergyService *, const QLowEnergyCharacteristic &, const QByteArray &) "virtualbike::writeCharacteristic Unknown Service  64 02 d2 02 80 00 01 00 3d 00 00 00"
seg. ago. 3 19:33:31 2026 1785796411624 Debug:   Write server characteristic with handle  9 "6402d202800001003d000000" (service: "{00001826-0000-1000-8000-00805f9b34fb}"
seg. ago. 3 19:33:31 2026 1785796411626 Debug: virtualdevices/virtualbike.cpp void virtualbike::writeCharacteristic(QLowEnergyService *, const QLowEnergyCharacteristic &, const QByteArray &) "virtualbike::writeCharacteristic Heart Rate Heart Rate Measurement 00 00"
seg. ago. 3 19:33:31 2026 1785796411628 Debug:   Write server characteristic with handle  19 "0000" (service: "{0000180d-0000-1000-8000-00805f9b34fb}"
seg. ago. 3 19:33:31 2026 1785796411677 Debug: virtualdevices/virtualbike.cpp void virtualbike::bikeProvider() "bikeProvider" 0 2000 true
seg. ago. 3 19:33:31 2026 1785796411679 Debug: virtualdevices/virtualbike.cpp void virtualbike::bikeProvider() "virtual bike connected"
seg. ago. 3 19:33:31 2026 1785796411681 Debug: virtualdevices/virtualbike.cpp void virtualbike::writeCharacteristic(QLowEnergyService *, const QLowEnergyCharacteristic &, const QByteArray &) "virtualbike::writeCharacteristic Unknown Service  64 02 d2 02 80 00 01 00 3d 00 00 00"
seg. ago. 3 19:33:31 2026 1785796411682 Debug:   Write server characteristic with handle  9 "6402d202800001003d000000" (service: "{00001826-0000-1000-8000-00805f9b34fb}"
seg. ago. 3 19:33:31 2026 1785796411685 Debug: virtualdevices/virtualbike.cpp void virtualbike::writeCharacteristic(QLowEnergyService *, const QLowEnergyCharacteristic &, const QByteArray &) "virtualbike::writeCharacteristic Heart Rate Heart Rate Measurement 00 00"
seg. ago. 3 19:33:31 2026 1785796411687 Debug:   Write server characteristic with handle  19 "0000" (service: "{0000180d-0000-1000-8000-00805f9b34fb}"
seg. ago. 3 19:33:31 2026 1785796411718 Debug: virtualdevices/virtualbike.cpp void virtualbike::bikeProvider() "bikeProvider" 0 2000 true
seg. ago. 3 19:33:31 2026 1785796411720 Debug: virtualdevices/virtualbike.cpp void virtualbike::bikeProvider() "virtual bike connected"
seg. ago. 3 19:33:31 2026 1785796411722 Debug: virtualdevices/virtualbike.cpp void virtualbike::writeCharacteristic(QLowEnergyService *, const QLowEnergyCharacteristic &, const QByteArray &) "virtualbike::writeCharacteristic Unknown Service  64 02 d2 02 80 00 01 00 3d 00 00 00"
seg. ago. 3 19:33:31 2026 1785796411723 Debug:   Write server characteristic with handle  9 "6402d202800001003d000000" (service: "{00001826-0000-1000-8000-00805f9b34fb}"
seg. ago. 3 19:33:31 2026 1785796411725 Debug: virtualdevices/virtualbike.cpp void virtualbike::writeCharacteristic(QLowEnergyService *, const QLowEnergyCharacteristic &, const QByteArray &) "virtualbike::writeCharacteristic Heart Rate Heart Rate Measurement 00 00"
seg. ago. 3 19:33:31 2026 1785796411726 Debug:   Write server characteristic with handle  19 "0000" (service: "{0000180d-0000-1000-8000-00805f9b34fb}"
seg. ago. 3 19:33:31 2026 1785796411766 Debug: virtualdevices/virtualbike.cpp void virtualbike::bikeProvider() "bikeProvider" 0 2000 true
seg. ago. 3 19:33:31 2026 1785796411767 Debug: virtualdevices/virtualbike.cpp void virtualbike::bikeProvider() "virtual bike connected"
seg. ago. 3 19:33:31 2026 1785796411769 Debug: virtualdevices/virtualbike.cpp void virtualbike::writeCharacteristic(QLowEnergyService *, const QLowEnergyCharacteristic &, const QByteArray &) "virtualbike::writeCharacteristic Unknown Service  64 02 d2 02 80 00 01 00 3d 00 00 00"
seg. ago. 3 19:33:31 2026 1785796411769 Debug:   Write server characteristic with handle  9 "6402d202800001003d000000" (service: "{00001826-0000-1000-8000-00805f9b34fb}"
seg. ago. 3 19:33:31 2026 1785796411771 Debug: virtualdevices/virtualbike.cpp void virtualbike::writeCharacteristic(QLowEnergyService *, const QLowEnergyCharacteristic &, const QByteArray &) "virtualbike::writeCharacteristic Heart Rate Heart Rate Measurement 00 00"
seg. ago. 3 19:33:31 2026 1785796411772 Debug:   Write server characteristic with handle  19 "0000" (service: "{0000180d-0000-1000-8000-00805f9b34fb}"
seg. ago. 3 19:33:31 2026 1785796411817 Debug: virtualdevices/virtualbike.cpp void virtualbike::bikeProvider() "bikeProvider" 0 2000 true
seg. ago. 3 19:33:31 2026 1785796411819 Debug: virtualdevices/virtualbike.cpp void virtualbike::bikeProvider() "virtual bike connected"
seg. ago. 3 19:33:31 2026 1785796411820 Debug: virtualdevices/virtualbike.cpp void virtualbike::writeCharacteristic(QLowEnergyService *, const QLowEnergyCharacteristic &, const QByteArray &) "virtualbike::writeCharacteristic Unknown Service  64 02 d2 02 80 00 01 00 3d 00 00 00"
seg. ago. 3 19:33:31 2026 1785796411822 Debug:   Write server characteristic with handle  9 "6402d202800001003d000000" (service: "{00001826-0000-1000-8000-00805f9b34fb}"
seg. ago. 3 19:33:31 2026 1785796411824 Debug: virtualdevices/virtualbike.cpp void virtualbike::writeCharacteristic(QLowEnergyService *, const QLowEnergyCharacteristic &, const QByteArray &) "virtualbike::writeCharacteristic Heart Rate Heart Rate Measurement 00 00"
seg. ago. 3 19:33:31 2026 1785796411825 Debug:   Write server characteristic with handle  19 "0000" (service: "{0000180d-0000-1000-8000-00805f9b34fb}"
seg. ago. 3 19:33:31 2026 1785796411855 Debug:   Characteristic change notification "{00001826-0000-1000-8000-00805f9b34fb}" 47 "f50186001700000100410038000000ffffff"
seg. ago. 3 19:33:31 2026 1785796411857 Debug: devices/ftmsbike/ftmsbike.cpp void ftmsbike::characteristicChanged(const QLowEnergyCharacteristic &, const QByteArray &) "{00002ad2-0000-1000-8000-00805f9b34fb}" 18 " << " "f5 01 86 00 17 00 00 01 00 41 00 38 00 00 00 ff ff ff"
seg. ago. 3 19:33:31 2026 1785796411859 Debug: devices/bluetooth.cpp void bluetooth::debug(const QString &) "Current Cadence: 67"
seg. ago. 3 19:33:31 2026 1785796411861 Debug: devices/bluetooth.cpp void bluetooth::debug(const QString &) "Current Distance: 0.00401273"
seg. ago. 3 19:33:31 2026 1785796411866 Debug: devices/bluetooth.cpp void bluetooth::debug(const QString &) "Current Resistance: 1"
seg. ago. 3 19:33:31 2026 1785796411870 Debug: devices/bluetooth.cpp void bluetooth::debug(const QString &) "Current Watt: 65"
seg. ago. 3 19:33:31 2026 1785796411871 Debug: devices/bluetooth.cpp void bluetooth::debug(const QString &) "Current Average Watt: 56"
seg. ago. 3 19:33:31 2026 1785796411873 Debug: devices/bluetooth.cpp void bluetooth::debug(const QString &) "Current KCal: 0.398866"
seg. ago. 3 19:33:31 2026 1785796411875 Debug: devices/bluetoothdevice.cpp void bluetoothdevice::update_hr_from_external() WearOS Companion Heart: 0
seg. ago. 3 19:33:31 2026 1785796411877 Debug: ./inclinationresistancetable.h void inclinationResistanceTable::collectData(double, uint16_t, double) Skipping invalid data point: Incl: 0 Res: 1 Watt: 65
seg. ago. 3 19:33:31 2026 1785796411878 Debug: devices/bluetooth.cpp void bluetooth::debug(const QString &) "Current CrankRevs: 7"
seg. ago. 3 19:33:31 2026 1785796411880 Debug: devices/bluetooth.cpp void bluetooth::debug(const QString &) "Last CrankEventTime: 6835"
seg. ago. 3 19:33:31 2026 1785796411881 Debug:   Characteristic change notification "{00001826-0000-1000-8000-00805f9b34fb}" 47 "002ab908000400080000"
seg. ago. 3 19:33:31 2026 1785796411883 Debug: devices/ftmsbike/ftmsbike.cpp void ftmsbike::characteristicChanged(const QLowEnergyCharacteristic &, const QByteArray &) "{00002ad2-0000-1000-8000-00805f9b34fb}" 10 " << " "00 2a b9 08 00 04 00 08 00 00"
seg. ago. 3 19:33:31 2026 1785796411887 Debug: devices/bluetooth.cpp void bluetooth::debug(const QString &) "Current Speed: 9.49897"
seg. ago. 3 19:33:31 2026 1785796411889 Debug: devices/bluetooth.cpp void bluetooth::debug(const QString &) "Current Distance: 0.00408133"
seg. ago. 3 19:33:31 2026 1785796411892 Debug: devices/bluetooth.cpp void bluetooth::debug(const QString &) "Current KCal: 0.401612"
seg. ago. 3 19:33:31 2026 1785796411893 Debug: devices/bluetooth.cpp void bluetooth::debug(const QString &) "Current Heart: 0"
seg. ago. 3 19:33:31 2026 1785796411896 Debug: devices/bluetoothdevice.cpp void bluetoothdevice::update_hr_from_external() WearOS Companion Heart: 0
seg. ago. 3 19:33:31 2026 1785796411897 Debug: ./inclinationresistancetable.h void inclinationResistanceTable::collectData(double, uint16_t, double) Skipping invalid data point: Incl: 0 Res: 1 Watt: 65
seg. ago. 3 19:33:31 2026 1785796411899 Debug: devices/bluetooth.cpp void bluetooth::debug(const QString &) "Current CrankRevs: 8"
seg. ago. 3 19:33:31 2026 1785796411900 Debug: devices/bluetooth.cpp void bluetooth::debug(const QString &) "Last CrankEventTime: 7752"
seg. ago. 3 19:33:31 2026 1785796411914 Debug: virtualdevices/virtualbike.cpp void virtualbike::bikeProvider() "bikeProvider" 0 2000 true
seg. ago. 3 19:33:31 2026 1785796411915 Debug: virtualdevices/virtualbike.cpp void virtualbike::bikeProvider() "virtual bike connected"
seg. ago. 3 19:33:31 2026 1785796411917 Debug: virtualdevices/virtualbike.cpp void virtualbike::writeCharacteristic(QLowEnergyService *, const QLowEnergyCharacteristic &, const QByteArray &) "virtualbike::writeCharacteristic Unknown Service  64 02 b6 03 86 00 01 00 41 00 00 00"
seg. ago. 3 19:33:31 2026 1785796411918 Debug:   Write server characteristic with handle  9 "6402b6038600010041000000" (service: "{00001826-0000-1000-8000-00805f9b34fb}"
seg. ago. 3 19:33:31 2026 1785796411920 Debug: virtualdevices/virtualbike.cpp void virtualbike::writeCharacteristic(QLowEnergyService *, const QLowEnergyCharacteristic &, const QByteArray &) "virtualbike::writeCharacteristic Heart Rate Heart Rate Measurement 00 00"
seg. ago. 3 19:33:31 2026 1785796411920 Debug:   Write server characteristic with handle  19 "0000" (service: "{0000180d-0000-1000-8000-00805f9b34fb}"
seg. ago. 3 19:33:31 2026 1785796411931 Debug: virtualdevices/virtualbike.cpp void virtualbike::bikeProvider() "bikeProvider" 0 2000 true
seg. ago. 3 19:33:31 2026 1785796411932 Debug: virtualdevices/virtualbike.cpp void virtualbike::bikeProvider() "virtual bike connected"
seg. ago. 3 19:33:31 2026 1785796411933 Debug: virtualdevices/virtualbike.cpp void virtualbike::writeCharacteristic(QLowEnergyService *, const QLowEnergyCharacteristic &, const QByteArray &) "virtualbike::writeCharacteristic Unknown Service  64 02 b6 03 86 00 01 00 41 00 00 00"
seg. ago. 3 19:33:31 2026 1785796411934 Debug:   Write server characteristic with handle  9 "6402b6038600010041000000" (service: "{00001826-0000-1000-8000-00805f9b34fb}"
seg. ago. 3 19:33:31 2026 1785796411936 Debug: virtualdevices/virtualbike.cpp void virtualbike::writeCharacteristic(QLowEnergyService *, const QLowEnergyCharacteristic &, const QByteArray &) "virtualbike::writeCharacteristic Heart Rate Heart Rate Measurement 00 00"
seg. ago. 3 19:33:31 2026 1785796411937 Debug:   Write server characteristic with handle  19 "0000" (service: "{0000180d-0000-1000-8000-00805f9b34fb}"
seg. ago. 3 19:33:31 2026 1785796411969 Debug: virtualdevices/virtualbike.cpp void virtualbike::bikeProvider() "bikeProvider" 0 2000 true
seg. ago. 3 19:33:31 2026 1785796411970 Debug: virtualdevices/virtualbike.cpp void virtualbike::bikeProvider() "virtual bike connected"
seg. ago. 3 19:33:31 2026 1785796411972 Debug: virtualdevices/virtualbike.cpp void virtualbike::writeCharacteristic(QLowEnergyService *, const QLowEnergyCharacteristic &, const QByteArray &) "virtualbike::writeCharacteristic Unknown Service  64 02 b6 03 86 00 01 00 41 00 00 00"
seg. ago. 3 19:33:31 2026 1785796411972 Debug:   Write server characteristic with handle  9 "6402b6038600010041000000" (service: "{00001826-0000-1000-8000-00805f9b34fb}"
seg. ago. 3 19:33:31 2026 1785796411973 Debug: virtualdevices/virtualbike.cpp void virtualbike::writeCharacteristic(QLowEnergyService *, const QLowEnergyCharacteristic &, const QByteArray &) "virtualbike::writeCharacteristic Heart Rate Heart Rate Measurement 00 00"
seg. ago. 3 19:33:31 2026 1785796411974 Debug:   Write server characteristic with handle  19 "0000" (service: "{0000180d-0000-1000-8000-00805f9b34fb}"
seg. ago. 3 19:33:32 2026 1785796412020 Debug: virtualdevices/virtualbike.cpp void virtualbike::bikeProvider() "bikeProvider" 0 2000 true
seg. ago. 3 19:33:32 2026 1785796412021 Debug: virtualdevices/virtualbike.cpp void virtualbike::bikeProvider() "virtual bike connected"
seg. ago. 3 19:33:32 2026 1785796412022 Debug: virtualdevices/virtualbike.cpp void virtualbike::writeCharacteristic(QLowEnergyService *, const QLowEnergyCharacteristic &, const QByteArray &) "virtualbike::writeCharacteristic Unknown Service  64 02 b6 03 86 00 01 00 41 00 00 00"
seg. ago. 3 19:33:32 2026 1785796412023 Debug:   Write server characteristic with handle  9 "6402b6038600010041000000" (service: "{00001826-0000-1000-8000-00805f9b34fb}"
seg. ago. 3 19:33:32 2026 1785796412025 Debug: virtualdevices/virtualbike.cpp void virtualbike::writeCharacteristic(QLowEnergyService *, const QLowEnergyCharacteristic &, const QByteArray &) "virtualbike::writeCharacteristic Heart Rate Heart Rate Measurement 00 00"
seg. ago. 3 19:33:32 2026 1785796412026 Debug:   Write server characteristic with handle  19 "0000" (service: "{0000180d-0000-1000-8000-00805f9b34fb}"
seg. ago. 3 19:33:32 2026 1785796412076 Debug: virtualdevices/virtualbike.cpp void virtualbike::bikeProvider() "bikeProvider" 0 2000 true
seg. ago. 3 19:33:32 2026 1785796412077 Debug: virtualdevices/virtualbike.cpp void virtualbike::bikeProvider() "virtual bike connected"
seg. ago. 3 19:33:32 2026 1785796412079 Debug: virtualdevices/virtualbike.cpp void virtualbike::writeCharacteristic(QLowEnergyService *, const QLowEnergyCharacteristic &, const QByteArray &) "virtualbike::writeCharacteristic Unknown Service  64 02 b6 03 86 00 01 00 41 00 00 00"
seg. ago. 3 19:33:32 2026 1785796412080 Debug:   Write server characteristic with handle  9 "6402b6038600010041000000" (service: "{00001826-0000-1000-8000-00805f9b34fb}"
seg. ago. 3 19:33:32 2026 1785796412082 Debug: virtualdevices/virtualbike.cpp void virtualbike::writeCharacteristic(QLowEnergyService *, const QLowEnergyCharacteristic &, const QByteArray &) "virtualbike::writeCharacteristic Heart Rate Heart Rate Measurement 00 00"
seg. ago. 3 19:33:32 2026 1785796412083 Debug:   Write server characteristic with handle  19 "0000" (service: "{0000180d-0000-1000-8000-00805f9b34fb}"
seg. ago. 3 19:33:32 2026 1785796412120 Debug: virtualdevices/virtualbike.cpp void virtualbike::bikeProvider() "bikeProvider" 0 2000 true
seg. ago. 3 19:33:32 2026 1785796412121 Debug: virtualdevices/virtualbike.cpp void virtualbike::bikeProvider() "virtual bike connected"
seg. ago. 3 19:33:32 2026 1785796412124 Debug: virtualdevices/virtualbike.cpp void virtualbike::writeCharacteristic(QLowEnergyService *, const QLowEnergyCharacteristic &, const QByteArray &) "virtualbike::writeCharacteristic Unknown Service  64 02 b6 03 86 00 01 00 41 00 00 00"
seg. ago. 3 19:33:32 2026 1785796412126 Debug:   Write server characteristic with handle  9 "6402b6038600010041000000" (service: "{00001826-0000-1000-8000-00805f9b34fb}"
seg. ago. 3 19:33:32 2026 1785796412129 Debug: virtualdevices/virtualbike.cpp void virtualbike::writeCharacteristic(QLowEnergyService *, const QLowEnergyCharacteristic &, const QByteArray &) "virtualbike::writeCharacteristic Heart Rate Heart Rate Measurement 00 00"
seg. ago. 3 19:33:32 2026 1785796412131 Debug:   Write server characteristic with handle  19 "0000" (service: "{0000180d-0000-1000-8000-00805f9b34fb}"
seg. ago. 3 19:33:32 2026 1785796412170 Debug: virtualdevices/virtualbike.cpp void virtualbike::bikeProvider() "bikeProvider" 0 2000 true
seg. ago. 3 19:33:32 2026 1785796412171 Debug: virtualdevices/virtualbike.cpp void virtualbike::bikeProvider() "virtual bike connected"
seg. ago. 3 19:33:32 2026 1785796412173 Debug: virtualdevices/virtualbike.cpp void virtualbike::writeCharacteristic(QLowEnergyService *, const QLowEnergyCharacteristic &, const QByteArray &) "virtualbike::writeCharacteristic Unknown Service  64 02 b6 03 86 00 01 00 41 00 00 00"
seg. ago. 3 19:33:32 2026 1785796412175 Debug:   Write server characteristic with handle  9 "6402b6038600010041000000" (service: "{00001826-0000-1000-8000-00805f9b34fb}"
seg. ago. 3 19:33:32 2026 1785796412178 Debug: virtualdevices/virtualbike.cpp void virtualbike::writeCharacteristic(QLowEnergyService *, const QLowEnergyCharacteristic &, const QByteArray &) "virtualbike::writeCharacteristic Heart Rate Heart Rate Measurement 00 00"
seg. ago. 3 19:33:32 2026 1785796412179 Debug:   Write server characteristic with handle  19 "0000" (service: "{0000180d-0000-1000-8000-00805f9b34fb}"
seg. ago. 3 19:33:32 2026 1785796412215 Debug: virtualdevices/virtualbike.cpp void virtualbike::bikeProvider() "bikeProvider" 0 2000 true
seg. ago. 3 19:33:32 2026 1785796412216 Debug: virtualdevices/virtualbike.cpp void virtualbike::bikeProvider() "virtual bike connected"
seg. ago. 3 19:33:32 2026 1785796412217 Debug: virtualdevices/virtualbike.cpp void virtualbike::writeCharacteristic(QLowEnergyService *, const QLowEnergyCharacteristic &, const QByteArray &) "virtualbike::writeCharacteristic Unknown Service  64 02 b6 03 86 00 01 00 41 00 00 00"
seg. ago. 3 19:33:32 2026 1785796412218 Debug:   Write server characteristic with handle  9 "6402b6038600010041000000" (service: "{00001826-0000-1000-8000-00805f9b34fb}"
seg. ago. 3 19:33:32 2026 1785796412219 Debug: virtualdevices/virtualbike.cpp void virtualbike::writeCharacteristic(QLowEnergyService *, const QLowEnergyCharacteristic &, const QByteArray &) "virtualbike::writeCharacteristic Heart Rate Heart Rate Measurement 00 00"
seg. ago. 3 19:33:32 2026 1785796412220 Debug:   Write server characteristic with handle  19 "0000" (service: "{0000180d-0000-1000-8000-00805f9b34fb}"
seg. ago. 3 19:33:32 2026 1785796412261 Debug: homeform.cpp void homeform::update() homeform::update fired! elapsed: 998 jitter: -132
seg. ago. 3 19:33:32 2026 1785796412276 Debug: homeform.cpp void homeform::update() homeform::update tiles updated!
seg. ago. 3 19:33:32 2026 1785796412278 Debug: homeform.cpp void homeform::update() Current Distance 1s: 0.00665001 9.49897 65
seg. ago. 3 19:33:32 2026 1785796412286 Debug: templateinfosender.cpp bool TemplateInfoSender::update(QJSEngine *) "eval res " "{\"msg\":\"workout\",\"content\":{\"BIKE_TYPE\":2,\"ELLIPTICAL_TYPE\":4,\"ROWING_TYPE\":3,\"TREADMILL_TYPE\":1,\"UNKNOWN_TYPE\":0,\"deviceId\":\"B8:F8:62:6D:A8:D6\",\"deviceName\":\"YPBM001264\",\"deviceRSSI\":-33,\"deviceType\":2,\"deviceConnected\":true,\"devicePaused\":false,\"elapsed_s\":3,\"elapsed_m\":0,\"elapsed_h\":0,\"lapelapsed_s\":3,\"lapelapsed_m\":0,\"lapelapsed_h\":0,\"pace_s\":18,\"pace_m\":6,\"pace_h\":0,\"pace_color\":\"white\",\"avgpace_s\":1,\"avgpace_m\":10,\"avgpace_h\":0,\"maxpace_s\":18,\"maxpace_m\":6,\"maxpace_h\":0,\"moving_s\":3,\"moving_m\":0,\"moving_h\":0,\"speed\":9.498965179186552,\"speed_avg\":5.985012543655908,\"speed_color\":\"white\",\"speed_lapavg\":5.985012543655908,\"speed_lapmax\":9.498965179186552,\"calories\":0.40161179100000005,\"distance\":0.0040813331516646265,\"heart\":0,\"heart_color\":\"lightsteelblue\",\"heart_avg\":0,\"heart_lapavg\":0,\"heart_max\":0,\"heart_lapmax\":0,\"target_heart_above\":0,\"target_heart_below\":0,\"jouls\":202.99599999999998,\"elevation\":0,\"difficult\":1,\"watts\":65,\"watts_avg\":60.5,\"watts_color\":\"white\",\"watts_lapavg\":60.5,\"watts_max\":65,\"watts_lapmax\":65,\"kgwatts\":0.7738095238095238,\"kgwatts_avg\":0.7107843137254902,\"kgwatts_max\":0.7738095238095238,\"workoutName\":\"Ride\",\"workoutStartDate\":\"seg. ago. 3 19:33:22 2026\",\"instructorName\":\"\",\"latitude\":null,\"longitude\":null,\"altitude\":null,\"peloton_offset\":0,\"peloton_ask_start\":false,\"autoresistance\":true,\"nextrow\":\"N/A\",\"training_row_index\":0,\"training_row_elapsed\":0,\"training_row_open_ended\":false,\"training_row_wait_for_lap\":false,\"row_remaining_time_s\":0,\"row_remaining_time_m\":0,\"row_remaining_time_h\":0,\"remaining_time_s\":0,\"remaining_time_m\":0,\"remaining_time_h\":0,\"nickName\":\"N/A\",\"gears\":0,\"target_resistance\":0,\"target_peloton_resistance\":0,\"target_cadence\":0,\"target_power\":0,\"power_zone\":1.5803571428571428,\"power_zone_lapavg\":1.1964285714285714,\"power_zone_lapmax\":1.5803571428571428,\"target_power_zone\":1,\"power_zone_color\":\"white\",\"target_power_zone_color\":\"white\",\"peloton_resistance\":36.18367599003072,\"peloton_resistance_avg\":36.13515223555321,\"peloton_resistance_color\":\"white\",\"peloton_resistance_lapavg\":36.13515223555321,\"peloton_resistance_lapmax\":36.892275011814434,\"peloton_req_resistance\":0,\"cadence\":67,\"cadence_color\":\"white\",\"cadence_avg\":63.5,\"cadence_lapavg\":63.5,\"cadence_lapmax\":67,\"resistance\":1,\"resistance_avg\":1,\"resistance_lapavg\":1,\"resistance_lapmax\":1,\"cranks\":8,\"cranktime\":7752,\"req_power\":0,\"req_cadence\":0,\"req_resistance\":0,\"inclination\":0,\"inclination_avg\":0}}"
seg. ago. 3 19:33:32 2026 1785796412308 Debug: virtualdevices/virtualbike.cpp void virtualbike::bikeProvider() "bikeProvider" 0 2000 true
seg. ago. 3 19:33:32 2026 1785796412310 Debug: virtualdevices/virtualbike.cpp void virtualbike::bikeProvider() "virtual bike connected"
seg. ago. 3 19:33:32 2026 1785796412312 Debug: virtualdevices/virtualbike.cpp void virtualbike::writeCharacteristic(QLowEnergyService *, const QLowEnergyCharacteristic &, const QByteArray &) "virtualbike::writeCharacteristic Unknown Service  64 02 b6 03 86 00 01 00 41 00 00 00"
seg. ago. 3 19:33:32 2026 1785796412313 Debug:   Write server characteristic with handle  9 "6402b6038600010041000000" (service: "{00001826-0000-1000-8000-00805f9b34fb}"
seg. ago. 3 19:33:32 2026 1785796412315 Debug: virtualdevices/virtualbike.cpp void virtualbike::writeCharacteristic(QLowEnergyService *, const QLowEnergyCharacteristic &, const QByteArray &) "virtualbike::writeCharacteristic Heart Rate Heart Rate Measurement 00 00"
seg. ago. 3 19:33:32 2026 1785796412317 Debug:   Write server characteristic with handle  19 "0000" (service: "{0000180d-0000-1000-8000-00805f9b34fb}"
seg. ago. 3 19:33:32 2026 1785796412329 Debug: virtualdevices/virtualbike.cpp void virtualbike::bikeProvider() "bikeProvider" 0 2000 true
seg. ago. 3 19:33:32 2026 1785796412331 Debug: virtualdevices/virtualbike.cpp void virtualbike::bikeProvider() "virtual bike connected"
seg. ago. 3 19:33:32 2026 1785796412333 Debug: virtualdevices/virtualbike.cpp void virtualbike::writeCharacteristic(QLowEnergyService *, const QLowEnergyCharacteristic &, const QByteArray &) "virtualbike::writeCharacteristic Unknown Service  64 02 b6 03 86 00 01 00 41 00 00 00"
seg. ago. 3 19:33:32 2026 1785796412334 Debug:   Write server characteristic with handle  9 "6402b6038600010041000000" (service: "{00001826-0000-1000-8000-00805f9b34fb}"
seg. ago. 3 19:33:32 2026 1785796412336 Debug: virtualdevices/virtualbike.cpp void virtualbike::writeCharacteristic(QLowEnergyService *, const QLowEnergyCharacteristic &, const QByteArray &) "virtualbike::writeCharacteristic Heart Rate Heart Rate Measurement 00 00"
seg. ago. 3 19:33:32 2026 1785796412338 Debug:   Write server characteristic with handle  19 "0000" (service: "{0000180d-0000-1000-8000-00805f9b34fb}"
seg. ago. 3 19:33:32 2026 1785796412366 Debug: virtualdevices/virtualbike.cpp void virtualbike::bikeProvider() "bikeProvider" 0 2000 true
seg. ago. 3 19:33:32 2026 1785796412366 Debug: virtualdevices/virtualbike.cpp void virtualbike::bikeProvider() "virtual bike connected"
seg. ago. 3 19:33:32 2026 1785796412368 Debug: virtualdevices/virtualbike.cpp void virtualbike::writeCharacteristic(QLowEnergyService *, const QLowEnergyCharacteristic &, const QByteArray &) "virtualbike::writeCharacteristic Unknown Service  64 02 b6 03 86 00 01 00 41 00 00 00"
seg. ago. 3 19:33:32 2026 1785796412369 Debug:   Write server characteristic with handle  9 "6402b6038600010041000000" (service: "{00001826-0000-1000-8000-00805f9b34fb}"
seg. ago. 3 19:33:32 2026 1785796412370 Debug: virtualdevices/virtualbike.cpp void virtualbike::writeCharacteristic(QLowEnergyService *, const QLowEnergyCharacteristic &, const QByteArray &) "virtualbike::writeCharacteristic Heart Rate Heart Rate Measurement 00 00"
seg. ago. 3 19:33:32 2026 1785796412371 Debug:   Write server characteristic with handle  19 "0000" (service: "{0000180d-0000-1000-8000-00805f9b34fb}"
seg. ago. 3 19:33:32 2026 1785796412421 Debug: virtualdevices/virtualbike.cpp void virtualbike::bikeProvider() "bikeProvider" 0 2000 true
seg. ago. 3 19:33:32 2026 1785796412423 Debug: virtualdevices/virtualbike.cpp void virtualbike::bikeProvider() "virtual bike connected"
seg. ago. 3 19:33:32 2026 1785796412425 Debug: virtualdevices/virtualbike.cpp void virtualbike::writeCharacteristic(QLowEnergyService *, const QLowEnergyCharacteristic &, const QByteArray &) "virtualbike::writeCharacteristic Unknown Service  64 02 b6 03 86 00 01 00 41 00 00 00"
seg. ago. 3 19:33:32 2026 1785796412426 Debug:   Write server characteristic with handle  9 "6402b6038600010041000000" (service: "{00001826-0000-1000-8000-00805f9b34fb}"
seg. ago. 3 19:33:32 2026 1785796412428 Debug: virtualdevices/virtualbike.cpp void virtualbike::writeCharacteristic(QLowEnergyService *, const QLowEnergyCharacteristic &, const QByteArray &) "virtualbike::writeCharacteristic Heart Rate Heart Rate Measurement 00 00"
seg. ago. 3 19:33:32 2026 1785796412429 Debug:   Write server characteristic with handle  19 "0000" (service: "{0000180d-0000-1000-8000-00805f9b34fb}"
seg. ago. 3 19:33:32 2026 1785796412475 Debug: virtualdevices/virtualbike.cpp void virtualbike::bikeProvider() "bikeProvider" 0 2000 true
seg. ago. 3 19:33:32 2026 1785796412477 Debug: virtualdevices/virtualbike.cpp void virtualbike::bikeProvider() "virtual bike connected"
seg. ago. 3 19:33:32 2026 1785796412479 Debug: virtualdevices/virtualbike.cpp void virtualbike::writeCharacteristic(QLowEnergyService *, const QLowEnergyCharacteristic &, const QByteArray &) "virtualbike::writeCharacteristic Unknown Service  64 02 b6 03 86 00 01 00 41 00 00 00"
seg. ago. 3 19:33:32 2026 1785796412481 Debug:   Write server characteristic with handle  9 "6402b6038600010041000000" (service: "{00001826-0000-1000-8000-00805f9b34fb}"
seg. ago. 3 19:33:32 2026 1785796412483 Debug: virtualdevices/virtualbike.cpp void virtualbike::writeCharacteristic(QLowEnergyService *, const QLowEnergyCharacteristic &, const QByteArray &) "virtualbike::writeCharacteristic Heart Rate Heart Rate Measurement 00 00"
seg. ago. 3 19:33:32 2026 1785796412485 Debug:   Write server characteristic with handle  19 "0000" (service: "{0000180d-0000-1000-8000-00805f9b34fb}"
seg. ago. 3 19:33:32 2026 1785796412516 Debug: virtualdevices/virtualbike.cpp void virtualbike::bikeProvider() "bikeProvider" 0 2000 true
seg. ago. 3 19:33:32 2026 1785796412517 Debug: virtualdevices/virtualbike.cpp void virtualbike::bikeProvider() "virtual bike connected"
seg. ago. 3 19:33:32 2026 1785796412518 Debug: virtualdevices/virtualbike.cpp void virtualbike::writeCharacteristic(QLowEnergyService *, const QLowEnergyCharacteristic &, const QByteArray &) "virtualbike::writeCharacteristic Unknown Service  64 02 b6 03 86 00 01 00 41 00 00 00"
seg. ago. 3 19:33:32 2026 1785796412519 Debug:   Write server characteristic with handle  9 "6402b6038600010041000000" (service: "{00001826-0000-1000-8000-00805f9b34fb}"
seg. ago. 3 19:33:32 2026 1785796412521 Debug: virtualdevices/virtualbike.cpp void virtualbike::writeCharacteristic(QLowEnergyService *, const QLowEnergyCharacteristic &, const QByteArray &) "virtualbike::writeCharacteristic Heart Rate Heart Rate Measurement 00 00"
seg. ago. 3 19:33:32 2026 1785796412523 Debug:   Write server characteristic with handle  19 "0000" (service: "{0000180d-0000-1000-8000-00805f9b34fb}"
seg. ago. 3 19:33:32 2026 1785796412570 Debug: virtualdevices/virtualbike.cpp void virtualbike::bikeProvider() "bikeProvider" 0 2000 true
seg. ago. 3 19:33:32 2026 1785796412571 Debug: virtualdevices/virtualbike.cpp void virtualbike::bikeProvider() "virtual bike connected"
seg. ago. 3 19:33:32 2026 1785796412573 Debug: virtualdevices/virtualbike.cpp void virtualbike::writeCharacteristic(QLowEnergyService *, const QLowEnergyCharacteristic &, const QByteArray &) "virtualbike::writeCharacteristic Unknown Service  64 02 b6 03 86 00 01 00 41 00 00 00"
seg. ago. 3 19:33:32 2026 1785796412574 Debug:   Write server characteristic with handle  9 "6402b6038600010041000000" (service: "{00001826-0000-1000-8000-00805f9b34fb}"
seg. ago. 3 19:33:32 2026 1785796412576 Debug: virtualdevices/virtualbike.cpp void virtualbike::writeCharacteristic(QLowEnergyService *, const QLowEnergyCharacteristic &, const QByteArray &) "virtualbike::writeCharacteristic Heart Rate Heart Rate Measurement 00 00"
seg. ago. 3 19:33:32 2026 1785796412577 Debug:   Write server characteristic with handle  19 "0000" (service: "{0000180d-0000-1000-8000-00805f9b34fb}"
seg. ago. 3 19:33:32 2026 1785796412620 Debug: virtualdevices/virtualbike.cpp void virtualbike::bikeProvider() "bikeProvider" 0 2000 true
seg. ago. 3 19:33:32 2026 1785796412621 Debug: virtualdevices/virtualbike.cpp void virtualbike::bikeProvider() "virtual bike connected"
seg. ago. 3 19:33:32 2026 1785796412624 Debug: virtualdevices/virtualbike.cpp void virtualbike::writeCharacteristic(QLowEnergyService *, const QLowEnergyCharacteristic &, const QByteArray &) "virtualbike::writeCharacteristic Unknown Service  64 02 b6 03 86 00 01 00 41 00 00 00"
seg. ago. 3 19:33:32 2026 1785796412625 Debug:   Write server characteristic with handle  9 "6402b6038600010041000000" (service: "{00001826-0000-1000-8000-00805f9b34fb}"
seg. ago. 3 19:33:32 2026 1785796412628 Debug: virtualdevices/virtualbike.cpp void virtualbike::writeCharacteristic(QLowEnergyService *, const QLowEnergyCharacteristic &, const QByteArray &) "virtualbike::writeCharacteristic Heart Rate Heart Rate Measurement 00 00"
seg. ago. 3 19:33:32 2026 1785796412629 Debug:   Write server characteristic with handle  19 "0000" (service: "{0000180d-0000-1000-8000-00805f9b34fb}"
seg. ago. 3 19:33:32 2026 1785796412679 Debug: virtualdevices/virtualbike.cpp void virtualbike::bikeProvider() "bikeProvider" 0 2000 true
seg. ago. 3 19:33:32 2026 1785796412680 Debug: virtualdevices/virtualbike.cpp void virtualbike::bikeProvider() "virtual bike connected"
seg. ago. 3 19:33:32 2026 1785796412682 Debug: virtualdevices/virtualbike.cpp void virtualbike::writeCharacteristic(QLowEnergyService *, const QLowEnergyCharacteristic &, const QByteArray &) "virtualbike::writeCharacteristic Unknown Service  64 02 b6 03 86 00 01 00 41 00 00 00"
seg. ago. 3 19:33:32 2026 1785796412684 Debug:   Write server characteristic with handle  9 "6402b6038600010041000000" (service: "{00001826-0000-1000-8000-00805f9b34fb}"
seg. ago. 3 19:33:32 2026 1785796412687 Debug: virtualdevices/virtualbike.cpp void virtualbike::writeCharacteristic(QLowEnergyService *, const QLowEnergyCharacteristic &, const QByteArray &) "virtualbike::writeCharacteristic Heart Rate Heart Rate Measurement 00 00"
seg. ago. 3 19:33:32 2026 1785796412689 Debug:   Write server characteristic with handle  19 "0000" (service: "{0000180d-0000-1000-8000-00805f9b34fb}"
seg. ago. 3 19:33:32 2026 1785796412716 Debug: virtualdevices/virtualbike.cpp void virtualbike::bikeProvider() "bikeProvider" 0 2000 true
seg. ago. 3 19:33:32 2026 1785796412716 Debug: virtualdevices/virtualbike.cpp void virtualbike::bikeProvider() "virtual bike connected"
seg. ago. 3 19:33:32 2026 1785796412718 Debug: virtualdevices/virtualbike.cpp void virtualbike::writeCharacteristic(QLowEnergyService *, const QLowEnergyCharacteristic &, const QByteArray &) "virtualbike::writeCharacteristic Unknown Service  64 02 b6 03 86 00 01 00 41 00 00 00"
seg. ago. 3 19:33:32 2026 1785796412719 Debug:   Write server characteristic with handle  9 "6402b6038600010041000000" (service: "{00001826-0000-1000-8000-00805f9b34fb}"
seg. ago. 3 19:33:32 2026 1785796412721 Debug: virtualdevices/virtualbike.cpp void virtualbike::writeCharacteristic(QLowEnergyService *, const QLowEnergyCharacteristic &, const QByteArray &) "virtualbike::writeCharacteristic Heart Rate Heart Rate Measurement 00 00"
seg. ago. 3 19:33:32 2026 1785796412721 Debug:   Write server characteristic with handle  19 "0000" (service: "{0000180d-0000-1000-8000-00805f9b34fb}"
seg. ago. 3 19:33:32 2026 1785796412767 Debug: virtualdevices/virtualbike.cpp void virtualbike::bikeProvider() "bikeProvider" 0 2000 true
seg. ago. 3 19:33:32 2026 1785796412768 Debug: virtualdevices/virtualbike.cpp void virtualbike::bikeProvider() "virtual bike connected"
seg. ago. 3 19:33:32 2026 1785796412769 Debug: virtualdevices/virtualbike.cpp void virtualbike::writeCharacteristic(QLowEnergyService *, const QLowEnergyCharacteristic &, const QByteArray &) "virtualbike::writeCharacteristic Unknown Service  64 02 b6 03 86 00 01 00 41 00 00 00"
seg. ago. 3 19:33:32 2026 1785796412770 Debug:   Write server characteristic with handle  9 "6402b6038600010041000000" (service: "{00001826-0000-1000-8000-00805f9b34fb}"
seg. ago. 3 19:33:32 2026 1785796412772 Debug: virtualdevices/virtualbike.cpp void virtualbike::writeCharacteristic(QLowEnergyService *, const QLowEnergyCharacteristic &, const QByteArray &) "virtualbike::writeCharacteristic Heart Rate Heart Rate Measurement 00 00"
seg. ago. 3 19:33:32 2026 1785796412773 Debug:   Write server characteristic with handle  19 "0000" (service: "{0000180d-0000-1000-8000-00805f9b34fb}"
seg. ago. 3 19:33:32 2026 1785796412853 Debug: virtualdevices/virtualbike.cpp void virtualbike::bikeProvider() "bikeProvider" 0 2000 true
seg. ago. 3 19:33:32 2026 1785796412855 Debug: virtualdevices/virtualbike.cpp void virtualbike::bikeProvider() "virtual bike connected"
seg. ago. 3 19:33:32 2026 1785796412858 Debug: virtualdevices/virtualbike.cpp void virtualbike::writeCharacteristic(QLowEnergyService *, const QLowEnergyCharacteristic &, const QByteArray &) "virtualbike::writeCharacteristic Unknown Service  64 02 b6 03 86 00 01 00 41 00 00 00"
seg. ago. 3 19:33:32 2026 1785796412860 Debug:   Write server characteristic with handle  9 "6402b6038600010041000000" (service: "{00001826-0000-1000-8000-00805f9b34fb}"
seg. ago. 3 19:33:32 2026 1785796412864 Debug: virtualdevices/virtualbike.cpp void virtualbike::writeCharacteristic(QLowEnergyService *, const QLowEnergyCharacteristic &, const QByteArray &) "virtualbike::writeCharacteristic Heart Rate Heart Rate Measurement 00 00"
seg. ago. 3 19:33:32 2026 1785796412866 Debug:   Write server characteristic with handle  19 "0000" (service: "{0000180d-0000-1000-8000-00805f9b34fb}"
seg. ago. 3 19:33:32 2026 1785796412869 Debug:   Characteristic change notification "{00001826-0000-1000-8000-00805f9b34fb}" 47 "f5018a001d0000010044003c000000ffffff"
seg. ago. 3 19:33:32 2026 1785796412872 Debug: devices/ftmsbike/ftmsbike.cpp void ftmsbike::characteristicChanged(const QLowEnergyCharacteristic &, const QByteArray &) "{00002ad2-0000-1000-8000-00805f9b34fb}" 18 " << " "f5 01 8a 00 1d 00 00 01 00 44 00 3c 00 00 00 ff ff ff"
seg. ago. 3 19:33:32 2026 1785796412874 Debug: devices/bluetooth.cpp void bluetooth::debug(const QString &) "Current Cadence: 69"
seg. ago. 3 19:33:32 2026 1785796412878 Debug: devices/bluetooth.cpp void bluetooth::debug(const QString &) "Current Distance: 0.00668827"
seg. ago. 3 19:33:32 2026 1785796412880 Debug: devices/bluetooth.cpp void bluetooth::debug(const QString &) "Current Resistance: 1"
seg. ago. 3 19:33:32 2026 1785796412883 Debug: devices/bluetooth.cpp void bluetooth::debug(const QString &) "Current Watt: 68"
seg. ago. 3 19:33:32 2026 1785796412884 Debug: devices/bluetooth.cpp void bluetooth::debug(const QString &) "Current Average Watt: 60"
seg. ago. 3 19:33:32 2026 1785796412886 Debug: devices/bluetooth.cpp void bluetooth::debug(const QString &) "Current KCal: 0.509425"
seg. ago. 3 19:33:32 2026 1785796412888 Debug: devices/bluetoothdevice.cpp void bluetoothdevice::update_hr_from_external() WearOS Companion Heart: 0
seg. ago. 3 19:33:32 2026 1785796412890 Debug: ./inclinationresistancetable.h void inclinationResistanceTable::collectData(double, uint16_t, double) Skipping invalid data point: Incl: 0 Res: 1 Watt: 68
seg. ago. 3 19:33:32 2026 1785796412891 Debug: devices/bluetooth.cpp void bluetooth::debug(const QString &) "Current CrankRevs: 9"
seg. ago. 3 19:33:32 2026 1785796412893 Debug: devices/bluetooth.cpp void bluetooth::debug(const QString &) "Last CrankEventTime: 8642"
seg. ago. 3 19:33:32 2026 1785796412894 Debug:   Characteristic change notification "{00001826-0000-1000-8000-00805f9b34fb}" 47 "002afc080005000b0000"
seg. ago. 3 19:33:32 2026 1785796412896 Debug: devices/ftmsbike/ftmsbike.cpp void ftmsbike::characteristicChanged(const QLowEnergyCharacteristic &, const QByteArray &) "{00002ad2-0000-1000-8000-00805f9b34fb}" 10 " << " "00 2a fc 08 00 05 00 0b 00 00"
seg. ago. 3 19:33:32 2026 1785796412898 Debug: devices/bluetooth.cpp void bluetooth::debug(const QString &) "Current Speed: 11.7531"
seg. ago. 3 19:33:32 2026 1785796412900 Debug: devices/bluetooth.cpp void bluetooth::debug(const QString &) "Current Distance: 0.00676663"
seg. ago. 3 19:33:32 2026 1785796412902 Debug: devices/bluetooth.cpp void bluetooth::debug(const QString &) "Current KCal: 0.512044"
seg. ago. 3 19:33:32 2026 1785796412903 Debug: devices/bluetooth.cpp void bluetooth::debug(const QString &) "Current Heart: 0"
seg. ago. 3 19:33:32 2026 1785796412905 Debug: devices/bluetoothdevice.cpp void bluetoothdevice::update_hr_from_external() WearOS Companion Heart: 0
seg. ago. 3 19:33:32 2026 1785796412906 Debug: ./inclinationresistancetable.h void inclinationResistanceTable::collectData(double, uint16_t, double) Skipping invalid data point: Incl: 0 Res: 1 Watt: 68
seg. ago. 3 19:33:32 2026 1785796412907 Debug: devices/bluetooth.cpp void bluetooth::debug(const QString &) "Current CrankRevs: 10"
seg. ago. 3 19:33:32 2026 1785796412908 Debug: devices/bluetooth.cpp void bluetooth::debug(const QString &) "Last CrankEventTime: 9532"
seg. ago. 3 19:33:32 2026 1785796412920 Debug: virtualdevices/virtualbike.cpp void virtualbike::bikeProvider() "bikeProvider" 0 2000 true
seg. ago. 3 19:33:32 2026 1785796412920 Debug: virtualdevices/virtualbike.cpp void virtualbike::bikeProvider() "virtual bike connected"
seg. ago. 3 19:33:32 2026 1785796412922 Debug: virtualdevices/virtualbike.cpp void virtualbike::writeCharacteristic(QLowEnergyService *, const QLowEnergyCharacteristic &, const QByteArray &) "virtualbike::writeCharacteristic Unknown Service  64 02 97 04 8a 00 01 00 44 00 00 00"
seg. ago. 3 19:33:32 2026 1785796412922 Debug:   Write server characteristic with handle  9 "640297048a00010044000000" (service: "{00001826-0000-1000-8000-00805f9b34fb}"
seg. ago. 3 19:33:32 2026 1785796412924 Debug: virtualdevices/virtualbike.cpp void virtualbike::writeCharacteristic(QLowEnergyService *, const QLowEnergyCharacteristic &, const QByteArray &) "virtualbike::writeCharacteristic Heart Rate Heart Rate Measurement 00 00"
seg. ago. 3 19:33:32 2026 1785796412925 Debug:   Write server characteristic with handle  19 "0000" (service: "{0000180d-0000-1000-8000-00805f9b34fb}"
seg. ago. 3 19:33:32 2026 1785796412932 Debug: virtualdevices/virtualbike.cpp void virtualbike::bikeProvider() "bikeProvider" 0 2000 true
seg. ago. 3 19:33:32 2026 1785796412933 Debug: virtualdevices/virtualbike.cpp void virtualbike::bikeProvider() "virtual bike connected"
seg. ago. 3 19:33:32 2026 1785796412934 Debug: virtualdevices/virtualbike.cpp void virtualbike::writeCharacteristic(QLowEnergyService *, const QLowEnergyCharacteristic &, const QByteArray &) "virtualbike::writeCharacteristic Unknown Service  64 02 97 04 8a 00 01 00 44 00 00 00"
seg. ago. 3 19:33:32 2026 1785796412935 Debug:   Write server characteristic with handle  9 "640297048a00010044000000" (service: "{00001826-0000-1000-8000-00805f9b34fb}"
seg. ago. 3 19:33:32 2026 1785796412936 Debug: virtualdevices/virtualbike.cpp void virtualbike::writeCharacteristic(QLowEnergyService *, const QLowEnergyCharacteristic &, const QByteArray &) "virtualbike::writeCharacteristic Heart Rate Heart Rate Measurement 00 00"
seg. ago. 3 19:33:32 2026 1785796412937 Debug:   Write server characteristic with handle  19 "0000" (service: "{0000180d-0000-1000-8000-00805f9b34fb}"
seg. ago. 3 19:33:32 2026 1785796412971 Debug: virtualdevices/virtualbike.cpp void virtualbike::bikeProvider() "bikeProvider" 0 2000 true
seg. ago. 3 19:33:32 2026 1785796412972 Debug: virtualdevices/virtualbike.cpp void virtualbike::bikeProvider() "virtual bike connected"
seg. ago. 3 19:33:32 2026 1785796412974 Debug: virtualdevices/virtualbike.cpp void virtualbike::writeCharacteristic(QLowEnergyService *, const QLowEnergyCharacteristic &, const QByteArray &) "virtualbike::writeCharacteristic Unknown Service  64 02 97 04 8a 00 01 00 44 00 00 00"
seg. ago. 3 19:33:32 2026 1785796412975 Debug:   Write server characteristic with handle  9 "640297048a00010044000000" (service: "{00001826-0000-1000-8000-00805f9b34fb}"
seg. ago. 3 19:33:32 2026 1785796412977 Debug: virtualdevices/virtualbike.cpp void virtualbike::writeCharacteristic(QLowEnergyService *, const QLowEnergyCharacteristic &, const QByteArray &) "virtualbike::writeCharacteristic Heart Rate Heart Rate Measurement 00 00"
seg. ago. 3 19:33:32 2026 1785796412977 Debug:   Write server characteristic with handle  19 "0000" (service: "{0000180d-0000-1000-8000-00805f9b34fb}"
seg. ago. 3 19:33:33 2026 1785796413018 Debug: virtualdevices/virtualbike.cpp void virtualbike::bikeProvider() "bikeProvider" 0 2000 true
seg. ago. 3 19:33:33 2026 1785796413019 Debug: virtualdevices/virtualbike.cpp void virtualbike::bikeProvider() "virtual bike connected"
seg. ago. 3 19:33:33 2026 1785796413021 Debug: virtualdevices/virtualbike.cpp void virtualbike::writeCharacteristic(QLowEnergyService *, const QLowEnergyCharacteristic &, const QByteArray &) "virtualbike::writeCharacteristic Unknown Service  64 02 97 04 8a 00 01 00 44 00 00 00"
seg. ago. 3 19:33:33 2026 1785796413022 Debug:   Write server characteristic with handle  9 "640297048a00010044000000" (service: "{00001826-0000-1000-8000-00805f9b34fb}"
seg. ago. 3 19:33:33 2026 1785796413025 Debug: virtualdevices/virtualbike.cpp void virtualbike::writeCharacteristic(QLowEnergyService *, const QLowEnergyCharacteristic &, const QByteArray &) "virtualbike::writeCharacteristic Heart Rate Heart Rate Measurement 00 00"
seg. ago. 3 19:33:33 2026 1785796413027 Debug:   Write server characteristic with handle  19 "0000" (service: "{0000180d-0000-1000-8000-00805f9b34fb}"
seg. ago. 3 19:33:33 2026 1785796413070 Debug: virtualdevices/virtualbike.cpp void virtualbike::bikeProvider() "bikeProvider" 0 2000 true
seg. ago. 3 19:33:33 2026 1785796413071 Debug: virtualdevices/virtualbike.cpp void virtualbike::bikeProvider() "virtual bike connected"
seg. ago. 3 19:33:33 2026 1785796413073 Debug: virtualdevices/virtualbike.cpp void virtualbike::writeCharacteristic(QLowEnergyService *, const QLowEnergyCharacteristic &, const QByteArray &) "virtualbike::writeCharacteristic Unknown Service  64 02 97 04 8a 00 01 00 44 00 00 00"
seg. ago. 3 19:33:33 2026 1785796413074 Debug:   Write server characteristic with handle  9 "640297048a00010044000000" (service: "{00001826-0000-1000-8000-00805f9b34fb}"
seg. ago. 3 19:33:33 2026 1785796413076 Debug: virtualdevices/virtualbike.cpp void virtualbike::writeCharacteristic(QLowEnergyService *, const QLowEnergyCharacteristic &, const QByteArray &) "virtualbike::writeCharacteristic Heart Rate Heart Rate Measurement 00 00"
seg. ago. 3 19:33:33 2026 1785796413077 Debug:   Write server characteristic with handle  19 "0000" (service: "{0000180d-0000-1000-8000-00805f9b34fb}"
seg. ago. 3 19:33:33 2026 1785796413119 Debug: virtualdevices/virtualbike.cpp void virtualbike::bikeProvider() "bikeProvider" 0 2000 true
seg. ago. 3 19:33:33 2026 1785796413120 Debug: virtualdevices/virtualbike.cpp void virtualbike::bikeProvider() "virtual bike connected"
seg. ago. 3 19:33:33 2026 1785796413122 Debug: virtualdevices/virtualbike.cpp void virtualbike::writeCharacteristic(QLowEnergyService *, const QLowEnergyCharacteristic &, const QByteArray &) "virtualbike::writeCharacteristic Unknown Service  64 02 97 04 8a 00 01 00 44 00 00 00"
seg. ago. 3 19:33:33 2026 1785796413123 Debug:   Write server characteristic with handle  9 "640297048a00010044000000" (service: "{00001826-0000-1000-8000-00805f9b34fb}"
seg. ago. 3 19:33:33 2026 1785796413125 Debug: virtualdevices/virtualbike.cpp void virtualbike::writeCharacteristic(QLowEnergyService *, const QLowEnergyCharacteristic &, const QByteArray &) "virtualbike::writeCharacteristic Heart Rate Heart Rate Measurement 00 00"
seg. ago. 3 19:33:33 2026 1785796413126 Debug:   Write server characteristic with handle  19 "0000" (service: "{0000180d-0000-1000-8000-00805f9b34fb}"
seg. ago. 3 19:33:33 2026 1785796413173 Warning: qrc:/Toast.qml  qrc:/Toast.qml:92: ReferenceError: toastManager is not defined
seg. ago. 3 19:33:33 2026 1785796413183 Debug: virtualdevices/virtualbike.cpp void virtualbike::bikeProvider() "bikeProvider" 0 2000 true
seg. ago. 3 19:33:33 2026 1785796413183 Debug: virtualdevices/virtualbike.cpp void virtualbike::bikeProvider() "virtual bike connected"
seg. ago. 3 19:33:33 2026 1785796413185 Debug: virtualdevices/virtualbike.cpp void virtualbike::writeCharacteristic(QLowEnergyService *, const QLowEnergyCharacteristic &, const QByteArray &) "virtualbike::writeCharacteristic Unknown Service  64 02 97 04 8a 00 01 00 44 00 00 00"
seg. ago. 3 19:33:33 2026 1785796413186 Debug:   Write server characteristic with handle  9 "640297048a00010044000000" (service: "{00001826-0000-1000-8000-00805f9b34fb}"
seg. ago. 3 19:33:33 2026 1785796413187 Debug: virtualdevices/virtualbike.cpp void virtualbike::writeCharacteristic(QLowEnergyService *, const QLowEnergyCharacteristic &, const QByteArray &) "virtualbike::writeCharacteristic Heart Rate Heart Rate Measurement 00 00"
seg. ago. 3 19:33:33 2026 1785796413188 Debug:   Write server characteristic with handle  19 "0000" (service: "{0000180d-0000-1000-8000-00805f9b34fb}"
seg. ago. 3 19:33:33 2026 1785796413216 Debug: virtualdevices/virtualbike.cpp void virtualbike::bikeProvider() "bikeProvider" 0 2000 true
seg. ago. 3 19:33:33 2026 1785796413217 Debug: virtualdevices/virtualbike.cpp void virtualbike::bikeProvider() "virtual bike connected"
seg. ago. 3 19:33:33 2026 1785796413218 Debug: virtualdevices/virtualbike.cpp void virtualbike::writeCharacteristic(QLowEnergyService *, const QLowEnergyCharacteristic &, const QByteArray &) "virtualbike::writeCharacteristic Unknown Service  64 02 97 04 8a 00 01 00 44 00 00 00"
seg. ago. 3 19:33:33 2026 1785796413218 Debug:   Write server characteristic with handle  9 "640297048a00010044000000" (service: "{00001826-0000-1000-8000-00805f9b34fb}"
seg. ago. 3 19:33:33 2026 1785796413220 Debug: virtualdevices/virtualbike.cpp void virtualbike::writeCharacteristic(QLowEnergyService *, const QLowEnergyCharacteristic &, const QByteArray &) "virtualbike::writeCharacteristic Heart Rate Heart Rate Measurement 00 00"
seg. ago. 3 19:33:33 2026 1785796413222 Debug:   Write server characteristic with handle  19 "0000" (service: "{0000180d-0000-1000-8000-00805f9b34fb}"
seg. ago. 3 19:33:33 2026 1785796413261 Debug: homeform.cpp void homeform::update() homeform::update fired! elapsed: 1000 jitter: -132
seg. ago. 3 19:33:33 2026 1785796413275 Debug: homeform.cpp void homeform::update() homeform::update tiles updated!
seg. ago. 3 19:33:33 2026 1785796413277 Debug: homeform.cpp void homeform::update() Current Distance 1s: 0.00991477 11.7531 68
seg. ago. 3 19:33:33 2026 1785796413284 Debug: templateinfosender.cpp bool TemplateInfoSender::update(QJSEngine *) "eval res " "{\"msg\":\"workout\",\"content\":{\"BIKE_TYPE\":2,\"ELLIPTICAL_TYPE\":4,\"ROWING_TYPE\":3,\"TREADMILL_TYPE\":1,\"UNKNOWN_TYPE\":0,\"deviceId\":\"B8:F8:62:6D:A8:D6\",\"deviceName\":\"YPBM001264\",\"deviceRSSI\":-33,\"deviceType\":2,\"deviceConnected\":true,\"devicePaused\":false,\"elapsed_s\":4,\"elapsed_m\":0,\"elapsed_h\":0,\"lapelapsed_s\":4,\"lapelapsed_m\":0,\"lapelapsed_h\":0,\"pace_s\":6,\"pace_m\":5,\"pace_h\":0,\"pace_color\":\"white\",\"avgpace_s\":24,\"avgpace_m\":8,\"avgpace_h\":0,\"maxpace_s\":6,\"maxpace_m\":5,\"maxpace_h\":0,\"moving_s\":4,\"moving_m\":0,\"moving_h\":0,\"speed\":11.753138952131494,\"speed_avg\":7.138637825351026,\"speed_color\":\"white\",\"speed_lapavg\":7.138637825351026,\"speed_lapmax\":11.753138952131494,\"calories\":0.512044267,\"distance\":0.006766625632744479,\"heart\":0,\"heart_color\":\"lightsteelblue\",\"heart_avg\":0,\"heart_lapavg\":0,\"heart_max\":0,\"heart_lapmax\":0,\"target_heart_above\":0,\"target_heart_below\":0,\"jouls\":269.1929999999999,\"elevation\":0,\"difficult\":1,\"watts\":68,\"watts_avg\":62,\"watts_color\":\"white\",\"watts_lapavg\":62,\"watts_max\":68,\"watts_lapmax\":68,\"kgwatts\":0.8095238095238095,\"kgwatts_avg\":0.7283549783549784,\"kgwatts_max\":0.8095238095238095,\"workoutName\":\"Ride\",\"workoutStartDate\":\"seg. ago. 3 19:33:22 2026\",\"instructorName\":\"\",\"latitude\":null,\"longitude\":null,\"altitude\":null,\"peloton_offset\":0,\"peloton_ask_start\":false,\"autoresistance\":true,\"nextrow\":\"N/A\",\"training_row_index\":0,\"training_row_elapsed\":0,\"training_row_open_ended\":false,\"training_row_wait_for_lap\":false,\"row_remaining_time_s\":0,\"row_remaining_time_m\":0,\"row_remaining_time_h\":0,\"remaining_time_s\":0,\"remaining_time_m\":0,\"remaining_time_h\":0,\"nickName\":\"N/A\",\"gears\":0,\"target_resistance\":0,\"target_peloton_resistance\":0,\"target_cadence\":0,\"target_power\":0,\"power_zone\":1.6071428571428572,\"power_zone_lapavg\":1.2306547619047619,\"power_zone_lapmax\":1.6071428571428572,\"target_power_zone\":1,\"power_zone_color\":\"white\",\"target_power_zone_color\":\"white\",\"peloton_resistance\":36.092024542900106,\"peloton_resistance_avg\":36.04323945925815,\"peloton_resistance_color\":\"white\",\"peloton_resistance_lapavg\":36.04323945925815,\"peloton_resistance_lapmax\":36.892275011814434,\"peloton_req_resistance\":0,\"cadence\":69,\"cadence_color\":\"white\",\"cadence_avg\":64.6,\"cadence_lapavg\":64.6,\"cadence_lapmax\":69,\"resistance\":1,\"resistance_avg\":1,\"resistance_lapavg\":1,\"resistance_lapmax\":1,\"cranks\":10,\"cranktime\":9532,\"req_power\":0,\"req_cadence\":0,\"req_resistance\":0,\"inclination\":0,\"inclination_avg\":0}}"
seg. ago. 3 19:33:33 2026 1785796413302 Debug: virtualdevices/virtualbike.cpp void virtualbike::bikeProvider() "bikeProvider" 0 2000 true
seg. ago. 3 19:33:33 2026 1785796413303 Debug: virtualdevices/virtualbike.cpp void virtualbike::bikeProvider() "virtual bike connected"
seg. ago. 3 19:33:33 2026 1785796413304 Debug: virtualdevices/virtualbike.cpp void virtualbike::writeCharacteristic(QLowEnergyService *, const QLowEnergyCharacteristic &, const QByteArray &) "virtualbike::writeCharacteristic Unknown Service  64 02 97 04 8a 00 01 00 44 00 00 00"
seg. ago. 3 19:33:33 2026 1785796413305 Debug:   Write server characteristic with handle  9 "640297048a00010044000000" (service: "{00001826-0000-1000-8000-00805f9b34fb}"
seg. ago. 3 19:33:33 2026 1785796413306 Debug: virtualdevices/virtualbike.cpp void virtualbike::writeCharacteristic(QLowEnergyService *, const QLowEnergyCharacteristic &, const QByteArray &) "virtualbike::writeCharacteristic Heart Rate Heart Rate Measurement 00 00"
seg. ago. 3 19:33:33 2026 1785796413306 Debug:   Write server characteristic with handle  19 "0000" (service: "{0000180d-0000-1000-8000-00805f9b34fb}"
seg. ago. 3 19:33:33 2026 1785796413316 Debug: virtualdevices/virtualbike.cpp void virtualbike::bikeProvider() "bikeProvider" 0 2000 true
seg. ago. 3 19:33:33 2026 1785796413317 Debug: virtualdevices/virtualbike.cpp void virtualbike::bikeProvider() "virtual bike connected"
seg. ago. 3 19:33:33 2026 1785796413318 Debug: virtualdevices/virtualbike.cpp void virtualbike::writeCharacteristic(QLowEnergyService *, const QLowEnergyCharacteristic &, const QByteArray &) "virtualbike::writeCharacteristic Unknown Service  64 02 97 04 8a 00 01 00 44 00 00 00"
seg. ago. 3 19:33:33 2026 1785796413319 Debug:   Write server characteristic with handle  9 "640297048a00010044000000" (service: "{00001826-0000-1000-8000-00805f9b34fb}"
seg. ago. 3 19:33:33 2026 1785796413321 Debug: virtualdevices/virtualbike.cpp void virtualbike::writeCharacteristic(QLowEnergyService *, const QLowEnergyCharacteristic &, const QByteArray &) "virtualbike::writeCharacteristic Heart Rate Heart Rate Measurement 00 00"
seg. ago. 3 19:33:33 2026 1785796413321 Debug:   Write server characteristic with handle  19 "0000" (service: "{0000180d-0000-1000-8000-00805f9b34fb}"
seg. ago. 3 19:33:33 2026 1785796413370 Debug: virtualdevices/virtualbike.cpp void virtualbike::bikeProvider() "bikeProvider" 0 2000 true
seg. ago. 3 19:33:33 2026 1785796413373 Debug: virtualdevices/virtualbike.cpp void virtualbike::bikeProvider() "virtual bike connected"
seg. ago. 3 19:33:33 2026 1785796413376 Debug: virtualdevices/virtualbike.cpp void virtualbike::writeCharacteristic(QLowEnergyService *, const QLowEnergyCharacteristic &, const QByteArray &) "virtualbike::writeCharacteristic Unknown Service  64 02 97 04 8a 00 01 00 44 00 00 00"
seg. ago. 3 19:33:33 2026 1785796413377 Debug:   Write server characteristic with handle  9 "640297048a00010044000000" (service: "{00001826-0000-1000-8000-00805f9b34fb}"
seg. ago. 3 19:33:33 2026 1785796413379 Debug: virtualdevices/virtualbike.cpp void virtualbike::writeCharacteristic(QLowEnergyService *, const QLowEnergyCharacteristic &, const QByteArray &) "virtualbike::writeCharacteristic Heart Rate Heart Rate Measurement 00 00"
seg. ago. 3 19:33:33 2026 1785796413380 Debug:   Write server characteristic with handle  19 "0000" (service: "{0000180d-0000-1000-8000-00805f9b34fb}"
seg. ago. 3 19:33:33 2026 1785796413419 Debug: virtualdevices/virtualbike.cpp void virtualbike::bikeProvider() "bikeProvider" 0 2000 true
seg. ago. 3 19:33:33 2026 1785796413421 Debug: virtualdevices/virtualbike.cpp void virtualbike::bikeProvider() "virtual bike connected"
seg. ago. 3 19:33:33 2026 1785796413423 Debug: virtualdevices/virtualbike.cpp void virtualbike::writeCharacteristic(QLowEnergyService *, const QLowEnergyCharacteristic &, const QByteArray &) "virtualbike::writeCharacteristic Unknown Service  64 02 97 04 8a 00 01 00 44 00 00 00"
seg. ago. 3 19:33:33 2026 1785796413424 Debug:   Write server characteristic with handle  9 "640297048a00010044000000" (service: "{00001826-0000-1000-8000-00805f9b34fb}"
seg. ago. 3 19:33:33 2026 1785796413426 Debug: virtualdevices/virtualbike.cpp void virtualbike::writeCharacteristic(QLowEnergyService *, const QLowEnergyCharacteristic &, const QByteArray &) "virtualbike::writeCharacteristic Heart Rate Heart Rate Measurement 00 00"
seg. ago. 3 19:33:33 2026 1785796413427 Debug:   Write server characteristic with handle  19 "0000" (service: "{0000180d-0000-1000-8000-00805f9b34fb}"
seg. ago. 3 19:33:33 2026 1785796413471 Debug: virtualdevices/virtualbike.cpp void virtualbike::bikeProvider() "bikeProvider" 0 2000 true
seg. ago. 3 19:33:33 2026 1785796413472 Debug: virtualdevices/virtualbike.cpp void virtualbike::bikeProvider() "virtual bike connected"
seg. ago. 3 19:33:33 2026 1785796413474 Debug: virtualdevices/virtualbike.cpp void virtualbike::writeCharacteristic(QLowEnergyService *, const QLowEnergyCharacteristic &, const QByteArray &) "virtualbike::writeCharacteristic Unknown Service  64 02 97 04 8a 00 01 00 44 00 00 00"
seg. ago. 3 19:33:33 2026 1785796413475 Debug:   Write server characteristic with handle  9 "640297048a00010044000000" (service: "{00001826-0000-1000-8000-00805f9b34fb}"
seg. ago. 3 19:33:33 2026 1785796413478 Debug: virtualdevices/virtualbike.cpp void virtualbike::writeCharacteristic(QLowEnergyService *, const QLowEnergyCharacteristic &, const QByteArray &) "virtualbike::writeCharacteristic Heart Rate Heart Rate Measurement 00 00"
seg. ago. 3 19:33:33 2026 1785796413479 Debug:   Write server characteristic with handle  19 "0000" (service: "{0000180d-0000-1000-8000-00805f9b34fb}"
seg. ago. 3 19:33:33 2026 1785796413517 Debug: virtualdevices/virtualbike.cpp void virtualbike::bikeProvider() "bikeProvider" 0 2000 true
seg. ago. 3 19:33:33 2026 1785796413518 Debug: virtualdevices/virtualbike.cpp void virtualbike::bikeProvider() "virtual bike connected"
seg. ago. 3 19:33:33 2026 1785796413520 Debug: virtualdevices/virtualbike.cpp void virtualbike::writeCharacteristic(QLowEnergyService *, const QLowEnergyCharacteristic &, const QByteArray &) "virtualbike::writeCharacteristic Unknown Service  64 02 97 04 8a 00 01 00 44 00 00 00"
seg. ago. 3 19:33:33 2026 1785796413521 Debug:   Write server characteristic with handle  9 "640297048a00010044000000" (service: "{00001826-0000-1000-8000-00805f9b34fb}"
seg. ago. 3 19:33:33 2026 1785796413523 Debug: virtualdevices/virtualbike.cpp void virtualbike::writeCharacteristic(QLowEnergyService *, const QLowEnergyCharacteristic &, const QByteArray &) "virtualbike::writeCharacteristic Heart Rate Heart Rate Measurement 00 00"
seg. ago. 3 19:33:33 2026 1785796413524 Debug:   Write server characteristic with handle  19 "0000" (service: "{0000180d-0000-1000-8000-00805f9b34fb}"
seg. ago. 3 19:33:33 2026 1785796413567 Debug: virtualdevices/virtualbike.cpp void virtualbike::bikeProvider() "bikeProvider" 0 2000 true
seg. ago. 3 19:33:33 2026 1785796413568 Debug: virtualdevices/virtualbike.cpp void virtualbike::bikeProvider() "virtual bike connected"
seg. ago. 3 19:33:33 2026 1785796413569 Debug: virtualdevices/virtualbike.cpp void virtualbike::writeCharacteristic(QLowEnergyService *, const QLowEnergyCharacteristic &, const QByteArray &) "virtualbike::writeCharacteristic Unknown Service  64 02 97 04 8a 00 01 00 44 00 00 00"
seg. ago. 3 19:33:33 2026 1785796413570 Debug:   Write server characteristic with handle  9 "640297048a00010044000000" (service: "{00001826-0000-1000-8000-00805f9b34fb}"
seg. ago. 3 19:33:33 2026 1785796413572 Debug: virtualdevices/virtualbike.cpp void virtualbike::writeCharacteristic(QLowEnergyService *, const QLowEnergyCharacteristic &, const QByteArray &) "virtualbike::writeCharacteristic Heart Rate Heart Rate Measurement 00 00"
seg. ago. 3 19:33:33 2026 1785796413577 Debug:   Write server characteristic with handle  19 "0000" (service: "{0000180d-0000-1000-8000-00805f9b34fb}"
seg. ago. 3 19:33:33 2026 1785796413616 Debug: virtualdevices/virtualbike.cpp void virtualbike::bikeProvider() "bikeProvider" 0 2000 true
seg. ago. 3 19:33:33 2026 1785796413617 Debug: virtualdevices/virtualbike.cpp void virtualbike::bikeProvider() "virtual bike connected"
seg. ago. 3 19:33:33 2026 1785796413618 Debug: virtualdevices/virtualbike.cpp void virtualbike::writeCharacteristic(QLowEnergyService *, const QLowEnergyCharacteristic &, const QByteArray &) "virtualbike::writeCharacteristic Unknown Service  64 02 97 04 8a 00 01 00 44 00 00 00"
seg. ago. 3 19:33:33 2026 1785796413619 Debug:   Write server characteristic with handle  9 "640297048a00010044000000" (service: "{00001826-0000-1000-8000-00805f9b34fb}"
seg. ago. 3 19:33:33 2026 1785796413621 Debug: virtualdevices/virtualbike.cpp void virtualbike::writeCharacteristic(QLowEnergyService *, const QLowEnergyCharacteristic &, const QByteArray &) "virtualbike::writeCharacteristic Heart Rate Heart Rate Measurement 00 00"
seg. ago. 3 19:33:33 2026 1785796413622 Debug:   Write server characteristic with handle  19 "0000" (service: "{0000180d-0000-1000-8000-00805f9b34fb}"
seg. ago. 3 19:33:33 2026 1785796413670 Debug: virtualdevices/virtualbike.cpp void virtualbike::bikeProvider() "bikeProvider" 0 2000 true
seg. ago. 3 19:33:33 2026 1785796413672 Debug: virtualdevices/virtualbike.cpp void virtualbike::bikeProvider() "virtual bike connected"
seg. ago. 3 19:33:33 2026 1785796413673 Debug: virtualdevices/virtualbike.cpp void virtualbike::writeCharacteristic(QLowEnergyService *, const QLowEnergyCharacteristic &, const QByteArray &) "virtualbike::writeCharacteristic Unknown Service  64 02 97 04 8a 00 01 00 44 00 00 00"
seg. ago. 3 19:33:33 2026 1785796413674 Debug:   Write server characteristic with handle  9 "640297048a00010044000000" (service: "{00001826-0000-1000-8000-00805f9b34fb}"
seg. ago. 3 19:33:33 2026 1785796413676 Debug: virtualdevices/virtualbike.cpp void virtualbike::writeCharacteristic(QLowEnergyService *, const QLowEnergyCharacteristic &, const QByteArray &) "virtualbike::writeCharacteristic Heart Rate Heart Rate Measurement 00 00"
seg. ago. 3 19:33:33 2026 1785796413678 Debug:   Write server characteristic with handle  19 "0000" (service: "{0000180d-0000-1000-8000-00805f9b34fb}"
seg. ago. 3 19:33:33 2026 1785796413720 Debug: virtualdevices/virtualbike.cpp void virtualbike::bikeProvider() "bikeProvider" 0 2000 true
seg. ago. 3 19:33:33 2026 1785796413721 Debug: virtualdevices/virtualbike.cpp void virtualbike::bikeProvider() "virtual bike connected"
seg. ago. 3 19:33:33 2026 1785796413724 Debug: virtualdevices/virtualbike.cpp void virtualbike::writeCharacteristic(QLowEnergyService *, const QLowEnergyCharacteristic &, const QByteArray &) "virtualbike::writeCharacteristic Unknown Service  64 02 97 04 8a 00 01 00 44 00 00 00"
seg. ago. 3 19:33:33 2026 1785796413725 Debug:   Write server characteristic with handle  9 "640297048a00010044000000" (service: "{00001826-0000-1000-8000-00805f9b34fb}"
seg. ago. 3 19:33:33 2026 1785796413728 Debug: virtualdevices/virtualbike.cpp void virtualbike::writeCharacteristic(QLowEnergyService *, const QLowEnergyCharacteristic &, const QByteArray &) "virtualbike::writeCharacteristic Heart Rate Heart Rate Measurement 00 00"
seg. ago. 3 19:33:33 2026 1785796413730 Debug:   Write server characteristic with handle  19 "0000" (service: "{0000180d-0000-1000-8000-00805f9b34fb}"
seg. ago. 3 19:33:33 2026 1785796413768 Debug: virtualdevices/virtualbike.cpp void virtualbike::bikeProvider() "bikeProvider" 0 2000 true
seg. ago. 3 19:33:33 2026 1785796413769 Debug: virtualdevices/virtualbike.cpp void virtualbike::bikeProvider() "virtual bike connected"
seg. ago. 3 19:33:33 2026 1785796413772 Debug: virtualdevices/virtualbike.cpp void virtualbike::writeCharacteristic(QLowEnergyService *, const QLowEnergyCharacteristic &, const QByteArray &) "virtualbike::writeCharacteristic Unknown Service  64 02 97 04 8a 00 01 00 44 00 00 00"
seg. ago. 3 19:33:33 2026 1785796413773 Debug:   Write server characteristic with handle  9 "640297048a00010044000000" (service: "{00001826-0000-1000-8000-00805f9b34fb}"
seg. ago. 3 19:33:33 2026 1785796413775 Debug: virtualdevices/virtualbike.cpp void virtualbike::writeCharacteristic(QLowEnergyService *, const QLowEnergyCharacteristic &, const QByteArray &) "virtualbike::writeCharacteristic Heart Rate Heart Rate Measurement 00 00"
seg. ago. 3 19:33:33 2026 1785796413776 Debug:   Write server characteristic with handle  19 "0000" (service: "{0000180d-0000-1000-8000-00805f9b34fb}"
seg. ago. 3 19:33:33 2026 1785796413816 Debug: virtualdevices/virtualbike.cpp void virtualbike::bikeProvider() "bikeProvider" 0 2000 true
seg. ago. 3 19:33:33 2026 1785796413817 Debug: virtualdevices/virtualbike.cpp void virtualbike::bikeProvider() "virtual bike connected"
seg. ago. 3 19:33:33 2026 1785796413818 Debug: virtualdevices/virtualbike.cpp void virtualbike::writeCharacteristic(QLowEnergyService *, const QLowEnergyCharacteristic &, const QByteArray &) "virtualbike::writeCharacteristic Unknown Service  64 02 97 04 8a 00 01 00 44 00 00 00"
seg. ago. 3 19:33:33 2026 1785796413820 Debug:   Write server characteristic with handle  9 "640297048a00010044000000" (service: "{00001826-0000-1000-8000-00805f9b34fb}"
seg. ago. 3 19:33:33 2026 1785796413821 Debug: virtualdevices/virtualbike.cpp void virtualbike::writeCharacteristic(QLowEnergyService *, const QLowEnergyCharacteristic &, const QByteArray &) "virtualbike::writeCharacteristic Heart Rate Heart Rate Measurement 00 00"
seg. ago. 3 19:33:33 2026 1785796413822 Debug:   Write server characteristic with handle  19 "0000" (service: "{0000180d-0000-1000-8000-00805f9b34fb}"
seg. ago. 3 19:33:33 2026 1785796413847 Debug:   Characteristic change notification "{00001826-0000-1000-8000-00805f9b34fb}" 47 "f5018a00240000010044003f000000ffffff"
seg. ago. 3 19:33:33 2026 1785796413848 Debug: devices/ftmsbike/ftmsbike.cpp void ftmsbike::characteristicChanged(const QLowEnergyCharacteristic &, const QByteArray &) "{00002ad2-0000-1000-8000-00805f9b34fb}" 18 " << " "f5 01 8a 00 24 00 00 01 00 44 00 3f 00 00 00 ff ff ff"
seg. ago. 3 19:33:33 2026 1785796413850 Debug: devices/bluetooth.cpp void bluetooth::debug(const QString &) "Current Cadence: 69"
seg. ago. 3 19:33:33 2026 1785796413851 Debug: devices/bluetooth.cpp void bluetooth::debug(const QString &) "Current Distance: 0.00988121"
seg. ago. 3 19:33:33 2026 1785796413852 Debug: devices/bluetooth.cpp void bluetooth::debug(const QString &) "Current Resistance: 1"
seg. ago. 3 19:33:33 2026 1785796413855 Debug: devices/bluetooth.cpp void bluetooth::debug(const QString &) "Current Watt: 68"
seg. ago. 3 19:33:33 2026 1785796413856 Debug: devices/bluetooth.cpp void bluetooth::debug(const QString &) "Current Average Watt: 63"
seg. ago. 3 19:33:33 2026 1785796413858 Debug: devices/bluetooth.cpp void bluetooth::debug(const QString &) "Current KCal: 0.616148"
seg. ago. 3 19:33:33 2026 1785796413860 Debug: devices/bluetoothdevice.cpp void bluetoothdevice::update_hr_from_external() WearOS Companion Heart: 0
seg. ago. 3 19:33:33 2026 1785796413861 Debug: ./inclinationresistancetable.h void inclinationResistanceTable::collectData(double, uint16_t, double) Skipping invalid data point: Incl: 0 Res: 1 Watt: 68
seg. ago. 3 19:33:33 2026 1785796413863 Debug: devices/bluetooth.cpp void bluetooth::debug(const QString &) "Current CrankRevs: 11"
seg. ago. 3 19:33:33 2026 1785796413864 Debug: devices/bluetooth.cpp void bluetooth::debug(const QString &) "Last CrankEventTime: 10422"
seg. ago. 3 19:33:33 2026 1785796413878 Debug: virtualdevices/virtualbike.cpp void virtualbike::bikeProvider() "bikeProvider" 0 2000 true
seg. ago. 3 19:33:33 2026 1785796413880 Debug: virtualdevices/virtualbike.cpp void virtualbike::bikeProvider() "virtual bike connected"
seg. ago. 3 19:33:33 2026 1785796413881 Debug: virtualdevices/virtualbike.cpp void virtualbike::writeCharacteristic(QLowEnergyService *, const QLowEnergyCharacteristic &, const QByteArray &) "virtualbike::writeCharacteristic Unknown Service  64 02 97 04 8a 00 01 00 44 00 00 00"
seg. ago. 3 19:33:33 2026 1785796413882 Debug:   Write server characteristic with handle  9 "640297048a00010044000000" (service: "{00001826-0000-1000-8000-00805f9b34fb}"
seg. ago. 3 19:33:33 2026 1785796413884 Debug: virtualdevices/virtualbike.cpp void virtualbike::writeCharacteristic(QLowEnergyService *, const QLowEnergyCharacteristic &, const QByteArray &) "virtualbike::writeCharacteristic Heart Rate Heart Rate Measurement 00 00"
seg. ago. 3 19:33:33 2026 1785796413885 Debug:   Write server characteristic with handle  19 "0000" (service: "{0000180d-0000-1000-8000-00805f9b34fb}"
seg. ago. 3 19:33:33 2026 1785796413886 Debug:   Characteristic change notification "{00001826-0000-1000-8000-00805f9b34fb}" 47 "002afc080006000d0000"
seg. ago. 3 19:33:33 2026 1785796413887 Debug: devices/ftmsbike/ftmsbike.cpp void ftmsbike::characteristicChanged(const QLowEnergyCharacteristic &, const QByteArray &) "{00002ad2-0000-1000-8000-00805f9b34fb}" 10 " << " "00 2a fc 08 00 06 00 0d 00 00"
seg. ago. 3 19:33:33 2026 1785796413890 Debug: devices/bluetooth.cpp void bluetooth::debug(const QString &) "Current Speed: 13.6816"
seg. ago. 3 19:33:33 2026 1785796413891 Debug: devices/bluetooth.cpp void bluetooth::debug(const QString &) "Current Distance: 0.0100256"
seg. ago. 3 19:33:33 2026 1785796413892 Debug: devices/bluetooth.cpp void bluetooth::debug(const QString &) "Current KCal: 0.620294"
seg. ago. 3 19:33:33 2026 1785796413894 Debug: devices/bluetooth.cpp void bluetooth::debug(const QString &) "Current Heart: 0"
seg. ago. 3 19:33:33 2026 1785796413895 Debug: devices/bluetoothdevice.cpp void bluetoothdevice::update_hr_from_external() WearOS Companion Heart: 0
seg. ago. 3 19:33:33 2026 1785796413896 Debug: ./inclinationresistancetable.h void inclinationResistanceTable::collectData(double, uint16_t, double) Skipping invalid data point: Incl: 0 Res: 1 Watt: 68
seg. ago. 3 19:33:33 2026 1785796413897 Debug: devices/bluetooth.cpp void bluetooth::debug(const QString &) "Current CrankRevs: 12"
seg. ago. 3 19:33:33 2026 1785796413898 Debug: devices/bluetooth.cpp void bluetooth::debug(const QString &) "Last CrankEventTime: 11312"
seg. ago. 3 19:33:33 2026 1785796413916 Debug: virtualdevices/virtualbike.cpp void virtualbike::bikeProvider() "bikeProvider" 0 2000 true
seg. ago. 3 19:33:33 2026 1785796413917 Debug: virtualdevices/virtualbike.cpp void virtualbike::bikeProvider() "virtual bike connected"
seg. ago. 3 19:33:33 2026 1785796413919 Debug: virtualdevices/virtualbike.cpp void virtualbike::writeCharacteristic(QLowEnergyService *, const QLowEnergyCharacteristic &, const QByteArray &) "virtualbike::writeCharacteristic Unknown Service  64 02 58 05 8a 00 01 00 44 00 00 00"
seg. ago. 3 19:33:33 2026 1785796413920 Debug:   Write server characteristic with handle  9 "640258058a00010044000000" (service: "{00001826-0000-1000-8000-00805f9b34fb}"
seg. ago. 3 19:33:33 2026 1785796413921 Debug: virtualdevices/virtualbike.cpp void virtualbike::writeCharacteristic(QLowEnergyService *, const QLowEnergyCharacteristic &, const QByteArray &) "virtualbike::writeCharacteristic Heart Rate Heart Rate Measurement 00 00"
seg. ago. 3 19:33:33 2026 1785796413922 Debug:   Write server characteristic with handle  19 "0000" (service: "{0000180d-0000-1000-8000-00805f9b34fb}"
seg. ago. 3 19:33:33 2026 1785796413966 Debug: virtualdevices/virtualbike.cpp void virtualbike::bikeProvider() "bikeProvider" 0 2000 true
seg. ago. 3 19:33:33 2026 1785796413968 Debug: virtualdevices/virtualbike.cpp void virtualbike::bikeProvider() "virtual bike connected"
seg. ago. 3 19:33:33 2026 1785796413971 Debug: virtualdevices/virtualbike.cpp void virtualbike::writeCharacteristic(QLowEnergyService *, const QLowEnergyCharacteristic &, const QByteArray &) "virtualbike::writeCharacteristic Unknown Service  64 02 58 05 8a 00 01 00 44 00 00 00"
seg. ago. 3 19:33:33 2026 1785796413972 Debug:   Write server characteristic with handle  9 "640258058a00010044000000" (service: "{00001826-0000-1000-8000-00805f9b34fb}"
seg. ago. 3 19:33:33 2026 1785796413974 Debug: virtualdevices/virtualbike.cpp void virtualbike::writeCharacteristic(QLowEnergyService *, const QLowEnergyCharacteristic &, const QByteArray &) "virtualbike::writeCharacteristic Heart Rate Heart Rate Measurement 00 00"
seg. ago. 3 19:33:33 2026 1785796413975 Debug:   Write server characteristic with handle  19 "0000" (service: "{0000180d-0000-1000-8000-00805f9b34fb}"
seg. ago. 3 19:33:34 2026 1785796414017 Debug: virtualdevices/virtualbike.cpp void virtualbike::bikeProvider() "bikeProvider" 0 2000 true
seg. ago. 3 19:33:34 2026 1785796414018 Debug: virtualdevices/virtualbike.cpp void virtualbike::bikeProvider() "virtual bike connected"
seg. ago. 3 19:33:34 2026 1785796414020 Debug: virtualdevices/virtualbike.cpp void virtualbike::writeCharacteristic(QLowEnergyService *, const QLowEnergyCharacteristic &, const QByteArray &) "virtualbike::writeCharacteristic Unknown Service  64 02 58 05 8a 00 01 00 44 00 00 00"
seg. ago. 3 19:33:34 2026 1785796414021 Debug:   Write server characteristic with handle  9 "640258058a00010044000000" (service: "{00001826-0000-1000-8000-00805f9b34fb}"
seg. ago. 3 19:33:34 2026 1785796414022 Debug: virtualdevices/virtualbike.cpp void virtualbike::writeCharacteristic(QLowEnergyService *, const QLowEnergyCharacteristic &, const QByteArray &) "virtualbike::writeCharacteristic Heart Rate Heart Rate Measurement 00 00"
seg. ago. 3 19:33:34 2026 1785796414023 Debug:   Write server characteristic with handle  19 "0000" (service: "{0000180d-0000-1000-8000-00805f9b34fb}"
seg. ago. 3 19:33:34 2026 1785796414069 Debug: virtualdevices/virtualbike.cpp void virtualbike::bikeProvider() "bikeProvider" 0 2000 true
seg. ago. 3 19:33:34 2026 1785796414071 Debug: virtualdevices/virtualbike.cpp void virtualbike::bikeProvider() "virtual bike connected"
seg. ago. 3 19:33:34 2026 1785796414073 Debug: virtualdevices/virtualbike.cpp void virtualbike::writeCharacteristic(QLowEnergyService *, const QLowEnergyCharacteristic &, const QByteArray &) "virtualbike::writeCharacteristic Unknown Service  64 02 58 05 8a 00 01 00 44 00 00 00"
seg. ago. 3 19:33:34 2026 1785796414073 Debug:   Write server characteristic with handle  9 "640258058a00010044000000" (service: "{00001826-0000-1000-8000-00805f9b34fb}"
seg. ago. 3 19:33:34 2026 1785796414075 Debug: virtualdevices/virtualbike.cpp void virtualbike::writeCharacteristic(QLowEnergyService *, const QLowEnergyCharacteristic &, const QByteArray &) "virtualbike::writeCharacteristic Heart Rate Heart Rate Measurement 00 00"
seg. ago. 3 19:33:34 2026 1785796414076 Debug:   Write server characteristic with handle  19 "0000" (service: "{0000180d-0000-1000-8000-00805f9b34fb}"
seg. ago. 3 19:33:34 2026 1785796414116 Debug: virtualdevices/virtualbike.cpp void virtualbike::bikeProvider() "bikeProvider" 0 2000 true
seg. ago. 3 19:33:34 2026 1785796414117 Debug: virtualdevices/virtualbike.cpp void virtualbike::bikeProvider() "virtual bike connected"
seg. ago. 3 19:33:34 2026 1785796414119 Debug: virtualdevices/virtualbike.cpp void virtualbike::writeCharacteristic(QLowEnergyService *, const QLowEnergyCharacteristic &, const QByteArray &) "virtualbike::writeCharacteristic Unknown Service  64 02 58 05 8a 00 01 00 44 00 00 00"
seg. ago. 3 19:33:34 2026 1785796414120 Debug:   Write server characteristic with handle  9 "640258058a00010044000000" (service: "{00001826-0000-1000-8000-00805f9b34fb}"
seg. ago. 3 19:33:34 2026 1785796414121 Debug: virtualdevices/virtualbike.cpp void virtualbike::writeCharacteristic(QLowEnergyService *, const QLowEnergyCharacteristic &, const QByteArray &) "virtualbike::writeCharacteristic Heart Rate Heart Rate Measurement 00 00"
seg. ago. 3 19:33:34 2026 1785796414122 Debug:   Write server characteristic with handle  19 "0000" (service: "{0000180d-0000-1000-8000-00805f9b34fb}"
seg. ago. 3 19:33:34 2026 1785796414165 Debug: virtualdevices/virtualbike.cpp void virtualbike::bikeProvider() "bikeProvider" 0 2000 true
seg. ago. 3 19:33:34 2026 1785796414166 Debug: virtualdevices/virtualbike.cpp void virtualbike::bikeProvider() "virtual bike connected"
seg. ago. 3 19:33:34 2026 1785796414168 Debug: virtualdevices/virtualbike.cpp void virtualbike::writeCharacteristic(QLowEnergyService *, const QLowEnergyCharacteristic &, const QByteArray &) "virtualbike::writeCharacteristic Unknown Service  64 02 58 05 8a 00 01 00 44 00 00 00"
seg. ago. 3 19:33:34 2026 1785796414169 Debug:   Write server characteristic with handle  9 "640258058a00010044000000" (service: "{00001826-0000-1000-8000-00805f9b34fb}"
seg. ago. 3 19:33:34 2026 1785796414170 Debug: virtualdevices/virtualbike.cpp void virtualbike::writeCharacteristic(QLowEnergyService *, const QLowEnergyCharacteristic &, const QByteArray &) "virtualbike::writeCharacteristic Heart Rate Heart Rate Measurement 00 00"
seg. ago. 3 19:33:34 2026 1785796414171 Debug:   Write server characteristic with handle  19 "0000" (service: "{0000180d-0000-1000-8000-00805f9b34fb}"
seg. ago. 3 19:33:34 2026 1785796414216 Debug: virtualdevices/virtualbike.cpp void virtualbike::bikeProvider() "bikeProvider" 0 2000 true
seg. ago. 3 19:33:34 2026 1785796414217 Debug: virtualdevices/virtualbike.cpp void virtualbike::bikeProvider() "virtual bike connected"
seg. ago. 3 19:33:34 2026 1785796414219 Debug: virtualdevices/virtualbike.cpp void virtualbike::writeCharacteristic(QLowEnergyService *, const QLowEnergyCharacteristic &, const QByteArray &) "virtualbike::writeCharacteristic Unknown Service  64 02 58 05 8a 00 01 00 44 00 00 00"
seg. ago. 3 19:33:34 2026 1785796414220 Debug:   Write server characteristic with handle  9 "640258058a00010044000000" (service: "{00001826-0000-1000-8000-00805f9b34fb}"
seg. ago. 3 19:33:34 2026 1785796414222 Debug: virtualdevices/virtualbike.cpp void virtualbike::writeCharacteristic(QLowEnergyService *, const QLowEnergyCharacteristic &, const QByteArray &) "virtualbike::writeCharacteristic Heart Rate Heart Rate Measurement 00 00"
seg. ago. 3 19:33:34 2026 1785796414223 Debug:   Write server characteristic with handle  19 "0000" (service: "{0000180d-0000-1000-8000-00805f9b34fb}"
seg. ago. 3 19:33:34 2026 1785796414261 Debug: homeform.cpp void homeform::update() homeform::update fired! elapsed: 1000 jitter: -132
seg. ago. 3 19:33:34 2026 1785796414272 Debug: homeform.cpp void homeform::update() homeform::update tiles updated!
seg. ago. 3 19:33:34 2026 1785796414274 Debug: homeform.cpp void homeform::update() Current Distance 1s: 0.0137152 13.6816 68
seg. ago. 3 19:33:34 2026 1785796414281 Debug: templateinfosender.cpp bool TemplateInfoSender::update(QJSEngine *) "eval res " "{\"msg\":\"workout\",\"content\":{\"BIKE_TYPE\":2,\"ELLIPTICAL_TYPE\":4,\"ROWING_TYPE\":3,\"TREADMILL_TYPE\":1,\"UNKNOWN_TYPE\":0,\"deviceId\":\"B8:F8:62:6D:A8:D6\",\"deviceName\":\"YPBM001264\",\"deviceRSSI\":-33,\"deviceType\":2,\"deviceConnected\":true,\"devicePaused\":false,\"elapsed_s\":5,\"elapsed_m\":0,\"elapsed_h\":0,\"lapelapsed_s\":5,\"lapelapsed_m\":0,\"lapelapsed_h\":0,\"pace_s\":23,\"pace_m\":4,\"pace_h\":0,\"pace_color\":\"white\",\"avgpace_s\":17,\"avgpace_m\":7,\"avgpace_h\":0,\"maxpace_s\":23,\"maxpace_m\":4,\"maxpace_h\":0,\"moving_s\":5,\"moving_m\":0,\"moving_h\":0,\"speed\":13.68156737482445,\"speed_avg\":8.229126083596597,\"speed_color\":\"white\",\"speed_lapavg\":8.229126083596597,\"speed_lapmax\":13.68156737482445,\"calories\":0.6202942830000001,\"distance\":0.01002562399957136,\"heart\":0,\"heart_color\":\"lightsteelblue\",\"heart_avg\":0,\"heart_lapavg\":0,\"heart_max\":0,\"heart_lapmax\":0,\"target_heart_above\":0,\"target_heart_below\":0,\"jouls\":337.193,\"elevation\":0,\"difficult\":1,\"watts\":68,\"watts_avg\":63,\"watts_color\":\"white\",\"watts_lapavg\":63,\"watts_max\":68,\"watts_lapmax\":68,\"kgwatts\":0.8095238095238095,\"kgwatts_avg\":0.7433862433862436,\"kgwatts_max\":0.8095238095238095,\"workoutName\":\"Ride\",\"workoutStartDate\":\"seg. ago. 3 19:33:22 2026\",\"instructorName\":\"\",\"latitude\":null,\"longitude\":null,\"altitude\":null,\"peloton_offset\":0,\"peloton_ask_start\":false,\"autoresistance\":true,\"nextrow\":\"N/A\",\"training_row_index\":0,\"training_row_elapsed\":0,\"training_row_open_ended\":false,\"training_row_wait_for_lap\":false,\"row_remaining_time_s\":0,\"row_remaining_time_m\":0,\"row_remaining_time_h\":0,\"remaining_time_s\":0,\"remaining_time_m\":0,\"remaining_time_h\":0,\"nickName\":\"N/A\",\"gears\":0,\"target_resistance\":0,\"target_peloton_resistance\":0,\"target_cadence\":0,\"target_power\":0,\"power_zone\":1.6071428571428572,\"power_zone_lapavg\":1.2596153846153846,\"power_zone_lapmax\":1.6071428571428572,\"target_power_zone\":1,\"power_zone_color\":\"white\",\"target_power_zone_color\":\"white\",\"peloton_resistance\":36.092024542900106,\"peloton_resistance_avg\":36.05210947446578,\"peloton_resistance_color\":\"white\",\"peloton_resistance_lapavg\":36.05210947446578,\"peloton_resistance_lapmax\":36.892275011814434,\"peloton_req_resistance\":0,\"cadence\":69,\"cadence_color\":\"white\",\"cadence_avg\":65.33333333333333,\"cadence_lapavg\":65.33333333333333,\"cadence_lapmax\":69,\"resistance\":1,\"resistance_avg\":1,\"resistance_lapavg\":1,\"resistance_lapmax\":1,\"cranks\":12,\"cranktime\":11312,\"req_power\":0,\"req_cadence\":0,\"req_resistance\":0,\"inclination\":0,\"inclination_avg\":0}}"
seg. ago. 3 19:33:34 2026 1785796414296 Debug: virtualdevices/virtualbike.cpp void virtualbike::bikeProvider() "bikeProvider" 0 2000 true
seg. ago. 3 19:33:34 2026 1785796414297 Debug: virtualdevices/virtualbike.cpp void virtualbike::bikeProvider() "virtual bike connected"
seg. ago. 3 19:33:34 2026 1785796414299 Debug: virtualdevices/virtualbike.cpp void virtualbike::writeCharacteristic(QLowEnergyService *, const QLowEnergyCharacteristic &, const QByteArray &) "virtualbike::writeCharacteristic Unknown Service  64 02 58 05 8a 00 01 00 44 00 00 00"
seg. ago. 3 19:33:34 2026 1785796414300 Debug:   Write server characteristic with handle  9 "640258058a00010044000000" (service: "{00001826-0000-1000-8000-00805f9b34fb}"
seg. ago. 3 19:33:34 2026 1785796414301 Debug: virtualdevices/virtualbike.cpp void virtualbike::writeCharacteristic(QLowEnergyService *, const QLowEnergyCharacteristic &, const QByteArray &) "virtualbike::writeCharacteristic Heart Rate Heart Rate Measurement 00 00"
seg. ago. 3 19:33:34 2026 1785796414302 Debug:   Write server characteristic with handle  19 "0000" (service: "{0000180d-0000-1000-8000-00805f9b34fb}"
seg. ago. 3 19:33:34 2026 1785796414317 Debug: virtualdevices/virtualbike.cpp void virtualbike::bikeProvider() "bikeProvider" 0 2000 true
seg. ago. 3 19:33:34 2026 1785796414318 Debug: virtualdevices/virtualbike.cpp void virtualbike::bikeProvider() "virtual bike connected"
seg. ago. 3 19:33:34 2026 1785796414320 Debug: virtualdevices/virtualbike.cpp void virtualbike::writeCharacteristic(QLowEnergyService *, const QLowEnergyCharacteristic &, const QByteArray &) "virtualbike::writeCharacteristic Unknown Service  64 02 58 05 8a 00 01 00 44 00 00 00"
seg. ago. 3 19:33:34 2026 1785796414321 Debug:   Write server characteristic with handle  9 "640258058a00010044000000" (service: "{00001826-0000-1000-8000-00805f9b34fb}"
seg. ago. 3 19:33:34 2026 1785796414322 Debug: virtualdevices/virtualbike.cpp void virtualbike::writeCharacteristic(QLowEnergyService *, const QLowEnergyCharacteristic &, const QByteArray &) "virtualbike::writeCharacteristic Heart Rate Heart Rate Measurement 00 00"
seg. ago. 3 19:33:34 2026 1785796414323 Debug:   Write server characteristic with handle  19 "0000" (service: "{0000180d-0000-1000-8000-00805f9b34fb}"
seg. ago. 3 19:33:34 2026 1785796414366 Debug: virtualdevices/virtualbike.cpp void virtualbike::bikeProvider() "bikeProvider" 0 2000 true
seg. ago. 3 19:33:34 2026 1785796414367 Debug: virtualdevices/virtualbike.cpp void virtualbike::bikeProvider() "virtual bike connected"
seg. ago. 3 19:33:34 2026 1785796414369 Debug: virtualdevices/virtualbike.cpp void virtualbike::writeCharacteristic(QLowEnergyService *, const QLowEnergyCharacteristic &, const QByteArray &) "virtualbike::writeCharacteristic Unknown Service  64 02 58 05 8a 00 01 00 44 00 00 00"
seg. ago. 3 19:33:34 2026 1785796414370 Debug:   Write server characteristic with handle  9 "640258058a00010044000000" (service: "{00001826-0000-1000-8000-00805f9b34fb}"
seg. ago. 3 19:33:34 2026 1785796414371 Debug: virtualdevices/virtualbike.cpp void virtualbike::writeCharacteristic(QLowEnergyService *, const QLowEnergyCharacteristic &, const QByteArray &) "virtualbike::writeCharacteristic Heart Rate Heart Rate Measurement 00 00"
seg. ago. 3 19:33:34 2026 1785796414372 Debug:   Write server characteristic with handle  19 "0000" (service: "{0000180d-0000-1000-8000-00805f9b34fb}"
seg. ago. 3 19:33:34 2026 1785796414415 Debug: virtualdevices/virtualbike.cpp void virtualbike::bikeProvider() "bikeProvider" 0 2000 true
seg. ago. 3 19:33:34 2026 1785796414416 Debug: virtualdevices/virtualbike.cpp void virtualbike::bikeProvider() "virtual bike connected"
seg. ago. 3 19:33:34 2026 1785796414417 Debug: virtualdevices/virtualbike.cpp void virtualbike::writeCharacteristic(QLowEnergyService *, const QLowEnergyCharacteristic &, const QByteArray &) "virtualbike::writeCharacteristic Unknown Service  64 02 58 05 8a 00 01 00 44 00 00 00"
seg. ago. 3 19:33:34 2026 1785796414418 Debug:   Write server characteristic with handle  9 "640258058a00010044000000" (service: "{00001826-0000-1000-8000-00805f9b34fb}"
seg. ago. 3 19:33:34 2026 1785796414420 Debug: virtualdevices/virtualbike.cpp void virtualbike::writeCharacteristic(QLowEnergyService *, const QLowEnergyCharacteristic &, const QByteArray &) "virtualbike::writeCharacteristic Heart Rate Heart Rate Measurement 00 00"
seg. ago. 3 19:33:34 2026 1785796414421 Debug:   Write server characteristic with handle  19 "0000" (service: "{0000180d-0000-1000-8000-00805f9b34fb}"
seg. ago. 3 19:33:34 2026 1785796414469 Debug: virtualdevices/virtualbike.cpp void virtualbike::bikeProvider() "bikeProvider" 0 2000 true
seg. ago. 3 19:33:34 2026 1785796414470 Debug: virtualdevices/virtualbike.cpp void virtualbike::bikeProvider() "virtual bike connected"
seg. ago. 3 19:33:34 2026 1785796414471 Debug: virtualdevices/virtualbike.cpp void virtualbike::writeCharacteristic(QLowEnergyService *, const QLowEnergyCharacteristic &, const QByteArray &) "virtualbike::writeCharacteristic Unknown Service  64 02 58 05 8a 00 01 00 44 00 00 00"
seg. ago. 3 19:33:34 2026 1785796414472 Debug:   Write server characteristic with handle  9 "640258058a00010044000000" (service: "{00001826-0000-1000-8000-00805f9b34fb}"
seg. ago. 3 19:33:34 2026 1785796414473 Debug: virtualdevices/virtualbike.cpp void virtualbike::writeCharacteristic(QLowEnergyService *, const QLowEnergyCharacteristic &, const QByteArray &) "virtualbike::writeCharacteristic Heart Rate Heart Rate Measurement 00 00"
seg. ago. 3 19:33:34 2026 1785796414474 Debug:   Write server characteristic with handle  19 "0000" (service: "{0000180d-0000-1000-8000-00805f9b34fb}"
seg. ago. 3 19:33:34 2026 1785796414517 Debug: virtualdevices/virtualbike.cpp void virtualbike::bikeProvider() "bikeProvider" 0 2000 true
seg. ago. 3 19:33:34 2026 1785796414518 Debug: virtualdevices/virtualbike.cpp void virtualbike::bikeProvider() "virtual bike connected"
seg. ago. 3 19:33:34 2026 1785796414520 Debug: virtualdevices/virtualbike.cpp void virtualbike::writeCharacteristic(QLowEnergyService *, const QLowEnergyCharacteristic &, const QByteArray &) "virtualbike::writeCharacteristic Unknown Service  64 02 58 05 8a 00 01 00 44 00 00 00"
seg. ago. 3 19:33:34 2026 1785796414521 Debug:   Write server characteristic with handle  9 "640258058a00010044000000" (service: "{00001826-0000-1000-8000-00805f9b34fb}"
seg. ago. 3 19:33:34 2026 1785796414522 Debug: virtualdevices/virtualbike.cpp void virtualbike::writeCharacteristic(QLowEnergyService *, const QLowEnergyCharacteristic &, const QByteArray &) "virtualbike::writeCharacteristic Heart Rate Heart Rate Measurement 00 00"
seg. ago. 3 19:33:34 2026 1785796414523 Debug:   Write server characteristic with handle  19 "0000" (service: "{0000180d-0000-1000-8000-00805f9b34fb}"
seg. ago. 3 19:33:34 2026 1785796414565 Debug: virtualdevices/virtualbike.cpp void virtualbike::bikeProvider() "bikeProvider" 0 2000 true
seg. ago. 3 19:33:34 2026 1785796414566 Debug: virtualdevices/virtualbike.cpp void virtualbike::bikeProvider() "virtual bike connected"
seg. ago. 3 19:33:34 2026 1785796414568 Debug: virtualdevices/virtualbike.cpp void virtualbike::writeCharacteristic(QLowEnergyService *, const QLowEnergyCharacteristic &, const QByteArray &) "virtualbike::writeCharacteristic Unknown Service  64 02 58 05 8a 00 01 00 44 00 00 00"
seg. ago. 3 19:33:34 2026 1785796414568 Debug:   Write server characteristic with handle  9 "640258058a00010044000000" (service: "{00001826-0000-1000-8000-00805f9b34fb}"
seg. ago. 3 19:33:34 2026 1785796414570 Debug: virtualdevices/virtualbike.cpp void virtualbike::writeCharacteristic(QLowEnergyService *, const QLowEnergyCharacteristic &, const QByteArray &) "virtualbike::writeCharacteristic Heart Rate Heart Rate Measurement 00 00"
seg. ago. 3 19:33:34 2026 1785796414570 Debug:   Write server characteristic with handle  19 "0000" (service: "{0000180d-0000-1000-8000-00805f9b34fb}"
seg. ago. 3 19:33:34 2026 1785796414615 Debug: virtualdevices/virtualbike.cpp void virtualbike::bikeProvider() "bikeProvider" 0 2000 true
seg. ago. 3 19:33:34 2026 1785796414616 Debug: virtualdevices/virtualbike.cpp void virtualbike::bikeProvider() "virtual bike connected"
seg. ago. 3 19:33:34 2026 1785796414617 Debug: virtualdevices/virtualbike.cpp void virtualbike::writeCharacteristic(QLowEnergyService *, const QLowEnergyCharacteristic &, const QByteArray &) "virtualbike::writeCharacteristic Unknown Service  64 02 58 05 8a 00 01 00 44 00 00 00"
seg. ago. 3 19:33:34 2026 1785796414618 Debug:   Write server characteristic with handle  9 "640258058a00010044000000" (service: "{00001826-0000-1000-8000-00805f9b34fb}"
seg. ago. 3 19:33:34 2026 1785796414619 Debug: virtualdevices/virtualbike.cpp void virtualbike::writeCharacteristic(QLowEnergyService *, const QLowEnergyCharacteristic &, const QByteArray &) "virtualbike::writeCharacteristic Heart Rate Heart Rate Measurement 00 00"
seg. ago. 3 19:33:34 2026 1785796414620 Debug:   Write server characteristic with handle  19 "0000" (service: "{0000180d-0000-1000-8000-00805f9b34fb}"
seg. ago. 3 19:33:34 2026 1785796414662 Debug: ./ergtable.h void ergTable::updateDataTable(const CadenceResistancePair &) Added/Updated point: C: 69 W: 68 R: 1
seg. ago. 3 19:33:34 2026 1785796414689 Debug: virtualdevices/virtualbike.cpp void virtualbike::bikeProvider() "bikeProvider" 0 2000 true
seg. ago. 3 19:33:34 2026 1785796414690 Debug: virtualdevices/virtualbike.cpp void virtualbike::bikeProvider() "virtual bike connected"
seg. ago. 3 19:33:34 2026 1785796414693 Debug: virtualdevices/virtualbike.cpp void virtualbike::writeCharacteristic(QLowEnergyService *, const QLowEnergyCharacteristic &, const QByteArray &) "virtualbike::writeCharacteristic Unknown Service  64 02 58 05 8a 00 01 00 44 00 00 00"
seg. ago. 3 19:33:34 2026 1785796414694 Debug:   Write server characteristic with handle  9 "640258058a00010044000000" (service: "{00001826-0000-1000-8000-00805f9b34fb}"
seg. ago. 3 19:33:34 2026 1785796414697 Debug: virtualdevices/virtualbike.cpp void virtualbike::writeCharacteristic(QLowEnergyService *, const QLowEnergyCharacteristic &, const QByteArray &) "virtualbike::writeCharacteristic Heart Rate Heart Rate Measurement 00 00"
seg. ago. 3 19:33:34 2026 1785796414698 Debug:   Write server characteristic with handle  19 "0000" (service: "{0000180d-0000-1000-8000-00805f9b34fb}"
seg. ago. 3 19:33:34 2026 1785796414719 Debug: virtualdevices/virtualbike.cpp void virtualbike::bikeProvider() "bikeProvider" 0 2000 true
seg. ago. 3 19:33:34 2026 1785796414720 Debug: virtualdevices/virtualbike.cpp void virtualbike::bikeProvider() "virtual bike connected"
seg. ago. 3 19:33:34 2026 1785796414722 Debug: virtualdevices/virtualbike.cpp void virtualbike::writeCharacteristic(QLowEnergyService *, const QLowEnergyCharacteristic &, const QByteArray &) "virtualbike::writeCharacteristic Unknown Service  64 02 58 05 8a 00 01 00 44 00 00 00"
seg. ago. 3 19:33:34 2026 1785796414723 Debug:   Write server characteristic with handle  9 "640258058a00010044000000" (service: "{00001826-0000-1000-8000-00805f9b34fb}"
seg. ago. 3 19:33:34 2026 1785796414724 Debug: virtualdevices/virtualbike.cpp void virtualbike::writeCharacteristic(QLowEnergyService *, const QLowEnergyCharacteristic &, const QByteArray &) "virtualbike::writeCharacteristic Heart Rate Heart Rate Measurement 00 00"
seg. ago. 3 19:33:34 2026 1785796414725 Debug:   Write server characteristic with handle  19 "0000" (service: "{0000180d-0000-1000-8000-00805f9b34fb}"
seg. ago. 3 19:33:34 2026 1785796414773 Debug: virtualdevices/virtualbike.cpp void virtualbike::bikeProvider() "bikeProvider" 0 2000 true
seg. ago. 3 19:33:34 2026 1785796414774 Debug: virtualdevices/virtualbike.cpp void virtualbike::bikeProvider() "virtual bike connected"
seg. ago. 3 19:33:34 2026 1785796414776 Debug: virtualdevices/virtualbike.cpp void virtualbike::writeCharacteristic(QLowEnergyService *, const QLowEnergyCharacteristic &, const QByteArray &) "virtualbike::writeCharacteristic Unknown Service  64 02 58 05 8a 00 01 00 44 00 00 00"
seg. ago. 3 19:33:34 2026 1785796414777 Debug:   Write server characteristic with handle  9 "640258058a00010044000000" (service: "{00001826-0000-1000-8000-00805f9b34fb}"
seg. ago. 3 19:33:34 2026 1785796414779 Debug: virtualdevices/virtualbike.cpp void virtualbike::writeCharacteristic(QLowEnergyService *, const QLowEnergyCharacteristic &, const QByteArray &) "virtualbike::writeCharacteristic Heart Rate Heart Rate Measurement 00 00"
seg. ago. 3 19:33:34 2026 1785796414780 Debug:   Write server characteristic with handle  19 "0000" (service: "{0000180d-0000-1000-8000-00805f9b34fb}"
seg. ago. 3 19:33:34 2026 1785796414820 Debug: virtualdevices/virtualbike.cpp void virtualbike::bikeProvider() "bikeProvider" 0 2000 true
seg. ago. 3 19:33:34 2026 1785796414822 Debug: virtualdevices/virtualbike.cpp void virtualbike::bikeProvider() "virtual bike connected"
seg. ago. 3 19:33:34 2026 1785796414824 Debug: virtualdevices/virtualbike.cpp void virtualbike::writeCharacteristic(QLowEnergyService *, const QLowEnergyCharacteristic &, const QByteArray &) "virtualbike::writeCharacteristic Unknown Service  64 02 58 05 8a 00 01 00 44 00 00 00"
seg. ago. 3 19:33:34 2026 1785796414825 Debug:   Write server characteristic with handle  9 "640258058a00010044000000" (service: "{00001826-0000-1000-8000-00805f9b34fb}"
seg. ago. 3 19:33:34 2026 1785796414828 Debug: virtualdevices/virtualbike.cpp void virtualbike::writeCharacteristic(QLowEnergyService *, const QLowEnergyCharacteristic &, const QByteArray &) "virtualbike::writeCharacteristic Heart Rate Heart Rate Measurement 00 00"
seg. ago. 3 19:33:34 2026 1785796414829 Debug:   Write server characteristic with handle  19 "0000" (service: "{0000180d-0000-1000-8000-00805f9b34fb}"
seg. ago. 3 19:33:34 2026 1785796414855 Debug:   Characteristic change notification "{00001826-0000-1000-8000-00805f9b34fb}" 47 "f5018a002a00000100440041000000ffffff"
seg. ago. 3 19:33:34 2026 1785796414857 Debug: devices/ftmsbike/ftmsbike.cpp void ftmsbike::characteristicChanged(const QLowEnergyCharacteristic &, const QByteArray &) "{00002ad2-0000-1000-8000-00805f9b34fb}" 18 " << " "f5 01 8a 00 2a 00 00 01 00 44 00 41 00 00 00 ff ff ff"
seg. ago. 3 19:33:34 2026 1785796414859 Debug: devices/bluetooth.cpp void bluetooth::debug(const QString &) "Current Cadence: 69"
seg. ago. 3 19:33:34 2026 1785796414861 Debug: devices/bluetooth.cpp void bluetooth::debug(const QString &) "Current Distance: 0.013712"
seg. ago. 3 19:33:34 2026 1785796414864 Debug: devices/bluetooth.cpp void bluetooth::debug(const QString &) "Current Resistance: 1"
seg. ago. 3 19:33:34 2026 1785796414868 Debug: devices/bluetooth.cpp void bluetooth::debug(const QString &) "Current Watt: 68"
seg. ago. 3 19:33:34 2026 1785796414869 Debug: devices/bluetooth.cpp void bluetooth::debug(const QString &) "Current Average Watt: 65"
seg. ago. 3 19:33:34 2026 1785796414872 Debug: devices/bluetooth.cpp void bluetooth::debug(const QString &) "Current KCal: 0.726144"
seg. ago. 3 19:33:34 2026 1785796414874 Debug: devices/bluetoothdevice.cpp void bluetoothdevice::update_hr_from_external() WearOS Companion Heart: 0
seg. ago. 3 19:33:34 2026 1785796414876 Debug: ./inclinationresistancetable.h void inclinationResistanceTable::collectData(double, uint16_t, double) Skipping invalid data point: Incl: 0 Res: 1 Watt: 68
seg. ago. 3 19:33:34 2026 1785796414884 Debug: devices/bluetooth.cpp void bluetooth::debug(const QString &) "Current CrankRevs: 13"
seg. ago. 3 19:33:34 2026 1785796414885 Debug: devices/bluetooth.cpp void bluetooth::debug(const QString &) "Last CrankEventTime: 12202"
seg. ago. 3 19:33:34 2026 1785796414887 Debug: ./ergtable.h void ergTable::updateDataTable(const CadenceResistancePair &) Added/Updated point: C: 69 W: 68 R: 1
seg. ago. 3 19:33:34 2026 1785796414906 Debug: virtualdevices/virtualbike.cpp void virtualbike::bikeProvider() "bikeProvider" 0 2000 true
seg. ago. 3 19:33:34 2026 1785796414907 Debug: virtualdevices/virtualbike.cpp void virtualbike::bikeProvider() "virtual bike connected"
seg. ago. 3 19:33:34 2026 1785796414909 Debug: virtualdevices/virtualbike.cpp void virtualbike::writeCharacteristic(QLowEnergyService *, const QLowEnergyCharacteristic &, const QByteArray &) "virtualbike::writeCharacteristic Unknown Service  64 02 58 05 8a 00 01 00 44 00 00 00"
seg. ago. 3 19:33:34 2026 1785796414910 Debug:   Write server characteristic with handle  9 "640258058a00010044000000" (service: "{00001826-0000-1000-8000-00805f9b34fb}"
seg. ago. 3 19:33:34 2026 1785796414912 Debug: virtualdevices/virtualbike.cpp void virtualbike::writeCharacteristic(QLowEnergyService *, const QLowEnergyCharacteristic &, const QByteArray &) "virtualbike::writeCharacteristic Heart Rate Heart Rate Measurement 00 00"
seg. ago. 3 19:33:34 2026 1785796414913 Debug:   Write server characteristic with handle  19 "0000" (service: "{0000180d-0000-1000-8000-00805f9b34fb}"
seg. ago. 3 19:33:34 2026 1785796414914 Debug:   Characteristic change notification "{00001826-0000-1000-8000-00805f9b34fb}" 47 "002afc080007000f0000"
seg. ago. 3 19:33:34 2026 1785796414916 Debug: devices/ftmsbike/ftmsbike.cpp void ftmsbike::characteristicChanged(const QLowEnergyCharacteristic &, const QByteArray &) "{00002ad2-0000-1000-8000-00805f9b34fb}" 10 " << " "00 2a fc 08 00 07 00 0f 00 00"
seg. ago. 3 19:33:34 2026 1785796414918 Debug: devices/bluetooth.cpp void bluetooth::debug(const QString &) "Current Speed: 15.3711"
seg. ago. 3 19:33:34 2026 1785796414919 Debug: devices/bluetooth.cpp void bluetooth::debug(const QString &) "Current Distance: 0.013964"
seg. ago. 3 19:33:34 2026 1785796414921 Debug: devices/bluetooth.cpp void bluetooth::debug(const QString &) "Current KCal: 0.732582"
seg. ago. 3 19:33:34 2026 1785796414923 Debug: devices/bluetooth.cpp void bluetooth::debug(const QString &) "Current Heart: 0"
seg. ago. 3 19:33:34 2026 1785796414924 Debug: devices/bluetoothdevice.cpp void bluetoothdevice::update_hr_from_external() WearOS Companion Heart: 0
seg. ago. 3 19:33:34 2026 1785796414926 Debug: ./inclinationresistancetable.h void inclinationResistanceTable::collectData(double, uint16_t, double) Skipping invalid data point: Incl: 0 Res: 1 Watt: 68
seg. ago. 3 19:33:34 2026 1785796414927 Debug: devices/bluetooth.cpp void bluetooth::debug(const QString &) "Current CrankRevs: 14"
seg. ago. 3 19:33:34 2026 1785796414928 Debug: devices/bluetooth.cpp void bluetooth::debug(const QString &) "Last CrankEventTime: 13092"
seg. ago. 3 19:33:34 2026 1785796414935 Debug: virtualdevices/virtualbike.cpp void virtualbike::bikeProvider() "bikeProvider" 0 2000 true
seg. ago. 3 19:33:34 2026 1785796414936 Debug: virtualdevices/virtualbike.cpp void virtualbike::bikeProvider() "virtual bike connected"
seg. ago. 3 19:33:34 2026 1785796414938 Debug: virtualdevices/virtualbike.cpp void virtualbike::writeCharacteristic(QLowEnergyService *, const QLowEnergyCharacteristic &, const QByteArray &) "virtualbike::writeCharacteristic Unknown Service  64 02 01 06 8a 00 01 00 44 00 00 00"
seg. ago. 3 19:33:34 2026 1785796414940 Debug:   Write server characteristic with handle  9 "640201068a00010044000000" (service: "{00001826-0000-1000-8000-00805f9b34fb}"
seg. ago. 3 19:33:34 2026 1785796414942 Debug: virtualdevices/virtualbike.cpp void virtualbike::writeCharacteristic(QLowEnergyService *, const QLowEnergyCharacteristic &, const QByteArray &) "virtualbike::writeCharacteristic Heart Rate Heart Rate Measurement 00 00"
seg. ago. 3 19:33:34 2026 1785796414943 Debug:   Write server characteristic with handle  19 "0000" (service: "{0000180d-0000-1000-8000-00805f9b34fb}"
seg. ago. 3 19:33:34 2026 1785796414966 Debug: virtualdevices/virtualbike.cpp void virtualbike::bikeProvider() "bikeProvider" 0 2000 true
seg. ago. 3 19:33:34 2026 1785796414967 Debug: virtualdevices/virtualbike.cpp void virtualbike::bikeProvider() "virtual bike connected"
seg. ago. 3 19:33:34 2026 1785796414968 Debug: virtualdevices/virtualbike.cpp void virtualbike::writeCharacteristic(QLowEnergyService *, const QLowEnergyCharacteristic &, const QByteArray &) "virtualbike::writeCharacteristic Unknown Service  64 02 01 06 8a 00 01 00 44 00 00 00"
seg. ago. 3 19:33:34 2026 1785796414969 Debug:   Write server characteristic with handle  9 "640201068a00010044000000" (service: "{00001826-0000-1000-8000-00805f9b34fb}"
seg. ago. 3 19:33:34 2026 1785796414971 Debug: virtualdevices/virtualbike.cpp void virtualbike::writeCharacteristic(QLowEnergyService *, const QLowEnergyCharacteristic &, const QByteArray &) "virtualbike::writeCharacteristic Heart Rate Heart Rate Measurement 00 00"
seg. ago. 3 19:33:34 2026 1785796414972 Debug:   Write server characteristic with handle  19 "0000" (service: "{0000180d-0000-1000-8000-00805f9b34fb}"
seg. ago. 3 19:33:35 2026 1785796415016 Debug: virtualdevices/virtualbike.cpp void virtualbike::bikeProvider() "bikeProvider" 0 2000 true
seg. ago. 3 19:33:35 2026 1785796415017 Debug: virtualdevices/virtualbike.cpp void virtualbike::bikeProvider() "virtual bike connected"
seg. ago. 3 19:33:35 2026 1785796415019 Debug: virtualdevices/virtualbike.cpp void virtualbike::writeCharacteristic(QLowEnergyService *, const QLowEnergyCharacteristic &, const QByteArray &) "virtualbike::writeCharacteristic Unknown Service  64 02 01 06 8a 00 01 00 44 00 00 00"
seg. ago. 3 19:33:35 2026 1785796415020 Debug:   Write server characteristic with handle  9 "640201068a00010044000000" (service: "{00001826-0000-1000-8000-00805f9b34fb}"
seg. ago. 3 19:33:35 2026 1785796415022 Debug: virtualdevices/virtualbike.cpp void virtualbike::writeCharacteristic(QLowEnergyService *, const QLowEnergyCharacteristic &, const QByteArray &) "virtualbike::writeCharacteristic Heart Rate Heart Rate Measurement 00 00"
seg. ago. 3 19:33:35 2026 1785796415023 Debug:   Write server characteristic with handle  19 "0000" (service: "{0000180d-0000-1000-8000-00805f9b34fb}"
seg. ago. 3 19:33:35 2026 1785796415061 Debug: ./ergtable.h void ergTable::updateDataTable(const CadenceResistancePair &) Added/Updated point: C: 69 W: 68 R: 1
seg. ago. 3 19:33:35 2026 1785796415082 Debug: virtualdevices/virtualbike.cpp void virtualbike::bikeProvider() "bikeProvider" 0 2000 true
seg. ago. 3 19:33:35 2026 1785796415083 Debug: virtualdevices/virtualbike.cpp void virtualbike::bikeProvider() "virtual bike connected"
seg. ago. 3 19:33:35 2026 1785796415085 Debug: virtualdevices/virtualbike.cpp void virtualbike::writeCharacteristic(QLowEnergyService *, const QLowEnergyCharacteristic &, const QByteArray &) "virtualbike::writeCharacteristic Unknown Service  64 02 01 06 8a 00 01 00 44 00 00 00"
seg. ago. 3 19:33:35 2026 1785796415087 Debug:   Write server characteristic with handle  9 "640201068a00010044000000" (service: "{00001826-0000-1000-8000-00805f9b34fb}"
seg. ago. 3 19:33:35 2026 1785796415090 Debug: virtualdevices/virtualbike.cpp void virtualbike::writeCharacteristic(QLowEnergyService *, const QLowEnergyCharacteristic &, const QByteArray &) "virtualbike::writeCharacteristic Heart Rate Heart Rate Measurement 00 00"
seg. ago. 3 19:33:35 2026 1785796415091 Debug:   Write server characteristic with handle  19 "0000" (service: "{0000180d-0000-1000-8000-00805f9b34fb}"
seg. ago. 3 19:33:35 2026 1785796415093 Debug:   Characteristic change notification "{0000180f-0000-1000-8000-00805f9b34fb}" 65 "61"
seg. ago. 3 19:33:35 2026 1785796415094 Debug: devices/ftmsbike/ftmsbike.cpp void ftmsbike::characteristicChanged(const QLowEnergyCharacteristic &, const QByteArray &) "{00002a19-0000-1000-8000-00805f9b34fb}" 1 " << " "61"
seg. ago. 3 19:33:35 2026 1785796415117 Debug: virtualdevices/virtualbike.cpp void virtualbike::bikeProvider() "bikeProvider" 0 2000 true
seg. ago. 3 19:33:35 2026 1785796415118 Debug: virtualdevices/virtualbike.cpp void virtualbike::bikeProvider() "virtual bike connected"
seg. ago. 3 19:33:35 2026 1785796415119 Debug: virtualdevices/virtualbike.cpp void virtualbike::writeCharacteristic(QLowEnergyService *, const QLowEnergyCharacteristic &, const QByteArray &) "virtualbike::writeCharacteristic Unknown Service  64 02 01 06 8a 00 01 00 44 00 00 00"
seg. ago. 3 19:33:35 2026 1785796415127 Debug:   Write server characteristic with handle  9 "640201068a00010044000000" (service: "{00001826-0000-1000-8000-00805f9b34fb}"
seg. ago. 3 19:33:35 2026 1785796415129 Debug: virtualdevices/virtualbike.cpp void virtualbike::writeCharacteristic(QLowEnergyService *, const QLowEnergyCharacteristic &, const QByteArray &) "virtualbike::writeCharacteristic Heart Rate Heart Rate Measurement 00 00"
seg. ago. 3 19:33:35 2026 1785796415131 Debug:   Write server characteristic with handle  19 "0000" (service: "{0000180d-0000-1000-8000-00805f9b34fb}"
seg. ago. 3 19:33:35 2026 1785796415166 Debug: virtualdevices/virtualbike.cpp void virtualbike::bikeProvider() "bikeProvider" 0 2000 true
seg. ago. 3 19:33:35 2026 1785796415167 Debug: virtualdevices/virtualbike.cpp void virtualbike::bikeProvider() "virtual bike connected"
seg. ago. 3 19:33:35 2026 1785796415169 Debug: virtualdevices/virtualbike.cpp void virtualbike::writeCharacteristic(QLowEnergyService *, const QLowEnergyCharacteristic &, const QByteArray &) "virtualbike::writeCharacteristic Unknown Service  64 02 01 06 8a 00 01 00 44 00 00 00"
seg. ago. 3 19:33:35 2026 1785796415170 Debug:   Write server characteristic with handle  9 "640201068a00010044000000" (service: "{00001826-0000-1000-8000-00805f9b34fb}"
seg. ago. 3 19:33:35 2026 1785796415171 Debug: virtualdevices/virtualbike.cpp void virtualbike::writeCharacteristic(QLowEnergyService *, const QLowEnergyCharacteristic &, const QByteArray &) "virtualbike::writeCharacteristic Heart Rate Heart Rate Measurement 00 00"
seg. ago. 3 19:33:35 2026 1785796415172 Debug:   Write server characteristic with handle  19 "0000" (service: "{0000180d-0000-1000-8000-00805f9b34fb}"
seg. ago. 3 19:33:35 2026 1785796415217 Debug: virtualdevices/virtualbike.cpp void virtualbike::bikeProvider() "bikeProvider" 0 2000 true
seg. ago. 3 19:33:35 2026 1785796415218 Debug: virtualdevices/virtualbike.cpp void virtualbike::bikeProvider() "virtual bike connected"
seg. ago. 3 19:33:35 2026 1785796415220 Debug: virtualdevices/virtualbike.cpp void virtualbike::writeCharacteristic(QLowEnergyService *, const QLowEnergyCharacteristic &, const QByteArray &) "virtualbike::writeCharacteristic Unknown Service  64 02 01 06 8a 00 01 00 44 00 00 00"
seg. ago. 3 19:33:35 2026 1785796415221 Debug:   Write server characteristic with handle  9 "640201068a00010044000000" (service: "{00001826-0000-1000-8000-00805f9b34fb}"
seg. ago. 3 19:33:35 2026 1785796415223 Debug: virtualdevices/virtualbike.cpp void virtualbike::writeCharacteristic(QLowEnergyService *, const QLowEnergyCharacteristic &, const QByteArray &) "virtualbike::writeCharacteristic Heart Rate Heart Rate Measurement 00 00"
seg. ago. 3 19:33:35 2026 1785796415224 Debug:   Write server characteristic with handle  19 "0000" (service: "{0000180d-0000-1000-8000-00805f9b34fb}"
seg. ago. 3 19:33:35 2026 1785796415261 Debug: homeform.cpp void homeform::update() homeform::update fired! elapsed: 999 jitter: -133
seg. ago. 3 19:33:35 2026 1785796415271 Debug: homeform.cpp void homeform::update() homeform::update tiles updated!
seg. ago. 3 19:33:35 2026 1785796415273 Debug: homeform.cpp void homeform::update() Current Distance 1s: 0.017985 15.3711 68
seg. ago. 3 19:33:35 2026 1785796415278 Debug: templateinfosender.cpp bool TemplateInfoSender::update(QJSEngine *) "eval res " "{\"msg\":\"workout\",\"content\":{\"BIKE_TYPE\":2,\"ELLIPTICAL_TYPE\":4,\"ROWING_TYPE\":3,\"TREADMILL_TYPE\":1,\"UNKNOWN_TYPE\":0,\"deviceId\":\"B8:F8:62:6D:A8:D6\",\"deviceName\":\"YPBM001264\",\"deviceRSSI\":-33,\"deviceType\":2,\"deviceConnected\":true,\"devicePaused\":false,\"elapsed_s\":6,\"elapsed_m\":0,\"elapsed_h\":0,\"lapelapsed_s\":6,\"lapelapsed_m\":0,\"lapelapsed_h\":0,\"pace_s\":54,\"pace_m\":3,\"pace_h\":0,\"pace_color\":\"white\",\"avgpace_s\":29,\"avgpace_m\":6,\"avgpace_h\":0,\"maxpace_s\":54,\"maxpace_m\":3,\"maxpace_h\":0,\"moving_s\":6,\"moving_m\":0,\"moving_h\":0,\"speed\":15.37107875494743,\"speed_avg\":9.249405036646717,\"speed_color\":\"white\",\"speed_lapavg\":9.249405036646717,\"speed_lapmax\":15.37107875494743,\"calories\":0.7325818500000001,\"distance\":0.013963961221827364,\"heart\":0,\"heart_color\":\"lightsteelblue\",\"heart_avg\":0,\"heart_lapavg\":0,\"heart_max\":0,\"heart_lapmax\":0,\"target_heart_above\":0,\"target_heart_below\":0,\"jouls\":405.193,\"elevation\":0,\"difficult\":1,\"watts\":68,\"watts_avg\":63.714285714285715,\"watts_color\":\"white\",\"watts_lapavg\":63.714285714285715,\"watts_max\":68,\"watts_lapmax\":68,\"kgwatts\":0.8095238095238095,\"kgwatts_avg\":0.7537202380952384,\"kgwatts_max\":0.8095238095238095,\"workoutName\":\"Ride\",\"workoutStartDate\":\"seg. ago. 3 19:33:22 2026\",\"instructorName\":\"\",\"latitude\":null,\"longitude\":null,\"altitude\":null,\"peloton_offset\":0,\"peloton_ask_start\":false,\"autoresistance\":true,\"nextrow\":\"N/A\",\"training_row_index\":0,\"training_row_elapsed\":0,\"training_row_open_ended\":false,\"training_row_wait_for_lap\":false,\"row_remaining_time_s\":0,\"row_remaining_time_m\":0,\"row_remaining_time_h\":0,\"remaining_time_s\":0,\"remaining_time_m\":0,\"remaining_time_h\":0,\"nickName\":\"N/A\",\"gears\":0,\"target_resistance\":0,\"target_peloton_resistance\":0,\"target_cadence\":0,\"target_power\":0,\"power_zone\":1.6071428571428572,\"power_zone_lapavg\":1.284438775510204,\"power_zone_lapmax\":1.6071428571428572,\"target_power_zone\":1,\"power_zone_color\":\"white\",\"target_power_zone_color\":\"white\",\"peloton_resistance\":36.092024542900106,\"peloton_resistance_avg\":36.05825025422491,\"peloton_resistance_color\":\"white\",\"peloton_resistance_lapavg\":36.05825025422491,\"peloton_resistance_lapmax\":36.892275011814434,\"peloton_req_resistance\":0,\"cadence\":69,\"cadence_color\":\"white\",\"cadence_avg\":65.85714285714286,\"cadence_lapavg\":65.85714285714286,\"cadence_lapmax\":69,\"resistance\":1,\"resistance_avg\":1,\"resistance_lapavg\":1,\"resistance_lapmax\":1,\"cranks\":14,\"cranktime\":13092,\"req_power\":0,\"req_cadence\":0,\"req_resistance\":0,\"inclination\":0,\"inclination_avg\":0}}"
seg. ago. 3 19:33:35 2026 1785796415284 Debug: ./ergtable.h void ergTable::updateDataTable(const CadenceResistancePair &) Added/Updated point: C: 69 W: 68 R: 1
seg. ago. 3 19:33:35 2026 1785796415305 Debug: virtualdevices/virtualbike.cpp void virtualbike::bikeProvider() "bikeProvider" 0 2000 true
seg. ago. 3 19:33:35 2026 1785796415306 Debug: virtualdevices/virtualbike.cpp void virtualbike::bikeProvider() "virtual bike connected"
seg. ago. 3 19:33:35 2026 1785796415309 Debug: virtualdevices/virtualbike.cpp void virtualbike::writeCharacteristic(QLowEnergyService *, const QLowEnergyCharacteristic &, const QByteArray &) "virtualbike::writeCharacteristic Unknown Service  64 02 01 06 8a 00 01 00 44 00 00 00"
seg. ago. 3 19:33:35 2026 1785796415310 Debug:   Write server characteristic with handle  9 "640201068a00010044000000" (service: "{00001826-0000-1000-8000-00805f9b34fb}"
seg. ago. 3 19:33:35 2026 1785796415312 Debug: virtualdevices/virtualbike.cpp void virtualbike::writeCharacteristic(QLowEnergyService *, const QLowEnergyCharacteristic &, const QByteArray &) "virtualbike::writeCharacteristic Heart Rate Heart Rate Measurement 00 00"
seg. ago. 3 19:33:35 2026 1785796415313 Debug:   Write server characteristic with handle  19 "0000" (service: "{0000180d-0000-1000-8000-00805f9b34fb}"
seg. ago. 3 19:33:35 2026 1785796415337 Debug: virtualdevices/virtualbike.cpp void virtualbike::bikeProvider() "bikeProvider" 0 2000 true
seg. ago. 3 19:33:35 2026 1785796415339 Debug: virtualdevices/virtualbike.cpp void virtualbike::bikeProvider() "virtual bike connected"
seg. ago. 3 19:33:35 2026 1785796415341 Debug: virtualdevices/virtualbike.cpp void virtualbike::writeCharacteristic(QLowEnergyService *, const QLowEnergyCharacteristic &, const QByteArray &) "virtualbike::writeCharacteristic Unknown Service  64 02 01 06 8a 00 01 00 44 00 00 00"
seg. ago. 3 19:33:35 2026 1785796415342 Debug:   Write server characteristic with handle  9 "640201068a00010044000000" (service: "{00001826-0000-1000-8000-00805f9b34fb}"
seg. ago. 3 19:33:35 2026 1785796415344 Debug: virtualdevices/virtualbike.cpp void virtualbike::writeCharacteristic(QLowEnergyService *, const QLowEnergyCharacteristic &, const QByteArray &) "virtualbike::writeCharacteristic Heart Rate Heart Rate Measurement 00 00"
seg. ago. 3 19:33:35 2026 1785796415345 Debug:   Write server characteristic with handle  19 "0000" (service: "{0000180d-0000-1000-8000-00805f9b34fb}"
seg. ago. 3 19:33:35 2026 1785796415369 Debug: virtualdevices/virtualbike.cpp void virtualbike::bikeProvider() "bikeProvider" 0 2000 true
seg. ago. 3 19:33:35 2026 1785796415370 Debug: virtualdevices/virtualbike.cpp void virtualbike::bikeProvider() "virtual bike connected"
seg. ago. 3 19:33:35 2026 1785796415373 Debug: virtualdevices/virtualbike.cpp void virtualbike::writeCharacteristic(QLowEnergyService *, const QLowEnergyCharacteristic &, const QByteArray &) "virtualbike::writeCharacteristic Unknown Service  64 02 01 06 8a 00 01 00 44 00 00 00"
seg. ago. 3 19:33:35 2026 1785796415374 Debug:   Write server characteristic with handle  9 "640201068a00010044000000" (service: "{00001826-0000-1000-8000-00805f9b34fb}"
seg. ago. 3 19:33:35 2026 1785796415376 Debug: virtualdevices/virtualbike.cpp void virtualbike::writeCharacteristic(QLowEnergyService *, const QLowEnergyCharacteristic &, const QByteArray &) "virtualbike::writeCharacteristic Heart Rate Heart Rate Measurement 00 00"
seg. ago. 3 19:33:35 2026 1785796415377 Debug:   Write server characteristic with handle  19 "0000" (service: "{0000180d-0000-1000-8000-00805f9b34fb}"
seg. ago. 3 19:33:35 2026 1785796415416 Debug: virtualdevices/virtualbike.cpp void virtualbike::bikeProvider() "bikeProvider" 0 2000 true
seg. ago. 3 19:33:35 2026 1785796415417 Debug: virtualdevices/virtualbike.cpp void virtualbike::bikeProvider() "virtual bike connected"
seg. ago. 3 19:33:35 2026 1785796415419 Debug: virtualdevices/virtualbike.cpp void virtualbike::writeCharacteristic(QLowEnergyService *, const QLowEnergyCharacteristic &, const QByteArray &) "virtualbike::writeCharacteristic Unknown Service  64 02 01 06 8a 00 01 00 44 00 00 00"
seg. ago. 3 19:33:35 2026 1785796415420 Debug:   Write server characteristic with handle  9 "640201068a00010044000000" (service: "{00001826-0000-1000-8000-00805f9b34fb}"
seg. ago. 3 19:33:35 2026 1785796415422 Debug: virtualdevices/virtualbike.cpp void virtualbike::writeCharacteristic(QLowEnergyService *, const QLowEnergyCharacteristic &, const QByteArray &) "virtualbike::writeCharacteristic Heart Rate Heart Rate Measurement 00 00"
seg. ago. 3 19:33:35 2026 1785796415423 Debug:   Write server characteristic with handle  19 "0000" (service: "{0000180d-0000-1000-8000-00805f9b34fb}"
seg. ago. 3 19:33:35 2026 1785796415461 Debug: ./ergtable.h void ergTable::updateDataTable(const CadenceResistancePair &) Added/Updated point: C: 69 W: 68 R: 1
seg. ago. 3 19:33:35 2026 1785796415482 Debug: virtualdevices/virtualbike.cpp void virtualbike::bikeProvider() "bikeProvider" 0 2000 true
seg. ago. 3 19:33:35 2026 1785796415484 Debug: virtualdevices/virtualbike.cpp void virtualbike::bikeProvider() "virtual bike connected"
seg. ago. 3 19:33:35 2026 1785796415485 Debug: virtualdevices/virtualbike.cpp void virtualbike::writeCharacteristic(QLowEnergyService *, const QLowEnergyCharacteristic &, const QByteArray &) "virtualbike::writeCharacteristic Unknown Service  64 02 01 06 8a 00 01 00 44 00 00 00"
seg. ago. 3 19:33:35 2026 1785796415486 Debug:   Write server characteristic with handle  9 "640201068a00010044000000" (service: "{00001826-0000-1000-8000-00805f9b34fb}"
seg. ago. 3 19:33:35 2026 1785796415488 Debug: virtualdevices/virtualbike.cpp void virtualbike::writeCharacteristic(QLowEnergyService *, const QLowEnergyCharacteristic &, const QByteArray &) "virtualbike::writeCharacteristic Heart Rate Heart Rate Measurement 00 00"
seg. ago. 3 19:33:35 2026 1785796415489 Debug:   Write server characteristic with handle  19 "0000" (service: "{0000180d-0000-1000-8000-00805f9b34fb}"
seg. ago. 3 19:33:35 2026 1785796415516 Debug: virtualdevices/virtualbike.cpp void virtualbike::bikeProvider() "bikeProvider" 0 2000 true
seg. ago. 3 19:33:35 2026 1785796415517 Debug: virtualdevices/virtualbike.cpp void virtualbike::bikeProvider() "virtual bike connected"
seg. ago. 3 19:33:35 2026 1785796415518 Debug: virtualdevices/virtualbike.cpp void virtualbike::writeCharacteristic(QLowEnergyService *, const QLowEnergyCharacteristic &, const QByteArray &) "virtualbike::writeCharacteristic Unknown Service  64 02 01 06 8a 00 01 00 44 00 00 00"
seg. ago. 3 19:33:35 2026 1785796415519 Debug:   Write server characteristic with handle  9 "640201068a00010044000000" (service: "{00001826-0000-1000-8000-00805f9b34fb}"
seg. ago. 3 19:33:35 2026 1785796415520 Debug: virtualdevices/virtualbike.cpp void virtualbike::writeCharacteristic(QLowEnergyService *, const QLowEnergyCharacteristic &, const QByteArray &) "virtualbike::writeCharacteristic Heart Rate Heart Rate Measurement 00 00"
seg. ago. 3 19:33:35 2026 1785796415521 Debug:   Write server characteristic with handle  19 "0000" (service: "{0000180d-0000-1000-8000-00805f9b34fb}"
seg. ago. 3 19:33:35 2026 1785796415567 Debug: virtualdevices/virtualbike.cpp void virtualbike::bikeProvider() "bikeProvider" 0 2000 true
seg. ago. 3 19:33:35 2026 1785796415568 Debug: virtualdevices/virtualbike.cpp void virtualbike::bikeProvider() "virtual bike connected"
seg. ago. 3 19:33:35 2026 1785796415570 Debug: virtualdevices/virtualbike.cpp void virtualbike::writeCharacteristic(QLowEnergyService *, const QLowEnergyCharacteristic &, const QByteArray &) "virtualbike::writeCharacteristic Unknown Service  64 02 01 06 8a 00 01 00 44 00 00 00"
seg. ago. 3 19:33:35 2026 1785796415571 Debug:   Write server characteristic with handle  9 "640201068a00010044000000" (service: "{00001826-0000-1000-8000-00805f9b34fb}"
seg. ago. 3 19:33:35 2026 1785796415573 Debug: virtualdevices/virtualbike.cpp void virtualbike::writeCharacteristic(QLowEnergyService *, const QLowEnergyCharacteristic &, const QByteArray &) "virtualbike::writeCharacteristic Heart Rate Heart Rate Measurement 00 00"
seg. ago. 3 19:33:35 2026 1785796415574 Debug:   Write server characteristic with handle  19 "0000" (service: "{0000180d-0000-1000-8000-00805f9b34fb}"
seg. ago. 3 19:33:35 2026 1785796415616 Debug: virtualdevices/virtualbike.cpp void virtualbike::bikeProvider() "bikeProvider" 0 2000 true
seg. ago. 3 19:33:35 2026 1785796415617 Debug: virtualdevices/virtualbike.cpp void virtualbike::bikeProvider() "virtual bike connected"
seg. ago. 3 19:33:35 2026 1785796415620 Debug: virtualdevices/virtualbike.cpp void virtualbike::writeCharacteristic(QLowEnergyService *, const QLowEnergyCharacteristic &, const QByteArray &) "virtualbike::writeCharacteristic Unknown Service  64 02 01 06 8a 00 01 00 44 00 00 00"
seg. ago. 3 19:33:35 2026 1785796415621 Debug:   Write server characteristic with handle  9 "640201068a00010044000000" (service: "{00001826-0000-1000-8000-00805f9b34fb}"
seg. ago. 3 19:33:35 2026 1785796415623 Debug: virtualdevices/virtualbike.cpp void virtualbike::writeCharacteristic(QLowEnergyService *, const QLowEnergyCharacteristic &, const QByteArray &) "virtualbike::writeCharacteristic Heart Rate Heart Rate Measurement 00 00"
seg. ago. 3 19:33:35 2026 1785796415624 Debug:   Write server characteristic with handle  19 "0000" (service: "{0000180d-0000-1000-8000-00805f9b34fb}"
seg. ago. 3 19:33:35 2026 1785796415661 Debug: ./ergtable.h void ergTable::updateDataTable(const CadenceResistancePair &) Added/Updated point: C: 69 W: 68 R: 1
seg. ago. 3 19:33:35 2026 1785796415681 Debug: virtualdevices/virtualbike.cpp void virtualbike::bikeProvider() "bikeProvider" 0 2000 true
seg. ago. 3 19:33:35 2026 1785796415682 Debug: virtualdevices/virtualbike.cpp void virtualbike::bikeProvider() "virtual bike connected"
seg. ago. 3 19:33:35 2026 1785796415684 Debug: virtualdevices/virtualbike.cpp void virtualbike::writeCharacteristic(QLowEnergyService *, const QLowEnergyCharacteristic &, const QByteArray &) "virtualbike::writeCharacteristic Unknown Service  64 02 01 06 8a 00 01 00 44 00 00 00"
seg. ago. 3 19:33:35 2026 1785796415685 Debug:   Write server characteristic with handle  9 "640201068a00010044000000" (service: "{00001826-0000-1000-8000-00805f9b34fb}"
seg. ago. 3 19:33:35 2026 1785796415687 Debug: virtualdevices/virtualbike.cpp void virtualbike::writeCharacteristic(QLowEnergyService *, const QLowEnergyCharacteristic &, const QByteArray &) "virtualbike::writeCharacteristic Heart Rate Heart Rate Measurement 00 00"
seg. ago. 3 19:33:35 2026 1785796415688 Debug:   Write server characteristic with handle  19 "0000" (service: "{0000180d-0000-1000-8000-00805f9b34fb}"
seg. ago. 3 19:33:35 2026 1785796415716 Debug: virtualdevices/virtualbike.cpp void virtualbike::bikeProvider() "bikeProvider" 0 2000 true
seg. ago. 3 19:33:35 2026 1785796415717 Debug: virtualdevices/virtualbike.cpp void virtualbike::bikeProvider() "virtual bike connected"
seg. ago. 3 19:33:35 2026 1785796415719 Debug: virtualdevices/virtualbike.cpp void virtualbike::writeCharacteristic(QLowEnergyService *, const QLowEnergyCharacteristic &, const QByteArray &) "virtualbike::writeCharacteristic Unknown Service  64 02 01 06 8a 00 01 00 44 00 00 00"
seg. ago. 3 19:33:35 2026 1785796415720 Debug:   Write server characteristic with handle  9 "640201068a00010044000000" (service: "{00001826-0000-1000-8000-00805f9b34fb}"
seg. ago. 3 19:33:35 2026 1785796415723 Debug: virtualdevices/virtualbike.cpp void virtualbike::writeCharacteristic(QLowEnergyService *, const QLowEnergyCharacteristic &, const QByteArray &) "virtualbike::writeCharacteristic Heart Rate Heart Rate Measurement 00 00"
seg. ago. 3 19:33:35 2026 1785796415725 Debug:   Write server characteristic with handle  19 "0000" (service: "{0000180d-0000-1000-8000-00805f9b34fb}"
seg. ago. 3 19:33:35 2026 1785796415774 Debug: virtualdevices/virtualbike.cpp void virtualbike::bikeProvider() "bikeProvider" 0 2000 true
seg. ago. 3 19:33:35 2026 1785796415776 Debug: virtualdevices/virtualbike.cpp void virtualbike::bikeProvider() "virtual bike connected"
seg. ago. 3 19:33:35 2026 1785796415779 Debug: virtualdevices/virtualbike.cpp void virtualbike::writeCharacteristic(QLowEnergyService *, const QLowEnergyCharacteristic &, const QByteArray &) "virtualbike::writeCharacteristic Unknown Service  64 02 01 06 8a 00 01 00 44 00 00 00"
seg. ago. 3 19:33:35 2026 1785796415780 Debug:   Write server characteristic with handle  9 "640201068a00010044000000" (service: "{00001826-0000-1000-8000-00805f9b34fb}"
seg. ago. 3 19:33:35 2026 1785796415782 Debug: virtualdevices/virtualbike.cpp void virtualbike::writeCharacteristic(QLowEnergyService *, const QLowEnergyCharacteristic &, const QByteArray &) "virtualbike::writeCharacteristic Heart Rate Heart Rate Measurement 00 00"
seg. ago. 3 19:33:35 2026 1785796415783 Debug:   Write server characteristic with handle  19 "0000" (service: "{0000180d-0000-1000-8000-00805f9b34fb}"
seg. ago. 3 19:33:35 2026 1785796415816 Debug: virtualdevices/virtualbike.cpp void virtualbike::bikeProvider() "bikeProvider" 0 2000 true
seg. ago. 3 19:33:35 2026 1785796415817 Debug: virtualdevices/virtualbike.cpp void virtualbike::bikeProvider() "virtual bike connected"
seg. ago. 3 19:33:35 2026 1785796415819 Debug: virtualdevices/virtualbike.cpp void virtualbike::writeCharacteristic(QLowEnergyService *, const QLowEnergyCharacteristic &, const QByteArray &) "virtualbike::writeCharacteristic Unknown Service  64 02 01 06 8a 00 01 00 44 00 00 00"
seg. ago. 3 19:33:35 2026 1785796415821 Debug:   Write server characteristic with handle  9 "640201068a00010044000000" (service: "{00001826-0000-1000-8000-00805f9b34fb}"
seg. ago. 3 19:33:35 2026 1785796415822 Debug: virtualdevices/virtualbike.cpp void virtualbike::writeCharacteristic(QLowEnergyService *, const QLowEnergyCharacteristic &, const QByteArray &) "virtualbike::writeCharacteristic Heart Rate Heart Rate Measurement 00 00"
seg. ago. 3 19:33:35 2026 1785796415824 Debug:   Write server characteristic with handle  19 "0000" (service: "{0000180d-0000-1000-8000-00805f9b34fb}"
seg. ago. 3 19:33:35 2026 1785796415841 Debug:   Characteristic change notification "{00001826-0000-1000-8000-00805f9b34fb}" 47 "f5018a003100000100440042000000ffffff"
seg. ago. 3 19:33:35 2026 1785796415843 Debug: devices/ftmsbike/ftmsbike.cpp void ftmsbike::characteristicChanged(const QLowEnergyCharacteristic &, const QByteArray &) "{00002ad2-0000-1000-8000-00805f9b34fb}" 18 " << " "f5 01 8a 00 31 00 00 01 00 44 00 42 00 00 00 ff ff ff"
seg. ago. 3 19:33:35 2026 1785796415844 Debug: devices/bluetooth.cpp void bluetooth::debug(const QString &) "Current Cadence: 69"
seg. ago. 3 19:33:35 2026 1785796415846 Debug: devices/bluetooth.cpp void bluetooth::debug(const QString &) "Current Distance: 0.017922"
seg. ago. 3 19:33:35 2026 1785796415847 Debug: devices/bluetooth.cpp void bluetooth::debug(const QString &) "Current Resistance: 1"
seg. ago. 3 19:33:35 2026 1785796415849 Debug: devices/bluetooth.cpp void bluetooth::debug(const QString &) "Current Watt: 68"
seg. ago. 3 19:33:35 2026 1785796415850 Debug: devices/bluetooth.cpp void bluetooth::debug(const QString &) "Current Average Watt: 66"
seg. ago. 3 19:33:35 2026 1785796415851 Debug: devices/bluetooth.cpp void bluetooth::debug(const QString &) "Current KCal: 0.833739"
seg. ago. 3 19:33:35 2026 1785796415853 Debug: devices/bluetoothdevice.cpp void bluetoothdevice::update_hr_from_external() WearOS Companion Heart: 0
seg. ago. 3 19:33:35 2026 1785796415854 Debug: ./inclinationresistancetable.h void inclinationResistanceTable::collectData(double, uint16_t, double) Skipping invalid data point: Incl: 0 Res: 1 Watt: 68
seg. ago. 3 19:33:35 2026 1785796415855 Debug: devices/bluetooth.cpp void bluetooth::debug(const QString &) "Current CrankRevs: 15"
seg. ago. 3 19:33:35 2026 1785796415855 Debug: devices/bluetooth.cpp void bluetooth::debug(const QString &) "Last CrankEventTime: 13982"
seg. ago. 3 19:33:35 2026 1785796415856 Debug:   Characteristic change notification "{00001826-0000-1000-8000-00805f9b34fb}" 47 "002afc08000800120000"
seg. ago. 3 19:33:35 2026 1785796415857 Debug: devices/ftmsbike/ftmsbike.cpp void ftmsbike::characteristicChanged(const QLowEnergyCharacteristic &, const QByteArray &) "{00002ad2-0000-1000-8000-00805f9b34fb}" 10 " << " "00 2a fc 08 00 08 00 12 00 00"
seg. ago. 3 19:33:35 2026 1785796415859 Debug: devices/bluetooth.cpp void bluetooth::debug(const QString &) "Current Speed: 16.6162"
seg. ago. 3 19:33:35 2026 1785796415860 Debug: devices/bluetooth.cpp void bluetooth::debug(const QString &) "Current Distance: 0.0179912"
seg. ago. 3 19:33:35 2026 1785796415862 Debug: devices/bluetooth.cpp void bluetooth::debug(const QString &) "Current KCal: 0.835376"
seg. ago. 3 19:33:35 2026 1785796415863 Debug: devices/bluetooth.cpp void bluetooth::debug(const QString &) "Current Heart: 0"
seg. ago. 3 19:33:35 2026 1785796415864 Debug: devices/bluetoothdevice.cpp void bluetoothdevice::update_hr_from_external() WearOS Companion Heart: 0
seg. ago. 3 19:33:35 2026 1785796415865 Debug: ./inclinationresistancetable.h void inclinationResistanceTable::collectData(double, uint16_t, double) Skipping invalid data point: Incl: 0 Res: 1 Watt: 68
seg. ago. 3 19:33:35 2026 1785796415866 Debug: devices/bluetooth.cpp void bluetooth::debug(const QString &) "Current CrankRevs: 16"
seg. ago. 3 19:33:35 2026 1785796415866 Debug: devices/bluetooth.cpp void bluetooth::debug(const QString &) "Last CrankEventTime: 14872"
seg. ago. 3 19:33:35 2026 1785796415868 Debug: ./ergtable.h void ergTable::updateDataTable(const CadenceResistancePair &) Added/Updated point: C: 69 W: 68 R: 1
seg. ago. 3 19:33:35 2026 1785796415884 Debug: virtualdevices/virtualbike.cpp void virtualbike::bikeProvider() "bikeProvider" 0 2000 true
seg. ago. 3 19:33:35 2026 1785796415884 Debug: virtualdevices/virtualbike.cpp void virtualbike::bikeProvider() "virtual bike connected"
seg. ago. 3 19:33:35 2026 1785796415886 Debug: virtualdevices/virtualbike.cpp void virtualbike::writeCharacteristic(QLowEnergyService *, const QLowEnergyCharacteristic &, const QByteArray &) "virtualbike::writeCharacteristic Unknown Service  64 02 7e 06 8a 00 01 00 44 00 00 00"
seg. ago. 3 19:33:35 2026 1785796415886 Debug:   Write server characteristic with handle  9 "64027e068a00010044000000" (service: "{00001826-0000-1000-8000-00805f9b34fb}"
seg. ago. 3 19:33:35 2026 1785796415888 Debug: virtualdevices/virtualbike.cpp void virtualbike::writeCharacteristic(QLowEnergyService *, const QLowEnergyCharacteristic &, const QByteArray &) "virtualbike::writeCharacteristic Heart Rate Heart Rate Measurement 00 00"
seg. ago. 3 19:33:35 2026 1785796415888 Debug:   Write server characteristic with handle  19 "0000" (service: "{0000180d-0000-1000-8000-00805f9b34fb}"
seg. ago. 3 19:33:35 2026 1785796415915 Debug: virtualdevices/virtualbike.cpp void virtualbike::bikeProvider() "bikeProvider" 0 2000 true
seg. ago. 3 19:33:35 2026 1785796415915 Debug: virtualdevices/virtualbike.cpp void virtualbike::bikeProvider() "virtual bike connected"
seg. ago. 3 19:33:35 2026 1785796415917 Debug: virtualdevices/virtualbike.cpp void virtualbike::writeCharacteristic(QLowEnergyService *, const QLowEnergyCharacteristic &, const QByteArray &) "virtualbike::writeCharacteristic Unknown Service  64 02 7e 06 8a 00 01 00 44 00 00 00"
seg. ago. 3 19:33:35 2026 1785796415917 Debug:   Write server characteristic with handle  9 "64027e068a00010044000000" (service: "{00001826-0000-1000-8000-00805f9b34fb}"
seg. ago. 3 19:33:35 2026 1785796415918 Debug: virtualdevices/virtualbike.cpp void virtualbike::writeCharacteristic(QLowEnergyService *, const QLowEnergyCharacteristic &, const QByteArray &) "virtualbike::writeCharacteristic Heart Rate Heart Rate Measurement 00 00"
seg. ago. 3 19:33:35 2026 1785796415919 Debug:   Write server characteristic with handle  19 "0000" (service: "{0000180d-0000-1000-8000-00805f9b34fb}"
seg. ago. 3 19:33:35 2026 1785796415966 Debug: virtualdevices/virtualbike.cpp void virtualbike::bikeProvider() "bikeProvider" 0 2000 true
seg. ago. 3 19:33:35 2026 1785796415967 Debug: virtualdevices/virtualbike.cpp void virtualbike::bikeProvider() "virtual bike connected"
seg. ago. 3 19:33:35 2026 1785796415968 Debug: virtualdevices/virtualbike.cpp void virtualbike::writeCharacteristic(QLowEnergyService *, const QLowEnergyCharacteristic &, const QByteArray &) "virtualbike::writeCharacteristic Unknown Service  64 02 7e 06 8a 00 01 00 44 00 00 00"
seg. ago. 3 19:33:35 2026 1785796415969 Debug:   Write server characteristic with handle  9 "64027e068a00010044000000" (service: "{00001826-0000-1000-8000-00805f9b34fb}"
seg. ago. 3 19:33:35 2026 1785796415970 Debug: virtualdevices/virtualbike.cpp void virtualbike::writeCharacteristic(QLowEnergyService *, const QLowEnergyCharacteristic &, const QByteArray &) "virtualbike::writeCharacteristic Heart Rate Heart Rate Measurement 00 00"
seg. ago. 3 19:33:35 2026 1785796415971 Debug:   Write server characteristic with handle  19 "0000" (service: "{0000180d-0000-1000-8000-00805f9b34fb}"
seg. ago. 3 19:33:36 2026 1785796416015 Debug: virtualdevices/virtualbike.cpp void virtualbike::bikeProvider() "bikeProvider" 0 2000 true
seg. ago. 3 19:33:36 2026 1785796416016 Debug: virtualdevices/virtualbike.cpp void virtualbike::bikeProvider() "virtual bike connected"
seg. ago. 3 19:33:36 2026 1785796416018 Debug: virtualdevices/virtualbike.cpp void virtualbike::writeCharacteristic(QLowEnergyService *, const QLowEnergyCharacteristic &, const QByteArray &) "virtualbike::writeCharacteristic Unknown Service  64 02 7e 06 8a 00 01 00 44 00 00 00"
seg. ago. 3 19:33:36 2026 1785796416019 Debug:   Write server characteristic with handle  9 "64027e068a00010044000000" (service: "{00001826-0000-1000-8000-00805f9b34fb}"
seg. ago. 3 19:33:36 2026 1785796416021 Debug: virtualdevices/virtualbike.cpp void virtualbike::writeCharacteristic(QLowEnergyService *, const QLowEnergyCharacteristic &, const QByteArray &) "virtualbike::writeCharacteristic Heart Rate Heart Rate Measurement 00 00"
seg. ago. 3 19:33:36 2026 1785796416022 Debug:   Write server characteristic with handle  19 "0000" (service: "{0000180d-0000-1000-8000-00805f9b34fb}"
seg. ago. 3 19:33:36 2026 1785796416063 Debug: ./ergtable.h void ergTable::updateDataTable(const CadenceResistancePair &) Added/Updated point: C: 69 W: 68 R: 1
seg. ago. 3 19:33:36 2026 1785796416095 Debug: virtualdevices/virtualbike.cpp void virtualbike::bikeProvider() "bikeProvider" 0 2000 true
seg. ago. 3 19:33:36 2026 1785796416096 Debug: virtualdevices/virtualbike.cpp void virtualbike::bikeProvider() "virtual bike connected"
seg. ago. 3 19:33:36 2026 1785796416098 Debug: virtualdevices/virtualbike.cpp void virtualbike::writeCharacteristic(QLowEnergyService *, const QLowEnergyCharacteristic &, const QByteArray &) "virtualbike::writeCharacteristic Unknown Service  64 02 7e 06 8a 00 01 00 44 00 00 00"
seg. ago. 3 19:33:36 2026 1785796416099 Debug:   Write server characteristic with handle  9 "64027e068a00010044000000" (service: "{00001826-0000-1000-8000-00805f9b34fb}"
seg. ago. 3 19:33:36 2026 1785796416101 Debug: virtualdevices/virtualbike.cpp void virtualbike::writeCharacteristic(QLowEnergyService *, const QLowEnergyCharacteristic &, const QByteArray &) "virtualbike::writeCharacteristic Heart Rate Heart Rate Measurement 00 00"
seg. ago. 3 19:33:36 2026 1785796416102 Debug:   Write server characteristic with handle  19 "0000" (service: "{0000180d-0000-1000-8000-00805f9b34fb}"
seg. ago. 3 19:33:36 2026 1785796416117 Debug: virtualdevices/virtualbike.cpp void virtualbike::bikeProvider() "bikeProvider" 0 2000 true
seg. ago. 3 19:33:36 2026 1785796416118 Debug: virtualdevices/virtualbike.cpp void virtualbike::bikeProvider() "virtual bike connected"
seg. ago. 3 19:33:36 2026 1785796416120 Debug: virtualdevices/virtualbike.cpp void virtualbike::writeCharacteristic(QLowEnergyService *, const QLowEnergyCharacteristic &, const QByteArray &) "virtualbike::writeCharacteristic Unknown Service  64 02 7e 06 8a 00 01 00 44 00 00 00"
seg. ago. 3 19:33:36 2026 1785796416121 Debug:   Write server characteristic with handle  9 "64027e068a00010044000000" (service: "{00001826-0000-1000-8000-00805f9b34fb}"
seg. ago. 3 19:33:36 2026 1785796416122 Debug: virtualdevices/virtualbike.cpp void virtualbike::writeCharacteristic(QLowEnergyService *, const QLowEnergyCharacteristic &, const QByteArray &) "virtualbike::writeCharacteristic Heart Rate Heart Rate Measurement 00 00"
seg. ago. 3 19:33:36 2026 1785796416123 Debug:   Write server characteristic with handle  19 "0000" (service: "{0000180d-0000-1000-8000-00805f9b34fb}"
seg. ago. 3 19:33:36 2026 1785796416166 Debug: virtualdevices/virtualbike.cpp void virtualbike::bikeProvider() "bikeProvider" 0 2000 true
seg. ago. 3 19:33:36 2026 1785796416168 Debug: virtualdevices/virtualbike.cpp void virtualbike::bikeProvider() "virtual bike connected"
seg. ago. 3 19:33:36 2026 1785796416170 Debug: virtualdevices/virtualbike.cpp void virtualbike::writeCharacteristic(QLowEnergyService *, const QLowEnergyCharacteristic &, const QByteArray &) "virtualbike::writeCharacteristic Unknown Service  64 02 7e 06 8a 00 01 00 44 00 00 00"
seg. ago. 3 19:33:36 2026 1785796416171 Debug:   Write server characteristic with handle  9 "64027e068a00010044000000" (service: "{00001826-0000-1000-8000-00805f9b34fb}"
seg. ago. 3 19:33:36 2026 1785796416172 Debug: virtualdevices/virtualbike.cpp void virtualbike::writeCharacteristic(QLowEnergyService *, const QLowEnergyCharacteristic &, const QByteArray &) "virtualbike::writeCharacteristic Heart Rate Heart Rate Measurement 00 00"
seg. ago. 3 19:33:36 2026 1785796416173 Debug:   Write server characteristic with handle  19 "0000" (service: "{0000180d-0000-1000-8000-00805f9b34fb}"
seg. ago. 3 19:33:36 2026 1785796416216 Debug: virtualdevices/virtualbike.cpp void virtualbike::bikeProvider() "bikeProvider" 0 2000 true
seg. ago. 3 19:33:36 2026 1785796416217 Debug: virtualdevices/virtualbike.cpp void virtualbike::bikeProvider() "virtual bike connected"
seg. ago. 3 19:33:36 2026 1785796416219 Debug: virtualdevices/virtualbike.cpp void virtualbike::writeCharacteristic(QLowEnergyService *, const QLowEnergyCharacteristic &, const QByteArray &) "virtualbike::writeCharacteristic Unknown Service  64 02 7e 06 8a 00 01 00 44 00 00 00"
seg. ago. 3 19:33:36 2026 1785796416220 Debug:   Write server characteristic with handle  9 "64027e068a00010044000000" (service: "{00001826-0000-1000-8000-00805f9b34fb}"
seg. ago. 3 19:33:36 2026 1785796416222 Debug: virtualdevices/virtualbike.cpp void virtualbike::writeCharacteristic(QLowEnergyService *, const QLowEnergyCharacteristic &, const QByteArray &) "virtualbike::writeCharacteristic Heart Rate Heart Rate Measurement 00 00"
seg. ago. 3 19:33:36 2026 1785796416223 Debug:   Write server characteristic with handle  19 "0000" (service: "{0000180d-0000-1000-8000-00805f9b34fb}"
seg. ago. 3 19:33:36 2026 1785796416261 Debug: homeform.cpp auto homeform::homeform(QQmlApplicationEngine *, bluetooth *)::(anonymous class)::operator()() const Garmin Connect: Workout auto-download skipped (not configured or not authenticated)
seg. ago. 3 19:33:36 2026 1785796416263 Debug: homeform.cpp void homeform::update() homeform::update fired! elapsed: 1003 jitter: -130
seg. ago. 3 19:33:36 2026 1785796416273 Debug: homeform.cpp void homeform::update() homeform::update tiles updated!
seg. ago. 3 19:33:36 2026 1785796416275 Debug: homeform.cpp void homeform::update() Current Distance 1s: 0.0226006 16.6162 68
seg. ago. 3 19:33:36 2026 1785796416280 Debug: templateinfosender.cpp bool TemplateInfoSender::update(QJSEngine *) "eval res " "{\"msg\":\"workout\",\"content\":{\"BIKE_TYPE\":2,\"ELLIPTICAL_TYPE\":4,\"ROWING_TYPE\":3,\"TREADMILL_TYPE\":1,\"UNKNOWN_TYPE\":0,\"deviceId\":\"B8:F8:62:6D:A8:D6\",\"deviceName\":\"YPBM001264\",\"deviceRSSI\":-33,\"deviceType\":2,\"deviceConnected\":true,\"devicePaused\":false,\"elapsed_s\":7,\"elapsed_m\":0,\"elapsed_h\":0,\"lapelapsed_s\":7,\"lapelapsed_m\":0,\"lapelapsed_h\":0,\"pace_s\":36,\"pace_m\":3,\"pace_h\":0,\"pace_color\":\"white\",\"avgpace_s\":53,\"avgpace_m\":5,\"avgpace_h\":0,\"maxpace_s\":36,\"maxpace_m\":3,\"maxpace_h\":0,\"moving_s\":7,\"moving_m\":0,\"moving_h\":0,\"speed\":16.616224350834162,\"speed_avg\":10.170257450920147,\"speed_color\":\"white\",\"speed_lapavg\":10.170257450920147,\"speed_lapmax\":16.616224350834162,\"calories\":0.8353757160000002,\"distance\":0.017991248269354804,\"heart\":0,\"heart_color\":\"lightsteelblue\",\"heart_avg\":0,\"heart_lapavg\":0,\"heart_max\":0,\"heart_lapmax\":0,\"target_heart_above\":0,\"target_heart_below\":0,\"jouls\":473.261,\"elevation\":0,\"difficult\":1,\"watts\":68,\"watts_avg\":64.25,\"watts_color\":\"white\",\"watts_lapavg\":64.25,\"watts_max\":68,\"watts_lapmax\":68,\"kgwatts\":0.8095238095238095,\"kgwatts_avg\":0.7612612612612616,\"kgwatts_max\":0.8095238095238095,\"workoutName\":\"Ride\",\"workoutStartDate\":\"seg. ago. 3 19:33:22 2026\",\"instructorName\":\"\",\"latitude\":null,\"longitude\":null,\"altitude\":null,\"peloton_offset\":0,\"peloton_ask_start\":false,\"autoresistance\":true,\"nextrow\":\"N/A\",\"training_row_index\":0,\"training_row_elapsed\":0,\"training_row_open_ended\":false,\"training_row_wait_for_lap\":false,\"row_remaining_time_s\":0,\"row_remaining_time_m\":0,\"row_remaining_time_h\":0,\"remaining_time_s\":0,\"remaining_time_m\":0,\"remaining_time_h\":0,\"nickName\":\"N/A\",\"gears\":0,\"target_resistance\":0,\"target_peloton_resistance\":0,\"target_cadence\":0,\"target_power\":0,\"power_zone\":1.6071428571428572,\"power_zone_lapavg\":1.305952380952381,\"power_zone_lapmax\":1.6071428571428572,\"target_power_zone\":1,\"power_zone_color\":\"white\",\"target_power_zone_color\":\"white\",\"peloton_resistance\":36.092024542900106,\"peloton_resistance_avg\":36.06275349271493,\"peloton_resistance_color\":\"white\",\"peloton_resistance_lapavg\":36.06275349271493,\"peloton_resistance_lapmax\":36.892275011814434,\"peloton_req_resistance\":0,\"cadence\":69,\"cadence_color\":\"white\",\"cadence_avg\":66.25,\"cadence_lapavg\":66.25,\"cadence_lapmax\":69,\"resistance\":1,\"resistance_avg\":1,\"resistance_lapavg\":1,\"resistance_lapmax\":1,\"cranks\":16,\"cranktime\":14872,\"req_power\":0,\"req_cadence\":0,\"req_resistance\":0,\"inclination\":0,\"inclination_avg\":0}}"
seg. ago. 3 19:33:36 2026 1785796416285 Debug: ./ergtable.h void ergTable::updateDataTable(const CadenceResistancePair &) Added/Updated point: C: 69 W: 68 R: 1
seg. ago. 3 19:33:36 2026 1785796416302 Debug: virtualdevices/virtualbike.cpp void virtualbike::bikeProvider() "bikeProvider" 0 2000 true
seg. ago. 3 19:33:36 2026 1785796416303 Debug: virtualdevices/virtualbike.cpp void virtualbike::bikeProvider() "virtual bike connected"
seg. ago. 3 19:33:36 2026 1785796416304 Debug: virtualdevices/virtualbike.cpp void virtualbike::writeCharacteristic(QLowEnergyService *, const QLowEnergyCharacteristic &, const QByteArray &) "virtualbike::writeCharacteristic Unknown Service  64 02 7e 06 8a 00 01 00 44 00 00 00"
seg. ago. 3 19:33:36 2026 1785796416305 Debug:   Write server characteristic with handle  9 "64027e068a00010044000000" (service: "{00001826-0000-1000-8000-00805f9b34fb}"
seg. ago. 3 19:33:36 2026 1785796416307 Debug: virtualdevices/virtualbike.cpp void virtualbike::writeCharacteristic(QLowEnergyService *, const QLowEnergyCharacteristic &, const QByteArray &) "virtualbike::writeCharacteristic Heart Rate Heart Rate Measurement 00 00"
seg. ago. 3 19:33:36 2026 1785796416308 Debug:   Write server characteristic with handle  19 "0000" (service: "{0000180d-0000-1000-8000-00805f9b34fb}"
seg. ago. 3 19:33:36 2026 1785796416317 Debug: virtualdevices/virtualbike.cpp void virtualbike::bikeProvider() "bikeProvider" 0 2000 true
seg. ago. 3 19:33:36 2026 1785796416318 Debug: virtualdevices/virtualbike.cpp void virtualbike::bikeProvider() "virtual bike connected"
seg. ago. 3 19:33:36 2026 1785796416320 Debug: virtualdevices/virtualbike.cpp void virtualbike::writeCharacteristic(QLowEnergyService *, const QLowEnergyCharacteristic &, const QByteArray &) "virtualbike::writeCharacteristic Unknown Service  64 02 7e 06 8a 00 01 00 44 00 00 00"
seg. ago. 3 19:33:36 2026 1785796416321 Debug:   Write server characteristic with handle  9 "64027e068a00010044000000" (service: "{00001826-0000-1000-8000-00805f9b34fb}"
seg. ago. 3 19:33:36 2026 1785796416322 Debug: virtualdevices/virtualbike.cpp void virtualbike::writeCharacteristic(QLowEnergyService *, const QLowEnergyCharacteristic &, const QByteArray &) "virtualbike::writeCharacteristic Heart Rate Heart Rate Measurement 00 00"
seg. ago. 3 19:33:36 2026 1785796416324 Debug:   Write server characteristic with handle  19 "0000" (service: "{0000180d-0000-1000-8000-00805f9b34fb}"
seg. ago. 3 19:33:36 2026 1785796416365 Debug: virtualdevices/virtualbike.cpp void virtualbike::bikeProvider() "bikeProvider" 0 2000 true
seg. ago. 3 19:33:36 2026 1785796416366 Debug: virtualdevices/virtualbike.cpp void virtualbike::bikeProvider() "virtual bike connected"
seg. ago. 3 19:33:36 2026 1785796416367 Debug: virtualdevices/virtualbike.cpp void virtualbike::writeCharacteristic(QLowEnergyService *, const QLowEnergyCharacteristic &, const QByteArray &) "virtualbike::writeCharacteristic Unknown Service  64 02 7e 06 8a 00 01 00 44 00 00 00"
seg. ago. 3 19:33:36 2026 1785796416368 Debug:   Write server characteristic with handle  9 "64027e068a00010044000000" (service: "{00001826-0000-1000-8000-00805f9b34fb}"
seg. ago. 3 19:33:36 2026 1785796416369 Debug: virtualdevices/virtualbike.cpp void virtualbike::writeCharacteristic(QLowEnergyService *, const QLowEnergyCharacteristic &, const QByteArray &) "virtualbike::writeCharacteristic Heart Rate Heart Rate Measurement 00 00"
seg. ago. 3 19:33:36 2026 1785796416370 Debug:   Write server characteristic with handle  19 "0000" (service: "{0000180d-0000-1000-8000-00805f9b34fb}"
seg. ago. 3 19:33:36 2026 1785796416416 Debug: virtualdevices/virtualbike.cpp void virtualbike::bikeProvider() "bikeProvider" 0 2000 true
seg. ago. 3 19:33:36 2026 1785796416418 Debug: virtualdevices/virtualbike.cpp void virtualbike::bikeProvider() "virtual bike connected"
seg. ago. 3 19:33:36 2026 1785796416420 Debug: virtualdevices/virtualbike.cpp void virtualbike::writeCharacteristic(QLowEnergyService *, const QLowEnergyCharacteristic &, const QByteArray &) "virtualbike::writeCharacteristic Unknown Service  64 02 7e 06 8a 00 01 00 44 00 00 00"
seg. ago. 3 19:33:36 2026 1785796416421 Debug:   Write server characteristic with handle  9 "64027e068a00010044000000" (service: "{00001826-0000-1000-8000-00805f9b34fb}"
seg. ago. 3 19:33:36 2026 1785796416423 Debug: virtualdevices/virtualbike.cpp void virtualbike::writeCharacteristic(QLowEnergyService *, const QLowEnergyCharacteristic &, const QByteArray &) "virtualbike::writeCharacteristic Heart Rate Heart Rate Measurement 00 00"
seg. ago. 3 19:33:36 2026 1785796416424 Debug:   Write server characteristic with handle  19 "0000" (service: "{0000180d-0000-1000-8000-00805f9b34fb}"
seg. ago. 3 19:33:36 2026 1785796416461 Debug: ./ergtable.h void ergTable::updateDataTable(const CadenceResistancePair &) Added/Updated point: C: 69 W: 68 R: 1
seg. ago. 3 19:33:36 2026 1785796416482 Debug: virtualdevices/virtualbike.cpp void virtualbike::bikeProvider() "bikeProvider" 0 2000 true
seg. ago. 3 19:33:36 2026 1785796416483 Debug: virtualdevices/virtualbike.cpp void virtualbike::bikeProvider() "virtual bike connected"
seg. ago. 3 19:33:36 2026 1785796416484 Debug: virtualdevices/virtualbike.cpp void virtualbike::writeCharacteristic(QLowEnergyService *, const QLowEnergyCharacteristic &, const QByteArray &) "virtualbike::writeCharacteristic Unknown Service  64 02 7e 06 8a 00 01 00 44 00 00 00"
seg. ago. 3 19:33:36 2026 1785796416485 Debug:   Write server characteristic with handle  9 "64027e068a00010044000000" (service: "{00001826-0000-1000-8000-00805f9b34fb}"
seg. ago. 3 19:33:36 2026 1785796416487 Debug: virtualdevices/virtualbike.cpp void virtualbike::writeCharacteristic(QLowEnergyService *, const QLowEnergyCharacteristic &, const QByteArray &) "virtualbike::writeCharacteristic Heart Rate Heart Rate Measurement 00 00"
seg. ago. 3 19:33:36 2026 1785796416488 Debug:   Write server characteristic with handle  19 "0000" (service: "{0000180d-0000-1000-8000-00805f9b34fb}"
seg. ago. 3 19:33:36 2026 1785796416516 Debug: virtualdevices/virtualbike.cpp void virtualbike::bikeProvider() "bikeProvider" 0 2000 true
seg. ago. 3 19:33:36 2026 1785796416517 Debug: virtualdevices/virtualbike.cpp void virtualbike::bikeProvider() "virtual bike connected"
seg. ago. 3 19:33:36 2026 1785796416518 Debug: virtualdevices/virtualbike.cpp void virtualbike::writeCharacteristic(QLowEnergyService *, const QLowEnergyCharacteristic &, const QByteArray &) "virtualbike::writeCharacteristic Unknown Service  64 02 7e 06 8a 00 01 00 44 00 00 00"
seg. ago. 3 19:33:36 2026 1785796416518 Debug:   Write server characteristic with handle  9 "64027e068a00010044000000" (service: "{00001826-0000-1000-8000-00805f9b34fb}"
seg. ago. 3 19:33:36 2026 1785796416520 Debug: virtualdevices/virtualbike.cpp void virtualbike::writeCharacteristic(QLowEnergyService *, const QLowEnergyCharacteristic &, const QByteArray &) "virtualbike::writeCharacteristic Heart Rate Heart Rate Measurement 00 00"
seg. ago. 3 19:33:36 2026 1785796416521 Debug:   Write server characteristic with handle  19 "0000" (service: "{0000180d-0000-1000-8000-00805f9b34fb}"
seg. ago. 3 19:33:36 2026 1785796416565 Debug: virtualdevices/virtualbike.cpp void virtualbike::bikeProvider() "bikeProvider" 0 2000 true
seg. ago. 3 19:33:36 2026 1785796416566 Debug: virtualdevices/virtualbike.cpp void virtualbike::bikeProvider() "virtual bike connected"
seg. ago. 3 19:33:36 2026 1785796416567 Debug: virtualdevices/virtualbike.cpp void virtualbike::writeCharacteristic(QLowEnergyService *, const QLowEnergyCharacteristic &, const QByteArray &) "virtualbike::writeCharacteristic Unknown Service  64 02 7e 06 8a 00 01 00 44 00 00 00"
seg. ago. 3 19:33:36 2026 1785796416568 Debug:   Write server characteristic with handle  9 "64027e068a00010044000000" (service: "{00001826-0000-1000-8000-00805f9b34fb}"
seg. ago. 3 19:33:36 2026 1785796416570 Debug: virtualdevices/virtualbike.cpp void virtualbike::writeCharacteristic(QLowEnergyService *, const QLowEnergyCharacteristic &, const QByteArray &) "virtualbike::writeCharacteristic Heart Rate Heart Rate Measurement 00 00"
seg. ago. 3 19:33:36 2026 1785796416570 Debug:   Write server characteristic with handle  19 "0000" (service: "{0000180d-0000-1000-8000-00805f9b34fb}"
seg. ago. 3 19:33:36 2026 1785796416617 Debug: virtualdevices/virtualbike.cpp void virtualbike::bikeProvider() "bikeProvider" 0 2000 true
seg. ago. 3 19:33:36 2026 1785796416618 Debug: virtualdevices/virtualbike.cpp void virtualbike::bikeProvider() "virtual bike connected"
seg. ago. 3 19:33:36 2026 1785796416619 Debug: virtualdevices/virtualbike.cpp void virtualbike::writeCharacteristic(QLowEnergyService *, const QLowEnergyCharacteristic &, const QByteArray &) "virtualbike::writeCharacteristic Unknown Service  64 02 7e 06 8a 00 01 00 44 00 00 00"
seg. ago. 3 19:33:36 2026 1785796416620 Debug:   Write server characteristic with handle  9 "64027e068a00010044000000" (service: "{00001826-0000-1000-8000-00805f9b34fb}"
seg. ago. 3 19:33:36 2026 1785796416622 Debug: virtualdevices/virtualbike.cpp void virtualbike::writeCharacteristic(QLowEnergyService *, const QLowEnergyCharacteristic &, const QByteArray &) "virtualbike::writeCharacteristic Heart Rate Heart Rate Measurement 00 00"
seg. ago. 3 19:33:36 2026 1785796416623 Debug:   Write server characteristic with handle  19 "0000" (service: "{0000180d-0000-1000-8000-00805f9b34fb}"
seg. ago. 3 19:33:36 2026 1785796416660 Debug: ./ergtable.h void ergTable::updateDataTable(const CadenceResistancePair &) Added/Updated point: C: 69 W: 68 R: 1
seg. ago. 3 19:33:36 2026 1785796416680 Debug: virtualdevices/virtualbike.cpp void virtualbike::bikeProvider() "bikeProvider" 0 2000 true
seg. ago. 3 19:33:36 2026 1785796416681 Debug: virtualdevices/virtualbike.cpp void virtualbike::bikeProvider() "virtual bike connected"
seg. ago. 3 19:33:36 2026 1785796416682 Debug: virtualdevices/virtualbike.cpp void virtualbike::writeCharacteristic(QLowEnergyService *, const QLowEnergyCharacteristic &, const QByteArray &) "virtualbike::writeCharacteristic Unknown Service  64 02 7e 06 8a 00 01 00 44 00 00 00"
seg. ago. 3 19:33:36 2026 1785796416683 Debug:   Write server characteristic with handle  9 "64027e068a00010044000000" (service: "{00001826-0000-1000-8000-00805f9b34fb}"
seg. ago. 3 19:33:36 2026 1785796416685 Debug: virtualdevices/virtualbike.cpp void virtualbike::writeCharacteristic(QLowEnergyService *, const QLowEnergyCharacteristic &, const QByteArray &) "virtualbike::writeCharacteristic Heart Rate Heart Rate Measurement 00 00"
seg. ago. 3 19:33:36 2026 1785796416686 Debug:   Write server characteristic with handle  19 "0000" (service: "{0000180d-0000-1000-8000-00805f9b34fb}"
seg. ago. 3 19:33:36 2026 1785796416717 Debug: virtualdevices/virtualbike.cpp void virtualbike::bikeProvider() "bikeProvider" 0 2000 true
seg. ago. 3 19:33:36 2026 1785796416717 Debug: virtualdevices/virtualbike.cpp void virtualbike::bikeProvider() "virtual bike connected"
seg. ago. 3 19:33:36 2026 1785796416719 Debug: virtualdevices/virtualbike.cpp void virtualbike::writeCharacteristic(QLowEnergyService *, const QLowEnergyCharacteristic &, const QByteArray &) "virtualbike::writeCharacteristic Unknown Service  64 02 7e 06 8a 00 01 00 44 00 00 00"
seg. ago. 3 19:33:36 2026 1785796416720 Debug:   Write server characteristic with handle  9 "64027e068a00010044000000" (service: "{00001826-0000-1000-8000-00805f9b34fb}"
seg. ago. 3 19:33:36 2026 1785796416721 Debug: virtualdevices/virtualbike.cpp void virtualbike::writeCharacteristic(QLowEnergyService *, const QLowEnergyCharacteristic &, const QByteArray &) "virtualbike::writeCharacteristic Heart Rate Heart Rate Measurement 00 00"
seg. ago. 3 19:33:36 2026 1785796416722 Debug:   Write server characteristic with handle  19 "0000" (service: "{0000180d-0000-1000-8000-00805f9b34fb}"
seg. ago. 3 19:33:36 2026 1785796416765 Debug: virtualdevices/virtualbike.cpp void virtualbike::bikeProvider() "bikeProvider" 0 2000 true
seg. ago. 3 19:33:36 2026 1785796416766 Debug: virtualdevices/virtualbike.cpp void virtualbike::bikeProvider() "virtual bike connected"
seg. ago. 3 19:33:36 2026 1785796416767 Debug: virtualdevices/virtualbike.cpp void virtualbike::writeCharacteristic(QLowEnergyService *, const QLowEnergyCharacteristic &, const QByteArray &) "virtualbike::writeCharacteristic Unknown Service  64 02 7e 06 8a 00 01 00 44 00 00 00"
seg. ago. 3 19:33:36 2026 1785796416768 Debug:   Write server characteristic with handle  9 "64027e068a00010044000000" (service: "{00001826-0000-1000-8000-00805f9b34fb}"
seg. ago. 3 19:33:36 2026 1785796416770 Debug: virtualdevices/virtualbike.cpp void virtualbike::writeCharacteristic(QLowEnergyService *, const QLowEnergyCharacteristic &, const QByteArray &) "virtualbike::writeCharacteristic Heart Rate Heart Rate Measurement 00 00"
seg. ago. 3 19:33:36 2026 1785796416771 Debug:   Write server characteristic with handle  19 "0000" (service: "{0000180d-0000-1000-8000-00805f9b34fb}"
seg. ago. 3 19:33:36 2026 1785796416817 Debug: virtualdevices/virtualbike.cpp void virtualbike::bikeProvider() "bikeProvider" 0 2000 true
seg. ago. 3 19:33:36 2026 1785796416818 Debug: virtualdevices/virtualbike.cpp void virtualbike::bikeProvider() "virtual bike connected"
seg. ago. 3 19:33:36 2026 1785796416820 Debug: virtualdevices/virtualbike.cpp void virtualbike::writeCharacteristic(QLowEnergyService *, const QLowEnergyCharacteristic &, const QByteArray &) "virtualbike::writeCharacteristic Unknown Service  64 02 7e 06 8a 00 01 00 44 00 00 00"
seg. ago. 3 19:33:36 2026 1785796416821 Debug:   Write server characteristic with handle  9 "64027e068a00010044000000" (service: "{00001826-0000-1000-8000-00805f9b34fb}"
seg. ago. 3 19:33:36 2026 1785796416822 Debug: virtualdevices/virtualbike.cpp void virtualbike::writeCharacteristic(QLowEnergyService *, const QLowEnergyCharacteristic &, const QByteArray &) "virtualbike::writeCharacteristic Heart Rate Heart Rate Measurement 00 00"
seg. ago. 3 19:33:36 2026 1785796416823 Debug:   Write server characteristic with handle  19 "0000" (service: "{0000180d-0000-1000-8000-00805f9b34fb}"
seg. ago. 3 19:33:36 2026 1785796416851 Debug:   Characteristic change notification "{00001826-0000-1000-8000-00805f9b34fb}" 47 "f50186003700000100410043000000ffffff"
seg. ago. 3 19:33:36 2026 1785796416853 Debug: devices/ftmsbike/ftmsbike.cpp void ftmsbike::characteristicChanged(const QLowEnergyCharacteristic &, const QByteArray &) "{00002ad2-0000-1000-8000-00805f9b34fb}" 18 " << " "f5 01 86 00 37 00 00 01 00 41 00 43 00 00 00 ff ff ff"
seg. ago. 3 19:33:36 2026 1785796416854 Debug: devices/bluetooth.cpp void bluetooth::debug(const QString &) "Current Cadence: 67"
seg. ago. 3 19:33:36 2026 1785796416855 Debug: devices/bluetooth.cpp void bluetooth::debug(const QString &) "Current Distance: 0.0225838"
seg. ago. 3 19:33:36 2026 1785796416856 Debug: devices/bluetooth.cpp void bluetooth::debug(const QString &) "Current Resistance: 1"
seg. ago. 3 19:33:36 2026 1785796416858 Debug: devices/bluetooth.cpp void bluetooth::debug(const QString &) "Current Watt: 65"
seg. ago. 3 19:33:36 2026 1785796416859 Debug: devices/bluetooth.cpp void bluetooth::debug(const QString &) "Current Average Watt: 67"
seg. ago. 3 19:33:36 2026 1785796416860 Debug: devices/bluetooth.cpp void bluetooth::debug(const QString &) "Current KCal: 0.940443"
seg. ago. 3 19:33:36 2026 1785796416861 Debug: devices/bluetoothdevice.cpp void bluetoothdevice::update_hr_from_external() WearOS Companion Heart: 0
seg. ago. 3 19:33:36 2026 1785796416862 Debug: ./inclinationresistancetable.h void inclinationResistanceTable::collectData(double, uint16_t, double) Skipping invalid data point: Incl: 0 Res: 1 Watt: 65
seg. ago. 3 19:33:36 2026 1785796416863 Debug: devices/bluetooth.cpp void bluetooth::debug(const QString &) "Current CrankRevs: 17"
seg. ago. 3 19:33:36 2026 1785796416864 Debug: devices/bluetooth.cpp void bluetooth::debug(const QString &) "Last CrankEventTime: 15789"
seg. ago. 3 19:33:36 2026 1785796416875 Debug: virtualdevices/virtualbike.cpp void virtualbike::bikeProvider() "bikeProvider" 0 2000 true
seg. ago. 3 19:33:36 2026 1785796416876 Debug: virtualdevices/virtualbike.cpp void virtualbike::bikeProvider() "virtual bike connected"
seg. ago. 3 19:33:36 2026 1785796416878 Debug: virtualdevices/virtualbike.cpp void virtualbike::writeCharacteristic(QLowEnergyService *, const QLowEnergyCharacteristic &, const QByteArray &) "virtualbike::writeCharacteristic Unknown Service  64 02 7e 06 86 00 01 00 41 00 00 00"
seg. ago. 3 19:33:36 2026 1785796416878 Debug:   Write server characteristic with handle  9 "64027e068600010041000000" (service: "{00001826-0000-1000-8000-00805f9b34fb}"
seg. ago. 3 19:33:36 2026 1785796416880 Debug: virtualdevices/virtualbike.cpp void virtualbike::writeCharacteristic(QLowEnergyService *, const QLowEnergyCharacteristic &, const QByteArray &) "virtualbike::writeCharacteristic Heart Rate Heart Rate Measurement 00 00"
seg. ago. 3 19:33:36 2026 1785796416881 Debug:   Write server characteristic with handle  19 "0000" (service: "{0000180d-0000-1000-8000-00805f9b34fb}"
seg. ago. 3 19:33:36 2026 1785796416882 Debug:   Characteristic change notification "{00001826-0000-1000-8000-00805f9b34fb}" 47 "002ab908000900140000"
seg. ago. 3 19:33:36 2026 1785796416884 Debug: devices/ftmsbike/ftmsbike.cpp void ftmsbike::characteristicChanged(const QLowEnergyCharacteristic &, const QByteArray &) "{00002ad2-0000-1000-8000-00805f9b34fb}" 10 " << " "00 2a b9 08 00 09 00 14 00 00"
seg. ago. 3 19:33:36 2026 1785796416886 Debug: devices/bluetooth.cpp void bluetooth::debug(const QString &) "Current Speed: 17.5604"
seg. ago. 3 19:33:36 2026 1785796416887 Debug: devices/bluetooth.cpp void bluetooth::debug(const QString &) "Current Distance: 0.022735"
seg. ago. 3 19:33:36 2026 1785796416888 Debug: devices/bluetooth.cpp void bluetooth::debug(const QString &) "Current KCal: 0.943716"
seg. ago. 3 19:33:36 2026 1785796416889 Debug: devices/bluetooth.cpp void bluetooth::debug(const QString &) "Current Heart: 0"
seg. ago. 3 19:33:36 2026 1785796416891 Debug: devices/bluetoothdevice.cpp void bluetoothdevice::update_hr_from_external() WearOS Companion Heart: 0
seg. ago. 3 19:33:36 2026 1785796416892 Debug: ./inclinationresistancetable.h void inclinationResistanceTable::collectData(double, uint16_t, double) Skipping invalid data point: Incl: 0 Res: 1 Watt: 65
seg. ago. 3 19:33:36 2026 1785796416893 Debug: devices/bluetooth.cpp void bluetooth::debug(const QString &) "Current CrankRevs: 18"
seg. ago. 3 19:33:36 2026 1785796416894 Debug: devices/bluetooth.cpp void bluetooth::debug(const QString &) "Last CrankEventTime: 16706"
seg. ago. 3 19:33:36 2026 1785796416915 Debug: virtualdevices/virtualbike.cpp void virtualbike::bikeProvider() "bikeProvider" 0 2000 true
seg. ago. 3 19:33:36 2026 1785796416916 Debug: virtualdevices/virtualbike.cpp void virtualbike::bikeProvider() "virtual bike connected"
seg. ago. 3 19:33:36 2026 1785796416917 Debug: virtualdevices/virtualbike.cpp void virtualbike::writeCharacteristic(QLowEnergyService *, const QLowEnergyCharacteristic &, const QByteArray &) "virtualbike::writeCharacteristic Unknown Service  64 02 dc 06 86 00 01 00 41 00 00 00"
seg. ago. 3 19:33:36 2026 1785796416918 Debug:   Write server characteristic with handle  9 "6402dc068600010041000000" (service: "{00001826-0000-1000-8000-00805f9b34fb}"
seg. ago. 3 19:33:36 2026 1785796416920 Debug: virtualdevices/virtualbike.cpp void virtualbike::writeCharacteristic(QLowEnergyService *, const QLowEnergyCharacteristic &, const QByteArray &) "virtualbike::writeCharacteristic Heart Rate Heart Rate Measurement 00 00"
seg. ago. 3 19:33:36 2026 1785796416921 Debug:   Write server characteristic with handle  19 "0000" (service: "{0000180d-0000-1000-8000-00805f9b34fb}"
seg. ago. 3 19:33:36 2026 1785796416965 Debug: virtualdevices/virtualbike.cpp void virtualbike::bikeProvider() "bikeProvider" 0 2000 true
seg. ago. 3 19:33:36 2026 1785796416966 Debug: virtualdevices/virtualbike.cpp void virtualbike::bikeProvider() "virtual bike connected"
seg. ago. 3 19:33:36 2026 1785796416968 Debug: virtualdevices/virtualbike.cpp void virtualbike::writeCharacteristic(QLowEnergyService *, const QLowEnergyCharacteristic &, const QByteArray &) "virtualbike::writeCharacteristic Unknown Service  64 02 dc 06 86 00 01 00 41 00 00 00"
seg. ago. 3 19:33:36 2026 1785796416968 Debug:   Write server characteristic with handle  9 "6402dc068600010041000000" (service: "{00001826-0000-1000-8000-00805f9b34fb}"
seg. ago. 3 19:33:36 2026 1785796416970 Debug: virtualdevices/virtualbike.cpp void virtualbike::writeCharacteristic(QLowEnergyService *, const QLowEnergyCharacteristic &, const QByteArray &) "virtualbike::writeCharacteristic Heart Rate Heart Rate Measurement 00 00"
seg. ago. 3 19:33:36 2026 1785796416971 Debug:   Write server characteristic with handle  19 "0000" (service: "{0000180d-0000-1000-8000-00805f9b34fb}"
seg. ago. 3 19:33:37 2026 1785796417015 Debug: virtualdevices/virtualbike.cpp void virtualbike::bikeProvider() "bikeProvider" 0 2000 true
seg. ago. 3 19:33:37 2026 1785796417016 Debug: virtualdevices/virtualbike.cpp void virtualbike::bikeProvider() "virtual bike connected"
seg. ago. 3 19:33:37 2026 1785796417018 Debug: virtualdevices/virtualbike.cpp void virtualbike::writeCharacteristic(QLowEnergyService *, const QLowEnergyCharacteristic &, const QByteArray &) "virtualbike::writeCharacteristic Unknown Service  64 02 dc 06 86 00 01 00 41 00 00 00"
seg. ago. 3 19:33:37 2026 1785796417018 Debug:   Write server characteristic with handle  9 "6402dc068600010041000000" (service: "{00001826-0000-1000-8000-00805f9b34fb}"
seg. ago. 3 19:33:37 2026 1785796417020 Debug: virtualdevices/virtualbike.cpp void virtualbike::writeCharacteristic(QLowEnergyService *, const QLowEnergyCharacteristic &, const QByteArray &) "virtualbike::writeCharacteristic Heart Rate Heart Rate Measurement 00 00"
seg. ago. 3 19:33:37 2026 1785796417020 Debug:   Write server characteristic with handle  19 "0000" (service: "{0000180d-0000-1000-8000-00805f9b34fb}"
seg. ago. 3 19:33:37 2026 1785796417069 Debug: virtualdevices/virtualbike.cpp void virtualbike::bikeProvider() "bikeProvider" 0 2000 true
seg. ago. 3 19:33:37 2026 1785796417069 Debug: virtualdevices/virtualbike.cpp void virtualbike::bikeProvider() "virtual bike connected"
seg. ago. 3 19:33:37 2026 1785796417071 Debug: virtualdevices/virtualbike.cpp void virtualbike::writeCharacteristic(QLowEnergyService *, const QLowEnergyCharacteristic &, const QByteArray &) "virtualbike::writeCharacteristic Unknown Service  64 02 dc 06 86 00 01 00 41 00 00 00"
seg. ago. 3 19:33:37 2026 1785796417072 Debug:   Write server characteristic with handle  9 "6402dc068600010041000000" (service: "{00001826-0000-1000-8000-00805f9b34fb}"
seg. ago. 3 19:33:37 2026 1785796417073 Debug: virtualdevices/virtualbike.cpp void virtualbike::writeCharacteristic(QLowEnergyService *, const QLowEnergyCharacteristic &, const QByteArray &) "virtualbike::writeCharacteristic Heart Rate Heart Rate Measurement 00 00"
seg. ago. 3 19:33:37 2026 1785796417073 Debug:   Write server characteristic with handle  19 "0000" (service: "{0000180d-0000-1000-8000-00805f9b34fb}"
seg. ago. 3 19:33:37 2026 1785796417115 Debug: virtualdevices/virtualbike.cpp void virtualbike::bikeProvider() "bikeProvider" 0 2000 true
seg. ago. 3 19:33:37 2026 1785796417116 Debug: virtualdevices/virtualbike.cpp void virtualbike::bikeProvider() "virtual bike connected"
seg. ago. 3 19:33:37 2026 1785796417117 Debug: virtualdevices/virtualbike.cpp void virtualbike::writeCharacteristic(QLowEnergyService *, const QLowEnergyCharacteristic &, const QByteArray &) "virtualbike::writeCharacteristic Unknown Service  64 02 dc 06 86 00 01 00 41 00 00 00"
seg. ago. 3 19:33:37 2026 1785796417118 Debug:   Write server characteristic with handle  9 "6402dc068600010041000000" (service: "{00001826-0000-1000-8000-00805f9b34fb}"
seg. ago. 3 19:33:37 2026 1785796417119 Debug: virtualdevices/virtualbike.cpp void virtualbike::writeCharacteristic(QLowEnergyService *, const QLowEnergyCharacteristic &, const QByteArray &) "virtualbike::writeCharacteristic Heart Rate Heart Rate Measurement 00 00"
seg. ago. 3 19:33:37 2026 1785796417120 Debug:   Write server characteristic with handle  19 "0000" (service: "{0000180d-0000-1000-8000-00805f9b34fb}"
seg. ago. 3 19:33:37 2026 1785796417165 Debug: virtualdevices/virtualbike.cpp void virtualbike::bikeProvider() "bikeProvider" 0 2000 true
seg. ago. 3 19:33:37 2026 1785796417165 Debug: virtualdevices/virtualbike.cpp void virtualbike::bikeProvider() "virtual bike connected"
seg. ago. 3 19:33:37 2026 1785796417167 Debug: virtualdevices/virtualbike.cpp void virtualbike::writeCharacteristic(QLowEnergyService *, const QLowEnergyCharacteristic &, const QByteArray &) "virtualbike::writeCharacteristic Unknown Service  64 02 dc 06 86 00 01 00 41 00 00 00"
seg. ago. 3 19:33:37 2026 1785796417167 Debug:   Write server characteristic with handle  9 "6402dc068600010041000000" (service: "{00001826-0000-1000-8000-00805f9b34fb}"
seg. ago. 3 19:33:37 2026 1785796417169 Debug: virtualdevices/virtualbike.cpp void virtualbike::writeCharacteristic(QLowEnergyService *, const QLowEnergyCharacteristic &, const QByteArray &) "virtualbike::writeCharacteristic Heart Rate Heart Rate Measurement 00 00"
seg. ago. 3 19:33:37 2026 1785796417169 Debug:   Write server characteristic with handle  19 "0000" (service: "{0000180d-0000-1000-8000-00805f9b34fb}"
seg. ago. 3 19:33:37 2026 1785796417219 Debug: virtualdevices/virtualbike.cpp void virtualbike::bikeProvider() "bikeProvider" 0 2000 true
seg. ago. 3 19:33:37 2026 1785796417220 Debug: virtualdevices/virtualbike.cpp void virtualbike::bikeProvider() "virtual bike connected"
seg. ago. 3 19:33:37 2026 1785796417222 Debug: virtualdevices/virtualbike.cpp void virtualbike::writeCharacteristic(QLowEnergyService *, const QLowEnergyCharacteristic &, const QByteArray &) "virtualbike::writeCharacteristic Unknown Service  64 02 dc 06 86 00 01 00 41 00 00 00"
seg. ago. 3 19:33:37 2026 1785796417223 Debug:   Write server characteristic with handle  9 "6402dc068600010041000000" (service: "{00001826-0000-1000-8000-00805f9b34fb}"
seg. ago. 3 19:33:37 2026 1785796417225 Debug: virtualdevices/virtualbike.cpp void virtualbike::writeCharacteristic(QLowEnergyService *, const QLowEnergyCharacteristic &, const QByteArray &) "virtualbike::writeCharacteristic Heart Rate Heart Rate Measurement 00 00"
seg. ago. 3 19:33:37 2026 1785796417225 Debug:   Write server characteristic with handle  19 "0000" (service: "{0000180d-0000-1000-8000-00805f9b34fb}"
seg. ago. 3 19:33:37 2026 1785796417262 Debug: homeform.cpp void homeform::update() homeform::update fired! elapsed: 998 jitter: -132
seg. ago. 3 19:33:37 2026 1785796417276 Debug: homeform.cpp void homeform::update() homeform::update tiles updated!
seg. ago. 3 19:33:37 2026 1785796417278 Debug: homeform.cpp void homeform::update() Current Distance 1s: 0.0274785 17.5604 65
seg. ago. 3 19:33:37 2026 1785796417287 Debug: templateinfosender.cpp bool TemplateInfoSender::update(QJSEngine *) "eval res " "{\"msg\":\"workout\",\"content\":{\"BIKE_TYPE\":2,\"ELLIPTICAL_TYPE\":4,\"ROWING_TYPE\":3,\"TREADMILL_TYPE\":1,\"UNKNOWN_TYPE\":0,\"deviceId\":\"B8:F8:62:6D:A8:D6\",\"deviceName\":\"YPBM001264\",\"deviceRSSI\":-33,\"deviceType\":2,\"deviceConnected\":true,\"devicePaused\":false,\"elapsed_s\":8,\"elapsed_m\":0,\"elapsed_h\":0,\"lapelapsed_s\":8,\"lapelapsed_m\":0,\"lapelapsed_h\":0,\"pace_s\":25,\"pace_m\":3,\"pace_h\":0,\"pace_color\":\"white\",\"avgpace_s\":27,\"avgpace_m\":5,\"avgpace_h\":0,\"maxpace_s\":25,\"maxpace_m\":3,\"maxpace_h\":0,\"moving_s\":8,\"moving_m\":0,\"moving_h\":0,\"speed\":17.560426861249308,\"speed_avg\":10.991387385401165,\"speed_color\":\"white\",\"speed_lapavg\":10.991387385401165,\"speed_lapmax\":17.560426861249308,\"calories\":0.9437161860000002,\"distance\":0.022735002842071115,\"heart\":0,\"heart_color\":\"lightsteelblue\",\"heart_avg\":0,\"heart_lapavg\":0,\"heart_max\":0,\"heart_lapmax\":0,\"target_heart_above\":0,\"target_heart_below\":0,\"jouls\":539.993,\"elevation\":0,\"difficult\":1,\"watts\":65,\"watts_avg\":64.33333333333333,\"watts_color\":\"white\",\"watts_lapavg\":64.33333333333333,\"watts_max\":68,\"watts_lapmax\":68,\"kgwatts\":0.7738095238095238,\"kgwatts_avg\":0.76530612244898,\"kgwatts_max\":0.8095238095238095,\"workoutName\":\"Ride\",\"workoutStartDate\":\"seg. ago. 3 19:33:22 2026\",\"instructorName\":\"\",\"latitude\":null,\"longitude\":null,\"altitude\":null,\"peloton_offset\":0,\"peloton_ask_start\":false,\"autoresistance\":true,\"nextrow\":\"N/A\",\"training_row_index\":0,\"training_row_elapsed\":0,\"training_row_open_ended\":false,\"training_row_wait_for_lap\":false,\"row_remaining_time_s\":0,\"row_remaining_time_m\":0,\"row_remaining_time_h\":0,\"remaining_time_s\":0,\"remaining_time_m\":0,\"remaining_time_h\":0,\"nickName\":\"N/A\",\"gears\":0,\"target_resistance\":0,\"target_peloton_resistance\":0,\"target_cadence\":0,\"target_power\":0,\"power_zone\":1.5803571428571428,\"power_zone_lapavg\":1.3231026785714286,\"power_zone_lapmax\":1.6071428571428572,\"target_power_zone\":1,\"power_zone_color\":\"white\",\"target_power_zone_color\":\"white\",\"peloton_resistance\":36.18367599003072,\"peloton_resistance_avg\":36.12054414211389,\"peloton_resistance_color\":\"white\",\"peloton_resistance_lapavg\":36.12054414211389,\"peloton_resistance_lapmax\":36.92427203518151,\"peloton_req_resistance\":0,\"cadence\":67,\"cadence_color\":\"white\",\"cadence_avg\":66.33333333333333,\"cadence_lapavg\":66.33333333333333,\"cadence_lapmax\":69,\"resistance\":1,\"resistance_avg\":1,\"resistance_lapavg\":1,\"resistance_lapmax\":1,\"cranks\":18,\"cranktime\":16706,\"req_power\":0,\"req_cadence\":0,\"req_resistance\":0,\"inclination\":0,\"inclination_avg\":0}}"
seg. ago. 3 19:33:37 2026 1785796417306 Debug: virtualdevices/virtualbike.cpp void virtualbike::bikeProvider() "bikeProvider" 0 2000 true
seg. ago. 3 19:33:37 2026 1785796417307 Debug: virtualdevices/virtualbike.cpp void virtualbike::bikeProvider() "virtual bike connected"
seg. ago. 3 19:33:37 2026 1785796417309 Debug: virtualdevices/virtualbike.cpp void virtualbike::writeCharacteristic(QLowEnergyService *, const QLowEnergyCharacteristic &, const QByteArray &) "virtualbike::writeCharacteristic Unknown Service  64 02 dc 06 86 00 01 00 41 00 00 00"
seg. ago. 3 19:33:37 2026 1785796417310 Debug:   Write server characteristic with handle  9 "6402dc068600010041000000" (service: "{00001826-0000-1000-8000-00805f9b34fb}"
seg. ago. 3 19:33:37 2026 1785796417312 Debug: virtualdevices/virtualbike.cpp void virtualbike::writeCharacteristic(QLowEnergyService *, const QLowEnergyCharacteristic &, const QByteArray &) "virtualbike::writeCharacteristic Heart Rate Heart Rate Measurement 00 00"
seg. ago. 3 19:33:37 2026 1785796417313 Debug:   Write server characteristic with handle  19 "0000" (service: "{0000180d-0000-1000-8000-00805f9b34fb}"
seg. ago. 3 19:33:37 2026 1785796417324 Debug: virtualdevices/virtualbike.cpp void virtualbike::bikeProvider() "bikeProvider" 0 2000 true
seg. ago. 3 19:33:37 2026 1785796417326 Debug: virtualdevices/virtualbike.cpp void virtualbike::bikeProvider() "virtual bike connected"
seg. ago. 3 19:33:37 2026 1785796417328 Debug: virtualdevices/virtualbike.cpp void virtualbike::writeCharacteristic(QLowEnergyService *, const QLowEnergyCharacteristic &, const QByteArray &) "virtualbike::writeCharacteristic Unknown Service  64 02 dc 06 86 00 01 00 41 00 00 00"
seg. ago. 3 19:33:37 2026 1785796417329 Debug:   Write server characteristic with handle  9 "6402dc068600010041000000" (service: "{00001826-0000-1000-8000-00805f9b34fb}"
seg. ago. 3 19:33:37 2026 1785796417330 Debug: virtualdevices/virtualbike.cpp void virtualbike::writeCharacteristic(QLowEnergyService *, const QLowEnergyCharacteristic &, const QByteArray &) "virtualbike::writeCharacteristic Heart Rate Heart Rate Measurement 00 00"
seg. ago. 3 19:33:37 2026 1785796417332 Debug:   Write server characteristic with handle  19 "0000" (service: "{0000180d-0000-1000-8000-00805f9b34fb}"
seg. ago. 3 19:33:37 2026 1785796417369 Debug: virtualdevices/virtualbike.cpp void virtualbike::bikeProvider() "bikeProvider" 0 2000 true
seg. ago. 3 19:33:37 2026 1785796417369 Debug: virtualdevices/virtualbike.cpp void virtualbike::bikeProvider() "virtual bike connected"
seg. ago. 3 19:33:37 2026 1785796417371 Debug: virtualdevices/virtualbike.cpp void virtualbike::writeCharacteristic(QLowEnergyService *, const QLowEnergyCharacteristic &, const QByteArray &) "virtualbike::writeCharacteristic Unknown Service  64 02 dc 06 86 00 01 00 41 00 00 00"
seg. ago. 3 19:33:37 2026 1785796417372 Debug:   Write server characteristic with handle  9 "6402dc068600010041000000" (service: "{00001826-0000-1000-8000-00805f9b34fb}"
seg. ago. 3 19:33:37 2026 1785796417373 Debug: virtualdevices/virtualbike.cpp void virtualbike::writeCharacteristic(QLowEnergyService *, const QLowEnergyCharacteristic &, const QByteArray &) "virtualbike::writeCharacteristic Heart Rate Heart Rate Measurement 00 00"
seg. ago. 3 19:33:37 2026 1785796417374 Debug:   Write server characteristic with handle  19 "0000" (service: "{0000180d-0000-1000-8000-00805f9b34fb}"
seg. ago. 3 19:33:37 2026 1785796417418 Debug: virtualdevices/virtualbike.cpp void virtualbike::bikeProvider() "bikeProvider" 0 2000 true
seg. ago. 3 19:33:37 2026 1785796417419 Debug: virtualdevices/virtualbike.cpp void virtualbike::bikeProvider() "virtual bike connected"
seg. ago. 3 19:33:37 2026 1785796417421 Debug: virtualdevices/virtualbike.cpp void virtualbike::writeCharacteristic(QLowEnergyService *, const QLowEnergyCharacteristic &, const QByteArray &) "virtualbike::writeCharacteristic Unknown Service  64 02 dc 06 86 00 01 00 41 00 00 00"
seg. ago. 3 19:33:37 2026 1785796417422 Debug:   Write server characteristic with handle  9 "6402dc068600010041000000" (service: "{00001826-0000-1000-8000-00805f9b34fb}"
seg. ago. 3 19:33:37 2026 1785796417423 Debug: virtualdevices/virtualbike.cpp void virtualbike::writeCharacteristic(QLowEnergyService *, const QLowEnergyCharacteristic &, const QByteArray &) "virtualbike::writeCharacteristic Heart Rate Heart Rate Measurement 00 00"
seg. ago. 3 19:33:37 2026 1785796417425 Debug:   Write server characteristic with handle  19 "0000" (service: "{0000180d-0000-1000-8000-00805f9b34fb}"
seg. ago. 3 19:33:37 2026 1785796417475 Debug: virtualdevices/virtualbike.cpp void virtualbike::bikeProvider() "bikeProvider" 0 2000 true
seg. ago. 3 19:33:37 2026 1785796417476 Debug: virtualdevices/virtualbike.cpp void virtualbike::bikeProvider() "virtual bike connected"
seg. ago. 3 19:33:37 2026 1785796417478 Debug: virtualdevices/virtualbike.cpp void virtualbike::writeCharacteristic(QLowEnergyService *, const QLowEnergyCharacteristic &, const QByteArray &) "virtualbike::writeCharacteristic Unknown Service  64 02 dc 06 86 00 01 00 41 00 00 00"
seg. ago. 3 19:33:37 2026 1785796417479 Debug:   Write server characteristic with handle  9 "6402dc068600010041000000" (service: "{00001826-0000-1000-8000-00805f9b34fb}"
seg. ago. 3 19:33:37 2026 1785796417481 Debug: virtualdevices/virtualbike.cpp void virtualbike::writeCharacteristic(QLowEnergyService *, const QLowEnergyCharacteristic &, const QByteArray &) "virtualbike::writeCharacteristic Heart Rate Heart Rate Measurement 00 00"
seg. ago. 3 19:33:37 2026 1785796417482 Debug:   Write server characteristic with handle  19 "0000" (service: "{0000180d-0000-1000-8000-00805f9b34fb}"
seg. ago. 3 19:33:37 2026 1785796417519 Debug: virtualdevices/virtualbike.cpp void virtualbike::bikeProvider() "bikeProvider" 0 2000 true
seg. ago. 3 19:33:37 2026 1785796417521 Debug: virtualdevices/virtualbike.cpp void virtualbike::bikeProvider() "virtual bike connected"
seg. ago. 3 19:33:37 2026 1785796417523 Debug: virtualdevices/virtualbike.cpp void virtualbike::writeCharacteristic(QLowEnergyService *, const QLowEnergyCharacteristic &, const QByteArray &) "virtualbike::writeCharacteristic Unknown Service  64 02 dc 06 86 00 01 00 41 00 00 00"
seg. ago. 3 19:33:37 2026 1785796417524 Debug:   Write server characteristic with handle  9 "6402dc068600010041000000" (service: "{00001826-0000-1000-8000-00805f9b34fb}"
seg. ago. 3 19:33:37 2026 1785796417526 Debug: virtualdevices/virtualbike.cpp void virtualbike::writeCharacteristic(QLowEnergyService *, const QLowEnergyCharacteristic &, const QByteArray &) "virtualbike::writeCharacteristic Heart Rate Heart Rate Measurement 00 00"
seg. ago. 3 19:33:37 2026 1785796417527 Debug:   Write server characteristic with handle  19 "0000" (service: "{0000180d-0000-1000-8000-00805f9b34fb}"
seg. ago. 3 19:33:37 2026 1785796417570 Debug: virtualdevices/virtualbike.cpp void virtualbike::bikeProvider() "bikeProvider" 0 2000 true
seg. ago. 3 19:33:37 2026 1785796417571 Debug: virtualdevices/virtualbike.cpp void virtualbike::bikeProvider() "virtual bike connected"
seg. ago. 3 19:33:37 2026 1785796417573 Debug: virtualdevices/virtualbike.cpp void virtualbike::writeCharacteristic(QLowEnergyService *, const QLowEnergyCharacteristic &, const QByteArray &) "virtualbike::writeCharacteristic Unknown Service  64 02 dc 06 86 00 01 00 41 00 00 00"
seg. ago. 3 19:33:37 2026 1785796417575 Debug:   Write server characteristic with handle  9 "6402dc068600010041000000" (service: "{00001826-0000-1000-8000-00805f9b34fb}"
seg. ago. 3 19:33:37 2026 1785796417577 Debug: virtualdevices/virtualbike.cpp void virtualbike::writeCharacteristic(QLowEnergyService *, const QLowEnergyCharacteristic &, const QByteArray &) "virtualbike::writeCharacteristic Heart Rate Heart Rate Measurement 00 00"
seg. ago. 3 19:33:37 2026 1785796417579 Debug:   Write server characteristic with handle  19 "0000" (service: "{0000180d-0000-1000-8000-00805f9b34fb}"
seg. ago. 3 19:33:37 2026 1785796417621 Debug: virtualdevices/virtualbike.cpp void virtualbike::bikeProvider() "bikeProvider" 0 2000 true
seg. ago. 3 19:33:37 2026 1785796417622 Debug: virtualdevices/virtualbike.cpp void virtualbike::bikeProvider() "virtual bike connected"
seg. ago. 3 19:33:37 2026 1785796417624 Debug: virtualdevices/virtualbike.cpp void virtualbike::writeCharacteristic(QLowEnergyService *, const QLowEnergyCharacteristic &, const QByteArray &) "virtualbike::writeCharacteristic Unknown Service  64 02 dc 06 86 00 01 00 41 00 00 00"
seg. ago. 3 19:33:37 2026 1785796417626 Debug:   Write server characteristic with handle  9 "6402dc068600010041000000" (service: "{00001826-0000-1000-8000-00805f9b34fb}"
seg. ago. 3 19:33:37 2026 1785796417628 Debug: virtualdevices/virtualbike.cpp void virtualbike::writeCharacteristic(QLowEnergyService *, const QLowEnergyCharacteristic &, const QByteArray &) "virtualbike::writeCharacteristic Heart Rate Heart Rate Measurement 00 00"
seg. ago. 3 19:33:37 2026 1785796417629 Debug:   Write server characteristic with handle  19 "0000" (service: "{0000180d-0000-1000-8000-00805f9b34fb}"
seg. ago. 3 19:33:37 2026 1785796417662 Debug: ./ergtable.h void ergTable::updateDataTable(const CadenceResistancePair &) Added/Updated point: C: 67 W: 65 R: 1
seg. ago. 3 19:33:37 2026 1785796417690 Debug: virtualdevices/virtualbike.cpp void virtualbike::bikeProvider() "bikeProvider" 0 2000 true
seg. ago. 3 19:33:37 2026 1785796417692 Debug: virtualdevices/virtualbike.cpp void virtualbike::bikeProvider() "virtual bike connected"
seg. ago. 3 19:33:37 2026 1785796417694 Debug: virtualdevices/virtualbike.cpp void virtualbike::writeCharacteristic(QLowEnergyService *, const QLowEnergyCharacteristic &, const QByteArray &) "virtualbike::writeCharacteristic Unknown Service  64 02 dc 06 86 00 01 00 41 00 00 00"
seg. ago. 3 19:33:37 2026 1785796417695 Debug:   Write server characteristic with handle  9 "6402dc068600010041000000" (service: "{00001826-0000-1000-8000-00805f9b34fb}"
seg. ago. 3 19:33:37 2026 1785796417697 Debug: virtualdevices/virtualbike.cpp void virtualbike::writeCharacteristic(QLowEnergyService *, const QLowEnergyCharacteristic &, const QByteArray &) "virtualbike::writeCharacteristic Heart Rate Heart Rate Measurement 00 00"
seg. ago. 3 19:33:37 2026 1785796417698 Debug:   Write server characteristic with handle  19 "0000" (service: "{0000180d-0000-1000-8000-00805f9b34fb}"
seg. ago. 3 19:33:37 2026 1785796417721 Debug: virtualdevices/virtualbike.cpp void virtualbike::bikeProvider() "bikeProvider" 0 2000 true
seg. ago. 3 19:33:37 2026 1785796417722 Debug: virtualdevices/virtualbike.cpp void virtualbike::bikeProvider() "virtual bike connected"
seg. ago. 3 19:33:37 2026 1785796417724 Debug: virtualdevices/virtualbike.cpp void virtualbike::writeCharacteristic(QLowEnergyService *, const QLowEnergyCharacteristic &, const QByteArray &) "virtualbike::writeCharacteristic Unknown Service  64 02 dc 06 86 00 01 00 41 00 00 00"
seg. ago. 3 19:33:37 2026 1785796417725 Debug:   Write server characteristic with handle  9 "6402dc068600010041000000" (service: "{00001826-0000-1000-8000-00805f9b34fb}"
seg. ago. 3 19:33:37 2026 1785796417727 Debug: virtualdevices/virtualbike.cpp void virtualbike::writeCharacteristic(QLowEnergyService *, const QLowEnergyCharacteristic &, const QByteArray &) "virtualbike::writeCharacteristic Heart Rate Heart Rate Measurement 00 00"
seg. ago. 3 19:33:37 2026 1785796417728 Debug:   Write server characteristic with handle  19 "0000" (service: "{0000180d-0000-1000-8000-00805f9b34fb}"
seg. ago. 3 19:33:37 2026 1785796417770 Debug: virtualdevices/virtualbike.cpp void virtualbike::bikeProvider() "bikeProvider" 0 2000 true
seg. ago. 3 19:33:37 2026 1785796417771 Debug: virtualdevices/virtualbike.cpp void virtualbike::bikeProvider() "virtual bike connected"
seg. ago. 3 19:33:37 2026 1785796417773 Debug: virtualdevices/virtualbike.cpp void virtualbike::writeCharacteristic(QLowEnergyService *, const QLowEnergyCharacteristic &, const QByteArray &) "virtualbike::writeCharacteristic Unknown Service  64 02 dc 06 86 00 01 00 41 00 00 00"
seg. ago. 3 19:33:37 2026 1785796417775 Debug:   Write server characteristic with handle  9 "6402dc068600010041000000" (service: "{00001826-0000-1000-8000-00805f9b34fb}"
seg. ago. 3 19:33:37 2026 1785796417777 Debug: virtualdevices/virtualbike.cpp void virtualbike::writeCharacteristic(QLowEnergyService *, const QLowEnergyCharacteristic &, const QByteArray &) "virtualbike::writeCharacteristic Heart Rate Heart Rate Measurement 00 00"
seg. ago. 3 19:33:37 2026 1785796417778 Debug:   Write server characteristic with handle  19 "0000" (service: "{0000180d-0000-1000-8000-00805f9b34fb}"
seg. ago. 3 19:33:37 2026 1785796417817 Debug: virtualdevices/virtualbike.cpp void virtualbike::bikeProvider() "bikeProvider" 0 2000 true
seg. ago. 3 19:33:37 2026 1785796417818 Debug: virtualdevices/virtualbike.cpp void virtualbike::bikeProvider() "virtual bike connected"
seg. ago. 3 19:33:37 2026 1785796417820 Debug: virtualdevices/virtualbike.cpp void virtualbike::writeCharacteristic(QLowEnergyService *, const QLowEnergyCharacteristic &, const QByteArray &) "virtualbike::writeCharacteristic Unknown Service  64 02 dc 06 86 00 01 00 41 00 00 00"
seg. ago. 3 19:33:37 2026 1785796417821 Debug:   Write server characteristic with handle  9 "6402dc068600010041000000" (service: "{00001826-0000-1000-8000-00805f9b34fb}"
seg. ago. 3 19:33:37 2026 1785796417823 Debug: virtualdevices/virtualbike.cpp void virtualbike::writeCharacteristic(QLowEnergyService *, const QLowEnergyCharacteristic &, const QByteArray &) "virtualbike::writeCharacteristic Heart Rate Heart Rate Measurement 00 00"
seg. ago. 3 19:33:37 2026 1785796417824 Debug:   Write server characteristic with handle  19 "0000" (service: "{0000180d-0000-1000-8000-00805f9b34fb}"
seg. ago. 3 19:33:37 2026 1785796417851 Debug:   Characteristic change notification "{00001826-0000-1000-8000-00805f9b34fb}" 47 "f5015e003b0000010028003e000000ffffff"
seg. ago. 3 19:33:37 2026 1785796417852 Debug: devices/ftmsbike/ftmsbike.cpp void ftmsbike::characteristicChanged(const QLowEnergyCharacteristic &, const QByteArray &) "{00002ad2-0000-1000-8000-00805f9b34fb}" 18 " << " "f5 01 5e 00 3b 00 00 01 00 28 00 3e 00 00 00 ff ff ff"
seg. ago. 3 19:33:37 2026 1785796417853 Debug: devices/bluetooth.cpp void bluetooth::debug(const QString &) "Current Cadence: 47"
seg. ago. 3 19:33:37 2026 1785796417854 Debug: devices/bluetooth.cpp void bluetooth::debug(const QString &) "Current Distance: 0.0274617"
seg. ago. 3 19:33:37 2026 1785796417856 Debug: devices/bluetooth.cpp void bluetooth::debug(const QString &) "Current Resistance: 1"
seg. ago. 3 19:33:37 2026 1785796417857 Debug: devices/bluetooth.cpp void bluetooth::debug(const QString &) "Current Watt: 40"
seg. ago. 3 19:33:37 2026 1785796417858 Debug: devices/bluetooth.cpp void bluetooth::debug(const QString &) "Current Average Watt: 62"
seg. ago. 3 19:33:37 2026 1785796417859 Debug: devices/bluetooth.cpp void bluetooth::debug(const QString &) "Current KCal: 1.01755"
seg. ago. 3 19:33:37 2026 1785796417860 Debug: devices/bluetoothdevice.cpp void bluetoothdevice::update_hr_from_external() WearOS Companion Heart: 0
seg. ago. 3 19:33:37 2026 1785796417861 Debug: ./inclinationresistancetable.h void inclinationResistanceTable::collectData(double, uint16_t, double) Skipping invalid data point: Incl: 0 Res: 1 Watt: 40
seg. ago. 3 19:33:37 2026 1785796417862 Debug: devices/bluetooth.cpp void bluetooth::debug(const QString &) "Current CrankRevs: 19"
seg. ago. 3 19:33:37 2026 1785796417862 Debug: devices/bluetooth.cpp void bluetooth::debug(const QString &) "Last CrankEventTime: 18013"
seg. ago. 3 19:33:37 2026 1785796417872 Debug: virtualdevices/virtualbike.cpp void virtualbike::bikeProvider() "bikeProvider" 0 2000 true
seg. ago. 3 19:33:37 2026 1785796417873 Debug: virtualdevices/virtualbike.cpp void virtualbike::bikeProvider() "virtual bike connected"
seg. ago. 3 19:33:37 2026 1785796417875 Debug: virtualdevices/virtualbike.cpp void virtualbike::writeCharacteristic(QLowEnergyService *, const QLowEnergyCharacteristic &, const QByteArray &) "virtualbike::writeCharacteristic Unknown Service  64 02 dc 06 5e 00 01 00 28 00 00 00"
seg. ago. 3 19:33:37 2026 1785796417876 Debug:   Write server characteristic with handle  9 "6402dc065e00010028000000" (service: "{00001826-0000-1000-8000-00805f9b34fb}"
seg. ago. 3 19:33:37 2026 1785796417877 Debug: virtualdevices/virtualbike.cpp void virtualbike::writeCharacteristic(QLowEnergyService *, const QLowEnergyCharacteristic &, const QByteArray &) "virtualbike::writeCharacteristic Heart Rate Heart Rate Measurement 00 00"
seg. ago. 3 19:33:37 2026 1785796417878 Debug:   Write server characteristic with handle  19 "0000" (service: "{0000180d-0000-1000-8000-00805f9b34fb}"
seg. ago. 3 19:33:37 2026 1785796417879 Debug:   Characteristic change notification "{00001826-0000-1000-8000-00805f9b34fb}" 47 "002a1e06000a00160000"
seg. ago. 3 19:33:37 2026 1785796417880 Debug: devices/ftmsbike/ftmsbike.cpp void ftmsbike::characteristicChanged(const QLowEnergyCharacteristic &, const QByteArray &) "{00002ad2-0000-1000-8000-00805f9b34fb}" 10 " << " "00 2a 1e 06 00 0a 00 16 00 00"
seg. ago. 3 19:33:37 2026 1785796417882 Debug: devices/bluetooth.cpp void bluetooth::debug(const QString &) "Current Speed: 17.1827"
seg. ago. 3 19:33:37 2026 1785796417884 Debug: devices/bluetooth.cpp void bluetooth::debug(const QString &) "Current Distance: 0.0275953"
seg. ago. 3 19:33:37 2026 1785796417885 Debug: devices/bluetooth.cpp void bluetooth::debug(const QString &) "Current KCal: 1.01968"
seg. ago. 3 19:33:37 2026 1785796417886 Debug: devices/bluetooth.cpp void bluetooth::debug(const QString &) "Current Heart: 0"
seg. ago. 3 19:33:37 2026 1785796417887 Debug: devices/bluetoothdevice.cpp void bluetoothdevice::update_hr_from_external() WearOS Companion Heart: 0
seg. ago. 3 19:33:37 2026 1785796417888 Debug: ./inclinationresistancetable.h void inclinationResistanceTable::collectData(double, uint16_t, double) Skipping invalid data point: Incl: 0 Res: 1 Watt: 40
seg. ago. 3 19:33:37 2026 1785796417889 Debug: devices/bluetooth.cpp void bluetooth::debug(const QString &) "Current CrankRevs: 20"
seg. ago. 3 19:33:37 2026 1785796417890 Debug: devices/bluetooth.cpp void bluetooth::debug(const QString &) "Last CrankEventTime: 19320"
seg. ago. 3 19:33:37 2026 1785796417915 Debug: virtualdevices/virtualbike.cpp void virtualbike::bikeProvider() "bikeProvider" 0 2000 true
seg. ago. 3 19:33:37 2026 1785796417916 Debug: virtualdevices/virtualbike.cpp void virtualbike::bikeProvider() "virtual bike connected"
seg. ago. 3 19:33:37 2026 1785796417917 Debug: virtualdevices/virtualbike.cpp void virtualbike::writeCharacteristic(QLowEnergyService *, const QLowEnergyCharacteristic &, const QByteArray &) "virtualbike::writeCharacteristic Unknown Service  64 02 b6 06 5e 00 01 00 28 00 00 00"
seg. ago. 3 19:33:37 2026 1785796417918 Debug:   Write server characteristic with handle  9 "6402b6065e00010028000000" (service: "{00001826-0000-1000-8000-00805f9b34fb}"
seg. ago. 3 19:33:37 2026 1785796417919 Debug: virtualdevices/virtualbike.cpp void virtualbike::writeCharacteristic(QLowEnergyService *, const QLowEnergyCharacteristic &, const QByteArray &) "virtualbike::writeCharacteristic Heart Rate Heart Rate Measurement 00 00"
seg. ago. 3 19:33:37 2026 1785796417920 Debug:   Write server characteristic with handle  19 "0000" (service: "{0000180d-0000-1000-8000-00805f9b34fb}"
seg. ago. 3 19:33:37 2026 1785796417969 Debug: virtualdevices/virtualbike.cpp void virtualbike::bikeProvider() "bikeProvider" 0 2000 true
seg. ago. 3 19:33:37 2026 1785796417970 Debug: virtualdevices/virtualbike.cpp void virtualbike::bikeProvider() "virtual bike connected"
seg. ago. 3 19:33:37 2026 1785796417972 Debug: virtualdevices/virtualbike.cpp void virtualbike::writeCharacteristic(QLowEnergyService *, const QLowEnergyCharacteristic &, const QByteArray &) "virtualbike::writeCharacteristic Unknown Service  64 02 b6 06 5e 00 01 00 28 00 00 00"
seg. ago. 3 19:33:37 2026 1785796417973 Debug:   Write server characteristic with handle  9 "6402b6065e00010028000000" (service: "{00001826-0000-1000-8000-00805f9b34fb}"
seg. ago. 3 19:33:37 2026 1785796417974 Debug: virtualdevices/virtualbike.cpp void virtualbike::writeCharacteristic(QLowEnergyService *, const QLowEnergyCharacteristic &, const QByteArray &) "virtualbike::writeCharacteristic Heart Rate Heart Rate Measurement 00 00"
seg. ago. 3 19:33:37 2026 1785796417975 Debug:   Write server characteristic with handle  19 "0000" (service: "{0000180d-0000-1000-8000-00805f9b34fb}"
seg. ago. 3 19:33:38 2026 1785796418019 Debug: virtualdevices/virtualbike.cpp void virtualbike::bikeProvider() "bikeProvider" 0 2000 true
seg. ago. 3 19:33:38 2026 1785796418020 Debug: virtualdevices/virtualbike.cpp void virtualbike::bikeProvider() "virtual bike connected"
seg. ago. 3 19:33:38 2026 1785796418022 Debug: virtualdevices/virtualbike.cpp void virtualbike::writeCharacteristic(QLowEnergyService *, const QLowEnergyCharacteristic &, const QByteArray &) "virtualbike::writeCharacteristic Unknown Service  64 02 b6 06 5e 00 01 00 28 00 00 00"
seg. ago. 3 19:33:38 2026 1785796418023 Debug:   Write server characteristic with handle  9 "6402b6065e00010028000000" (service: "{00001826-0000-1000-8000-00805f9b34fb}"
seg. ago. 3 19:33:38 2026 1785796418025 Debug: virtualdevices/virtualbike.cpp void virtualbike::writeCharacteristic(QLowEnergyService *, const QLowEnergyCharacteristic &, const QByteArray &) "virtualbike::writeCharacteristic Heart Rate Heart Rate Measurement 00 00"
seg. ago. 3 19:33:38 2026 1785796418026 Debug:   Write server characteristic with handle  19 "0000" (service: "{0000180d-0000-1000-8000-00805f9b34fb}"
seg. ago. 3 19:33:38 2026 1785796418077 Debug: virtualdevices/virtualbike.cpp void virtualbike::bikeProvider() "bikeProvider" 0 2000 true
seg. ago. 3 19:33:38 2026 1785796418079 Debug: virtualdevices/virtualbike.cpp void virtualbike::bikeProvider() "virtual bike connected"
seg. ago. 3 19:33:38 2026 1785796418081 Debug: virtualdevices/virtualbike.cpp void virtualbike::writeCharacteristic(QLowEnergyService *, const QLowEnergyCharacteristic &, const QByteArray &) "virtualbike::writeCharacteristic Unknown Service  64 02 b6 06 5e 00 01 00 28 00 00 00"
seg. ago. 3 19:33:38 2026 1785796418083 Debug:   Write server characteristic with handle  9 "6402b6065e00010028000000" (service: "{00001826-0000-1000-8000-00805f9b34fb}"
seg. ago. 3 19:33:38 2026 1785796418085 Debug: virtualdevices/virtualbike.cpp void virtualbike::writeCharacteristic(QLowEnergyService *, const QLowEnergyCharacteristic &, const QByteArray &) "virtualbike::writeCharacteristic Heart Rate Heart Rate Measurement 00 00"
seg. ago. 3 19:33:38 2026 1785796418086 Debug:   Write server characteristic with handle  19 "0000" (service: "{0000180d-0000-1000-8000-00805f9b34fb}"
seg. ago. 3 19:33:38 2026 1785796418120 Debug: virtualdevices/virtualbike.cpp void virtualbike::bikeProvider() "bikeProvider" 0 2000 true
seg. ago. 3 19:33:38 2026 1785796418122 Debug: virtualdevices/virtualbike.cpp void virtualbike::bikeProvider() "virtual bike connected"
seg. ago. 3 19:33:38 2026 1785796418124 Debug: virtualdevices/virtualbike.cpp void virtualbike::writeCharacteristic(QLowEnergyService *, const QLowEnergyCharacteristic &, const QByteArray &) "virtualbike::writeCharacteristic Unknown Service  64 02 b6 06 5e 00 01 00 28 00 00 00"
seg. ago. 3 19:33:38 2026 1785796418125 Debug:   Write server characteristic with handle  9 "6402b6065e00010028000000" (service: "{00001826-0000-1000-8000-00805f9b34fb}"
seg. ago. 3 19:33:38 2026 1785796418127 Debug: virtualdevices/virtualbike.cpp void virtualbike::writeCharacteristic(QLowEnergyService *, const QLowEnergyCharacteristic &, const QByteArray &) "virtualbike::writeCharacteristic Heart Rate Heart Rate Measurement 00 00"
seg. ago. 3 19:33:38 2026 1785796418129 Debug:   Write server characteristic with handle  19 "0000" (service: "{0000180d-0000-1000-8000-00805f9b34fb}"
seg. ago. 3 19:33:38 2026 1785796418171 Debug: virtualdevices/virtualbike.cpp void virtualbike::bikeProvider() "bikeProvider" 0 2000 true
seg. ago. 3 19:33:38 2026 1785796418173 Debug: virtualdevices/virtualbike.cpp void virtualbike::bikeProvider() "virtual bike connected"
seg. ago. 3 19:33:38 2026 1785796418175 Debug: virtualdevices/virtualbike.cpp void virtualbike::writeCharacteristic(QLowEnergyService *, const QLowEnergyCharacteristic &, const QByteArray &) "virtualbike::writeCharacteristic Unknown Service  64 02 b6 06 5e 00 01 00 28 00 00 00"
seg. ago. 3 19:33:38 2026 1785796418176 Debug:   Write server characteristic with handle  9 "6402b6065e00010028000000" (service: "{00001826-0000-1000-8000-00805f9b34fb}"
seg. ago. 3 19:33:38 2026 1785796418179 Debug: virtualdevices/virtualbike.cpp void virtualbike::writeCharacteristic(QLowEnergyService *, const QLowEnergyCharacteristic &, const QByteArray &) "virtualbike::writeCharacteristic Heart Rate Heart Rate Measurement 00 00"
seg. ago. 3 19:33:38 2026 1785796418181 Debug:   Write server characteristic with handle  19 "0000" (service: "{0000180d-0000-1000-8000-00805f9b34fb}"
seg. ago. 3 19:33:38 2026 1785796418221 Debug: virtualdevices/virtualbike.cpp void virtualbike::bikeProvider() "bikeProvider" 0 2000 true
seg. ago. 3 19:33:38 2026 1785796418222 Debug: virtualdevices/virtualbike.cpp void virtualbike::bikeProvider() "virtual bike connected"
seg. ago. 3 19:33:38 2026 1785796418224 Debug: virtualdevices/virtualbike.cpp void virtualbike::writeCharacteristic(QLowEnergyService *, const QLowEnergyCharacteristic &, const QByteArray &) "virtualbike::writeCharacteristic Unknown Service  64 02 b6 06 5e 00 01 00 28 00 00 00"
seg. ago. 3 19:33:38 2026 1785796418226 Debug:   Write server characteristic with handle  9 "6402b6065e00010028000000" (service: "{00001826-0000-1000-8000-00805f9b34fb}"
seg. ago. 3 19:33:38 2026 1785796418228 Debug: virtualdevices/virtualbike.cpp void virtualbike::writeCharacteristic(QLowEnergyService *, const QLowEnergyCharacteristic &, const QByteArray &) "virtualbike::writeCharacteristic Heart Rate Heart Rate Measurement 00 00"
seg. ago. 3 19:33:38 2026 1785796418230 Debug:   Write server characteristic with handle  19 "0000" (service: "{0000180d-0000-1000-8000-00805f9b34fb}"
seg. ago. 3 19:33:38 2026 1785796418263 Debug: homeform.cpp void homeform::update() homeform::update fired! elapsed: 1001 jitter: -131
seg. ago. 3 19:33:38 2026 1785796418272 Debug: homeform.cpp void homeform::update() homeform::update tiles updated!
seg. ago. 3 19:33:38 2026 1785796418273 Debug: homeform.cpp void homeform::update() Current Distance 1s: 0.0322515 17.1827 40
seg. ago. 3 19:33:38 2026 1785796418279 Debug: templateinfosender.cpp bool TemplateInfoSender::update(QJSEngine *) "eval res " "{\"msg\":\"workout\",\"content\":{\"BIKE_TYPE\":2,\"ELLIPTICAL_TYPE\":4,\"ROWING_TYPE\":3,\"TREADMILL_TYPE\":1,\"UNKNOWN_TYPE\":0,\"deviceId\":\"B8:F8:62:6D:A8:D6\",\"deviceName\":\"YPBM001264\",\"deviceRSSI\":-33,\"deviceType\":2,\"deviceConnected\":true,\"devicePaused\":false,\"elapsed_s\":9,\"elapsed_m\":0,\"elapsed_h\":0,\"lapelapsed_s\":9,\"lapelapsed_m\":0,\"lapelapsed_h\":0,\"pace_s\":29,\"pace_m\":3,\"pace_h\":0,\"pace_color\":\"white\",\"avgpace_s\":10,\"avgpace_m\":5,\"avgpace_h\":0,\"maxpace_s\":25,\"maxpace_m\":3,\"maxpace_h\":0,\"moving_s\":9,\"moving_m\":0,\"moving_h\":0,\"speed\":17.18273599159462,\"speed_avg\":11.610522246020512,\"speed_color\":\"white\",\"speed_lapavg\":11.610522246020512,\"speed_lapmax\":17.560426861249308,\"calories\":1.0196826010000002,\"distance\":0.027595327907714233,\"heart\":0,\"heart_color\":\"lightsteelblue\",\"heart_avg\":0,\"heart_lapavg\":0,\"heart_max\":0,\"heart_lapmax\":0,\"target_heart_above\":0,\"target_heart_below\":0,\"jouls\":595.0580000000001,\"elevation\":0,\"difficult\":1,\"watts\":40,\"watts_avg\":61.9,\"watts_color\":\"white\",\"watts_lapavg\":61.9,\"watts_max\":68,\"watts_lapmax\":68,\"kgwatts\":0.47619047619047616,\"kgwatts_avg\":0.7535460992907805,\"kgwatts_max\":0.8095238095238095,\"workoutName\":\"Ride\",\"workoutStartDate\":\"seg. ago. 3 19:33:22 2026\",\"instructorName\":\"\",\"latitude\":null,\"longitude\":null,\"altitude\":null,\"peloton_offset\":0,\"peloton_ask_start\":false,\"autoresistance\":true,\"nextrow\":\"N/A\",\"training_row_index\":0,\"training_row_elapsed\":0,\"training_row_open_ended\":false,\"training_row_wait_for_lap\":false,\"row_remaining_time_s\":0,\"row_remaining_time_m\":0,\"row_remaining_time_h\":0,\"remaining_time_s\":0,\"remaining_time_m\":0,\"remaining_time_h\":0,\"nickName\":\"N/A\",\"gears\":0,\"target_resistance\":0,\"target_peloton_resistance\":0,\"target_cadence\":0,\"target_power\":0,\"power_zone\":1.3571428571428572,\"power_zone_lapavg\":1.3251050420168067,\"power_zone_lapmax\":1.6071428571428572,\"target_power_zone\":1,\"power_zone_color\":\"white\",\"target_power_zone_color\":\"white\",\"peloton_resistance\":38.64155438268602,\"peloton_resistance_avg\":36.83052563418509,\"peloton_resistance_color\":\"white\",\"peloton_resistance_lapavg\":36.83052563418509,\"peloton_resistance_lapmax\":47.08918225089461,\"peloton_req_resistance\":0,\"cadence\":47,\"cadence_color\":\"white\",\"cadence_avg\":64.4,\"cadence_lapavg\":64.4,\"cadence_lapmax\":69,\"resistance\":1,\"resistance_avg\":1,\"resistance_lapavg\":1,\"resistance_lapmax\":1,\"cranks\":20,\"cranktime\":19320,\"req_power\":0,\"req_cadence\":0,\"req_resistance\":0,\"inclination\":0,\"inclination_avg\":0}}"
seg. ago. 3 19:33:38 2026 1785796418306 Debug: virtualdevices/virtualbike.cpp void virtualbike::bikeProvider() "bikeProvider" 0 2000 true
seg. ago. 3 19:33:38 2026 1785796418308 Debug: virtualdevices/virtualbike.cpp void virtualbike::bikeProvider() "virtual bike connected"
seg. ago. 3 19:33:38 2026 1785796418311 Debug: virtualdevices/virtualbike.cpp void virtualbike::writeCharacteristic(QLowEnergyService *, const QLowEnergyCharacteristic &, const QByteArray &) "virtualbike::writeCharacteristic Unknown Service  64 02 b6 06 5e 00 01 00 28 00 00 00"
seg. ago. 3 19:33:38 2026 1785796418313 Debug:   Write server characteristic with handle  9 "6402b6065e00010028000000" (service: "{00001826-0000-1000-8000-00805f9b34fb}"
seg. ago. 3 19:33:38 2026 1785796418314 Debug: virtualdevices/virtualbike.cpp void virtualbike::writeCharacteristic(QLowEnergyService *, const QLowEnergyCharacteristic &, const QByteArray &) "virtualbike::writeCharacteristic Heart Rate Heart Rate Measurement 00 00"
seg. ago. 3 19:33:38 2026 1785796418315 Debug:   Write server characteristic with handle  19 "0000" (service: "{0000180d-0000-1000-8000-00805f9b34fb}"
seg. ago. 3 19:33:38 2026 1785796418324 Debug: virtualdevices/virtualbike.cpp void virtualbike::bikeProvider() "bikeProvider" 0 2000 true
seg. ago. 3 19:33:38 2026 1785796418325 Debug: virtualdevices/virtualbike.cpp void virtualbike::bikeProvider() "virtual bike connected"
seg. ago. 3 19:33:38 2026 1785796418326 Debug: virtualdevices/virtualbike.cpp void virtualbike::writeCharacteristic(QLowEnergyService *, const QLowEnergyCharacteristic &, const QByteArray &) "virtualbike::writeCharacteristic Unknown Service  64 02 b6 06 5e 00 01 00 28 00 00 00"
seg. ago. 3 19:33:38 2026 1785796418327 Debug:   Write server characteristic with handle  9 "6402b6065e00010028000000" (service: "{00001826-0000-1000-8000-00805f9b34fb}"
seg. ago. 3 19:33:38 2026 1785796418329 Debug: virtualdevices/virtualbike.cpp void virtualbike::writeCharacteristic(QLowEnergyService *, const QLowEnergyCharacteristic &, const QByteArray &) "virtualbike::writeCharacteristic Heart Rate Heart Rate Measurement 00 00"
seg. ago. 3 19:33:38 2026 1785796418330 Debug:   Write server characteristic with handle  19 "0000" (service: "{0000180d-0000-1000-8000-00805f9b34fb}"
seg. ago. 3 19:33:38 2026 1785796418368 Debug: virtualdevices/virtualbike.cpp void virtualbike::bikeProvider() "bikeProvider" 0 2000 true
seg. ago. 3 19:33:38 2026 1785796418369 Debug: virtualdevices/virtualbike.cpp void virtualbike::bikeProvider() "virtual bike connected"
seg. ago. 3 19:33:38 2026 1785796418370 Debug: virtualdevices/virtualbike.cpp void virtualbike::writeCharacteristic(QLowEnergyService *, const QLowEnergyCharacteristic &, const QByteArray &) "virtualbike::writeCharacteristic Unknown Service  64 02 b6 06 5e 00 01 00 28 00 00 00"
seg. ago. 3 19:33:38 2026 1785796418371 Debug:   Write server characteristic with handle  9 "6402b6065e00010028000000" (service: "{00001826-0000-1000-8000-00805f9b34fb}"
seg. ago. 3 19:33:38 2026 1785796418372 Debug: virtualdevices/virtualbike.cpp void virtualbike::writeCharacteristic(QLowEnergyService *, const QLowEnergyCharacteristic &, const QByteArray &) "virtualbike::writeCharacteristic Heart Rate Heart Rate Measurement 00 00"
seg. ago. 3 19:33:38 2026 1785796418373 Debug:   Write server characteristic with handle  19 "0000" (service: "{0000180d-0000-1000-8000-00805f9b34fb}"
seg. ago. 3 19:33:38 2026 1785796418418 Debug: virtualdevices/virtualbike.cpp void virtualbike::bikeProvider() "bikeProvider" 0 2000 true
seg. ago. 3 19:33:38 2026 1785796418419 Debug: virtualdevices/virtualbike.cpp void virtualbike::bikeProvider() "virtual bike connected"
seg. ago. 3 19:33:38 2026 1785796418420 Debug: virtualdevices/virtualbike.cpp void virtualbike::writeCharacteristic(QLowEnergyService *, const QLowEnergyCharacteristic &, const QByteArray &) "virtualbike::writeCharacteristic Unknown Service  64 02 b6 06 5e 00 01 00 28 00 00 00"
seg. ago. 3 19:33:38 2026 1785796418421 Debug:   Write server characteristic with handle  9 "6402b6065e00010028000000" (service: "{00001826-0000-1000-8000-00805f9b34fb}"
seg. ago. 3 19:33:38 2026 1785796418423 Debug: virtualdevices/virtualbike.cpp void virtualbike::writeCharacteristic(QLowEnergyService *, const QLowEnergyCharacteristic &, const QByteArray &) "virtualbike::writeCharacteristic Heart Rate Heart Rate Measurement 00 00"
seg. ago. 3 19:33:38 2026 1785796418424 Debug:   Write server characteristic with handle  19 "0000" (service: "{0000180d-0000-1000-8000-00805f9b34fb}"
seg. ago. 3 19:33:38 2026 1785796418474 Debug: virtualdevices/virtualbike.cpp void virtualbike::bikeProvider() "bikeProvider" 0 2000 true
seg. ago. 3 19:33:38 2026 1785796418475 Debug: virtualdevices/virtualbike.cpp void virtualbike::bikeProvider() "virtual bike connected"
seg. ago. 3 19:33:38 2026 1785796418477 Debug: virtualdevices/virtualbike.cpp void virtualbike::writeCharacteristic(QLowEnergyService *, const QLowEnergyCharacteristic &, const QByteArray &) "virtualbike::writeCharacteristic Unknown Service  64 02 b6 06 5e 00 01 00 28 00 00 00"
seg. ago. 3 19:33:38 2026 1785796418478 Debug:   Write server characteristic with handle  9 "6402b6065e00010028000000" (service: "{00001826-0000-1000-8000-00805f9b34fb}"
seg. ago. 3 19:33:38 2026 1785796418480 Debug: virtualdevices/virtualbike.cpp void virtualbike::writeCharacteristic(QLowEnergyService *, const QLowEnergyCharacteristic &, const QByteArray &) "virtualbike::writeCharacteristic Heart Rate Heart Rate Measurement 00 00"
seg. ago. 3 19:33:38 2026 1785796418481 Debug:   Write server characteristic with handle  19 "0000" (service: "{0000180d-0000-1000-8000-00805f9b34fb}"
seg. ago. 3 19:33:38 2026 1785796418521 Debug: virtualdevices/virtualbike.cpp void virtualbike::bikeProvider() "bikeProvider" 0 2000 true
seg. ago. 3 19:33:38 2026 1785796418523 Debug: virtualdevices/virtualbike.cpp void virtualbike::bikeProvider() "virtual bike connected"
seg. ago. 3 19:33:38 2026 1785796418525 Debug: virtualdevices/virtualbike.cpp void virtualbike::writeCharacteristic(QLowEnergyService *, const QLowEnergyCharacteristic &, const QByteArray &) "virtualbike::writeCharacteristic Unknown Service  64 02 b6 06 5e 00 01 00 28 00 00 00"
seg. ago. 3 19:33:38 2026 1785796418526 Debug:   Write server characteristic with handle  9 "6402b6065e00010028000000" (service: "{00001826-0000-1000-8000-00805f9b34fb}"
seg. ago. 3 19:33:38 2026 1785796418528 Debug: virtualdevices/virtualbike.cpp void virtualbike::writeCharacteristic(QLowEnergyService *, const QLowEnergyCharacteristic &, const QByteArray &) "virtualbike::writeCharacteristic Heart Rate Heart Rate Measurement 00 00"
seg. ago. 3 19:33:38 2026 1785796418529 Debug:   Write server characteristic with handle  19 "0000" (service: "{0000180d-0000-1000-8000-00805f9b34fb}"
seg. ago. 3 19:33:38 2026 1785796418575 Debug: virtualdevices/virtualbike.cpp void virtualbike::bikeProvider() "bikeProvider" 0 2000 true
seg. ago. 3 19:33:38 2026 1785796418576 Debug: virtualdevices/virtualbike.cpp void virtualbike::bikeProvider() "virtual bike connected"
seg. ago. 3 19:33:38 2026 1785796418580 Debug: virtualdevices/virtualbike.cpp void virtualbike::writeCharacteristic(QLowEnergyService *, const QLowEnergyCharacteristic &, const QByteArray &) "virtualbike::writeCharacteristic Unknown Service  64 02 b6 06 5e 00 01 00 28 00 00 00"
seg. ago. 3 19:33:38 2026 1785796418581 Debug:   Write server characteristic with handle  9 "6402b6065e00010028000000" (service: "{00001826-0000-1000-8000-00805f9b34fb}"
seg. ago. 3 19:33:38 2026 1785796418585 Debug: virtualdevices/virtualbike.cpp void virtualbike::writeCharacteristic(QLowEnergyService *, const QLowEnergyCharacteristic &, const QByteArray &) "virtualbike::writeCharacteristic Heart Rate Heart Rate Measurement 00 00"
seg. ago. 3 19:33:38 2026 1785796418587 Debug:   Write server characteristic with handle  19 "0000" (service: "{0000180d-0000-1000-8000-00805f9b34fb}"
seg. ago. 3 19:33:38 2026 1785796418605 Debug:   Characteristic change notification "{00001826-0000-1000-8000-00805f9b34fb}" 44 "0202"
seg. ago. 3 19:33:38 2026 1785796418609 Debug: devices/ftmsbike/ftmsbike.cpp void ftmsbike::characteristicChanged(const QLowEnergyCharacteristic &, const QByteArray &) "{00002ada-0000-1000-8000-00805f9b34fb}" 2 " << " "02 02"
seg. ago. 3 19:33:38 2026 1785796418627 Debug: virtualdevices/virtualbike.cpp void virtualbike::bikeProvider() "bikeProvider" 0 2000 true
seg. ago. 3 19:33:38 2026 1785796418628 Debug: virtualdevices/virtualbike.cpp void virtualbike::bikeProvider() "virtual bike connected"
seg. ago. 3 19:33:38 2026 1785796418631 Debug: virtualdevices/virtualbike.cpp void virtualbike::writeCharacteristic(QLowEnergyService *, const QLowEnergyCharacteristic &, const QByteArray &) "virtualbike::writeCharacteristic Unknown Service  64 02 b6 06 5e 00 01 00 28 00 00 00"
seg. ago. 3 19:33:38 2026 1785796418633 Debug:   Write server characteristic with handle  9 "6402b6065e00010028000000" (service: "{00001826-0000-1000-8000-00805f9b34fb}"
seg. ago. 3 19:33:38 2026 1785796418638 Debug: virtualdevices/virtualbike.cpp void virtualbike::writeCharacteristic(QLowEnergyService *, const QLowEnergyCharacteristic &, const QByteArray &) "virtualbike::writeCharacteristic Heart Rate Heart Rate Measurement 00 00"
seg. ago. 3 19:33:38 2026 1785796418640 Debug:   Write server characteristic with handle  19 "0000" (service: "{0000180d-0000-1000-8000-00805f9b34fb}"
seg. ago. 3 19:33:38 2026 1785796418677 Debug: virtualdevices/virtualbike.cpp void virtualbike::bikeProvider() "bikeProvider" 0 2000 true
seg. ago. 3 19:33:38 2026 1785796418678 Debug: virtualdevices/virtualbike.cpp void virtualbike::bikeProvider() "virtual bike connected"
seg. ago. 3 19:33:38 2026 1785796418680 Debug: virtualdevices/virtualbike.cpp void virtualbike::writeCharacteristic(QLowEnergyService *, const QLowEnergyCharacteristic &, const QByteArray &) "virtualbike::writeCharacteristic Unknown Service  64 02 b6 06 5e 00 01 00 28 00 00 00"
seg. ago. 3 19:33:38 2026 1785796418681 Debug:   Write server characteristic with handle  9 "6402b6065e00010028000000" (service: "{00001826-0000-1000-8000-00805f9b34fb}"
seg. ago. 3 19:33:38 2026 1785796418682 Debug: virtualdevices/virtualbike.cpp void virtualbike::writeCharacteristic(QLowEnergyService *, const QLowEnergyCharacteristic &, const QByteArray &) "virtualbike::writeCharacteristic Heart Rate Heart Rate Measurement 00 00"
seg. ago. 3 19:33:38 2026 1785796418683 Debug:   Write server characteristic with handle  19 "0000" (service: "{0000180d-0000-1000-8000-00805f9b34fb}"
seg. ago. 3 19:33:38 2026 1785796418718 Debug: virtualdevices/virtualbike.cpp void virtualbike::bikeProvider() "bikeProvider" 0 2000 true
seg. ago. 3 19:33:38 2026 1785796418719 Debug: virtualdevices/virtualbike.cpp void virtualbike::bikeProvider() "virtual bike connected"
seg. ago. 3 19:33:38 2026 1785796418721 Debug: virtualdevices/virtualbike.cpp void virtualbike::writeCharacteristic(QLowEnergyService *, const QLowEnergyCharacteristic &, const QByteArray &) "virtualbike::writeCharacteristic Unknown Service  64 02 b6 06 5e 00 01 00 28 00 00 00"
seg. ago. 3 19:33:38 2026 1785796418722 Debug:   Write server characteristic with handle  9 "6402b6065e00010028000000" (service: "{00001826-0000-1000-8000-00805f9b34fb}"
seg. ago. 3 19:33:38 2026 1785796418724 Debug: virtualdevices/virtualbike.cpp void virtualbike::writeCharacteristic(QLowEnergyService *, const QLowEnergyCharacteristic &, const QByteArray &) "virtualbike::writeCharacteristic Heart Rate Heart Rate Measurement 00 00"
seg. ago. 3 19:33:38 2026 1785796418725 Debug:   Write server characteristic with handle  19 "0000" (service: "{0000180d-0000-1000-8000-00805f9b34fb}"
seg. ago. 3 19:33:38 2026 1785796418769 Debug: virtualdevices/virtualbike.cpp void virtualbike::bikeProvider() "bikeProvider" 0 2000 true
seg. ago. 3 19:33:38 2026 1785796418770 Debug: virtualdevices/virtualbike.cpp void virtualbike::bikeProvider() "virtual bike connected"
seg. ago. 3 19:33:38 2026 1785796418772 Debug: virtualdevices/virtualbike.cpp void virtualbike::writeCharacteristic(QLowEnergyService *, const QLowEnergyCharacteristic &, const QByteArray &) "virtualbike::writeCharacteristic Unknown Service  64 02 b6 06 5e 00 01 00 28 00 00 00"
seg. ago. 3 19:33:38 2026 1785796418773 Debug:   Write server characteristic with handle  9 "6402b6065e00010028000000" (service: "{00001826-0000-1000-8000-00805f9b34fb}"
seg. ago. 3 19:33:38 2026 1785796418776 Debug: virtualdevices/virtualbike.cpp void virtualbike::writeCharacteristic(QLowEnergyService *, const QLowEnergyCharacteristic &, const QByteArray &) "virtualbike::writeCharacteristic Heart Rate Heart Rate Measurement 00 00"
seg. ago. 3 19:33:38 2026 1785796418777 Debug:   Write server characteristic with handle  19 "0000" (service: "{0000180d-0000-1000-8000-00805f9b34fb}"
seg. ago. 3 19:33:38 2026 1785796418819 Debug: virtualdevices/virtualbike.cpp void virtualbike::bikeProvider() "bikeProvider" 0 2000 true
seg. ago. 3 19:33:38 2026 1785796418820 Debug: virtualdevices/virtualbike.cpp void virtualbike::bikeProvider() "virtual bike connected"
seg. ago. 3 19:33:38 2026 1785796418822 Debug: virtualdevices/virtualbike.cpp void virtualbike::writeCharacteristic(QLowEnergyService *, const QLowEnergyCharacteristic &, const QByteArray &) "virtualbike::writeCharacteristic Unknown Service  64 02 b6 06 5e 00 01 00 28 00 00 00"
seg. ago. 3 19:33:38 2026 1785796418823 Debug:   Write server characteristic with handle  9 "6402b6065e00010028000000" (service: "{00001826-0000-1000-8000-00805f9b34fb}"
seg. ago. 3 19:33:38 2026 1785796418825 Debug: virtualdevices/virtualbike.cpp void virtualbike::writeCharacteristic(QLowEnergyService *, const QLowEnergyCharacteristic &, const QByteArray &) "virtualbike::writeCharacteristic Heart Rate Heart Rate Measurement 00 00"
seg. ago. 3 19:33:38 2026 1785796418827 Debug:   Write server characteristic with handle  19 "0000" (service: "{0000180d-0000-1000-8000-00805f9b34fb}"
seg. ago. 3 19:33:38 2026 1785796418844 Debug:   Characteristic change notification "{00001826-0000-1000-8000-00805f9b34fb}" 47 "f50114003b00000100000033000000ffffff"
seg. ago. 3 19:33:38 2026 1785796418846 Debug: devices/ftmsbike/ftmsbike.cpp void ftmsbike::characteristicChanged(const QLowEnergyCharacteristic &, const QByteArray &) "{00002ad2-0000-1000-8000-00805f9b34fb}" 18 " << " "f5 01 14 00 3b 00 00 01 00 00 00 33 00 00 00 ff ff ff"
seg. ago. 3 19:33:38 2026 1785796418848 Debug: devices/bluetooth.cpp void bluetooth::debug(const QString &) "Current Cadence: 10"
seg. ago. 3 19:33:38 2026 1785796418850 Debug: devices/bluetooth.cpp void bluetooth::debug(const QString &) "Current Distance: 0.0322013"
seg. ago. 3 19:33:38 2026 1785796418852 Debug: devices/bluetooth.cpp void bluetooth::debug(const QString &) "Current Resistance: 1"
seg. ago. 3 19:33:38 2026 1785796418855 Debug: devices/bluetooth.cpp void bluetooth::debug(const QString &) "Current Watt: 0"
seg. ago. 3 19:33:38 2026 1785796418857 Debug: devices/bluetooth.cpp void bluetooth::debug(const QString &) "Current Average Watt: 51"
seg. ago. 3 19:33:38 2026 1785796418858 Debug: devices/bluetooth.cpp void bluetooth::debug(const QString &) "Current KCal: 1.01968"
seg. ago. 3 19:33:38 2026 1785796418861 Debug: devices/bluetoothdevice.cpp void bluetoothdevice::update_hr_from_external() WearOS Companion Heart: 0
seg. ago. 3 19:33:38 2026 1785796418864 Debug: ./inclinationresistancetable.h void inclinationResistanceTable::collectData(double, uint16_t, double) Skipping invalid data point: Incl: 0 Res: 1 Watt: 0
seg. ago. 3 19:33:38 2026 1785796418865 Debug: devices/bluetooth.cpp void bluetooth::debug(const QString &) "Current CrankRevs: 21"
seg. ago. 3 19:33:38 2026 1785796418866 Debug: devices/bluetooth.cpp void bluetooth::debug(const QString &) "Last CrankEventTime: 25464"
seg. ago. 3 19:33:38 2026 1785796418884 Debug: virtualdevices/virtualbike.cpp void virtualbike::bikeProvider() "bikeProvider" 0 2000 true
seg. ago. 3 19:33:38 2026 1785796418885 Debug: virtualdevices/virtualbike.cpp void virtualbike::bikeProvider() "virtual bike connected"
seg. ago. 3 19:33:38 2026 1785796418887 Debug: virtualdevices/virtualbike.cpp void virtualbike::writeCharacteristic(QLowEnergyService *, const QLowEnergyCharacteristic &, const QByteArray &) "virtualbike::writeCharacteristic Unknown Service  64 02 b6 06 14 00 01 00 00 00 00 00"
seg. ago. 3 19:33:38 2026 1785796418888 Debug:   Write server characteristic with handle  9 "6402b6061400010000000000" (service: "{00001826-0000-1000-8000-00805f9b34fb}"
seg. ago. 3 19:33:38 2026 1785796418890 Debug: virtualdevices/virtualbike.cpp void virtualbike::writeCharacteristic(QLowEnergyService *, const QLowEnergyCharacteristic &, const QByteArray &) "virtualbike::writeCharacteristic Heart Rate Heart Rate Measurement 00 00"
seg. ago. 3 19:33:38 2026 1785796418892 Debug:   Write server characteristic with handle  19 "0000" (service: "{0000180d-0000-1000-8000-00805f9b34fb}"
seg. ago. 3 19:33:38 2026 1785796418893 Debug:   Characteristic change notification "{00001826-0000-1000-8000-00805f9b34fb}" 47 "002a4d01000a00160000"
seg. ago. 3 19:33:38 2026 1785796418895 Debug: devices/ftmsbike/ftmsbike.cpp void ftmsbike::characteristicChanged(const QLowEnergyCharacteristic &, const QByteArray &) "{00002ad2-0000-1000-8000-00805f9b34fb}" 10 " << " "00 2a 4d 01 00 0a 00 16 00 00"
seg. ago. 3 19:33:38 2026 1785796418898 Debug: devices/bluetooth.cpp void bluetooth::debug(const QString &) "Current Speed: 15.1594"
seg. ago. 3 19:33:38 2026 1785796418900 Debug: devices/bluetooth.cpp void bluetooth::debug(const QString &) "Current Distance: 0.0324076"
seg. ago. 3 19:33:38 2026 1785796418901 Debug: devices/bluetooth.cpp void bluetooth::debug(const QString &) "Current KCal: 1.01968"
seg. ago. 3 19:33:38 2026 1785796418902 Debug: devices/bluetooth.cpp void bluetooth::debug(const QString &) "Current Heart: 0"
seg. ago. 3 19:33:38 2026 1785796418904 Debug: devices/bluetoothdevice.cpp void bluetoothdevice::update_hr_from_external() WearOS Companion Heart: 0
seg. ago. 3 19:33:38 2026 1785796418906 Debug: ./inclinationresistancetable.h void inclinationResistanceTable::collectData(double, uint16_t, double) Skipping invalid data point: Incl: 0 Res: 1 Watt: 0
seg. ago. 3 19:33:38 2026 1785796418907 Debug: devices/bluetooth.cpp void bluetooth::debug(const QString &) "Current CrankRevs: 22"
seg. ago. 3 19:33:38 2026 1785796418908 Debug: devices/bluetooth.cpp void bluetooth::debug(const QString &) "Last CrankEventTime: 31608"
seg. ago. 3 19:33:38 2026 1785796418919 Debug: virtualdevices/virtualbike.cpp void virtualbike::bikeProvider() "bikeProvider" 0 2000 true
seg. ago. 3 19:33:38 2026 1785796418920 Debug: virtualdevices/virtualbike.cpp void virtualbike::bikeProvider() "virtual bike connected"
seg. ago. 3 19:33:38 2026 1785796418921 Debug: virtualdevices/virtualbike.cpp void virtualbike::writeCharacteristic(QLowEnergyService *, const QLowEnergyCharacteristic &, const QByteArray &) "virtualbike::writeCharacteristic Unknown Service  64 02 ec 05 14 00 01 00 00 00 00 00"
seg. ago. 3 19:33:38 2026 1785796418922 Debug:   Write server characteristic with handle  9 "6402ec051400010000000000" (service: "{00001826-0000-1000-8000-00805f9b34fb}"
seg. ago. 3 19:33:38 2026 1785796418924 Debug: virtualdevices/virtualbike.cpp void virtualbike::writeCharacteristic(QLowEnergyService *, const QLowEnergyCharacteristic &, const QByteArray &) "virtualbike::writeCharacteristic Heart Rate Heart Rate Measurement 00 00"
seg. ago. 3 19:33:38 2026 1785796418925 Debug:   Write server characteristic with handle  19 "0000" (service: "{0000180d-0000-1000-8000-00805f9b34fb}"
seg. ago. 3 19:33:38 2026 1785796418968 Debug: virtualdevices/virtualbike.cpp void virtualbike::bikeProvider() "bikeProvider" 0 2000 true
seg. ago. 3 19:33:38 2026 1785796418969 Debug: virtualdevices/virtualbike.cpp void virtualbike::bikeProvider() "virtual bike connected"
seg. ago. 3 19:33:38 2026 1785796418970 Debug: virtualdevices/virtualbike.cpp void virtualbike::writeCharacteristic(QLowEnergyService *, const QLowEnergyCharacteristic &, const QByteArray &) "virtualbike::writeCharacteristic Unknown Service  64 02 ec 05 14 00 01 00 00 00 00 00"
seg. ago. 3 19:33:38 2026 1785796418971 Debug:   Write server characteristic with handle  9 "6402ec051400010000000000" (service: "{00001826-0000-1000-8000-00805f9b34fb}"
seg. ago. 3 19:33:38 2026 1785796418973 Debug: virtualdevices/virtualbike.cpp void virtualbike::writeCharacteristic(QLowEnergyService *, const QLowEnergyCharacteristic &, const QByteArray &) "virtualbike::writeCharacteristic Heart Rate Heart Rate Measurement 00 00"
seg. ago. 3 19:33:38 2026 1785796418974 Debug:   Write server characteristic with handle  19 "0000" (service: "{0000180d-0000-1000-8000-00805f9b34fb}"
seg. ago. 3 19:33:39 2026 1785796419019 Debug: virtualdevices/virtualbike.cpp void virtualbike::bikeProvider() "bikeProvider" 0 2000 true
seg. ago. 3 19:33:39 2026 1785796419020 Debug: virtualdevices/virtualbike.cpp void virtualbike::bikeProvider() "virtual bike connected"
seg. ago. 3 19:33:39 2026 1785796419022 Debug: virtualdevices/virtualbike.cpp void virtualbike::writeCharacteristic(QLowEnergyService *, const QLowEnergyCharacteristic &, const QByteArray &) "virtualbike::writeCharacteristic Unknown Service  64 02 ec 05 14 00 01 00 00 00 00 00"
seg. ago. 3 19:33:39 2026 1785796419023 Debug:   Write server characteristic with handle  9 "6402ec051400010000000000" (service: "{00001826-0000-1000-8000-00805f9b34fb}"
seg. ago. 3 19:33:39 2026 1785796419026 Debug: virtualdevices/virtualbike.cpp void virtualbike::writeCharacteristic(QLowEnergyService *, const QLowEnergyCharacteristic &, const QByteArray &) "virtualbike::writeCharacteristic Heart Rate Heart Rate Measurement 00 00"
seg. ago. 3 19:33:39 2026 1785796419027 Debug:   Write server characteristic with handle  19 "0000" (service: "{0000180d-0000-1000-8000-00805f9b34fb}"
seg. ago. 3 19:33:39 2026 1785796419080 Debug: virtualdevices/virtualbike.cpp void virtualbike::bikeProvider() "bikeProvider" 0 2000 true
seg. ago. 3 19:33:39 2026 1785796419082 Debug: virtualdevices/virtualbike.cpp void virtualbike::bikeProvider() "virtual bike connected"
seg. ago. 3 19:33:39 2026 1785796419084 Debug: virtualdevices/virtualbike.cpp void virtualbike::writeCharacteristic(QLowEnergyService *, const QLowEnergyCharacteristic &, const QByteArray &) "virtualbike::writeCharacteristic Unknown Service  64 02 ec 05 14 00 01 00 00 00 00 00"
seg. ago. 3 19:33:39 2026 1785796419086 Debug:   Write server characteristic with handle  9 "6402ec051400010000000000" (service: "{00001826-0000-1000-8000-00805f9b34fb}"
seg. ago. 3 19:33:39 2026 1785796419089 Debug: virtualdevices/virtualbike.cpp void virtualbike::writeCharacteristic(QLowEnergyService *, const QLowEnergyCharacteristic &, const QByteArray &) "virtualbike::writeCharacteristic Heart Rate Heart Rate Measurement 00 00"
seg. ago. 3 19:33:39 2026 1785796419091 Debug:   Write server characteristic with handle  19 "0000" (service: "{0000180d-0000-1000-8000-00805f9b34fb}"
seg. ago. 3 19:33:39 2026 1785796419118 Debug: virtualdevices/virtualbike.cpp void virtualbike::bikeProvider() "bikeProvider" 0 2000 true
seg. ago. 3 19:33:39 2026 1785796419119 Debug: virtualdevices/virtualbike.cpp void virtualbike::bikeProvider() "virtual bike connected"
seg. ago. 3 19:33:39 2026 1785796419121 Debug: virtualdevices/virtualbike.cpp void virtualbike::writeCharacteristic(QLowEnergyService *, const QLowEnergyCharacteristic &, const QByteArray &) "virtualbike::writeCharacteristic Unknown Service  64 02 ec 05 14 00 01 00 00 00 00 00"
seg. ago. 3 19:33:39 2026 1785796419122 Debug:   Write server characteristic with handle  9 "6402ec051400010000000000" (service: "{00001826-0000-1000-8000-00805f9b34fb}"
seg. ago. 3 19:33:39 2026 1785796419124 Debug: virtualdevices/virtualbike.cpp void virtualbike::writeCharacteristic(QLowEnergyService *, const QLowEnergyCharacteristic &, const QByteArray &) "virtualbike::writeCharacteristic Heart Rate Heart Rate Measurement 00 00"
seg. ago. 3 19:33:39 2026 1785796419126 Debug:   Write server characteristic with handle  19 "0000" (service: "{0000180d-0000-1000-8000-00805f9b34fb}"
seg. ago. 3 19:33:39 2026 1785796419168 Debug: virtualdevices/virtualbike.cpp void virtualbike::bikeProvider() "bikeProvider" 0 2000 true
seg. ago. 3 19:33:39 2026 1785796419169 Debug: virtualdevices/virtualbike.cpp void virtualbike::bikeProvider() "virtual bike connected"
seg. ago. 3 19:33:39 2026 1785796419171 Debug: virtualdevices/virtualbike.cpp void virtualbike::writeCharacteristic(QLowEnergyService *, const QLowEnergyCharacteristic &, const QByteArray &) "virtualbike::writeCharacteristic Unknown Service  64 02 ec 05 14 00 01 00 00 00 00 00"
seg. ago. 3 19:33:39 2026 1785796419172 Debug:   Write server characteristic with handle  9 "6402ec051400010000000000" (service: "{00001826-0000-1000-8000-00805f9b34fb}"
seg. ago. 3 19:33:39 2026 1785796419174 Debug: virtualdevices/virtualbike.cpp void virtualbike::writeCharacteristic(QLowEnergyService *, const QLowEnergyCharacteristic &, const QByteArray &) "virtualbike::writeCharacteristic Heart Rate Heart Rate Measurement 00 00"
seg. ago. 3 19:33:39 2026 1785796419175 Debug:   Write server characteristic with handle  19 "0000" (service: "{0000180d-0000-1000-8000-00805f9b34fb}"
seg. ago. 3 19:33:39 2026 1785796419218 Debug: virtualdevices/virtualbike.cpp void virtualbike::bikeProvider() "bikeProvider" 0 2000 true
seg. ago. 3 19:33:39 2026 1785796419219 Debug: virtualdevices/virtualbike.cpp void virtualbike::bikeProvider() "virtual bike connected"
seg. ago. 3 19:33:39 2026 1785796419221 Debug: virtualdevices/virtualbike.cpp void virtualbike::writeCharacteristic(QLowEnergyService *, const QLowEnergyCharacteristic &, const QByteArray &) "virtualbike::writeCharacteristic Unknown Service  64 02 ec 05 14 00 01 00 00 00 00 00"
seg. ago. 3 19:33:39 2026 1785796419222 Debug:   Write server characteristic with handle  9 "6402ec051400010000000000" (service: "{00001826-0000-1000-8000-00805f9b34fb}"
seg. ago. 3 19:33:39 2026 1785796419224 Debug: virtualdevices/virtualbike.cpp void virtualbike::writeCharacteristic(QLowEnergyService *, const QLowEnergyCharacteristic &, const QByteArray &) "virtualbike::writeCharacteristic Heart Rate Heart Rate Measurement 00 00"
seg. ago. 3 19:33:39 2026 1785796419225 Debug:   Write server characteristic with handle  19 "0000" (service: "{0000180d-0000-1000-8000-00805f9b34fb}"
seg. ago. 3 19:33:39 2026 1785796419261 Debug: homeform.cpp void homeform::update() homeform::update fired! elapsed: 999 jitter: -132
seg. ago. 3 19:33:39 2026 1785796419274 Debug: homeform.cpp void homeform::update() homeform::update tiles updated!
seg. ago. 3 19:33:39 2026 1785796419276 Debug: homeform.cpp void homeform::update() Current Distance 1s: 0.0364624 15.1594 0
seg. ago. 3 19:33:39 2026 1785796419283 Debug: templateinfosender.cpp bool TemplateInfoSender::update(QJSEngine *) "eval res " "{\"msg\":\"workout\",\"content\":{\"BIKE_TYPE\":2,\"ELLIPTICAL_TYPE\":4,\"ROWING_TYPE\":3,\"TREADMILL_TYPE\":1,\"UNKNOWN_TYPE\":0,\"deviceId\":\"B8:F8:62:6D:A8:D6\",\"deviceName\":\"YPBM001264\",\"deviceRSSI\":-33,\"deviceType\":2,\"deviceConnected\":true,\"devicePaused\":false,\"elapsed_s\":10,\"elapsed_m\":0,\"elapsed_h\":0,\"lapelapsed_s\":10,\"lapelapsed_m\":0,\"lapelapsed_h\":0,\"pace_s\":57,\"pace_m\":3,\"pace_h\":0,\"pace_color\":\"white\",\"avgpace_s\":1,\"avgpace_m\":5,\"avgpace_h\":0,\"maxpace_s\":25,\"maxpace_m\":3,\"maxpace_h\":0,\"moving_s\":10,\"moving_m\":0,\"moving_h\":0,\"speed\":15.1593757989392,\"speed_avg\":11.933145296285847,\"speed_color\":\"white\",\"speed_lapavg\":11.933145296285847,\"speed_lapmax\":17.560426861249308,\"calories\":1.0196826010000002,\"distance\":0.03240759169828002,\"heart\":0,\"heart_color\":\"lightsteelblue\",\"heart_avg\":0,\"heart_lapavg\":0,\"heart_max\":0,\"heart_lapmax\":0,\"target_heart_above\":0,\"target_heart_below\":0,\"jouls\":619.018,\"elevation\":0,\"difficult\":1,\"watts\":0,\"watts_avg\":61.9,\"watts_color\":\"white\",\"watts_lapavg\":61.9,\"watts_max\":68,\"watts_lapmax\":68,\"kgwatts\":0,\"kgwatts_avg\":0.7369047619047622,\"kgwatts_max\":0.8095238095238095,\"workoutName\":\"Ride\",\"workoutStartDate\":\"seg. ago. 3 19:33:22 2026\",\"instructorName\":\"\",\"latitude\":null,\"longitude\":null,\"altitude\":null,\"peloton_offset\":0,\"peloton_ask_start\":false,\"autoresistance\":true,\"nextrow\":\"N/A\",\"training_row_index\":0,\"training_row_elapsed\":0,\"training_row_open_ended\":false,\"training_row_wait_for_lap\":false,\"row_remaining_time_s\":0,\"row_remaining_time_m\":0,\"row_remaining_time_h\":0,\"remaining_time_s\":0,\"remaining_time_m\":0,\"remaining_time_h\":0,\"nickName\":\"N/A\",\"gears\":0,\"target_resistance\":0,\"target_peloton_resistance\":0,\"target_cadence\":0,\"target_power\":0,\"power_zone\":1,\"power_zone_lapavg\":1.307043650793651,\"power_zone_lapmax\":1.6071428571428572,\"target_power_zone\":1,\"power_zone_color\":\"white\",\"target_power_zone_color\":\"white\",\"peloton_resistance\":38.64155438268602,\"peloton_resistance_avg\":36.83052563418509,\"peloton_resistance_color\":\"white\",\"peloton_resistance_lapavg\":36.83052563418509,\"peloton_resistance_lapmax\":47.08918225089461,\"peloton_req_resistance\":0,\"cadence\":10,\"cadence_color\":\"white\",\"cadence_avg\":59.45454545454545,\"cadence_lapavg\":59.45454545454545,\"cadence_lapmax\":69,\"resistance\":1,\"resistance_avg\":1,\"resistance_lapavg\":1,\"resistance_lapmax\":1,\"cranks\":22,\"cranktime\":31608,\"req_power\":0,\"req_cadence\":0,\"req_resistance\":0,\"inclination\":0,\"inclination_avg\":0}}"
seg. ago. 3 19:33:39 2026 1785796419303 Debug: virtualdevices/virtualbike.cpp void virtualbike::bikeProvider() "bikeProvider" 0 2000 true
seg. ago. 3 19:33:39 2026 1785796419304 Debug: virtualdevices/virtualbike.cpp void virtualbike::bikeProvider() "virtual bike connected"
seg. ago. 3 19:33:39 2026 1785796419306 Debug: virtualdevices/virtualbike.cpp void virtualbike::writeCharacteristic(QLowEnergyService *, const QLowEnergyCharacteristic &, const QByteArray &) "virtualbike::writeCharacteristic Unknown Service  64 02 ec 05 14 00 01 00 00 00 00 00"
seg. ago. 3 19:33:39 2026 1785796419308 Debug:   Write server characteristic with handle  9 "6402ec051400010000000000" (service: "{00001826-0000-1000-8000-00805f9b34fb}"
seg. ago. 3 19:33:39 2026 1785796419310 Debug: virtualdevices/virtualbike.cpp void virtualbike::writeCharacteristic(QLowEnergyService *, const QLowEnergyCharacteristic &, const QByteArray &) "virtualbike::writeCharacteristic Heart Rate Heart Rate Measurement 00 00"
seg. ago. 3 19:33:39 2026 1785796419311 Debug:   Write server characteristic with handle  19 "0000" (service: "{0000180d-0000-1000-8000-00805f9b34fb}"
seg. ago. 3 19:33:39 2026 1785796419327 Debug: virtualdevices/virtualbike.cpp void virtualbike::bikeProvider() "bikeProvider" 0 2000 true
seg. ago. 3 19:33:39 2026 1785796419328 Debug: virtualdevices/virtualbike.cpp void virtualbike::bikeProvider() "virtual bike connected"
seg. ago. 3 19:33:39 2026 1785796419330 Debug: virtualdevices/virtualbike.cpp void virtualbike::writeCharacteristic(QLowEnergyService *, const QLowEnergyCharacteristic &, const QByteArray &) "virtualbike::writeCharacteristic Unknown Service  64 02 ec 05 14 00 01 00 00 00 00 00"
seg. ago. 3 19:33:39 2026 1785796419331 Debug:   Write server characteristic with handle  9 "6402ec051400010000000000" (service: "{00001826-0000-1000-8000-00805f9b34fb}"
seg. ago. 3 19:33:39 2026 1785796419333 Debug: virtualdevices/virtualbike.cpp void virtualbike::writeCharacteristic(QLowEnergyService *, const QLowEnergyCharacteristic &, const QByteArray &) "virtualbike::writeCharacteristic Heart Rate Heart Rate Measurement 00 00"
seg. ago. 3 19:33:39 2026 1785796419335 Debug:   Write server characteristic with handle  19 "0000" (service: "{0000180d-0000-1000-8000-00805f9b34fb}"
seg. ago. 3 19:33:39 2026 1785796419367 Debug: virtualdevices/virtualbike.cpp void virtualbike::bikeProvider() "bikeProvider" 0 2000 true
seg. ago. 3 19:33:39 2026 1785796419368 Debug: virtualdevices/virtualbike.cpp void virtualbike::bikeProvider() "virtual bike connected"
seg. ago. 3 19:33:39 2026 1785796419369 Debug: virtualdevices/virtualbike.cpp void virtualbike::writeCharacteristic(QLowEnergyService *, const QLowEnergyCharacteristic &, const QByteArray &) "virtualbike::writeCharacteristic Unknown Service  64 02 ec 05 14 00 01 00 00 00 00 00"
seg. ago. 3 19:33:39 2026 1785796419370 Debug:   Write server characteristic with handle  9 "6402ec051400010000000000" (service: "{00001826-0000-1000-8000-00805f9b34fb}"
seg. ago. 3 19:33:39 2026 1785796419372 Debug: virtualdevices/virtualbike.cpp void virtualbike::writeCharacteristic(QLowEnergyService *, const QLowEnergyCharacteristic &, const QByteArray &) "virtualbike::writeCharacteristic Heart Rate Heart Rate Measurement 00 00"
seg. ago. 3 19:33:39 2026 1785796419373 Debug:   Write server characteristic with handle  19 "0000" (service: "{0000180d-0000-1000-8000-00805f9b34fb}"
seg. ago. 3 19:33:39 2026 1785796419418 Debug: virtualdevices/virtualbike.cpp void virtualbike::bikeProvider() "bikeProvider" 0 2000 true
