seg. ago. 3 19:32:36 2026 1785796356742 Debug: main.cpp int main(int, char **) "version " "2.21.6"
seg. ago. 3 19:32:36 2026 1785796356754 Debug: main.cpp int main(int, char **) "age" QVariant(QString, "34")
seg. ago. 3 19:32:36 2026 1785796356757 Debug: main.cpp int main(int, char **) "android_antbike" QVariant(QString, "false")
seg. ago. 3 19:32:36 2026 1785796356758 Debug: main.cpp int main(int, char **) "android_daemon_mode" QVariant(QString, "true")
seg. ago. 3 19:32:36 2026 1785796356759 Debug: main.cpp int main(int, char **) "android_documents_folder" QVariant(QString, "true")
seg. ago. 3 19:32:36 2026 1785796356760 Debug: main.cpp int main(int, char **) "android_notification" QVariant(QString, "false")
seg. ago. 3 19:32:36 2026 1785796356761 Debug: main.cpp int main(int, char **) "android_wakelock" QVariant(QString, "true")
seg. ago. 3 19:32:36 2026 1785796356763 Debug: main.cpp int main(int, char **) "ant_bike_device_number" QVariant(QString, "0")
seg. ago. 3 19:32:36 2026 1785796356764 Debug: main.cpp int main(int, char **) "ant_cadence" QVariant(QString, "false")
seg. ago. 3 19:32:36 2026 1785796356765 Debug: main.cpp int main(int, char **) "ant_garmin" QVariant(QString, "false")
seg. ago. 3 19:32:36 2026 1785796356766 Debug: main.cpp int main(int, char **) "ant_heart" QVariant(QString, "false")
seg. ago. 3 19:32:36 2026 1785796356772 Debug: main.cpp int main(int, char **) "ant_heart_device_number" QVariant(QString, "0")
seg. ago. 3 19:32:36 2026 1785796356773 Debug: main.cpp int main(int, char **) "ant_speed_gain" QVariant(QString, "1")
seg. ago. 3 19:32:36 2026 1785796356774 Debug: main.cpp int main(int, char **) "ant_speed_offset" QVariant(QString, "0")
seg. ago. 3 19:32:36 2026 1785796356775 Debug: main.cpp int main(int, char **) "antbike" QVariant(QString, "false")
seg. ago. 3 19:32:36 2026 1785796356776 Debug: main.cpp int main(int, char **) "app_language" QVariant(QString, "auto")
seg. ago. 3 19:32:36 2026 1785796356777 Debug: main.cpp int main(int, char **) "app_opening" QVariant(QString, "13")
seg. ago. 3 19:32:36 2026 1785796356778 Debug: main.cpp int main(int, char **) "applewatch_as_treadmill_speed" QVariant(QString, "false")
seg. ago. 3 19:32:36 2026 1785796356780 Debug: main.cpp int main(int, char **) "applewatch_fakedevice" QVariant(QString, "false")
seg. ago. 3 19:32:36 2026 1785796356781 Debug: main.cpp int main(int, char **) "asviva_bike" QVariant(QString, "false")
seg. ago. 3 19:32:36 2026 1785796356782 Debug: main.cpp int main(int, char **) "atletica_lightspeed_treadmill" QVariant(QString, "false")
seg. ago. 3 19:32:36 2026 1785796356783 Debug: main.cpp int main(int, char **) "autolap_distance" QVariant(QString, "0")
seg. ago. 3 19:32:36 2026 1785796356784 Debug: main.cpp int main(int, char **) "automatic_virtual_shifting_climb_gear_down_cadence" QVariant(QString, "65")
seg. ago. 3 19:32:36 2026 1785796356785 Debug: main.cpp int main(int, char **) "automatic_virtual_shifting_climb_gear_down_time" QVariant(QString, "2")
seg. ago. 3 19:32:36 2026 1785796356787 Debug: main.cpp int main(int, char **) "automatic_virtual_shifting_climb_gear_up_cadence" QVariant(QString, "95")
seg. ago. 3 19:32:36 2026 1785796356788 Debug: main.cpp int main(int, char **) "automatic_virtual_shifting_climb_gear_up_time" QVariant(QString, "2")
seg. ago. 3 19:32:36 2026 1785796356789 Debug: main.cpp int main(int, char **) "automatic_virtual_shifting_enabled" QVariant(QString, "false")
seg. ago. 3 19:32:36 2026 1785796356790 Debug: main.cpp int main(int, char **) "automatic_virtual_shifting_gear_down_cadence" QVariant(QString, "65")
seg. ago. 3 19:32:36 2026 1785796356791 Debug: main.cpp int main(int, char **) "automatic_virtual_shifting_gear_down_time" QVariant(QString, "2")
seg. ago. 3 19:32:36 2026 1785796356792 Debug: main.cpp int main(int, char **) "automatic_virtual_shifting_gear_up_cadence" QVariant(QString, "95")
seg. ago. 3 19:32:36 2026 1785796356794 Debug: main.cpp int main(int, char **) "automatic_virtual_shifting_gear_up_time" QVariant(QString, "2")
seg. ago. 3 19:32:36 2026 1785796356797 Debug: main.cpp int main(int, char **) "automatic_virtual_shifting_profile" QVariant(QString, "0")
seg. ago. 3 19:32:36 2026 1785796356798 Debug: main.cpp int main(int, char **) "automatic_virtual_shifting_sprint_gear_down_cadence" QVariant(QString, "65")
seg. ago. 3 19:32:36 2026 1785796356799 Debug: main.cpp int main(int, char **) "automatic_virtual_shifting_sprint_gear_down_time" QVariant(QString, "2")
seg. ago. 3 19:32:36 2026 1785796356800 Debug: main.cpp int main(int, char **) "automatic_virtual_shifting_sprint_gear_up_cadence" QVariant(QString, "95")
seg. ago. 3 19:32:36 2026 1785796356801 Debug: main.cpp int main(int, char **) "automatic_virtual_shifting_sprint_gear_up_time" QVariant(QString, "2")
seg. ago. 3 19:32:36 2026 1785796356803 Debug: main.cpp int main(int, char **) "battery_service" QVariant(QString, "false")
seg. ago. 3 19:32:36 2026 1785796356804 Debug: main.cpp int main(int, char **) "bh_spada_2" QVariant(QString, "false")
seg. ago. 3 19:32:36 2026 1785796356806 Debug: main.cpp int main(int, char **) "bh_spada_2_watt" QVariant(QString, "false")
seg. ago. 3 19:32:36 2026 1785796356808 Debug: main.cpp int main(int, char **) "bike_cadence_sensor" QVariant(QString, "false")
seg. ago. 3 19:32:36 2026 1785796356809 Debug: main.cpp int main(int, char **) "bike_heartrate_service" QVariant(QString, "false")
seg. ago. 3 19:32:36 2026 1785796356810 Debug: main.cpp int main(int, char **) "bike_power_offset" QVariant(QString, "0")
seg. ago. 3 19:32:36 2026 1785796356811 Debug: main.cpp int main(int, char **) "bike_power_sensor" QVariant(QString, "false")
seg. ago. 3 19:32:36 2026 1785796356812 Debug: main.cpp int main(int, char **) "bike_resistance_gain_f" QVariant(QString, "1")
seg. ago. 3 19:32:36 2026 1785796356813 Debug: main.cpp int main(int, char **) "bike_resistance_offset" QVariant(QString, "17")
seg. ago. 3 19:32:36 2026 1785796356814 Debug: main.cpp int main(int, char **) "bike_resistance_start" QVariant(QString, "1")
seg. ago. 3 19:32:36 2026 1785796356816 Debug: main.cpp int main(int, char **) "bike_weight" QVariant(QString, "0")
seg. ago. 3 19:32:36 2026 1785796356817 Debug: main.cpp int main(int, char **) "bluetooth_30m_hangs" QVariant(QString, "false")
seg. ago. 3 19:32:36 2026 1785796356818 Debug: main.cpp int main(int, char **) "bluetooth_lastdevice_address" QVariant(QString, "B8:F8:62:6D:A8:D6")
seg. ago. 3 19:32:36 2026 1785796356819 Debug: main.cpp int main(int, char **) "bluetooth_lastdevice_name" QVariant(QString, "YPBM001264")
seg. ago. 3 19:32:36 2026 1785796356820 Debug: main.cpp int main(int, char **) "bluetooth_relaxed" QVariant(QString, "false")
seg. ago. 3 19:32:36 2026 1785796356821 Debug: main.cpp int main(int, char **) "cadence_gain" QVariant(QString, "1")
seg. ago. 3 19:32:36 2026 1785796356822 Debug: main.cpp int main(int, char **) "cadence_offset" QVariant(QString, "0")
seg. ago. 3 19:32:36 2026 1785796356823 Debug: main.cpp int main(int, char **) "cadence_sensor_as_bike" QVariant(QString, "false")
seg. ago. 3 19:32:36 2026 1785796356824 Debug: main.cpp int main(int, char **) "cadence_sensor_as_treadmill" QVariant(QString, "false")
seg. ago. 3 19:32:36 2026 1785796356826 Debug: main.cpp int main(int, char **) "cadence_sensor_name" QVariant(QString, "Disabled")
seg. ago. 3 19:32:36 2026 1785796356827 Debug: main.cpp int main(int, char **) "cadence_sensor_speed_ratio" QVariant(QString, "0.33")
seg. ago. 3 19:32:36 2026 1785796356828 Debug: main.cpp int main(int, char **) "calories_active_only" QVariant(QString, "false")
seg. ago. 3 19:32:36 2026 1785796356829 Debug: main.cpp int main(int, char **) "calories_from_hr" QVariant(QString, "false")
seg. ago. 3 19:32:36 2026 1785796356830 Debug: main.cpp int main(int, char **) "chart_display_mode" QVariant(QString, "0")
seg. ago. 3 19:32:36 2026 1785796356831 Debug: main.cpp int main(int, char **) "computrainer_serialport" QVariant(QString, "")
seg. ago. 3 19:32:36 2026 1785796356833 Debug: main.cpp int main(int, char **) "confirm_stop_workout" QVariant(QString, "false")
seg. ago. 3 19:32:36 2026 1785796356834 Debug: main.cpp int main(int, char **) "continuous_moving" QVariant(QString, "false")
seg. ago. 3 19:32:36 2026 1785796356835 Debug: main.cpp int main(int, char **) "crrGain" QVariant(QString, "0")
seg. ago. 3 19:32:36 2026 1785796356836 Debug: main.cpp int main(int, char **) "cryptoKeySettingsProfiles" QVariant(QString, "5659351538859808179")
seg. ago. 3 19:32:36 2026 1785796356837 Debug: main.cpp int main(int, char **) "csafe_elliptical_port" QVariant(QString, "")
seg. ago. 3 19:32:36 2026 1785796356838 Debug: main.cpp int main(int, char **) "csafe_rower" QVariant(QString, "")
seg. ago. 3 19:32:36 2026 1785796356840 Debug: main.cpp int main(int, char **) "cscbike_custom_resistance_level_1" QVariant(QString, "1")
seg. ago. 3 19:32:36 2026 1785796356841 Debug: main.cpp int main(int, char **) "cscbike_custom_resistance_level_2" QVariant(QString, "15")
seg. ago. 3 19:32:36 2026 1785796356842 Debug: main.cpp int main(int, char **) "cscbike_custom_resistance_power_table" QVariant(QString, "false")
seg. ago. 3 19:32:36 2026 1785796356843 Debug: main.cpp int main(int, char **) "cscbike_custom_watt_1" QVariant(QString, "100")
seg. ago. 3 19:32:36 2026 1785796356844 Debug: main.cpp int main(int, char **) "cscbike_custom_watt_2" QVariant(QString, "300")
seg. ago. 3 19:32:36 2026 1785796356845 Debug: main.cpp int main(int, char **) "cwGain" QVariant(QString, "0")
seg. ago. 3 19:32:36 2026 1785796356846 Debug: main.cpp int main(int, char **) "cycplus_bc2_controller" QVariant(QString, "false")
seg. ago. 3 19:32:36 2026 1785796356847 Debug: main.cpp int main(int, char **) "dircon_id" QVariant(QString, "0")
seg. ago. 3 19:32:36 2026 1785796356848 Debug: main.cpp int main(int, char **) "dircon_server_base_port" QVariant(QString, "36866")
seg. ago. 3 19:32:36 2026 1785796356850 Debug: main.cpp int main(int, char **) "dircon_yes" QVariant(QString, "true")
seg. ago. 3 19:32:36 2026 1785796356851 Debug: main.cpp int main(int, char **) "dkn_endurun_treadmill" QVariant(QString, "false")
seg. ago. 3 19:32:36 2026 1785796356852 Debug: main.cpp int main(int, char **) "domyos_bike_500_profile_v1" QVariant(QString, "false")
seg. ago. 3 19:32:36 2026 1785796356853 Debug: main.cpp int main(int, char **) "domyos_bike_500_profile_v2" QVariant(QString, "false")
seg. ago. 3 19:32:36 2026 1785796356854 Debug: main.cpp int main(int, char **) "domyos_bike_cadence_filter" QVariant(QString, "0")
seg. ago. 3 19:32:36 2026 1785796356855 Debug: main.cpp int main(int, char **) "domyos_bike_display_calories" QVariant(QString, "true")
seg. ago. 3 19:32:36 2026 1785796356856 Debug: main.cpp int main(int, char **) "domyos_elliptical_fmts" QVariant(QString, "false")
seg. ago. 3 19:32:36 2026 1785796356857 Debug: main.cpp int main(int, char **) "domyos_elliptical_inclination" QVariant(QString, "true")
seg. ago. 3 19:32:36 2026 1785796356858 Debug: main.cpp int main(int, char **) "domyos_elliptical_speed_ratio" QVariant(QString, "1")
seg. ago. 3 19:32:36 2026 1785796356860 Debug: main.cpp int main(int, char **) "domyos_run100e" QVariant(QString, "false")
seg. ago. 3 19:32:36 2026 1785796356861 Debug: main.cpp int main(int, char **) "domyos_treadmill_button_10kmh" QVariant(QString, "10")
seg. ago. 3 19:32:36 2026 1785796356862 Debug: main.cpp int main(int, char **) "domyos_treadmill_button_16kmh" QVariant(QString, "16")
seg. ago. 3 19:32:36 2026 1785796356863 Debug: main.cpp int main(int, char **) "domyos_treadmill_button_22kmh" QVariant(QString, "22")
seg. ago. 3 19:32:36 2026 1785796356864 Debug: main.cpp int main(int, char **) "domyos_treadmill_button_5kmh" QVariant(QString, "5")
seg. ago. 3 19:32:36 2026 1785796356865 Debug: main.cpp int main(int, char **) "domyos_treadmill_buttons" QVariant(QString, "false")
seg. ago. 3 19:32:36 2026 1785796356866 Debug: main.cpp int main(int, char **) "domyos_treadmill_display_invert" QVariant(QString, "false")
seg. ago. 3 19:32:36 2026 1785796356867 Debug: main.cpp int main(int, char **) "domyos_treadmill_distance_display" QVariant(QString, "true")
seg. ago. 3 19:32:36 2026 1785796356868 Debug: main.cpp int main(int, char **) "domyos_treadmill_sync_start" QVariant(QString, "false")
seg. ago. 3 19:32:36 2026 1785796356869 Debug: main.cpp int main(int, char **) "domyos_treadmill_t900a" QVariant(QString, "false")
seg. ago. 3 19:32:36 2026 1785796356870 Debug: main.cpp int main(int, char **) "domyos_treadmill_ts100" QVariant(QString, "false")
seg. ago. 3 19:32:36 2026 1785796356871 Debug: main.cpp int main(int, char **) "domyosbike_notfmts" QVariant(QString, "false")
seg. ago. 3 19:32:36 2026 1785796356872 Debug: main.cpp int main(int, char **) "domyostreadmill_notfmts" QVariant(QString, "false")
seg. ago. 3 19:32:36 2026 1785796356873 Debug: main.cpp int main(int, char **) "echelon_resistance_gain" QVariant(QString, "1")
seg. ago. 3 19:32:36 2026 1785796356874 Debug: main.cpp int main(int, char **) "echelon_resistance_offset" QVariant(QString, "0")
seg. ago. 3 19:32:36 2026 1785796356875 Debug: main.cpp int main(int, char **) "echelon_watttable" QVariant(QString, "Echelon")
seg. ago. 3 19:32:36 2026 1785796356876 Debug: main.cpp int main(int, char **) "elite_rizer_gain" QVariant(QString, "1")
seg. ago. 3 19:32:36 2026 1785796356877 Debug: main.cpp int main(int, char **) "elite_rizer_name" QVariant(QString, "Disabled")
seg. ago. 3 19:32:36 2026 1785796356878 Debug: main.cpp int main(int, char **) "elite_sterzo_smart_name" QVariant(QString, "Disabled")
seg. ago. 3 19:32:36 2026 1785796356880 Debug: main.cpp int main(int, char **) "enerfit_SPX_9500" QVariant(QString, "false")
seg. ago. 3 19:32:36 2026 1785796356881 Debug: main.cpp int main(int, char **) "ergDataPoints" QVariant(QString, "68|67|1;67|65|1;64|61|1;66|64|1;37|39|13;48|58|13;52|65|13;55|70|13;57|74|13;50|61|13;49|60|13;36|37|13;54|69|13;82|124|13;53|182|32;68|111|17;69|114|17;75|128|17;74|125|17;93|101|1;92|113|6;88|147|15;86|142|15;83|126|13;73|193|26;71|185|26;71|156|23;71|149|22;81|155|19;84|163|19;90|164|17;97|181|17;85|166|19;83|147|17;92|177|18;90|171|18;86|168|19;79|181|23;83|194|23;89|155|16;99|180|16;92|162|16;95|170|16;73|155|22;84|189|22;86|195|22;85|192|22;81|188|23;81|179|22;82|182|22;49|67|16;57|83|16;55|98|21;53|92|21;60|89|16;66|102|16;79|137|17;78|135|17;93|165|16;91|160|16;70|111|16;76|125|16;74|120|16;75|122|16;77|127|16;78|129|16;79|131|16;85|145|16;79|164|21;77|158|21;75|152|21;77|144|19;79|143|18;81|148|18;82|144|17;80|134|16;90|157|16;82|201|24;88|174|19;81|136|16;83|141|16;84|149|17;80|184|23;82|191|23;85|152|17;82|138|16;84|143|16;88|153|16;87|163|18;88|166|18;86|161|18;85|158|18;84|156|18;87|156|17;86|148|16;87|150|16;86|154|17;83|217|25;77|195|25;73|181|25;75|188|25;69|167|25;78|94|7;79|96|7;77|93|7;76|91|7;75|89|7;80|83|1;78|80|1;77|79|1;75|79|3;83|90|3;79|81|1;77|82|3;78|83|3;81|87|3;79|85|3;76|82|4;78|104|10;76|100|10;74|97|10;77|102|10;83|113|10;82|111|10;80|107|10;81|109|10;78|108|11;81|113|11;82|115|11;80|111|11;79|109|11;79|123|14;80|119|13;77|113|13;78|115|13;81|122|13;80|88|4;81|85|2;83|88|2;82|85|1;81|84|1;83|87|1;88|94|1;87|92|1;85|90|1;86|91|1;84|88|1;84|90|2;85|106|7;85|110|8;87|113|8;88|115|8;86|111|8;84|108|8;82|104|8;83|106|8;84|112|9;85|113|9;104|149|9;82|343|32;58|209|32;51|172|32;49|162|32;33|84|32;41|33|1;57|52|1;23|13|1;60|56|1;75|76|1;72|72|1;71|71|1;69|68|1;70|69|1;73|74|2;70|70|2;71|72|2;96|107|2;97|108|2;95|105|2;90|98|2;89|97|2;88|95|2;86|97|4;85|96|4;84|94|4;81|90|4;79|87|4;78|85|4;77|84|4;75|81|4;78|88|5;79|89|5;77|86|5;64|67|5;65|68|5;69|74|5;70|76|5;67|71|5;66|70|5;68|73|5;69|77|6;70|78|6;71|80|6;69|80|7;73|86|7;72|85|7;71|83|7;70|81|7;75|93|8;74|91|8;70|84|8;72|88|8;73|89|8;71|86|8;69|83|8;72|91|9;76|98|9;74|94|9;75|96|9;73|92|9;69|86|9;71|89|9;70|87|9;72|93|10;73|95|10;70|90|10;72|96|11;71|94|11;70|93|11;69|91|11;72|100|12;69|94|12;59|75|12;61|79|12;64|85|12;62|81|12;63|83|12;71|98|12;73|101|12;70|96|12;71|101|13;69|97|13;70|99|13;68|95|13;67|93|13;66|91|13;65|89|13;64|87|13;62|84|13;63|86|13;61|82|13;61|86|14;63|90|14;62|88|14;64|92|14;69|102|14;70|108|15;69|106|15;71|110|15;68|107|16;73|118|16;72|115|16;58|85|16;59|87|16;62|94|16;65|100|16;69|109|16;71|113|16;97|175|16;89|161|17;88|159|17;81|142|17;80|139|17;71|118|17;77|132|17;73|123|17;75|133|18;74|130|18;72|125|18;70|121|18;81|337|32;80|332|32;78|320|32;76|147|20;62|161|27;62|101|18;71|123|18;73|128|18;64|241|32;69|88|10;71|91|10;75|98|10;79|106|10;83|349|32;79|326|32;65|247|32;50|167|32;43|132|32;46|147|32;47|40|1;43|35|1;34|25|1;73|73|1;89|121|9;88|119|9;86|115|9;82|108|9;83|110|9;80|194|24;69|157|24;84|170|20;82|164|20;81|161|20;80|158|20;77|150|20;75|144|20;74|142|20;38|107|32;42|127|32;73|134|19;72|131|19;71|129|19")
seg. ago. 3 19:32:36 2026 1785796356883 Debug: main.cpp int main(int, char **) "eslinker_cadenza" QVariant(QString, "true")
seg. ago. 3 19:32:36 2026 1785796356884 Debug: main.cpp int main(int, char **) "eslinker_costaway" QVariant(QString, "false")
seg. ago. 3 19:32:36 2026 1785796356885 Debug: main.cpp int main(int, char **) "eslinker_ypoo" QVariant(QString, "false")
seg. ago. 3 19:32:36 2026 1785796356886 Debug: main.cpp int main(int, char **) "fakedevice_elliptical" QVariant(QString, "false")
seg. ago. 3 19:32:36 2026 1785796356887 Debug: main.cpp int main(int, char **) "fakedevice_rower" QVariant(QString, "false")
seg. ago. 3 19:32:36 2026 1785796356888 Debug: main.cpp int main(int, char **) "fakedevice_treadmill" QVariant(QString, "false")
seg. ago. 3 19:32:36 2026 1785796356889 Debug: main.cpp int main(int, char **) "filter_device" QVariant(QString, "Disabled")
seg. ago. 3 19:32:36 2026 1785796356890 Debug: main.cpp int main(int, char **) "fit_file_garmin_device_training_effect" QVariant(QString, "false")
seg. ago. 3 19:32:36 2026 1785796356891 Debug: main.cpp int main(int, char **) "fit_file_garmin_device_training_effect_device" QVariant(QString, "3122")
seg. ago. 3 19:32:36 2026 1785796356893 Debug: main.cpp int main(int, char **) "fitfiu_mc_v460" QVariant(QString, "false")
seg. ago. 3 19:32:36 2026 1785796356894 Debug: main.cpp int main(int, char **) "fitmetria_fanfit_enable" QVariant(QString, "false")
seg. ago. 3 19:32:36 2026 1785796356895 Debug: main.cpp int main(int, char **) "fitmetria_fanfit_max" QVariant(QString, "100")
seg. ago. 3 19:32:36 2026 1785796356896 Debug: main.cpp int main(int, char **) "fitmetria_fanfit_min" QVariant(QString, "0")
seg. ago. 3 19:32:36 2026 1785796356897 Debug: main.cpp int main(int, char **) "fitmetria_fanfit_mode" QVariant(QString, "Heart")
seg. ago. 3 19:32:36 2026 1785796356898 Debug: main.cpp int main(int, char **) "fitplus_bike" QVariant(QString, "false")
seg. ago. 3 19:32:36 2026 1785796356900 Debug: main.cpp int main(int, char **) "fitshow_anyrun" QVariant(QString, "false")
seg. ago. 3 19:32:36 2026 1785796356901 Debug: main.cpp int main(int, char **) "fitshow_treadmill_miles" QVariant(QString, "false")
seg. ago. 3 19:32:36 2026 1785796356902 Debug: main.cpp int main(int, char **) "fitshow_truetimer" QVariant(QString, "false")
seg. ago. 3 19:32:36 2026 1785796356903 Debug: main.cpp int main(int, char **) "fitshow_user_id" QVariant(QString, "5034")
seg. ago. 3 19:32:36 2026 1785796356904 Debug: main.cpp int main(int, char **) "floating_height" QVariant(QString, "210")
seg. ago. 3 19:32:36 2026 1785796356905 Debug: main.cpp int main(int, char **) "floating_startup" QVariant(QString, "false")
seg. ago. 3 19:32:36 2026 1785796356906 Debug: main.cpp int main(int, char **) "floating_transparency" QVariant(QString, "80")
seg. ago. 3 19:32:36 2026 1785796356907 Debug: main.cpp int main(int, char **) "floating_width" QVariant(QString, "370")
seg. ago. 3 19:32:36 2026 1785796356909 Debug: main.cpp int main(int, char **) "floatingwindow_type" QVariant(QString, "0")
seg. ago. 3 19:32:36 2026 1785796356910 Debug: main.cpp int main(int, char **) "flywheel_filter" QVariant(QString, "2")
seg. ago. 3 19:32:36 2026 1785796356911 Debug: main.cpp int main(int, char **) "flywheel_life_fitness_ic8" QVariant(QString, "false")
seg. ago. 3 19:32:36 2026 1785796356912 Debug: main.cpp int main(int, char **) "force_resistance_instead_inclination" QVariant(QString, "false")
seg. ago. 3 19:32:36 2026 1785796356913 Debug: main.cpp int main(int, char **) "freebeat_serialport" QVariant(QString, "")
seg. ago. 3 19:32:36 2026 1785796356914 Debug: main.cpp int main(int, char **) "freemotion_coachbike_b22_7" QVariant(QString, "false")
seg. ago. 3 19:32:36 2026 1785796356915 Debug: main.cpp int main(int, char **) "ftms_accessory_name" QVariant(QString, "Disabled")
seg. ago. 3 19:32:36 2026 1785796356916 Debug: main.cpp int main(int, char **) "ftms_bike" QVariant(QString, "Disabled")
seg. ago. 3 19:32:36 2026 1785796356917 Debug: main.cpp int main(int, char **) "ftms_elliptical" QVariant(QString, "Disabled")
seg. ago. 3 19:32:36 2026 1785796356918 Debug: main.cpp int main(int, char **) "ftms_rower" QVariant(QString, "Disabled")
seg. ago. 3 19:32:36 2026 1785796356920 Debug: main.cpp int main(int, char **) "ftms_treadmill" QVariant(QString, "Disabled")
seg. ago. 3 19:32:36 2026 1785796356921 Debug: main.cpp int main(int, char **) "ftp" QVariant(QString, "200")
seg. ago. 3 19:32:36 2026 1785796356922 Debug: main.cpp int main(int, char **) "ftp_run" QVariant(QString, "200")
seg. ago. 3 19:32:36 2026 1785796356923 Debug: main.cpp int main(int, char **) "fytter_ri08_bike" QVariant(QString, "false")
seg. ago. 3 19:32:36 2026 1785796356924 Debug: main.cpp int main(int, char **) "garmin_bluetooth_compatibility" QVariant(QString, "false")
seg. ago. 3 19:32:36 2026 1785796356925 Debug: main.cpp int main(int, char **) "garmin_companion" QVariant(QString, "false")
seg. ago. 3 19:32:36 2026 1785796356926 Debug: main.cpp int main(int, char **) "garmin_domain" QVariant(QString, "garmin.com")
seg. ago. 3 19:32:36 2026 1785796356927 Debug: main.cpp int main(int, char **) "garmin_download_workouts_on_start" QVariant(QString, "true")
seg. ago. 3 19:32:36 2026 1785796356928 Debug: main.cpp int main(int, char **) "garmin_expires_at" QVariant(QString, "0")
seg. ago. 3 19:32:36 2026 1785796356929 Debug: main.cpp int main(int, char **) "garmin_last_refresh" QVariant(QString, "")
seg. ago. 3 19:32:36 2026 1785796356930 Debug: main.cpp int main(int, char **) "garmin_last_seen_cycling_ftp_create_time" QVariant(QString, "")
seg. ago. 3 19:32:36 2026 1785796356932 Debug: main.cpp int main(int, char **) "garmin_last_seen_running_ftp_create_time" QVariant(QString, "")
seg. ago. 3 19:32:36 2026 1785796356933 Debug: main.cpp int main(int, char **) "garmin_upload_enabled" QVariant(QString, "false")
seg. ago. 3 19:32:36 2026 1785796356934 Debug: main.cpp int main(int, char **) "gear_circumference" QVariant(QString, "2070")
seg. ago. 3 19:32:36 2026 1785796356935 Debug: main.cpp int main(int, char **) "gear_cog_size" QVariant(QString, "14")
seg. ago. 3 19:32:36 2026 1785796356936 Debug: main.cpp int main(int, char **) "gear_configuration" QVariant(QString, "1|38|44|true\n2|38|38|true\n3|38|32|true\n4|38|28|true\n5|38|24|true\n6|38|21|true\n7|38|19|true\n8|38|17|true\n9|38|15|true\n10|38|13|true\n11|38|11|true\n12|38|10|true")
seg. ago. 3 19:32:36 2026 1785796356937 Debug: main.cpp int main(int, char **) "gear_crankset_size" QVariant(QString, "42")
seg. ago. 3 19:32:36 2026 1785796356938 Debug: main.cpp int main(int, char **) "gear_wheel_size" QVariant(QString, "700 x 18C")
seg. ago. 3 19:32:36 2026 1785796356939 Debug: main.cpp int main(int, char **) "gears_current_value" QVariant(QString, "0")
seg. ago. 3 19:32:36 2026 1785796356940 Debug: main.cpp int main(int, char **) "gears_current_value_f" QVariant(QString, "0")
seg. ago. 3 19:32:36 2026 1785796356942 Debug: main.cpp int main(int, char **) "gears_custom_table" QVariant(QString, "1|1\n2|2\n3|3\n4|4\n5|5\n6|6\n7|7\n8|8\n9|9\n10|10\n11|11\n12|12\n13|13\n14|14\n15|15\n16|16\n17|17\n18|18\n19|19\n20|20\n21|21\n22|22\n23|23\n24|24")
seg. ago. 3 19:32:36 2026 1785796356943 Debug: main.cpp int main(int, char **) "gears_custom_table_enabled" QVariant(QString, "false")
seg. ago. 3 19:32:36 2026 1785796356944 Debug: main.cpp int main(int, char **) "gears_from_bike" QVariant(QString, "false")
seg. ago. 3 19:32:36 2026 1785796356945 Debug: main.cpp int main(int, char **) "gears_gain" QVariant(QString, "1")
seg. ago. 3 19:32:36 2026 1785796356947 Debug: main.cpp int main(int, char **) "gears_offset" QVariant(QString, "0")
seg. ago. 3 19:32:36 2026 1785796356948 Debug: main.cpp int main(int, char **) "gears_restore_value" QVariant(QString, "false")
seg. ago. 3 19:32:36 2026 1785796356949 Debug: main.cpp int main(int, char **) "gears_volume_debouncing" QVariant(QString, "false")
seg. ago. 3 19:32:36 2026 1785796356950 Debug: main.cpp int main(int, char **) "gears_zwift_ratio" QVariant(QString, "false")
seg. ago. 3 19:32:36 2026 1785796356952 Debug: main.cpp int main(int, char **) "gem_module_inclination" QVariant(QString, "false")
seg. ago. 3 19:32:36 2026 1785796356954 Debug: main.cpp int main(int, char **) "gpx_loop" QVariant(QString, "false")
seg. ago. 3 19:32:36 2026 1785796356955 Debug: main.cpp int main(int, char **) "gym_mode" QVariant(QString, "false")
seg. ago. 3 19:32:36 2026 1785796356956 Debug: main.cpp int main(int, char **) "gymstick_gx6_0_elliptical" QVariant(QString, "false")
seg. ago. 3 19:32:36 2026 1785796356958 Debug: main.cpp int main(int, char **) "hammer_racer_s" QVariant(QString, "false")
seg. ago. 3 19:32:36 2026 1785796356959 Debug: main.cpp int main(int, char **) "heart_ignore_builtin" QVariant(QString, "false")
seg. ago. 3 19:32:36 2026 1785796356960 Debug: main.cpp int main(int, char **) "heart_max_override_enable" QVariant(QString, "false")
seg. ago. 3 19:32:36 2026 1785796356961 Debug: main.cpp int main(int, char **) "heart_max_override_value" QVariant(QString, "195")
seg. ago. 3 19:32:36 2026 1785796356962 Debug: main.cpp int main(int, char **) "heart_rate_belt_name" QVariant(QString, "Disabled")
seg. ago. 3 19:32:36 2026 1785796356964 Debug: main.cpp int main(int, char **) "heart_rate_resting" QVariant(QString, "60")
seg. ago. 3 19:32:36 2026 1785796356965 Debug: main.cpp int main(int, char **) "heart_rate_zone1" QVariant(QString, "70")
seg. ago. 3 19:32:36 2026 1785796356966 Debug: main.cpp int main(int, char **) "heart_rate_zone2" QVariant(QString, "80")
seg. ago. 3 19:32:36 2026 1785796356967 Debug: main.cpp int main(int, char **) "heart_rate_zone3" QVariant(QString, "90")
seg. ago. 3 19:32:36 2026 1785796356968 Debug: main.cpp int main(int, char **) "heart_rate_zone4" QVariant(QString, "100")
seg. ago. 3 19:32:36 2026 1785796356969 Debug: main.cpp int main(int, char **) "height" QVariant(QString, "175")
seg. ago. 3 19:32:36 2026 1785796356971 Debug: main.cpp int main(int, char **) "hertz_xr_770" QVariant(QString, "false")
seg. ago. 3 19:32:36 2026 1785796356976 Debug: main.cpp int main(int, char **) "hop_sport_hs_090h_bike" QVariant(QString, "false")
seg. ago. 3 19:32:36 2026 1785796356977 Debug: main.cpp int main(int, char **) "horizon_gr7_cadence_multiplier" QVariant(QString, "1")
seg. ago. 3 19:32:36 2026 1785796356978 Debug: main.cpp int main(int, char **) "horizon_paragon_x" QVariant(QString, "false")
seg. ago. 3 19:32:36 2026 1785796356980 Debug: main.cpp int main(int, char **) "horizon_treadmill_7_0_at_24" QVariant(QString, "false")
seg. ago. 3 19:32:36 2026 1785796356982 Debug: main.cpp int main(int, char **) "horizon_treadmill_7_8" QVariant(QString, "false")
seg. ago. 3 19:32:36 2026 1785796356983 Debug: main.cpp int main(int, char **) "horizon_treadmill_disable_pause" QVariant(QString, "false")
seg. ago. 3 19:32:36 2026 1785796356984 Debug: main.cpp int main(int, char **) "horizon_treadmill_force_ftms" QVariant(QString, "false")
seg. ago. 3 19:32:36 2026 1785796356986 Debug: main.cpp int main(int, char **) "horizon_treadmill_omega_z" QVariant(QString, "false")
seg. ago. 3 19:32:36 2026 1785796356988 Debug: main.cpp int main(int, char **) "horizon_treadmill_profile_user1" QVariant(QString, "user1")
seg. ago. 3 19:32:36 2026 1785796356989 Debug: main.cpp int main(int, char **) "horizon_treadmill_profile_user2" QVariant(QString, "user2")
seg. ago. 3 19:32:36 2026 1785796356991 Debug: main.cpp int main(int, char **) "horizon_treadmill_profile_user3" QVariant(QString, "user3")
seg. ago. 3 19:32:36 2026 1785796356992 Debug: main.cpp int main(int, char **) "horizon_treadmill_profile_user4" QVariant(QString, "user4")
seg. ago. 3 19:32:36 2026 1785796356994 Debug: main.cpp int main(int, char **) "horizon_treadmill_profile_user5" QVariant(QString, "user5")
seg. ago. 3 19:32:36 2026 1785796356996 Debug: main.cpp int main(int, char **) "horizon_treadmill_suspend_stats_pause" QVariant(QString, "false")
seg. ago. 3 19:32:36 2026 1785796356997 Debug: main.cpp int main(int, char **) "iconcept_elliptical" QVariant(QString, "false")
seg. ago. 3 19:32:36 2026 1785796356998 Debug: main.cpp int main(int, char **) "iconcept_ftms_treadmill_inclination_table" QVariant(QString, "false")
seg. ago. 3 19:32:37 2026 1785796357001 Debug: main.cpp int main(int, char **) "iconsole_elliptical" QVariant(QString, "false")
seg. ago. 3 19:32:37 2026 1785796357002 Debug: main.cpp int main(int, char **) "iconsole_rower" QVariant(QString, "false")
seg. ago. 3 19:32:37 2026 1785796357004 Debug: main.cpp int main(int, char **) "inclinationResistancePoints" QVariant(QString, "0.20|13;-3.01|17;-0.01|32;-2.19|1;-1.51|16;0.70|19;2.77|22;1.88|21;-0.43|18;4.54|25")
seg. ago. 3 19:32:37 2026 1785796357005 Debug: main.cpp int main(int, char **) "inclination_delay_seconds" QVariant(QString, "0")
seg. ago. 3 19:32:37 2026 1785796357006 Debug: main.cpp int main(int, char **) "inspire_peloton_formula" QVariant(QString, "false")
seg. ago. 3 19:32:37 2026 1785796357007 Debug: main.cpp int main(int, char **) "inspire_peloton_formula2" QVariant(QString, "false")
seg. ago. 3 19:32:37 2026 1785796357008 Debug: main.cpp int main(int, char **) "instant_power_on_pause" QVariant(QString, "false")
seg. ago. 3 19:32:37 2026 1785796357010 Debug: main.cpp int main(int, char **) "intervalsicu_athlete_id" QVariant(QString, "")
seg. ago. 3 19:32:37 2026 1785796357013 Debug: main.cpp int main(int, char **) "intervalsicu_date_prefix" QVariant(QString, "false")
seg. ago. 3 19:32:37 2026 1785796357014 Debug: main.cpp int main(int, char **) "intervalsicu_suffix" QVariant(QString, "#QZ")
seg. ago. 3 19:32:37 2026 1785796357017 Debug: main.cpp int main(int, char **) "intervalsicu_upload_enabled" QVariant(QString, "true")
seg. ago. 3 19:32:37 2026 1785796357019 Debug: main.cpp int main(int, char **) "ios_btdevice_native" QVariant(QString, "false")
seg. ago. 3 19:32:37 2026 1785796357020 Debug: main.cpp int main(int, char **) "ios_cache_heart_device" QVariant(QString, "true")
seg. ago. 3 19:32:37 2026 1785796357021 Debug: main.cpp int main(int, char **) "ios_live_activity_compact_leading_metric" QVariant(QString, "Heart Rate")
seg. ago. 3 19:32:37 2026 1785796357022 Debug: main.cpp int main(int, char **) "ios_live_activity_compact_trailing_metric" QVariant(QString, "Watt")
seg. ago. 3 19:32:37 2026 1785796357023 Debug: main.cpp int main(int, char **) "ios_peloton_workaround" QVariant(QString, "true")
seg. ago. 3 19:32:37 2026 1785796357024 Debug: main.cpp int main(int, char **) "jll_IC400_bike" QVariant(QString, "false")
seg. ago. 3 19:32:37 2026 1785796357025 Debug: main.cpp int main(int, char **) "jtx_fitness_sprint_treadmill" QVariant(QString, "false")
seg. ago. 3 19:32:37 2026 1785796357026 Debug: main.cpp int main(int, char **) "kcal_ignore_builtin" QVariant(QString, "false")
seg. ago. 3 19:32:37 2026 1785796357028 Debug: main.cpp int main(int, char **) "kettler_usb_baudrate" QVariant(QString, "9600")
seg. ago. 3 19:32:37 2026 1785796357029 Debug: main.cpp int main(int, char **) "kettler_usb_serialport" QVariant(QString, "")
seg. ago. 3 19:32:37 2026 1785796357030 Debug: main.cpp int main(int, char **) "kingsmith_encrypt_g1_walking_pad" QVariant(QString, "false")
seg. ago. 3 19:32:37 2026 1785796357031 Debug: main.cpp int main(int, char **) "kingsmith_encrypt_v2" QVariant(QString, "false")
seg. ago. 3 19:32:37 2026 1785796357033 Debug: main.cpp int main(int, char **) "kingsmith_encrypt_v3" QVariant(QString, "false")
seg. ago. 3 19:32:37 2026 1785796357034 Debug: main.cpp int main(int, char **) "kingsmith_encrypt_v4" QVariant(QString, "false")
seg. ago. 3 19:32:37 2026 1785796357035 Debug: main.cpp int main(int, char **) "kingsmith_encrypt_v5" QVariant(QString, "false")
seg. ago. 3 19:32:37 2026 1785796357036 Debug: main.cpp int main(int, char **) "kingsmith_r2_enable_hw_buttons" QVariant(QString, "false")
seg. ago. 3 19:32:37 2026 1785796357038 Debug: main.cpp int main(int, char **) "life_fitness_ic5" QVariant(QString, "false")
seg. ago. 3 19:32:37 2026 1785796357039 Debug: main.cpp int main(int, char **) "lifespan_bike" QVariant(QString, "false")
seg. ago. 3 19:32:37 2026 1785796357040 Debug: main.cpp int main(int, char **) "log_debug" QVariant(QString, "true")
seg. ago. 3 19:32:37 2026 1785796357041 Debug: main.cpp int main(int, char **) "m3i_bike_id" QVariant(QString, "256")
seg. ago. 3 19:32:37 2026 1785796357042 Debug: main.cpp int main(int, char **) "m3i_bike_kcal" QVariant(QString, "true")
seg. ago. 3 19:32:37 2026 1785796357043 Debug: main.cpp int main(int, char **) "m3i_bike_qt_search" QVariant(QString, "false")
seg. ago. 3 19:32:37 2026 1785796357044 Debug: main.cpp int main(int, char **) "m3i_bike_speed_buffsize" QVariant(QString, "90")
seg. ago. 3 19:32:37 2026 1785796357046 Debug: main.cpp int main(int, char **) "maps_type" QVariant(QString, "3D")
seg. ago. 3 19:32:37 2026 1785796357047 Debug: main.cpp int main(int, char **) "miles_unit" QVariant(QString, "false")
seg. ago. 3 19:32:37 2026 1785796357048 Debug: main.cpp int main(int, char **) "min_inclination" QVariant(QString, "-999")
seg. ago. 3 19:32:37 2026 1785796357049 Debug: main.cpp int main(int, char **) "mqtt_deviceid" QVariant(QString, "default")
seg. ago. 3 19:32:37 2026 1785796357050 Debug: main.cpp int main(int, char **) "mqtt_host" QVariant(QString, "")
seg. ago. 3 19:32:37 2026 1785796357052 Debug: main.cpp int main(int, char **) "mqtt_port" QVariant(QString, "1883")
seg. ago. 3 19:32:37 2026 1785796357053 Debug: main.cpp int main(int, char **) "mywhoosh_link_camera_value" QVariant(QString, "1")
seg. ago. 3 19:32:37 2026 1785796357054 Debug: main.cpp int main(int, char **) "mywhoosh_link_emote_value" QVariant(QString, "1")
seg. ago. 3 19:32:37 2026 1785796357055 Debug: main.cpp int main(int, char **) "mywhoosh_link_enabled" QVariant(QString, "false")
seg. ago. 3 19:32:37 2026 1785796357056 Debug: main.cpp int main(int, char **) "mywhoosh_link_left_down" QVariant(QString, "2")
seg. ago. 3 19:32:37 2026 1785796357057 Debug: main.cpp int main(int, char **) "mywhoosh_link_left_left" QVariant(QString, "0")
seg. ago. 3 19:32:37 2026 1785796357058 Debug: main.cpp int main(int, char **) "mywhoosh_link_left_power" QVariant(QString, "0")
seg. ago. 3 19:32:37 2026 1785796357060 Debug: main.cpp int main(int, char **) "mywhoosh_link_left_right" QVariant(QString, "0")
seg. ago. 3 19:32:37 2026 1785796357061 Debug: main.cpp int main(int, char **) "mywhoosh_link_left_shoulder" QVariant(QString, "5")
seg. ago. 3 19:32:37 2026 1785796357062 Debug: main.cpp int main(int, char **) "mywhoosh_link_left_up" QVariant(QString, "1")
seg. ago. 3 19:32:37 2026 1785796357063 Debug: main.cpp int main(int, char **) "mywhoosh_link_override_gears" QVariant(QString, "false")
seg. ago. 3 19:32:37 2026 1785796357064 Debug: main.cpp int main(int, char **) "mywhoosh_link_right_a" QVariant(QString, "0")
seg. ago. 3 19:32:37 2026 1785796357065 Debug: main.cpp int main(int, char **) "mywhoosh_link_right_b" QVariant(QString, "7")
seg. ago. 3 19:32:37 2026 1785796357066 Debug: main.cpp int main(int, char **) "mywhoosh_link_right_power" QVariant(QString, "0")
seg. ago. 3 19:32:37 2026 1785796357068 Debug: main.cpp int main(int, char **) "mywhoosh_link_right_shoulder" QVariant(QString, "0")
seg. ago. 3 19:32:37 2026 1785796357069 Debug: main.cpp int main(int, char **) "mywhoosh_link_right_y" QVariant(QString, "6")
seg. ago. 3 19:32:37 2026 1785796357070 Debug: main.cpp int main(int, char **) "mywhoosh_link_right_z" QVariant(QString, "0")
seg. ago. 3 19:32:37 2026 1785796357071 Debug: main.cpp int main(int, char **) "nordictrack_10_treadmill" QVariant(QString, "true")
seg. ago. 3 19:32:37 2026 1785796357072 Debug: main.cpp int main(int, char **) "nordictrack_2950_ip" QVariant(QString, "")
seg. ago. 3 19:32:37 2026 1785796357073 Debug: main.cpp int main(int, char **) "nordictrack_GX4_5_bike" QVariant(QString, "false")
seg. ago. 3 19:32:37 2026 1785796357074 Debug: main.cpp int main(int, char **) "nordictrack_elite_800" QVariant(QString, "false")
seg. ago. 3 19:32:37 2026 1785796357075 Debug: main.cpp int main(int, char **) "nordictrack_elliptical_c7_5" QVariant(QString, "false")
seg. ago. 3 19:32:37 2026 1785796357076 Debug: main.cpp int main(int, char **) "nordictrack_fs5i_treadmill" QVariant(QString, "false")
seg. ago. 3 19:32:37 2026 1785796357077 Debug: main.cpp int main(int, char **) "nordictrack_gx_2_7" QVariant(QString, "false")
seg. ago. 3 19:32:37 2026 1785796357078 Debug: main.cpp int main(int, char **) "nordictrack_gx_44_pro" QVariant(QString, "false")
seg. ago. 3 19:32:37 2026 1785796357080 Debug: main.cpp int main(int, char **) "nordictrack_gx_4_5_pro" QVariant(QString, "false")
seg. ago. 3 19:32:37 2026 1785796357081 Debug: main.cpp int main(int, char **) "nordictrack_ifit_adb_remote" QVariant(QString, "false")
seg. ago. 3 19:32:37 2026 1785796357082 Debug: main.cpp int main(int, char **) "nordictrack_incline_trainer_x7i" QVariant(QString, "false")
seg. ago. 3 19:32:37 2026 1785796357083 Debug: main.cpp int main(int, char **) "nordictrack_s20_treadmill" QVariant(QString, "false")
seg. ago. 3 19:32:37 2026 1785796357084 Debug: main.cpp int main(int, char **) "nordictrack_s20i_treadmill" QVariant(QString, "false")
seg. ago. 3 19:32:37 2026 1785796357086 Debug: main.cpp int main(int, char **) "nordictrack_s30_treadmill" QVariant(QString, "false")
seg. ago. 3 19:32:37 2026 1785796357087 Debug: main.cpp int main(int, char **) "nordictrack_se7i" QVariant(QString, "false")
seg. ago. 3 19:32:37 2026 1785796357088 Debug: main.cpp int main(int, char **) "nordictrack_series_7" QVariant(QString, "false")
seg. ago. 3 19:32:37 2026 1785796357089 Debug: main.cpp int main(int, char **) "nordictrack_t65s_83_treadmill" QVariant(QString, "false")
seg. ago. 3 19:32:37 2026 1785796357090 Debug: main.cpp int main(int, char **) "nordictrack_t65s_treadmill" QVariant(QString, "false")
seg. ago. 3 19:32:37 2026 1785796357092 Debug: main.cpp int main(int, char **) "nordictrack_t65s_treadmill_81_miles" QVariant(QString, "false")
seg. ago. 3 19:32:37 2026 1785796357093 Debug: main.cpp int main(int, char **) "nordictrack_t70_treadmill" QVariant(QString, "false")
seg. ago. 3 19:32:37 2026 1785796357094 Debug: main.cpp int main(int, char **) "nordictrack_treadmill_1750_adb" QVariant(QString, "false")
seg. ago. 3 19:32:37 2026 1785796357095 Debug: main.cpp int main(int, char **) "nordictrack_treadmill_commercial_le" QVariant(QString, "false")
seg. ago. 3 19:32:37 2026 1785796357096 Debug: main.cpp int main(int, char **) "nordictrack_treadmill_exp_5i" QVariant(QString, "false")
seg. ago. 3 19:32:37 2026 1785796357097 Debug: main.cpp int main(int, char **) "nordictrack_treadmill_t8_5s" QVariant(QString, "false")
seg. ago. 3 19:32:37 2026 1785796357099 Debug: main.cpp int main(int, char **) "nordictrack_treadmill_ultra_le" QVariant(QString, "false")
seg. ago. 3 19:32:37 2026 1785796357100 Debug: main.cpp int main(int, char **) "nordictrack_treadmill_x14i" QVariant(QString, "false")
seg. ago. 3 19:32:37 2026 1785796357101 Debug: main.cpp int main(int, char **) "nordictrack_tseries5_treadmill" QVariant(QString, "false")
seg. ago. 3 19:32:37 2026 1785796357102 Debug: main.cpp int main(int, char **) "nordictrack_vr21" QVariant(QString, "false")
seg. ago. 3 19:32:37 2026 1785796357106 Debug: main.cpp int main(int, char **) "nordictrack_x22i" QVariant(QString, "false")
seg. ago. 3 19:32:37 2026 1785796357109 Debug: main.cpp int main(int, char **) "nordictrackadbbike_resistance" QVariant(QString, "false")
seg. ago. 3 19:32:37 2026 1785796357110 Debug: main.cpp int main(int, char **) "norditrack_s25_treadmill" QVariant(QString, "false")
seg. ago. 3 19:32:37 2026 1785796357112 Debug: main.cpp int main(int, char **) "norditrack_s25i_treadmill" QVariant(QString, "false")
seg. ago. 3 19:32:37 2026 1785796357113 Debug: main.cpp int main(int, char **) "osc_ip" QVariant(QString, "")
seg. ago. 3 19:32:37 2026 1785796357114 Debug: main.cpp int main(int, char **) "osc_port" QVariant(QString, "9000")
seg. ago. 3 19:32:37 2026 1785796357115 Debug: main.cpp int main(int, char **) "pace_default" QVariant(QString, "Half Marathon")
seg. ago. 3 19:32:37 2026 1785796357116 Debug: main.cpp int main(int, char **) "pacef_10km" QVariant(QString, "320")
seg. ago. 3 19:32:37 2026 1785796357117 Debug: main.cpp int main(int, char **) "pacef_1mile" QVariant(QString, "250")
seg. ago. 3 19:32:37 2026 1785796357118 Debug: main.cpp int main(int, char **) "pacef_5km" QVariant(QString, "300")
seg. ago. 3 19:32:37 2026 1785796357120 Debug: main.cpp int main(int, char **) "pacef_halfmarathon" QVariant(QString, "340")
seg. ago. 3 19:32:37 2026 1785796357121 Debug: main.cpp int main(int, char **) "pacef_marathon" QVariant(QString, "360")
seg. ago. 3 19:32:37 2026 1785796357122 Debug: main.cpp int main(int, char **) "pafers_treadmill" QVariant(QString, "false")
seg. ago. 3 19:32:37 2026 1785796357123 Debug: main.cpp int main(int, char **) "pafers_treadmill_bh_iboxster_plus" QVariant(QString, "false")
seg. ago. 3 19:32:37 2026 1785796357124 Debug: main.cpp int main(int, char **) "pause_on_start" QVariant(QString, "false")
seg. ago. 3 19:32:37 2026 1785796357126 Debug: main.cpp int main(int, char **) "pause_on_start_treadmill" QVariant(QString, "false")
seg. ago. 3 19:32:37 2026 1785796357127 Debug: main.cpp int main(int, char **) "peloton_auto_start_with_intro" QVariant(QString, "false")
seg. ago. 3 19:32:37 2026 1785796357128 Debug: main.cpp int main(int, char **) "peloton_auto_start_without_intro" QVariant(QString, "false")
seg. ago. 3 19:32:37 2026 1785796357129 Debug: main.cpp int main(int, char **) "peloton_bike_ocr" QVariant(QString, "false")
seg. ago. 3 19:32:37 2026 1785796357131 Debug: main.cpp int main(int, char **) "peloton_cadence_metric" QVariant(QString, "Cadence")
seg. ago. 3 19:32:37 2026 1785796357134 Debug: main.cpp int main(int, char **) "peloton_code" QVariant(QString, "")
seg. ago. 3 19:32:37 2026 1785796357135 Debug: main.cpp int main(int, char **) "peloton_companion_workout_ocr" QVariant(QString, "false")
seg. ago. 3 19:32:37 2026 1785796357136 Debug: main.cpp int main(int, char **) "peloton_current_user_id" QVariant(QString, "")
seg. ago. 3 19:32:37 2026 1785796357137 Debug: main.cpp int main(int, char **) "peloton_date" QVariant(QString, "Before Title")
seg. ago. 3 19:32:37 2026 1785796357138 Debug: main.cpp int main(int, char **) "peloton_date_format" QVariant(QString, "MM/dd/yy")
seg. ago. 3 19:32:37 2026 1785796357140 Debug: main.cpp int main(int, char **) "peloton_description_link" QVariant(QString, "true")
seg. ago. 3 19:32:37 2026 1785796357141 Debug: main.cpp int main(int, char **) "peloton_difficulty" QVariant(QString, "lower")
seg. ago. 3 19:32:37 2026 1785796357142 Debug: main.cpp int main(int, char **) "peloton_expires" QVariant(QString, "")
seg. ago. 3 19:32:37 2026 1785796357143 Debug: main.cpp int main(int, char **) "peloton_gain" QVariant(QString, "1")
seg. ago. 3 19:32:37 2026 1785796357144 Debug: main.cpp int main(int, char **) "peloton_heartrate_metric" QVariant(QString, "Heart Rate")
seg. ago. 3 19:32:37 2026 1785796357145 Debug: main.cpp int main(int, char **) "peloton_lastrefresh" QVariant(QString, "")
seg. ago. 3 19:32:37 2026 1785796357146 Debug: main.cpp int main(int, char **) "peloton_offset" QVariant(QString, "0")
seg. ago. 3 19:32:37 2026 1785796357148 Debug: main.cpp int main(int, char **) "peloton_rower_level" QVariant(QString, "1")
seg. ago. 3 19:32:37 2026 1785796357149 Debug: main.cpp int main(int, char **) "peloton_spinups_autoresistance" QVariant(QString, "true")
seg. ago. 3 19:32:37 2026 1785796357150 Debug: main.cpp int main(int, char **) "peloton_treadmill_level" QVariant(QString, "1")
seg. ago. 3 19:32:37 2026 1785796357151 Debug: main.cpp int main(int, char **) "peloton_treadmill_running_min_speed" QVariant(QString, "0")
seg. ago. 3 19:32:37 2026 1785796357152 Debug: main.cpp int main(int, char **) "peloton_treadmill_walk_level" QVariant(QString, "1")
seg. ago. 3 19:32:37 2026 1785796357153 Debug: main.cpp int main(int, char **) "peloton_treadmill_walking_min_speed" QVariant(QString, "0")
seg. ago. 3 19:32:37 2026 1785796357154 Debug: main.cpp int main(int, char **) "peloton_workout_ocr" QVariant(QString, "false")
seg. ago. 3 19:32:37 2026 1785796357156 Debug: main.cpp int main(int, char **) "pid_heart_zone_erg_mode_watt_step" QVariant(QString, "5")
seg. ago. 3 19:32:37 2026 1785796357157 Debug: main.cpp int main(int, char **) "poll_device_time" QVariant(QString, "200")
seg. ago. 3 19:32:37 2026 1785796357158 Debug: main.cpp int main(int, char **) "power_avg_3s" QVariant(QString, "false")
seg. ago. 3 19:32:37 2026 1785796357159 Debug: main.cpp int main(int, char **) "power_avg_5s" QVariant(QString, "false")
seg. ago. 3 19:32:37 2026 1785796357160 Debug: main.cpp int main(int, char **) "power_hr_hr1" QVariant(QString, "150")
seg. ago. 3 19:32:37 2026 1785796357161 Debug: main.cpp int main(int, char **) "power_hr_hr2" QVariant(QString, "170")
seg. ago. 3 19:32:37 2026 1785796357162 Debug: main.cpp int main(int, char **) "power_hr_pwr1" QVariant(QString, "200")
seg. ago. 3 19:32:37 2026 1785796357167 Debug: main.cpp int main(int, char **) "power_hr_pwr2" QVariant(QString, "230")
seg. ago. 3 19:32:37 2026 1785796357168 Debug: main.cpp int main(int, char **) "power_sensor_as_bike" QVariant(QString, "false")
seg. ago. 3 19:32:37 2026 1785796357170 Debug: main.cpp int main(int, char **) "power_sensor_as_treadmill" QVariant(QString, "false")
seg. ago. 3 19:32:37 2026 1785796357171 Debug: main.cpp int main(int, char **) "power_sensor_cadence_instead_treadmill" QVariant(QString, "false")
seg. ago. 3 19:32:37 2026 1785796357172 Debug: main.cpp int main(int, char **) "power_sensor_name" QVariant(QString, "Disabled")
seg. ago. 3 19:32:37 2026 1785796357173 Debug: main.cpp int main(int, char **) "power_sensor_speed_inclination_coeff_a" QVariant(QString, "0")
seg. ago. 3 19:32:37 2026 1785796357174 Debug: main.cpp int main(int, char **) "power_sensor_speed_inclination_coeff_b" QVariant(QString, "0")
seg. ago. 3 19:32:37 2026 1785796357175 Debug: main.cpp int main(int, char **) "powr_sensor_running_cadence_double" QVariant(QString, "false")
seg. ago. 3 19:32:37 2026 1785796357176 Debug: main.cpp int main(int, char **) "powr_sensor_running_cadence_half_on_strava" QVariant(QString, "false")
seg. ago. 3 19:32:37 2026 1785796357177 Debug: main.cpp int main(int, char **) "profile_name" QVariant(QString, "default")
seg. ago. 3 19:32:37 2026 1785796357178 Debug: main.cpp int main(int, char **) "proform_2000_treadmill" QVariant(QString, "false")
seg. ago. 3 19:32:37 2026 1785796357179 Debug: main.cpp int main(int, char **) "proform_225_csx_PFEX32925_INT_0" QVariant(QString, "false")
seg. ago. 3 19:32:37 2026 1785796357180 Debug: main.cpp int main(int, char **) "proform_505_cst_80_44" QVariant(QString, "false")
seg. ago. 3 19:32:37 2026 1785796357181 Debug: main.cpp int main(int, char **) "proform_595i_proshox2" QVariant(QString, "false")
seg. ago. 3 19:32:37 2026 1785796357182 Debug: main.cpp int main(int, char **) "proform_8_5_treadmill" QVariant(QString, "false")
seg. ago. 3 19:32:37 2026 1785796357184 Debug: main.cpp int main(int, char **) "proform_bike_225_csx" QVariant(QString, "false")
seg. ago. 3 19:32:37 2026 1785796357185 Debug: main.cpp int main(int, char **) "proform_bike_325_csx" QVariant(QString, "false")
seg. ago. 3 19:32:37 2026 1785796357186 Debug: main.cpp int main(int, char **) "proform_bike_325_csx_PFEX439210INT_0" QVariant(QString, "false")
seg. ago. 3 19:32:37 2026 1785796357187 Debug: main.cpp int main(int, char **) "proform_bike_PFEVEX71316_0" QVariant(QString, "false")
seg. ago. 3 19:32:37 2026 1785796357188 Debug: main.cpp int main(int, char **) "proform_bike_PFEVEX71316_1" QVariant(QString, "false")
seg. ago. 3 19:32:37 2026 1785796357189 Debug: main.cpp int main(int, char **) "proform_bike_sb" QVariant(QString, "false")
seg. ago. 3 19:32:37 2026 1785796357190 Debug: main.cpp int main(int, char **) "proform_carbon_tl" QVariant(QString, "false")
seg. ago. 3 19:32:37 2026 1785796357191 Debug: main.cpp int main(int, char **) "proform_carbon_tl_PFTL59720" QVariant(QString, "false")
seg. ago. 3 19:32:37 2026 1785796357192 Debug: main.cpp int main(int, char **) "proform_carbon_tl_PFTL59722c" QVariant(QString, "false")
seg. ago. 3 19:32:37 2026 1785796357193 Debug: main.cpp int main(int, char **) "proform_carbon_tl_PFTL59723_6" QVariant(QString, "false")
seg. ago. 3 19:32:37 2026 1785796357194 Debug: main.cpp int main(int, char **) "proform_carbon_tlx_treadmill" QVariant(QString, "false")
seg. ago. 3 19:32:37 2026 1785796357200 Debug: main.cpp int main(int, char **) "proform_carbon_tlx_v84_314_treadmill" QVariant(QString, "false")
seg. ago. 3 19:32:37 2026 1785796357201 Debug: main.cpp int main(int, char **) "proform_csx210" QVariant(QString, "false")
seg. ago. 3 19:32:37 2026 1785796357202 Debug: main.cpp int main(int, char **) "proform_cycle_trainer_300_ci" QVariant(QString, "false")
seg. ago. 3 19:32:37 2026 1785796357204 Debug: main.cpp int main(int, char **) "proform_cycle_trainer_400" QVariant(QString, "false")
seg. ago. 3 19:32:37 2026 1785796357205 Debug: main.cpp int main(int, char **) "proform_elliptical_ip" QVariant(QString, "")
seg. ago. 3 19:32:37 2026 1785796357206 Debug: main.cpp int main(int, char **) "proform_hybrid_trainer_PFEL03815" QVariant(QString, "false")
seg. ago. 3 19:32:37 2026 1785796357207 Debug: main.cpp int main(int, char **) "proform_hybrid_trainer_xt" QVariant(QString, "false")
seg. ago. 3 19:32:37 2026 1785796357208 Debug: main.cpp int main(int, char **) "proform_performance_300i" QVariant(QString, "false")
seg. ago. 3 19:32:37 2026 1785796357209 Debug: main.cpp int main(int, char **) "proform_performance_400i" QVariant(QString, "false")
seg. ago. 3 19:32:37 2026 1785796357211 Debug: main.cpp int main(int, char **) "proform_pro_1000_treadmill" QVariant(QString, "false")
seg. ago. 3 19:32:37 2026 1785796357212 Debug: main.cpp int main(int, char **) "proform_proshox2" QVariant(QString, "false")
seg. ago. 3 19:32:37 2026 1785796357213 Debug: main.cpp int main(int, char **) "proform_rower_750r" QVariant(QString, "false")
seg. ago. 3 19:32:37 2026 1785796357216 Debug: main.cpp int main(int, char **) "proform_rower_ip" QVariant(QString, "")
seg. ago. 3 19:32:37 2026 1785796357217 Debug: main.cpp int main(int, char **) "proform_rower_sport_rl" QVariant(QString, "false")
seg. ago. 3 19:32:37 2026 1785796357218 Debug: main.cpp int main(int, char **) "proform_studio" QVariant(QString, "false")
seg. ago. 3 19:32:37 2026 1785796357220 Debug: main.cpp int main(int, char **) "proform_studio_NTEX71021" QVariant(QString, "false")
seg. ago. 3 19:32:37 2026 1785796357221 Debug: main.cpp int main(int, char **) "proform_tdf_10" QVariant(QString, "false")
seg. ago. 3 19:32:37 2026 1785796357222 Debug: main.cpp int main(int, char **) "proform_tdf_10_0" QVariant(QString, "false")
seg. ago. 3 19:32:37 2026 1785796357223 Debug: main.cpp int main(int, char **) "proform_tdf_jonseed_watt" QVariant(QString, "false")
seg. ago. 3 19:32:37 2026 1785796357224 Debug: main.cpp int main(int, char **) "proform_tour_de_france_clc" QVariant(QString, "false")
seg. ago. 3 19:32:37 2026 1785796357225 Debug: main.cpp int main(int, char **) "proform_trainer_8_0" QVariant(QString, "false")
seg. ago. 3 19:32:37 2026 1785796357226 Debug: main.cpp int main(int, char **) "proform_trainer_8_0_pftl59721_int_0" QVariant(QString, "false")
seg. ago. 3 19:32:37 2026 1785796357227 Debug: main.cpp int main(int, char **) "proform_trainer_9_0" QVariant(QString, "false")
seg. ago. 3 19:32:37 2026 1785796357228 Debug: main.cpp int main(int, char **) "proform_treadmill_105_cst" QVariant(QString, "false")
seg. ago. 3 19:32:37 2026 1785796357229 Debug: main.cpp int main(int, char **) "proform_treadmill_1500_pro" QVariant(QString, "false")
seg. ago. 3 19:32:37 2026 1785796357230 Debug: main.cpp int main(int, char **) "proform_treadmill_1800i" QVariant(QString, "false")
seg. ago. 3 19:32:37 2026 1785796357232 Debug: main.cpp int main(int, char **) "proform_treadmill_505_cst" QVariant(QString, "false")
seg. ago. 3 19:32:37 2026 1785796357233 Debug: main.cpp int main(int, char **) "proform_treadmill_575i" QVariant(QString, "false")
seg. ago. 3 19:32:37 2026 1785796357234 Debug: main.cpp int main(int, char **) "proform_treadmill_705_cst" QVariant(QString, "false")
seg. ago. 3 19:32:37 2026 1785796357236 Debug: main.cpp int main(int, char **) "proform_treadmill_705_cst_V78_239" QVariant(QString, "false")
seg. ago. 3 19:32:37 2026 1785796357237 Debug: main.cpp int main(int, char **) "proform_treadmill_705_cst_V80_44" QVariant(QString, "false")
seg. ago. 3 19:32:37 2026 1785796357239 Debug: main.cpp int main(int, char **) "proform_treadmill_8_0" QVariant(QString, "false")
seg. ago. 3 19:32:37 2026 1785796357241 Debug: main.cpp int main(int, char **) "proform_treadmill_8_7" QVariant(QString, "false")
seg. ago. 3 19:32:37 2026 1785796357242 Debug: main.cpp int main(int, char **) "proform_treadmill_995i" QVariant(QString, "false")
seg. ago. 3 19:32:37 2026 1785796357244 Debug: main.cpp int main(int, char **) "proform_treadmill_9_0" QVariant(QString, "false")
seg. ago. 3 19:32:37 2026 1785796357245 Debug: main.cpp int main(int, char **) "proform_treadmill_c700" QVariant(QString, "false")
seg. ago. 3 19:32:37 2026 1785796357246 Debug: main.cpp int main(int, char **) "proform_treadmill_c960i" QVariant(QString, "false")
seg. ago. 3 19:32:37 2026 1785796357247 Debug: main.cpp int main(int, char **) "proform_treadmill_cadence_lt" QVariant(QString, "false")
seg. ago. 3 19:32:37 2026 1785796357248 Debug: main.cpp int main(int, char **) "proform_treadmill_carbon_t7" QVariant(QString, "false")
seg. ago. 3 19:32:37 2026 1785796357249 Debug: main.cpp int main(int, char **) "proform_treadmill_carbon_tls" QVariant(QString, "false")
seg. ago. 3 19:32:37 2026 1785796357250 Debug: main.cpp int main(int, char **) "proform_treadmill_cst_505_pftl59420_0" QVariant(QString, "false")
seg. ago. 3 19:32:37 2026 1785796357252 Debug: main.cpp int main(int, char **) "proform_treadmill_l6_0s" QVariant(QString, "false")
seg. ago. 3 19:32:37 2026 1785796357253 Debug: main.cpp int main(int, char **) "proform_treadmill_se" QVariant(QString, "false")
seg. ago. 3 19:32:37 2026 1785796357254 Debug: main.cpp int main(int, char **) "proform_treadmill_sport_3_0" QVariant(QString, "false")
seg. ago. 3 19:32:37 2026 1785796357255 Debug: main.cpp int main(int, char **) "proform_treadmill_sport_70" QVariant(QString, "false")
seg. ago. 3 19:32:37 2026 1785796357256 Debug: main.cpp int main(int, char **) "proform_treadmill_sport_8_5" QVariant(QString, "false")
seg. ago. 3 19:32:37 2026 1785796357257 Debug: main.cpp int main(int, char **) "proform_treadmill_z1300i" QVariant(QString, "false")
seg. ago. 3 19:32:37 2026 1785796357258 Debug: main.cpp int main(int, char **) "proform_wheel_ratio" QVariant(QString, "0.33")
seg. ago. 3 19:32:37 2026 1785796357260 Debug: main.cpp int main(int, char **) "proform_xbike" QVariant(QString, "false")
seg. ago. 3 19:32:37 2026 1785796357261 Debug: main.cpp int main(int, char **) "proformtdf1ip" QVariant(QString, "")
seg. ago. 3 19:32:37 2026 1785796357262 Debug: main.cpp int main(int, char **) "proformtdf4ip" QVariant(QString, "")
seg. ago. 3 19:32:37 2026 1785796357264 Debug: main.cpp int main(int, char **) "proformtreadmillip" QVariant(QString, "")
seg. ago. 3 19:32:37 2026 1785796357265 Debug: main.cpp int main(int, char **) "race_mode" QVariant(QString, "true")
seg. ago. 3 19:32:37 2026 1785796357266 Debug: main.cpp int main(int, char **) "real_inclination_to_virtual_treamill_bridge" QVariant(QString, "false")
seg. ago. 3 19:32:37 2026 1785796357267 Debug: main.cpp int main(int, char **) "reebok_fr30_treadmill" QVariant(QString, "false")
seg. ago. 3 19:32:37 2026 1785796357269 Debug: main.cpp int main(int, char **) "renpho_bike_double_resistance" QVariant(QString, "false")
seg. ago. 3 19:32:37 2026 1785796357270 Debug: main.cpp int main(int, char **) "renpho_peloton_conversion_v2" QVariant(QString, "false")
seg. ago. 3 19:32:37 2026 1785796357271 Debug: main.cpp int main(int, char **) "restore_specific_gear" QVariant(QString, "false")
seg. ago. 3 19:32:37 2026 1785796357272 Debug: main.cpp int main(int, char **) "rogue_echo_bike" QVariant(QString, "false")
seg. ago. 3 19:32:37 2026 1785796357273 Debug: main.cpp int main(int, char **) "rolling_resistance" QVariant(QString, "0.005")
seg. ago. 3 19:32:37 2026 1785796357275 Debug: main.cpp int main(int, char **) "rouvy_compatibility" QVariant(QString, "false")
seg. ago. 3 19:32:37 2026 1785796357276 Debug: main.cpp int main(int, char **) "rpe_feel_popup_enabled" QVariant(QString, "false")
seg. ago. 3 19:32:37 2026 1785796357278 Debug: main.cpp int main(int, char **) "run_cadence_sensor" QVariant(QString, "false")
seg. ago. 3 19:32:37 2026 1785796357279 Debug: main.cpp int main(int, char **) "saris_trainer" QVariant(QString, "false")
seg. ago. 3 19:32:37 2026 1785796357281 Debug: main.cpp int main(int, char **) "schwinn_bike_resistance" QVariant(QString, "false")
seg. ago. 3 19:32:37 2026 1785796357282 Debug: main.cpp int main(int, char **) "schwinn_bike_resistance_v2" QVariant(QString, "true")
seg. ago. 3 19:32:37 2026 1785796357283 Debug: main.cpp int main(int, char **) "schwinn_bike_resistance_v3" QVariant(QString, "false")
seg. ago. 3 19:32:37 2026 1785796357284 Debug: main.cpp int main(int, char **) "schwinn_resistance_smooth" QVariant(QString, "0")
seg. ago. 3 19:32:37 2026 1785796357285 Debug: main.cpp int main(int, char **) "service_changed" QVariant(QString, "false")
seg. ago. 3 19:32:37 2026 1785796357287 Debug: main.cpp int main(int, char **) "sex" QVariant(QString, "Male")
seg. ago. 3 19:32:37 2026 1785796357288 Debug: main.cpp int main(int, char **) "shortcut_auto_resistance" QVariant(QString, "")
seg. ago. 3 19:32:37 2026 1785796357289 Debug: main.cpp int main(int, char **) "shortcut_avs_climb" QVariant(QString, "")
seg. ago. 3 19:32:37 2026 1785796357290 Debug: main.cpp int main(int, char **) "shortcut_avs_cruise" QVariant(QString, "")
seg. ago. 3 19:32:37 2026 1785796357291 Debug: main.cpp int main(int, char **) "shortcut_avs_sprint" QVariant(QString, "")
seg. ago. 3 19:32:37 2026 1785796357293 Debug: main.cpp int main(int, char **) "shortcut_biggears_minus" QVariant(QString, "")
seg. ago. 3 19:32:37 2026 1785796357294 Debug: main.cpp int main(int, char **) "shortcut_biggears_plus" QVariant(QString, "")
seg. ago. 3 19:32:37 2026 1785796357295 Debug: main.cpp int main(int, char **) "shortcut_erg_mode" QVariant(QString, "")
seg. ago. 3 19:32:37 2026 1785796357296 Debug: main.cpp int main(int, char **) "shortcut_ext_incline_minus" QVariant(QString, "")
seg. ago. 3 19:32:37 2026 1785796357297 Debug: main.cpp int main(int, char **) "shortcut_ext_incline_plus" QVariant(QString, "")
seg. ago. 3 19:32:37 2026 1785796357298 Debug: main.cpp int main(int, char **) "shortcut_fan_minus" QVariant(QString, "")
seg. ago. 3 19:32:37 2026 1785796357299 Debug: main.cpp int main(int, char **) "shortcut_fan_plus" QVariant(QString, "")
seg. ago. 3 19:32:37 2026 1785796357300 Debug: main.cpp int main(int, char **) "shortcut_gears_minus" QVariant(QString, "")
seg. ago. 3 19:32:37 2026 1785796357302 Debug: main.cpp int main(int, char **) "shortcut_gears_plus" QVariant(QString, "")
seg. ago. 3 19:32:37 2026 1785796357303 Debug: main.cpp int main(int, char **) "shortcut_inclination_minus" QVariant(QString, "")
seg. ago. 3 19:32:37 2026 1785796357304 Debug: main.cpp int main(int, char **) "shortcut_inclination_plus" QVariant(QString, "")
seg. ago. 3 19:32:37 2026 1785796357305 Debug: main.cpp int main(int, char **) "shortcut_lap" QVariant(QString, "")
seg. ago. 3 19:32:37 2026 1785796357306 Debug: main.cpp int main(int, char **) "shortcut_peloton_offset_minus" QVariant(QString, "")
seg. ago. 3 19:32:37 2026 1785796357307 Debug: main.cpp int main(int, char **) "shortcut_peloton_offset_plus" QVariant(QString, "")
seg. ago. 3 19:32:37 2026 1785796357308 Debug: main.cpp int main(int, char **) "shortcut_peloton_remaining_minus" QVariant(QString, "")
seg. ago. 3 19:32:37 2026 1785796357309 Debug: main.cpp int main(int, char **) "shortcut_peloton_remaining_plus" QVariant(QString, "")
seg. ago. 3 19:32:37 2026 1785796357310 Debug: main.cpp int main(int, char **) "shortcut_peloton_resistance_minus" QVariant(QString, "")
seg. ago. 3 19:32:37 2026 1785796357312 Debug: main.cpp int main(int, char **) "shortcut_peloton_resistance_plus" QVariant(QString, "")
seg. ago. 3 19:32:37 2026 1785796357313 Debug: main.cpp int main(int, char **) "shortcut_pid_hr_minus" QVariant(QString, "")
seg. ago. 3 19:32:37 2026 1785796357314 Debug: main.cpp int main(int, char **) "shortcut_pid_hr_plus" QVariant(QString, "")
seg. ago. 3 19:32:37 2026 1785796357315 Debug: main.cpp int main(int, char **) "shortcut_power_avg" QVariant(QString, "")
seg. ago. 3 19:32:37 2026 1785796357316 Debug: main.cpp int main(int, char **) "shortcut_preset_inclination_1" QVariant(QString, "")
seg. ago. 3 19:32:37 2026 1785796357317 Debug: main.cpp int main(int, char **) "shortcut_preset_inclination_2" QVariant(QString, "")
seg. ago. 3 19:32:37 2026 1785796357318 Debug: main.cpp int main(int, char **) "shortcut_preset_inclination_3" QVariant(QString, "")
seg. ago. 3 19:32:37 2026 1785796357319 Debug: main.cpp int main(int, char **) "shortcut_preset_inclination_4" QVariant(QString, "")
seg. ago. 3 19:32:37 2026 1785796357320 Debug: main.cpp int main(int, char **) "shortcut_preset_inclination_5" QVariant(QString, "")
seg. ago. 3 19:32:37 2026 1785796357321 Debug: main.cpp int main(int, char **) "shortcut_preset_powerzone_1" QVariant(QString, "")
seg. ago. 3 19:32:37 2026 1785796357322 Debug: main.cpp int main(int, char **) "shortcut_preset_powerzone_2" QVariant(QString, "")
seg. ago. 3 19:32:37 2026 1785796357324 Debug: main.cpp int main(int, char **) "shortcut_preset_powerzone_3" QVariant(QString, "")
seg. ago. 3 19:32:37 2026 1785796357325 Debug: main.cpp int main(int, char **) "shortcut_preset_powerzone_4" QVariant(QString, "")
seg. ago. 3 19:32:37 2026 1785796357326 Debug: main.cpp int main(int, char **) "shortcut_preset_powerzone_5" QVariant(QString, "")
seg. ago. 3 19:32:37 2026 1785796357327 Debug: main.cpp int main(int, char **) "shortcut_preset_powerzone_6" QVariant(QString, "")
seg. ago. 3 19:32:37 2026 1785796357328 Debug: main.cpp int main(int, char **) "shortcut_preset_powerzone_7" QVariant(QString, "")
seg. ago. 3 19:32:37 2026 1785796357329 Debug: main.cpp int main(int, char **) "shortcut_preset_resistance_1" QVariant(QString, "")
seg. ago. 3 19:32:37 2026 1785796357331 Debug: main.cpp int main(int, char **) "shortcut_preset_resistance_2" QVariant(QString, "")
seg. ago. 3 19:32:37 2026 1785796357332 Debug: main.cpp int main(int, char **) "shortcut_preset_resistance_3" QVariant(QString, "")
seg. ago. 3 19:32:37 2026 1785796357333 Debug: main.cpp int main(int, char **) "shortcut_preset_resistance_4" QVariant(QString, "")
seg. ago. 3 19:32:37 2026 1785796357334 Debug: main.cpp int main(int, char **) "shortcut_preset_resistance_5" QVariant(QString, "")
seg. ago. 3 19:32:37 2026 1785796357336 Debug: main.cpp int main(int, char **) "shortcut_preset_speed_1" QVariant(QString, "")
seg. ago. 3 19:32:37 2026 1785796357337 Debug: main.cpp int main(int, char **) "shortcut_preset_speed_2" QVariant(QString, "")
seg. ago. 3 19:32:37 2026 1785796357338 Debug: main.cpp int main(int, char **) "shortcut_preset_speed_3" QVariant(QString, "")
seg. ago. 3 19:32:37 2026 1785796357339 Debug: main.cpp int main(int, char **) "shortcut_preset_speed_4" QVariant(QString, "")
seg. ago. 3 19:32:37 2026 1785796357340 Debug: main.cpp int main(int, char **) "shortcut_preset_speed_5" QVariant(QString, "")
seg. ago. 3 19:32:37 2026 1785796357341 Debug: main.cpp int main(int, char **) "shortcut_remaining_time_minus" QVariant(QString, "")
seg. ago. 3 19:32:37 2026 1785796357343 Debug: main.cpp int main(int, char **) "shortcut_remaining_time_plus" QVariant(QString, "")
seg. ago. 3 19:32:37 2026 1785796357344 Debug: main.cpp int main(int, char **) "shortcut_resistance_minus" QVariant(QString, "")
seg. ago. 3 19:32:37 2026 1785796357345 Debug: main.cpp int main(int, char **) "shortcut_resistance_plus" QVariant(QString, "")
seg. ago. 3 19:32:37 2026 1785796357346 Debug: main.cpp int main(int, char **) "shortcut_speed_minus" QVariant(QString, "")
seg. ago. 3 19:32:37 2026 1785796357347 Debug: main.cpp int main(int, char **) "shortcut_speed_plus" QVariant(QString, "")
seg. ago. 3 19:32:37 2026 1785796357348 Debug: main.cpp int main(int, char **) "shortcut_start_stop" QVariant(QString, "")
seg. ago. 3 19:32:37 2026 1785796357349 Debug: main.cpp int main(int, char **) "shortcut_stop" QVariant(QString, "")
seg. ago. 3 19:32:37 2026 1785796357350 Debug: main.cpp int main(int, char **) "shortcut_target_incline_minus" QVariant(QString, "")
seg. ago. 3 19:32:37 2026 1785796357352 Debug: main.cpp int main(int, char **) "shortcut_target_incline_plus" QVariant(QString, "")
seg. ago. 3 19:32:37 2026 1785796357353 Debug: main.cpp int main(int, char **) "shortcut_target_power_minus" QVariant(QString, "")
seg. ago. 3 19:32:37 2026 1785796357354 Debug: main.cpp int main(int, char **) "shortcut_target_power_plus" QVariant(QString, "")
seg. ago. 3 19:32:37 2026 1785796357356 Debug: main.cpp int main(int, char **) "shortcut_target_resistance_minus" QVariant(QString, "")
seg. ago. 3 19:32:37 2026 1785796357357 Debug: main.cpp int main(int, char **) "shortcut_target_resistance_plus" QVariant(QString, "")
seg. ago. 3 19:32:37 2026 1785796357359 Debug: main.cpp int main(int, char **) "shortcut_target_speed_minus" QVariant(QString, "")
seg. ago. 3 19:32:37 2026 1785796357360 Debug: main.cpp int main(int, char **) "shortcut_target_speed_plus" QVariant(QString, "")
seg. ago. 3 19:32:37 2026 1785796357361 Debug: main.cpp int main(int, char **) "shortcut_target_zone_minus" QVariant(QString, "")
seg. ago. 3 19:32:37 2026 1785796357363 Debug: main.cpp int main(int, char **) "shortcut_target_zone_plus" QVariant(QString, "")
seg. ago. 3 19:32:37 2026 1785796357364 Debug: main.cpp int main(int, char **) "shortcuts_enabled" QVariant(QString, "false")
seg. ago. 3 19:32:37 2026 1785796357365 Debug: main.cpp int main(int, char **) "skandika_wiri_x2000_protocol" QVariant(QString, "true")
seg. ago. 3 19:32:37 2026 1785796357367 Debug: main.cpp int main(int, char **) "skipLocationServicesDialog" QVariant(QString, "false")
seg. ago. 3 19:32:37 2026 1785796357369 Debug: main.cpp int main(int, char **) "snode_bike" QVariant(QString, "false")
seg. ago. 3 19:32:37 2026 1785796357370 Debug: main.cpp int main(int, char **) "sole_elliptical_e55" QVariant(QString, "false")
seg. ago. 3 19:32:37 2026 1785796357371 Debug: main.cpp int main(int, char **) "sole_elliptical_inclination" QVariant(QString, "false")
seg. ago. 3 19:32:37 2026 1785796357372 Debug: main.cpp int main(int, char **) "sole_treadmill_f63" QVariant(QString, "false")
seg. ago. 3 19:32:37 2026 1785796357374 Debug: main.cpp int main(int, char **) "sole_treadmill_f65" QVariant(QString, "false")
seg. ago. 3 19:32:37 2026 1785796357375 Debug: main.cpp int main(int, char **) "sole_treadmill_inclination" QVariant(QString, "false")
seg. ago. 3 19:32:37 2026 1785796357376 Debug: main.cpp int main(int, char **) "sole_treadmill_inclination_fast" QVariant(QString, "false")
seg. ago. 3 19:32:37 2026 1785796357377 Debug: main.cpp int main(int, char **) "sole_treadmill_miles" QVariant(QString, "true")
seg. ago. 3 19:32:37 2026 1785796357378 Debug: main.cpp int main(int, char **) "sole_treadmill_tt8" QVariant(QString, "false")
seg. ago. 3 19:32:37 2026 1785796357379 Debug: main.cpp int main(int, char **) "sp_ht_9600ie" QVariant(QString, "false")
seg. ago. 3 19:32:37 2026 1785796357380 Debug: main.cpp int main(int, char **) "speed_gain" QVariant(QString, "1")
seg. ago. 3 19:32:37 2026 1785796357381 Debug: main.cpp int main(int, char **) "speed_offset" QVariant(QString, "0")
seg. ago. 3 19:32:37 2026 1785796357382 Debug: main.cpp int main(int, char **) "speed_power_based" QVariant(QString, "true")
seg. ago. 3 19:32:37 2026 1785796357383 Debug: main.cpp int main(int, char **) "sportstech_esx500" QVariant(QString, "false")
seg. ago. 3 19:32:37 2026 1785796357385 Debug: main.cpp int main(int, char **) "sportstech_sx600" QVariant(QString, "false")
seg. ago. 3 19:32:37 2026 1785796357386 Debug: main.cpp int main(int, char **) "sram_axs_controller" QVariant(QString, "false")
seg. ago. 3 19:32:37 2026 1785796357387 Debug: main.cpp int main(int, char **) "ss2k_max_resistance" QVariant(QString, "100")
seg. ago. 3 19:32:37 2026 1785796357388 Debug: main.cpp int main(int, char **) "ss2k_min_resistance" QVariant(QString, "0")
seg. ago. 3 19:32:37 2026 1785796357389 Debug: main.cpp int main(int, char **) "ss2k_peloton" QVariant(QString, "false")
seg. ago. 3 19:32:37 2026 1785796357390 Debug: main.cpp int main(int, char **) "ss2k_resistance_sample_1" QVariant(QString, "20")
seg. ago. 3 19:32:37 2026 1785796357391 Debug: main.cpp int main(int, char **) "ss2k_resistance_sample_2" QVariant(QString, "30")
seg. ago. 3 19:32:37 2026 1785796357392 Debug: main.cpp int main(int, char **) "ss2k_resistance_sample_3" QVariant(QString, "40")
seg. ago. 3 19:32:37 2026 1785796357393 Debug: main.cpp int main(int, char **) "ss2k_resistance_sample_4" QVariant(QString, "50")
seg. ago. 3 19:32:37 2026 1785796357394 Debug: main.cpp int main(int, char **) "ss2k_shift_step" QVariant(QString, "900")
seg. ago. 3 19:32:37 2026 1785796357395 Debug: main.cpp int main(int, char **) "ss2k_shift_step_sample_1" QVariant(QString, "0")
seg. ago. 3 19:32:37 2026 1785796357396 Debug: main.cpp int main(int, char **) "ss2k_shift_step_sample_2" QVariant(QString, "0")
seg. ago. 3 19:32:37 2026 1785796357397 Debug: main.cpp int main(int, char **) "ss2k_shift_step_sample_3" QVariant(QString, "0")
seg. ago. 3 19:32:37 2026 1785796357399 Debug: main.cpp int main(int, char **) "ss2k_shift_step_sample_4" QVariant(QString, "0")
seg. ago. 3 19:32:37 2026 1785796357400 Debug: main.cpp int main(int, char **) "step_gain" QVariant(QString, "1")
seg. ago. 3 19:32:37 2026 1785796357401 Debug: main.cpp int main(int, char **) "strava_auth_external_webbrowser" QVariant(QString, "false")
seg. ago. 3 19:32:37 2026 1785796357402 Debug: main.cpp int main(int, char **) "strava_date_prefix" QVariant(QString, "false")
seg. ago. 3 19:32:37 2026 1785796357404 Debug: main.cpp int main(int, char **) "strava_suffix" QVariant(QString, "#QZ")
seg. ago. 3 19:32:37 2026 1785796357405 Debug: main.cpp int main(int, char **) "strava_treadmill" QVariant(QString, "true")
seg. ago. 3 19:32:37 2026 1785796357406 Debug: main.cpp int main(int, char **) "strava_upload_mode" QVariant(QString, "Always")
seg. ago. 3 19:32:37 2026 1785796357407 Debug: main.cpp int main(int, char **) "strava_virtual_activity" QVariant(QString, "true")
seg. ago. 3 19:32:37 2026 1785796357409 Debug: main.cpp int main(int, char **) "stryd_add_inclination_gain" QVariant(QString, "false")
seg. ago. 3 19:32:37 2026 1785796357410 Debug: main.cpp int main(int, char **) "stryd_inclination_instead_treadmill" QVariant(QString, "false")
seg. ago. 3 19:32:37 2026 1785796357411 Debug: main.cpp int main(int, char **) "stryd_speed_instead_treadmill" QVariant(QString, "false")
seg. ago. 3 19:32:37 2026 1785796357412 Debug: main.cpp int main(int, char **) "tacx_neo2_peloton" QVariant(QString, "false")
seg. ago. 3 19:32:37 2026 1785796357413 Debug: main.cpp int main(int, char **) "tacxneo2_disable_negative_inclination" QVariant(QString, "false")
seg. ago. 3 19:32:37 2026 1785796357415 Debug: main.cpp int main(int, char **) "taurua_ic90" QVariant(QString, "false")
seg. ago. 3 19:32:37 2026 1785796357416 Debug: main.cpp int main(int, char **) "tdf_10_ip" QVariant(QString, "")
seg. ago. 3 19:32:37 2026 1785796357417 Debug: main.cpp int main(int, char **) "technogym_bike" QVariant(QString, "false")
seg. ago. 3 19:32:37 2026 1785796357418 Debug: main.cpp int main(int, char **) "technogym_group_cycle" QVariant(QString, "false")
seg. ago. 3 19:32:37 2026 1785796357419 Debug: main.cpp int main(int, char **) "technogym_myrun_treadmill_experimental" QVariant(QString, "false")
seg. ago. 3 19:32:37 2026 1785796357420 Debug: main.cpp int main(int, char **) "template_inner_QZWS_enabled" QVariant(QString, "true")
seg. ago. 3 19:32:37 2026 1785796357421 Debug: main.cpp int main(int, char **) "template_inner_QZWS_folders" QVariant(QStringList, (":/inner_templates//i18n", ":/inner_templates//previewchart", ":/inner_templates//floating", ":/inner_templates//workouteditor", ":/inner_templates//maps2d", ":/inner_templates//trainingbrowser", ":/inner_templates//chartjs", ":/inner_templates//workoutpreview", ":/inner_templates//googlemaps"))
seg. ago. 3 19:32:37 2026 1785796357423 Debug: main.cpp int main(int, char **) "template_inner_QZWS_ips" QVariant(Invalid)
seg. ago. 3 19:32:37 2026 1785796357424 Debug: main.cpp int main(int, char **) "template_inner_QZWS_port" QVariant(QString, "44279")
seg. ago. 3 19:32:37 2026 1785796357425 Debug: main.cpp int main(int, char **) "template_inner_QZWS_type" QVariant(QString, "WebServer")
seg. ago. 3 19:32:37 2026 1785796357426 Debug: main.cpp int main(int, char **) "template_inner_ids" QVariant(QString, "inner_QZWS")
seg. ago. 3 19:32:37 2026 1785796357427 Debug: main.cpp int main(int, char **) "template_user_QZWS_enabled" QVariant(QString, "false")
seg. ago. 3 19:32:37 2026 1785796357428 Debug: main.cpp int main(int, char **) "template_user_QZWS_folders" QVariant(QStringList, (":/templates//debug", ":/templates//example"))
seg. ago. 3 19:32:37 2026 1785796357430 Debug: main.cpp int main(int, char **) "template_user_QZWS_ips" QVariant(Invalid)
seg. ago. 3 19:32:37 2026 1785796357431 Debug: main.cpp int main(int, char **) "template_user_QZWS_type" QVariant(QString, "WebServer")
seg. ago. 3 19:32:37 2026 1785796357432 Debug: main.cpp int main(int, char **) "template_user_ids" QVariant(QStringList, ("user_vlc", "user_QZWS", "user_qz"))
seg. ago. 3 19:32:37 2026 1785796357433 Debug: main.cpp int main(int, char **) "template_user_qz_enabled" QVariant(QString, "false")
seg. ago. 3 19:32:37 2026 1785796357434 Debug: main.cpp int main(int, char **) "template_user_qz_type" QVariant(QString, "TcpClient")
seg. ago. 3 19:32:37 2026 1785796357436 Debug: main.cpp int main(int, char **) "template_user_vlc_enabled" QVariant(QString, "false")
seg. ago. 3 19:32:37 2026 1785796357437 Debug: main.cpp int main(int, char **) "template_user_vlc_type" QVariant(QString, "TcpClient")
seg. ago. 3 19:32:37 2026 1785796357438 Debug: main.cpp int main(int, char **) "theme_background_color" QVariant(QString, "#303030")
seg. ago. 3 19:32:37 2026 1785796357439 Debug: main.cpp int main(int, char **) "theme_status_bar_background_color" QVariant(QString, "#800080")
seg. ago. 3 19:32:37 2026 1785796357440 Debug: main.cpp int main(int, char **) "theme_tile_background_color" QVariant(QString, "#303030")
seg. ago. 3 19:32:37 2026 1785796357441 Debug: main.cpp int main(int, char **) "theme_tile_icon_enabled" QVariant(QString, "true")
seg. ago. 3 19:32:37 2026 1785796357443 Debug: main.cpp int main(int, char **) "theme_tile_secondline_textsize" QVariant(QString, "12")
seg. ago. 3 19:32:37 2026 1785796357444 Debug: main.cpp int main(int, char **) "theme_tile_shadow_color" QVariant(QString, "#9C27B0")
seg. ago. 3 19:32:37 2026 1785796357445 Debug: main.cpp int main(int, char **) "theme_tile_shadow_enabled" QVariant(QString, "true")
seg. ago. 3 19:32:37 2026 1785796357446 Debug: main.cpp int main(int, char **) "thinkrider_controller" QVariant(QString, "false")
seg. ago. 3 19:32:37 2026 1785796357447 Debug: main.cpp int main(int, char **) "tile_auto_virtual_shifting_climb_enabled" QVariant(QString, "false")
seg. ago. 3 19:32:37 2026 1785796357448 Debug: main.cpp int main(int, char **) "tile_auto_virtual_shifting_climb_order" QVariant(QString, "56")
seg. ago. 3 19:32:37 2026 1785796357449 Debug: main.cpp int main(int, char **) "tile_auto_virtual_shifting_cruise_enabled" QVariant(QString, "false")
seg. ago. 3 19:32:37 2026 1785796357451 Debug: main.cpp int main(int, char **) "tile_auto_virtual_shifting_cruise_order" QVariant(QString, "55")
seg. ago. 3 19:32:37 2026 1785796357452 Debug: main.cpp int main(int, char **) "tile_auto_virtual_shifting_sprint_enabled" QVariant(QString, "false")
seg. ago. 3 19:32:37 2026 1785796357453 Debug: main.cpp int main(int, char **) "tile_auto_virtual_shifting_sprint_order" QVariant(QString, "57")
seg. ago. 3 19:32:37 2026 1785796357454 Debug: main.cpp int main(int, char **) "tile_avg_pace_enabled" QVariant(QString, "false")
seg. ago. 3 19:32:37 2026 1785796357455 Debug: main.cpp int main(int, char **) "tile_avg_pace_order" QVariant(QString, "76")
seg. ago. 3 19:32:37 2026 1785796357457 Debug: main.cpp int main(int, char **) "tile_avg_watt_lap_enabled" QVariant(QString, "false")
seg. ago. 3 19:32:37 2026 1785796357458 Debug: main.cpp int main(int, char **) "tile_avg_watt_lap_order" QVariant(QString, "48")
seg. ago. 3 19:32:37 2026 1785796357459 Debug: main.cpp int main(int, char **) "tile_avgwatt_enabled" QVariant(QString, "true")
seg. ago. 3 19:32:37 2026 1785796357461 Debug: main.cpp int main(int, char **) "tile_avgwatt_order" QVariant(QString, "9")
seg. ago. 3 19:32:37 2026 1785796357462 Debug: main.cpp int main(int, char **) "tile_biggears_enabled" QVariant(QString, "false")
seg. ago. 3 19:32:37 2026 1785796357463 Debug: main.cpp int main(int, char **) "tile_biggears_order" QVariant(QString, "54")
seg. ago. 3 19:32:37 2026 1785796357464 Debug: main.cpp int main(int, char **) "tile_biggears_swap" QVariant(QString, "false")
seg. ago. 3 19:32:37 2026 1785796357466 Debug: main.cpp int main(int, char **) "tile_cadence_color_enabled" QVariant(QString, "false")
seg. ago. 3 19:32:37 2026 1785796357467 Debug: main.cpp int main(int, char **) "tile_cadence_enabled" QVariant(QString, "true")
seg. ago. 3 19:32:37 2026 1785796357468 Debug: main.cpp int main(int, char **) "tile_cadence_order" QVariant(QString, "2")
seg. ago. 3 19:32:37 2026 1785796357470 Debug: main.cpp int main(int, char **) "tile_calories_enabled" QVariant(QString, "true")
seg. ago. 3 19:32:37 2026 1785796357471 Debug: main.cpp int main(int, char **) "tile_calories_order" QVariant(QString, "4")
seg. ago. 3 19:32:37 2026 1785796357473 Debug: main.cpp int main(int, char **) "tile_coretemperature_enabled" QVariant(QString, "false")
seg. ago. 3 19:32:37 2026 1785796357474 Debug: main.cpp int main(int, char **) "tile_coretemperature_order" QVariant(QString, "67")
seg. ago. 3 19:32:37 2026 1785796357475 Debug: main.cpp int main(int, char **) "tile_datetime_enabled" QVariant(QString, "true")
seg. ago. 3 19:32:37 2026 1785796357476 Debug: main.cpp int main(int, char **) "tile_datetime_order" QVariant(QString, "16")
seg. ago. 3 19:32:37 2026 1785796357478 Debug: main.cpp int main(int, char **) "tile_elapsed_enabled" QVariant(QString, "true")
seg. ago. 3 19:32:37 2026 1785796357479 Debug: main.cpp int main(int, char **) "tile_elapsed_order" QVariant(QString, "14")
seg. ago. 3 19:32:37 2026 1785796357481 Debug: main.cpp int main(int, char **) "tile_elevation_enabled" QVariant(QString, "true")
seg. ago. 3 19:32:37 2026 1785796357482 Debug: main.cpp int main(int, char **) "tile_elevation_order" QVariant(QString, "3")
seg. ago. 3 19:32:37 2026 1785796357484 Debug: main.cpp int main(int, char **) "tile_erg_mode_enabled" QVariant(QString, "true")
seg. ago. 3 19:32:37 2026 1785796357485 Debug: main.cpp int main(int, char **) "tile_erg_mode_order" QVariant(QString, "52")
seg. ago. 3 19:32:37 2026 1785796357486 Debug: main.cpp int main(int, char **) "tile_ext_incline_enabled" QVariant(QString, "false")
seg. ago. 3 19:32:37 2026 1785796357487 Debug: main.cpp int main(int, char **) "tile_ext_incline_order" QVariant(QString, "32")
seg. ago. 3 19:32:37 2026 1785796357489 Debug: main.cpp int main(int, char **) "tile_fan_enabled" QVariant(QString, "true")
seg. ago. 3 19:32:37 2026 1785796357490 Debug: main.cpp int main(int, char **) "tile_fan_order" QVariant(QString, "12")
seg. ago. 3 19:32:37 2026 1785796357492 Debug: main.cpp int main(int, char **) "tile_ftp_enabled" QVariant(QString, "true")
seg. ago. 3 19:32:37 2026 1785796357493 Debug: main.cpp int main(int, char **) "tile_ftp_order" QVariant(QString, "10")
seg. ago. 3 19:32:37 2026 1785796357494 Debug: main.cpp int main(int, char **) "tile_gears_enabled" QVariant(QString, "false")
seg. ago. 3 19:32:37 2026 1785796357496 Debug: main.cpp int main(int, char **) "tile_gears_order" QVariant(QString, "26")
seg. ago. 3 19:32:37 2026 1785796357497 Debug: main.cpp int main(int, char **) "tile_grade_adjusted_pace_enabled" QVariant(QString, "false")
seg. ago. 3 19:32:37 2026 1785796357498 Debug: main.cpp int main(int, char **) "tile_grade_adjusted_pace_order" QVariant(QString, "79")
seg. ago. 3 19:32:37 2026 1785796357500 Debug: main.cpp int main(int, char **) "tile_ground_contact_enabled" QVariant(QString, "false")
seg. ago. 3 19:32:37 2026 1785796357501 Debug: main.cpp int main(int, char **) "tile_ground_contact_order" QVariant(QString, "33")
seg. ago. 3 19:32:37 2026 1785796357502 Debug: main.cpp int main(int, char **) "tile_heart_enabled" QVariant(QString, "true")
seg. ago. 3 19:32:37 2026 1785796357503 Debug: main.cpp int main(int, char **) "tile_heart_order" QVariant(QString, "11")
seg. ago. 3 19:32:37 2026 1785796357505 Debug: main.cpp int main(int, char **) "tile_heart_show_as_percent" QVariant(QString, "false")
seg. ago. 3 19:32:37 2026 1785796357506 Debug: main.cpp int main(int, char **) "tile_heat_time_in_zone_1_enabled" QVariant(QString, "false")
seg. ago. 3 19:32:37 2026 1785796357507 Debug: main.cpp int main(int, char **) "tile_heat_time_in_zone_1_order" QVariant(QString, "68")
seg. ago. 3 19:32:37 2026 1785796357509 Debug: main.cpp int main(int, char **) "tile_heat_time_in_zone_2_enabled" QVariant(QString, "false")
seg. ago. 3 19:32:37 2026 1785796357510 Debug: main.cpp int main(int, char **) "tile_heat_time_in_zone_2_order" QVariant(QString, "69")
seg. ago. 3 19:32:37 2026 1785796357512 Debug: main.cpp int main(int, char **) "tile_heat_time_in_zone_3_enabled" QVariant(QString, "false")
seg. ago. 3 19:32:37 2026 1785796357514 Debug: main.cpp int main(int, char **) "tile_heat_time_in_zone_3_order" QVariant(QString, "70")
seg. ago. 3 19:32:37 2026 1785796357516 Debug: main.cpp int main(int, char **) "tile_heat_time_in_zone_4_enabled" QVariant(QString, "false")
seg. ago. 3 19:32:37 2026 1785796357517 Debug: main.cpp int main(int, char **) "tile_heat_time_in_zone_4_order" QVariant(QString, "71")
seg. ago. 3 19:32:37 2026 1785796357518 Debug: main.cpp int main(int, char **) "tile_hr_time_in_zone_1_enabled" QVariant(QString, "false")
seg. ago. 3 19:32:37 2026 1785796357520 Debug: main.cpp int main(int, char **) "tile_hr_time_in_zone_1_order" QVariant(QString, "62")
seg. ago. 3 19:32:37 2026 1785796357522 Debug: main.cpp int main(int, char **) "tile_hr_time_in_zone_2_enabled" QVariant(QString, "false")
seg. ago. 3 19:32:37 2026 1785796357523 Debug: main.cpp int main(int, char **) "tile_hr_time_in_zone_2_order" QVariant(QString, "63")
seg. ago. 3 19:32:37 2026 1785796357524 Debug: main.cpp int main(int, char **) "tile_hr_time_in_zone_3_enabled" QVariant(QString, "false")
seg. ago. 3 19:32:37 2026 1785796357525 Debug: main.cpp int main(int, char **) "tile_hr_time_in_zone_3_order" QVariant(QString, "64")
seg. ago. 3 19:32:37 2026 1785796357527 Debug: main.cpp int main(int, char **) "tile_hr_time_in_zone_4_enabled" QVariant(QString, "false")
seg. ago. 3 19:32:37 2026 1785796357528 Debug: main.cpp int main(int, char **) "tile_hr_time_in_zone_4_order" QVariant(QString, "65")
seg. ago. 3 19:32:37 2026 1785796357529 Debug: main.cpp int main(int, char **) "tile_hr_time_in_zone_5_enabled" QVariant(QString, "false")
seg. ago. 3 19:32:37 2026 1785796357530 Debug: main.cpp int main(int, char **) "tile_hr_time_in_zone_5_order" QVariant(QString, "66")
seg. ago. 3 19:32:37 2026 1785796357531 Debug: main.cpp int main(int, char **) "tile_hr_time_in_zone_individual_mode" QVariant(QString, "false")
seg. ago. 3 19:32:37 2026 1785796357532 Debug: main.cpp int main(int, char **) "tile_hrv_enabled" QVariant(QString, "false")
seg. ago. 3 19:32:37 2026 1785796357533 Debug: main.cpp int main(int, char **) "tile_hrv_order" QVariant(QString, "78")
seg. ago. 3 19:32:37 2026 1785796357535 Debug: main.cpp int main(int, char **) "tile_inclination_enabled" QVariant(QString, "true")
seg. ago. 3 19:32:37 2026 1785796357536 Debug: main.cpp int main(int, char **) "tile_inclination_order" QVariant(QString, "1")
seg. ago. 3 19:32:37 2026 1785796357538 Debug: main.cpp int main(int, char **) "tile_instantaneous_stride_length_enabled" QVariant(QString, "false")
seg. ago. 3 19:32:37 2026 1785796357539 Debug: main.cpp int main(int, char **) "tile_instantaneous_stride_length_order" QVariant(QString, "32")
seg. ago. 3 19:32:37 2026 1785796357540 Debug: main.cpp int main(int, char **) "tile_jouls_enabled" QVariant(QString, "true")
seg. ago. 3 19:32:37 2026 1785796357541 Debug: main.cpp int main(int, char **) "tile_jouls_order" QVariant(QString, "13")
seg. ago. 3 19:32:37 2026 1785796357542 Debug: main.cpp int main(int, char **) "tile_lapelapsed_enabled" QVariant(QString, "false")
seg. ago. 3 19:32:37 2026 1785796357543 Debug: main.cpp int main(int, char **) "tile_lapelapsed_order" QVariant(QString, "17")
seg. ago. 3 19:32:37 2026 1785796357544 Debug: main.cpp int main(int, char **) "tile_mets_enabled" QVariant(QString, "false")
seg. ago. 3 19:32:37 2026 1785796357545 Debug: main.cpp int main(int, char **) "tile_mets_order" QVariant(QString, "28")
seg. ago. 3 19:32:37 2026 1785796357546 Debug: main.cpp int main(int, char **) "tile_moving_time_enabled" QVariant(QString, "false")
seg. ago. 3 19:32:37 2026 1785796357548 Debug: main.cpp int main(int, char **) "tile_moving_time_order" QVariant(QString, "21")
seg. ago. 3 19:32:37 2026 1785796357549 Debug: main.cpp int main(int, char **) "tile_negative_inclination_enabled" QVariant(QString, "false")
seg. ago. 3 19:32:37 2026 1785796357550 Debug: main.cpp int main(int, char **) "tile_negative_inclination_order" QVariant(QString, "75")
seg. ago. 3 19:32:37 2026 1785796357552 Debug: main.cpp int main(int, char **) "tile_nextrowstrainprogram_enabled" QVariant(QString, "false")
seg. ago. 3 19:32:37 2026 1785796357553 Debug: main.cpp int main(int, char **) "tile_nextrowstrainprogram_order" QVariant(QString, "31")
seg. ago. 3 19:32:37 2026 1785796357555 Debug: main.cpp int main(int, char **) "tile_odometer_enabled" QVariant(QString, "true")
seg. ago. 3 19:32:37 2026 1785796357556 Debug: main.cpp int main(int, char **) "tile_odometer_order" QVariant(QString, "5")
seg. ago. 3 19:32:37 2026 1785796357557 Debug: main.cpp int main(int, char **) "tile_pace_color_enabled" QVariant(QString, "true")
seg. ago. 3 19:32:37 2026 1785796357558 Debug: main.cpp int main(int, char **) "tile_pace_enabled" QVariant(QString, "true")
seg. ago. 3 19:32:37 2026 1785796357560 Debug: main.cpp int main(int, char **) "tile_pace_last500m_enabled" QVariant(QString, "true")
seg. ago. 3 19:32:37 2026 1785796357561 Debug: main.cpp int main(int, char **) "tile_pace_last500m_order" QVariant(QString, "49")
seg. ago. 3 19:32:37 2026 1785796357562 Debug: main.cpp int main(int, char **) "tile_pace_order" QVariant(QString, "6")
seg. ago. 3 19:32:37 2026 1785796357563 Debug: main.cpp int main(int, char **) "tile_peloton_difficulty_enabled" QVariant(QString, "false")
seg. ago. 3 19:32:37 2026 1785796357564 Debug: main.cpp int main(int, char **) "tile_peloton_difficulty_order" QVariant(QString, "32")
seg. ago. 3 19:32:37 2026 1785796357565 Debug: main.cpp int main(int, char **) "tile_peloton_offset_enabled" QVariant(QString, "false")
seg. ago. 3 19:32:37 2026 1785796357566 Debug: main.cpp int main(int, char **) "tile_peloton_offset_order" QVariant(QString, "22")
seg. ago. 3 19:32:37 2026 1785796357568 Debug: main.cpp int main(int, char **) "tile_peloton_remaining_enabled" QVariant(QString, "false")
seg. ago. 3 19:32:37 2026 1785796357569 Debug: main.cpp int main(int, char **) "tile_peloton_remaining_order" QVariant(QString, "22")
seg. ago. 3 19:32:37 2026 1785796357570 Debug: main.cpp int main(int, char **) "tile_peloton_resistance_color_enabled" QVariant(QString, "false")
seg. ago. 3 19:32:37 2026 1785796357571 Debug: main.cpp int main(int, char **) "tile_peloton_resistance_enabled" QVariant(QString, "true")
seg. ago. 3 19:32:37 2026 1785796357573 Debug: main.cpp int main(int, char **) "tile_peloton_resistance_order" QVariant(QString, "15")
seg. ago. 3 19:32:37 2026 1785796357574 Debug: main.cpp int main(int, char **) "tile_pid_hr_enabled" QVariant(QString, "false")
seg. ago. 3 19:32:37 2026 1785796357575 Debug: main.cpp int main(int, char **) "tile_pid_hr_order" QVariant(QString, "31")
seg. ago. 3 19:32:37 2026 1785796357576 Debug: main.cpp int main(int, char **) "tile_power_avg_enabled" QVariant(QString, "false")
seg. ago. 3 19:32:37 2026 1785796357578 Debug: main.cpp int main(int, char **) "tile_power_avg_order" QVariant(QString, "77")
seg. ago. 3 19:32:37 2026 1785796357579 Debug: main.cpp int main(int, char **) "tile_preset_inclination_1_color" QVariant(QString, "grey")
seg. ago. 3 19:32:37 2026 1785796357580 Debug: main.cpp int main(int, char **) "tile_preset_inclination_1_enabled" QVariant(QString, "false")
seg. ago. 3 19:32:37 2026 1785796357581 Debug: main.cpp int main(int, char **) "tile_preset_inclination_1_label" QVariant(QString, "0%")
seg. ago. 3 19:32:37 2026 1785796357582 Debug: main.cpp int main(int, char **) "tile_preset_inclination_1_order" QVariant(QString, "43")
seg. ago. 3 19:32:37 2026 1785796357584 Debug: main.cpp int main(int, char **) "tile_preset_inclination_1_value" QVariant(QString, "0")
seg. ago. 3 19:32:37 2026 1785796357585 Debug: main.cpp int main(int, char **) "tile_preset_inclination_2_color" QVariant(QString, "grey")
seg. ago. 3 19:32:37 2026 1785796357586 Debug: main.cpp int main(int, char **) "tile_preset_inclination_2_enabled" QVariant(QString, "false")
seg. ago. 3 19:32:37 2026 1785796357587 Debug: main.cpp int main(int, char **) "tile_preset_inclination_2_label" QVariant(QString, "1%")
seg. ago. 3 19:32:37 2026 1785796357588 Debug: main.cpp int main(int, char **) "tile_preset_inclination_2_order" QVariant(QString, "44")
seg. ago. 3 19:32:37 2026 1785796357589 Debug: main.cpp int main(int, char **) "tile_preset_inclination_2_value" QVariant(QString, "1")
seg. ago. 3 19:32:37 2026 1785796357590 Debug: main.cpp int main(int, char **) "tile_preset_inclination_3_color" QVariant(QString, "grey")
seg. ago. 3 19:32:37 2026 1785796357591 Debug: main.cpp int main(int, char **) "tile_preset_inclination_3_enabled" QVariant(QString, "false")
seg. ago. 3 19:32:37 2026 1785796357592 Debug: main.cpp int main(int, char **) "tile_preset_inclination_3_label" QVariant(QString, "2%")
seg. ago. 3 19:32:37 2026 1785796357593 Debug: main.cpp int main(int, char **) "tile_preset_inclination_3_order" QVariant(QString, "45")
seg. ago. 3 19:32:37 2026 1785796357594 Debug: main.cpp int main(int, char **) "tile_preset_inclination_3_value" QVariant(QString, "2")
seg. ago. 3 19:32:37 2026 1785796357596 Debug: main.cpp int main(int, char **) "tile_preset_inclination_4_color" QVariant(QString, "grey")
seg. ago. 3 19:32:37 2026 1785796357597 Debug: main.cpp int main(int, char **) "tile_preset_inclination_4_enabled" QVariant(QString, "false")
seg. ago. 3 19:32:37 2026 1785796357598 Debug: main.cpp int main(int, char **) "tile_preset_inclination_4_label" QVariant(QString, "3%")
seg. ago. 3 19:32:37 2026 1785796357599 Debug: main.cpp int main(int, char **) "tile_preset_inclination_4_order" QVariant(QString, "46")
seg. ago. 3 19:32:37 2026 1785796357601 Debug: main.cpp int main(int, char **) "tile_preset_inclination_4_value" QVariant(QString, "3")
seg. ago. 3 19:32:37 2026 1785796357602 Debug: main.cpp int main(int, char **) "tile_preset_inclination_5_color" QVariant(QString, "grey")
seg. ago. 3 19:32:37 2026 1785796357603 Debug: main.cpp int main(int, char **) "tile_preset_inclination_5_enabled" QVariant(QString, "false")
seg. ago. 3 19:32:37 2026 1785796357604 Debug: main.cpp int main(int, char **) "tile_preset_inclination_5_label" QVariant(QString, "4%")
seg. ago. 3 19:32:37 2026 1785796357605 Debug: main.cpp int main(int, char **) "tile_preset_inclination_5_order" QVariant(QString, "47")
seg. ago. 3 19:32:37 2026 1785796357606 Debug: main.cpp int main(int, char **) "tile_preset_inclination_5_value" QVariant(QString, "4")
seg. ago. 3 19:32:37 2026 1785796357608 Debug: main.cpp int main(int, char **) "tile_preset_powerzone_1_color" QVariant(QString, "white")
seg. ago. 3 19:32:37 2026 1785796357609 Debug: main.cpp int main(int, char **) "tile_preset_powerzone_1_enabled" QVariant(QString, "false")
seg. ago. 3 19:32:37 2026 1785796357610 Debug: main.cpp int main(int, char **) "tile_preset_powerzone_1_label" QVariant(QString, "Zone 1")
seg. ago. 3 19:32:37 2026 1785796357611 Debug: main.cpp int main(int, char **) "tile_preset_powerzone_1_order" QVariant(QString, "55")
seg. ago. 3 19:32:37 2026 1785796357612 Debug: main.cpp int main(int, char **) "tile_preset_powerzone_1_value" QVariant(QString, "1")
seg. ago. 3 19:32:37 2026 1785796357613 Debug: main.cpp int main(int, char **) "tile_preset_powerzone_2_color" QVariant(QString, "limegreen")
seg. ago. 3 19:32:37 2026 1785796357615 Debug: main.cpp int main(int, char **) "tile_preset_powerzone_2_enabled" QVariant(QString, "false")
seg. ago. 3 19:32:37 2026 1785796357616 Debug: main.cpp int main(int, char **) "tile_preset_powerzone_2_label" QVariant(QString, "Zone 2")
seg. ago. 3 19:32:37 2026 1785796357617 Debug: main.cpp int main(int, char **) "tile_preset_powerzone_2_order" QVariant(QString, "56")
seg. ago. 3 19:32:37 2026 1785796357618 Debug: main.cpp int main(int, char **) "tile_preset_powerzone_2_value" QVariant(QString, "2")
seg. ago. 3 19:32:37 2026 1785796357619 Debug: main.cpp int main(int, char **) "tile_preset_powerzone_3_color" QVariant(QString, "gold")
seg. ago. 3 19:32:37 2026 1785796357620 Debug: main.cpp int main(int, char **) "tile_preset_powerzone_3_enabled" QVariant(QString, "false")
seg. ago. 3 19:32:37 2026 1785796357621 Debug: main.cpp int main(int, char **) "tile_preset_powerzone_3_label" QVariant(QString, "Zone 3")
seg. ago. 3 19:32:37 2026 1785796357622 Debug: main.cpp int main(int, char **) "tile_preset_powerzone_3_order" QVariant(QString, "57")
seg. ago. 3 19:32:37 2026 1785796357624 Debug: main.cpp int main(int, char **) "tile_preset_powerzone_3_value" QVariant(QString, "3")
seg. ago. 3 19:32:37 2026 1785796357625 Debug: main.cpp int main(int, char **) "tile_preset_powerzone_4_color" QVariant(QString, "orange")
seg. ago. 3 19:32:37 2026 1785796357626 Debug: main.cpp int main(int, char **) "tile_preset_powerzone_4_enabled" QVariant(QString, "false")
seg. ago. 3 19:32:37 2026 1785796357627 Debug: main.cpp int main(int, char **) "tile_preset_powerzone_4_label" QVariant(QString, "Zone 4")
seg. ago. 3 19:32:37 2026 1785796357628 Debug: main.cpp int main(int, char **) "tile_preset_powerzone_4_order" QVariant(QString, "58")
seg. ago. 3 19:32:37 2026 1785796357630 Debug: main.cpp int main(int, char **) "tile_preset_powerzone_4_value" QVariant(QString, "4")
seg. ago. 3 19:32:37 2026 1785796357631 Debug: main.cpp int main(int, char **) "tile_preset_powerzone_5_color" QVariant(QString, "darkorange")
seg. ago. 3 19:32:37 2026 1785796357632 Debug: main.cpp int main(int, char **) "tile_preset_powerzone_5_enabled" QVariant(QString, "false")
seg. ago. 3 19:32:37 2026 1785796357633 Debug: main.cpp int main(int, char **) "tile_preset_powerzone_5_label" QVariant(QString, "Zone 5")
seg. ago. 3 19:32:37 2026 1785796357634 Debug: main.cpp int main(int, char **) "tile_preset_powerzone_5_order" QVariant(QString, "59")
seg. ago. 3 19:32:37 2026 1785796357636 Debug: main.cpp int main(int, char **) "tile_preset_powerzone_5_value" QVariant(QString, "5")
seg. ago. 3 19:32:37 2026 1785796357637 Debug: main.cpp int main(int, char **) "tile_preset_powerzone_6_color" QVariant(QString, "orangered")
seg. ago. 3 19:32:37 2026 1785796357638 Debug: main.cpp int main(int, char **) "tile_preset_powerzone_6_enabled" QVariant(QString, "false")
seg. ago. 3 19:32:37 2026 1785796357639 Debug: main.cpp int main(int, char **) "tile_preset_powerzone_6_label" QVariant(QString, "Zone 6")
seg. ago. 3 19:32:37 2026 1785796357640 Debug: main.cpp int main(int, char **) "tile_preset_powerzone_6_order" QVariant(QString, "60")
seg. ago. 3 19:32:37 2026 1785796357641 Debug: main.cpp int main(int, char **) "tile_preset_powerzone_6_value" QVariant(QString, "6")
seg. ago. 3 19:32:37 2026 1785796357642 Debug: main.cpp int main(int, char **) "tile_preset_powerzone_7_color" QVariant(QString, "red")
seg. ago. 3 19:32:37 2026 1785796357643 Debug: main.cpp int main(int, char **) "tile_preset_powerzone_7_enabled" QVariant(QString, "false")
seg. ago. 3 19:32:37 2026 1785796357644 Debug: main.cpp int main(int, char **) "tile_preset_powerzone_7_label" QVariant(QString, "Zone 7")
seg. ago. 3 19:32:37 2026 1785796357645 Debug: main.cpp int main(int, char **) "tile_preset_powerzone_7_order" QVariant(QString, "61")
seg. ago. 3 19:32:37 2026 1785796357647 Debug: main.cpp int main(int, char **) "tile_preset_powerzone_7_value" QVariant(QString, "7")
seg. ago. 3 19:32:37 2026 1785796357648 Debug: main.cpp int main(int, char **) "tile_preset_resistance_1_color" QVariant(QString, "grey")
seg. ago. 3 19:32:37 2026 1785796357649 Debug: main.cpp int main(int, char **) "tile_preset_resistance_1_enabled" QVariant(QString, "false")
seg. ago. 3 19:32:37 2026 1785796357650 Debug: main.cpp int main(int, char **) "tile_preset_resistance_1_label" QVariant(QString, "Res. 1")
seg. ago. 3 19:32:37 2026 1785796357651 Debug: main.cpp int main(int, char **) "tile_preset_resistance_1_order" QVariant(QString, "33")
seg. ago. 3 19:32:37 2026 1785796357652 Debug: main.cpp int main(int, char **) "tile_preset_resistance_1_value" QVariant(QString, "1")
seg. ago. 3 19:32:37 2026 1785796357653 Debug: main.cpp int main(int, char **) "tile_preset_resistance_2_color" QVariant(QString, "grey")
seg. ago. 3 19:32:37 2026 1785796357655 Debug: main.cpp int main(int, char **) "tile_preset_resistance_2_enabled" QVariant(QString, "false")
seg. ago. 3 19:32:37 2026 1785796357656 Debug: main.cpp int main(int, char **) "tile_preset_resistance_2_label" QVariant(QString, "Res. 10")
seg. ago. 3 19:32:37 2026 1785796357657 Debug: main.cpp int main(int, char **) "tile_preset_resistance_2_order" QVariant(QString, "34")
seg. ago. 3 19:32:37 2026 1785796357658 Debug: main.cpp int main(int, char **) "tile_preset_resistance_2_value" QVariant(QString, "10")
seg. ago. 3 19:32:37 2026 1785796357659 Debug: main.cpp int main(int, char **) "tile_preset_resistance_3_color" QVariant(QString, "grey")
seg. ago. 3 19:32:37 2026 1785796357661 Debug: main.cpp int main(int, char **) "tile_preset_resistance_3_enabled" QVariant(QString, "false")
seg. ago. 3 19:32:37 2026 1785796357662 Debug: main.cpp int main(int, char **) "tile_preset_resistance_3_label" QVariant(QString, "Res. 20")
seg. ago. 3 19:32:37 2026 1785796357663 Debug: main.cpp int main(int, char **) "tile_preset_resistance_3_order" QVariant(QString, "35")
seg. ago. 3 19:32:37 2026 1785796357664 Debug: main.cpp int main(int, char **) "tile_preset_resistance_3_value" QVariant(QString, "20")
seg. ago. 3 19:32:37 2026 1785796357665 Debug: main.cpp int main(int, char **) "tile_preset_resistance_4_color" QVariant(QString, "grey")
seg. ago. 3 19:32:37 2026 1785796357666 Debug: main.cpp int main(int, char **) "tile_preset_resistance_4_enabled" QVariant(QString, "false")
seg. ago. 3 19:32:37 2026 1785796357667 Debug: main.cpp int main(int, char **) "tile_preset_resistance_4_label" QVariant(QString, "Res. 25")
seg. ago. 3 19:32:37 2026 1785796357668 Debug: main.cpp int main(int, char **) "tile_preset_resistance_4_order" QVariant(QString, "36")
seg. ago. 3 19:32:37 2026 1785796357669 Debug: main.cpp int main(int, char **) "tile_preset_resistance_4_value" QVariant(QString, "25")
seg. ago. 3 19:32:37 2026 1785796357671 Debug: main.cpp int main(int, char **) "tile_preset_resistance_5_color" QVariant(QString, "grey")
seg. ago. 3 19:32:37 2026 1785796357672 Debug: main.cpp int main(int, char **) "tile_preset_resistance_5_enabled" QVariant(QString, "false")
seg. ago. 3 19:32:37 2026 1785796357673 Debug: main.cpp int main(int, char **) "tile_preset_resistance_5_label" QVariant(QString, "Res. 30")
seg. ago. 3 19:32:37 2026 1785796357674 Debug: main.cpp int main(int, char **) "tile_preset_resistance_5_order" QVariant(QString, "37")
seg. ago. 3 19:32:37 2026 1785796357676 Debug: main.cpp int main(int, char **) "tile_preset_resistance_5_value" QVariant(QString, "30")
seg. ago. 3 19:32:37 2026 1785796357677 Debug: main.cpp int main(int, char **) "tile_preset_speed_1_color" QVariant(QString, "grey")
seg. ago. 3 19:32:37 2026 1785796357678 Debug: main.cpp int main(int, char **) "tile_preset_speed_1_enabled" QVariant(QString, "false")
seg. ago. 3 19:32:37 2026 1785796357679 Debug: main.cpp int main(int, char **) "tile_preset_speed_1_label" QVariant(QString, "5 km/h")
seg. ago. 3 19:32:37 2026 1785796357680 Debug: main.cpp int main(int, char **) "tile_preset_speed_1_order" QVariant(QString, "38")
seg. ago. 3 19:32:37 2026 1785796357681 Debug: main.cpp int main(int, char **) "tile_preset_speed_1_value" QVariant(QString, "5")
seg. ago. 3 19:32:37 2026 1785796357682 Debug: main.cpp int main(int, char **) "tile_preset_speed_2_color" QVariant(QString, "grey")
seg. ago. 3 19:32:37 2026 1785796357683 Debug: main.cpp int main(int, char **) "tile_preset_speed_2_enabled" QVariant(QString, "false")
seg. ago. 3 19:32:37 2026 1785796357684 Debug: main.cpp int main(int, char **) "tile_preset_speed_2_label" QVariant(QString, "7 km/h")
seg. ago. 3 19:32:37 2026 1785796357685 Debug: main.cpp int main(int, char **) "tile_preset_speed_2_order" QVariant(QString, "39")
seg. ago. 3 19:32:37 2026 1785796357686 Debug: main.cpp int main(int, char **) "tile_preset_speed_2_value" QVariant(QString, "7")
seg. ago. 3 19:32:37 2026 1785796357687 Debug: main.cpp int main(int, char **) "tile_preset_speed_3_color" QVariant(QString, "grey")
seg. ago. 3 19:32:37 2026 1785796357688 Debug: main.cpp int main(int, char **) "tile_preset_speed_3_enabled" QVariant(QString, "false")
seg. ago. 3 19:32:37 2026 1785796357689 Debug: main.cpp int main(int, char **) "tile_preset_speed_3_label" QVariant(QString, "10 km/h")
seg. ago. 3 19:32:37 2026 1785796357690 Debug: main.cpp int main(int, char **) "tile_preset_speed_3_order" QVariant(QString, "40")
seg. ago. 3 19:32:37 2026 1785796357692 Debug: main.cpp int main(int, char **) "tile_preset_speed_3_value" QVariant(QString, "10")
seg. ago. 3 19:32:37 2026 1785796357693 Debug: main.cpp int main(int, char **) "tile_preset_speed_4_color" QVariant(QString, "grey")
seg. ago. 3 19:32:37 2026 1785796357694 Debug: main.cpp int main(int, char **) "tile_preset_speed_4_enabled" QVariant(QString, "false")
seg. ago. 3 19:32:37 2026 1785796357695 Debug: main.cpp int main(int, char **) "tile_preset_speed_4_label" QVariant(QString, "11 km/h")
seg. ago. 3 19:32:37 2026 1785796357696 Debug: main.cpp int main(int, char **) "tile_preset_speed_4_order" QVariant(QString, "41")
seg. ago. 3 19:32:37 2026 1785796357697 Debug: main.cpp int main(int, char **) "tile_preset_speed_4_value" QVariant(QString, "11")
seg. ago. 3 19:32:37 2026 1785796357698 Debug: main.cpp int main(int, char **) "tile_preset_speed_5_color" QVariant(QString, "grey")
seg. ago. 3 19:32:37 2026 1785796357700 Debug: main.cpp int main(int, char **) "tile_preset_speed_5_enabled" QVariant(QString, "false")
seg. ago. 3 19:32:37 2026 1785796357701 Debug: main.cpp int main(int, char **) "tile_preset_speed_5_label" QVariant(QString, "12 km/h")
seg. ago. 3 19:32:37 2026 1785796357702 Debug: main.cpp int main(int, char **) "tile_preset_speed_5_order" QVariant(QString, "42")
seg. ago. 3 19:32:37 2026 1785796357704 Debug: main.cpp int main(int, char **) "tile_preset_speed_5_value" QVariant(QString, "12")
seg. ago. 3 19:32:37 2026 1785796357705 Debug: main.cpp int main(int, char **) "tile_remainingtimetrainprogramrow_enabled" QVariant(QString, "false")
seg. ago. 3 19:32:37 2026 1785796357706 Debug: main.cpp int main(int, char **) "tile_remainingtimetrainprogramrow_order" QVariant(QString, "27")
seg. ago. 3 19:32:37 2026 1785796357707 Debug: main.cpp int main(int, char **) "tile_resistance_enabled" QVariant(QString, "true")
seg. ago. 3 19:32:37 2026 1785796357708 Debug: main.cpp int main(int, char **) "tile_resistance_order" QVariant(QString, "7")
seg. ago. 3 19:32:37 2026 1785796357709 Debug: main.cpp int main(int, char **) "tile_rss_enabled" QVariant(QString, "false")
seg. ago. 3 19:32:37 2026 1785796357711 Debug: main.cpp int main(int, char **) "tile_rss_order" QVariant(QString, "53")
seg. ago. 3 19:32:37 2026 1785796357712 Debug: main.cpp int main(int, char **) "tile_speed_enabled" QVariant(QString, "true")
seg. ago. 3 19:32:37 2026 1785796357713 Debug: main.cpp int main(int, char **) "tile_speed_order" QVariant(QString, "0")
seg. ago. 3 19:32:37 2026 1785796357714 Debug: main.cpp int main(int, char **) "tile_steering_angle_enabled" QVariant(QString, "false")
seg. ago. 3 19:32:37 2026 1785796357715 Debug: main.cpp int main(int, char **) "tile_steering_angle_order" QVariant(QString, "30")
seg. ago. 3 19:32:37 2026 1785796357716 Debug: main.cpp int main(int, char **) "tile_step_count_enabled" QVariant(QString, "false")
seg. ago. 3 19:32:37 2026 1785796357717 Debug: main.cpp int main(int, char **) "tile_step_count_order" QVariant(QString, "51")
seg. ago. 3 19:32:37 2026 1785796357718 Debug: main.cpp int main(int, char **) "tile_strokes_count_enabled" QVariant(QString, "false")
seg. ago. 3 19:32:37 2026 1785796357719 Debug: main.cpp int main(int, char **) "tile_strokes_count_order" QVariant(QString, "22")
seg. ago. 3 19:32:37 2026 1785796357721 Debug: main.cpp int main(int, char **) "tile_strokes_length_enabled" QVariant(QString, "false")
seg. ago. 3 19:32:37 2026 1785796357722 Debug: main.cpp int main(int, char **) "tile_strokes_length_order" QVariant(QString, "23")
seg. ago. 3 19:32:37 2026 1785796357723 Debug: main.cpp int main(int, char **) "tile_target_cadence_enabled" QVariant(QString, "true")
seg. ago. 3 19:32:37 2026 1785796357724 Debug: main.cpp int main(int, char **) "tile_target_cadence_order" QVariant(QString, "19")
seg. ago. 3 19:32:37 2026 1785796357725 Debug: main.cpp int main(int, char **) "tile_target_incline_enabled" QVariant(QString, "false")
seg. ago. 3 19:32:37 2026 1785796357726 Debug: main.cpp int main(int, char **) "tile_target_incline_order" QVariant(QString, "28")
seg. ago. 3 19:32:37 2026 1785796357727 Debug: main.cpp int main(int, char **) "tile_target_pace_enabled" QVariant(QString, "true")
seg. ago. 3 19:32:37 2026 1785796357729 Debug: main.cpp int main(int, char **) "tile_target_pace_order" QVariant(QString, "50")
seg. ago. 3 19:32:37 2026 1785796357730 Debug: main.cpp int main(int, char **) "tile_target_peloton_resistance_enabled" QVariant(QString, "false")
seg. ago. 3 19:32:37 2026 1785796357731 Debug: main.cpp int main(int, char **) "tile_target_peloton_resistance_order" QVariant(QString, "21")
seg. ago. 3 19:32:37 2026 1785796357732 Debug: main.cpp int main(int, char **) "tile_target_power_enabled" QVariant(QString, "true")
seg. ago. 3 19:32:37 2026 1785796357733 Debug: main.cpp int main(int, char **) "tile_target_power_order" QVariant(QString, "20")
seg. ago. 3 19:32:37 2026 1785796357735 Debug: main.cpp int main(int, char **) "tile_target_resistance_enabled" QVariant(QString, "true")
seg. ago. 3 19:32:37 2026 1785796357736 Debug: main.cpp int main(int, char **) "tile_target_resistance_order" QVariant(QString, "15")
seg. ago. 3 19:32:37 2026 1785796357737 Debug: main.cpp int main(int, char **) "tile_target_speed_enabled" QVariant(QString, "false")
seg. ago. 3 19:32:37 2026 1785796357738 Debug: main.cpp int main(int, char **) "tile_target_speed_order" QVariant(QString, "27")
seg. ago. 3 19:32:37 2026 1785796357739 Debug: main.cpp int main(int, char **) "tile_target_zone_enabled" QVariant(QString, "true")
seg. ago. 3 19:32:37 2026 1785796357741 Debug: main.cpp int main(int, char **) "tile_target_zone_order" QVariant(QString, "24")
seg. ago. 3 19:32:37 2026 1785796357742 Debug: main.cpp int main(int, char **) "tile_targetmets_enabled" QVariant(QString, "false")
seg. ago. 3 19:32:37 2026 1785796357743 Debug: main.cpp int main(int, char **) "tile_targetmets_order" QVariant(QString, "29")
seg. ago. 3 19:32:37 2026 1785796357744 Debug: main.cpp int main(int, char **) "tile_vertical_oscillation_enabled" QVariant(QString, "false")
seg. ago. 3 19:32:37 2026 1785796357745 Debug: main.cpp int main(int, char **) "tile_vertical_oscillation_order" QVariant(QString, "34")
seg. ago. 3 19:32:37 2026 1785796357746 Debug: main.cpp int main(int, char **) "tile_watt_color_enabled" QVariant(QString, "true")
seg. ago. 3 19:32:37 2026 1785796357747 Debug: main.cpp int main(int, char **) "tile_watt_enabled" QVariant(QString, "true")
seg. ago. 3 19:32:37 2026 1785796357748 Debug: main.cpp int main(int, char **) "tile_watt_kg_enabled" QVariant(QString, "false")
seg. ago. 3 19:32:37 2026 1785796357750 Debug: main.cpp int main(int, char **) "tile_watt_kg_order" QVariant(QString, "25")
seg. ago. 3 19:32:37 2026 1785796357751 Debug: main.cpp int main(int, char **) "tile_watt_order" QVariant(QString, "8")
seg. ago. 3 19:32:37 2026 1785796357752 Debug: main.cpp int main(int, char **) "tile_weight_loss_enabled" QVariant(QString, "false")
seg. ago. 3 19:32:37 2026 1785796357753 Debug: main.cpp int main(int, char **) "tile_weight_loss_order" QVariant(QString, "24")
seg. ago. 3 19:32:37 2026 1785796357754 Debug: main.cpp int main(int, char **) "toorx_3_0" QVariant(QString, "false")
seg. ago. 3 19:32:37 2026 1785796357756 Debug: main.cpp int main(int, char **) "toorx_65s_evo" QVariant(QString, "false")
seg. ago. 3 19:32:37 2026 1785796357757 Debug: main.cpp int main(int, char **) "toorx_bike" QVariant(QString, "false")
seg. ago. 3 19:32:37 2026 1785796357758 Debug: main.cpp int main(int, char **) "toorx_bike_srx_500" QVariant(QString, "false")
seg. ago. 3 19:32:37 2026 1785796357760 Debug: main.cpp int main(int, char **) "toorx_ftms" QVariant(QString, "false")
seg. ago. 3 19:32:37 2026 1785796357761 Debug: main.cpp int main(int, char **) "toorx_ftms_treadmill" QVariant(QString, "false")
seg. ago. 3 19:32:37 2026 1785796357763 Debug: main.cpp int main(int, char **) "toorx_srx_3500" QVariant(QString, "false")
seg. ago. 3 19:32:37 2026 1785796357764 Debug: main.cpp int main(int, char **) "toorxtreadmill_discovery_completed" QVariant(QString, "false")
seg. ago. 3 19:32:37 2026 1785796357765 Debug: main.cpp int main(int, char **) "top_bar_enabled" QVariant(QString, "true")
seg. ago. 3 19:32:37 2026 1785796357766 Debug: main.cpp int main(int, char **) "toputure_teb1" QVariant(QString, "false")
seg. ago. 3 19:32:37 2026 1785796357767 Debug: main.cpp int main(int, char **) "trainprogram_auto_lap_on_segment" QVariant(QString, "false")
seg. ago. 3 19:32:37 2026 1785796357768 Debug: main.cpp int main(int, char **) "trainprogram_clipboard_workout_enabled" QVariant(QString, "false")
seg. ago. 3 19:32:37 2026 1785796357769 Debug: main.cpp int main(int, char **) "trainprogram_cooldown_speed" QVariant(QString, "420")
seg. ago. 3 19:32:37 2026 1785796357770 Debug: main.cpp int main(int, char **) "trainprogram_incline_max" QVariant(QString, "15")
seg. ago. 3 19:32:37 2026 1785796357772 Debug: main.cpp int main(int, char **) "trainprogram_incline_min" QVariant(QString, "0")
seg. ago. 3 19:32:37 2026 1785796357773 Debug: main.cpp int main(int, char **) "trainprogram_period_seconds" QVariant(QString, "60")
seg. ago. 3 19:32:37 2026 1785796357774 Debug: main.cpp int main(int, char **) "trainprogram_pid_hr_pushy_zone_limit" QVariant(QString, "0.8")
seg. ago. 3 19:32:37 2026 1785796357775 Debug: main.cpp int main(int, char **) "trainprogram_pid_hr_recovery_zone_limit" QVariant(QString, "60")
seg. ago. 3 19:32:37 2026 1785796357776 Debug: main.cpp int main(int, char **) "trainprogram_pid_ignore_inclination" QVariant(QString, "false")
seg. ago. 3 19:32:37 2026 1785796357777 Debug: main.cpp int main(int, char **) "trainprogram_pid_pushy" QVariant(QString, "true")
seg. ago. 3 19:32:37 2026 1785796357778 Debug: main.cpp int main(int, char **) "trainprogram_random" QVariant(QString, "false")
seg. ago. 3 19:32:37 2026 1785796357780 Debug: main.cpp int main(int, char **) "trainprogram_resistance_max" QVariant(QString, "32")
seg. ago. 3 19:32:37 2026 1785796357781 Debug: main.cpp int main(int, char **) "trainprogram_resistance_min" QVariant(QString, "1")
seg. ago. 3 19:32:37 2026 1785796357782 Debug: main.cpp int main(int, char **) "trainprogram_rest_speed" QVariant(QString, "420")
seg. ago. 3 19:32:37 2026 1785796357783 Debug: main.cpp int main(int, char **) "trainprogram_sound_on_segment" QVariant(QString, "false")
seg. ago. 3 19:32:37 2026 1785796357784 Debug: main.cpp int main(int, char **) "trainprogram_speed_max" QVariant(QString, "16")
seg. ago. 3 19:32:37 2026 1785796357785 Debug: main.cpp int main(int, char **) "trainprogram_speed_min" QVariant(QString, "8")
seg. ago. 3 19:32:37 2026 1785796357786 Debug: main.cpp int main(int, char **) "trainprogram_stop_at_end" QVariant(QString, "false")
seg. ago. 3 19:32:37 2026 1785796357787 Debug: main.cpp int main(int, char **) "trainprogram_total" QVariant(QString, "60")
seg. ago. 3 19:32:37 2026 1785796357788 Debug: main.cpp int main(int, char **) "trainprogram_warmup_speed" QVariant(QString, "420")
seg. ago. 3 19:32:37 2026 1785796357789 Debug: main.cpp int main(int, char **) "treadmillDataPoints" QVariant(QString, "")
seg. ago. 3 19:32:37 2026 1785796357790 Debug: main.cpp int main(int, char **) "treadmill_difficulty_gain_or_offset" QVariant(QString, "false")
seg. ago. 3 19:32:37 2026 1785796357791 Debug: main.cpp int main(int, char **) "treadmill_direct_distance" QVariant(QString, "false")
seg. ago. 3 19:32:37 2026 1785796357792 Debug: main.cpp int main(int, char **) "treadmill_follow_wattage" QVariant(QString, "false")
seg. ago. 3 19:32:37 2026 1785796357793 Debug: main.cpp int main(int, char **) "treadmill_force_running_activity" QVariant(QString, "false")
seg. ago. 3 19:32:37 2026 1785796357794 Debug: main.cpp int main(int, char **) "treadmill_force_speed" QVariant(QString, "false")
seg. ago. 3 19:32:37 2026 1785796357795 Debug: main.cpp int main(int, char **) "treadmill_inclination_override_0" QVariant(QString, "0")
seg. ago. 3 19:32:37 2026 1785796357796 Debug: main.cpp int main(int, char **) "treadmill_inclination_override_05" QVariant(QString, "0.5")
seg. ago. 3 19:32:37 2026 1785796357797 Debug: main.cpp int main(int, char **) "treadmill_inclination_override_10" QVariant(QString, "1")
seg. ago. 3 19:32:37 2026 1785796357798 Debug: main.cpp int main(int, char **) "treadmill_inclination_override_100" QVariant(QString, "10")
seg. ago. 3 19:32:37 2026 1785796357800 Debug: main.cpp int main(int, char **) "treadmill_inclination_override_105" QVariant(QString, "10.5")
seg. ago. 3 19:32:37 2026 1785796357801 Debug: main.cpp int main(int, char **) "treadmill_inclination_override_110" QVariant(QString, "11")
seg. ago. 3 19:32:37 2026 1785796357802 Debug: main.cpp int main(int, char **) "treadmill_inclination_override_115" QVariant(QString, "11.5")
seg. ago. 3 19:32:37 2026 1785796357803 Debug: main.cpp int main(int, char **) "treadmill_inclination_override_120" QVariant(QString, "12")
seg. ago. 3 19:32:37 2026 1785796357804 Debug: main.cpp int main(int, char **) "treadmill_inclination_override_125" QVariant(QString, "12.5")
seg. ago. 3 19:32:37 2026 1785796357805 Debug: main.cpp int main(int, char **) "treadmill_inclination_override_130" QVariant(QString, "13")
seg. ago. 3 19:32:37 2026 1785796357806 Debug: main.cpp int main(int, char **) "treadmill_inclination_override_135" QVariant(QString, "13.5")
seg. ago. 3 19:32:37 2026 1785796357807 Debug: main.cpp int main(int, char **) "treadmill_inclination_override_140" QVariant(QString, "14")
seg. ago. 3 19:32:37 2026 1785796357808 Debug: main.cpp int main(int, char **) "treadmill_inclination_override_145" QVariant(QString, "14.5")
seg. ago. 3 19:32:37 2026 1785796357810 Debug: main.cpp int main(int, char **) "treadmill_inclination_override_15" QVariant(QString, "1.5")
seg. ago. 3 19:32:37 2026 1785796357811 Debug: main.cpp int main(int, char **) "treadmill_inclination_override_150" QVariant(QString, "15")
seg. ago. 3 19:32:37 2026 1785796357812 Debug: main.cpp int main(int, char **) "treadmill_inclination_override_20" QVariant(QString, "2")
seg. ago. 3 19:32:37 2026 1785796357813 Debug: main.cpp int main(int, char **) "treadmill_inclination_override_25" QVariant(QString, "2.5")
seg. ago. 3 19:32:37 2026 1785796357814 Debug: main.cpp int main(int, char **) "treadmill_inclination_override_30" QVariant(QString, "3")
seg. ago. 3 19:32:37 2026 1785796357815 Debug: main.cpp int main(int, char **) "treadmill_inclination_override_35" QVariant(QString, "3.5")
seg. ago. 3 19:32:37 2026 1785796357816 Debug: main.cpp int main(int, char **) "treadmill_inclination_override_40" QVariant(QString, "4")
seg. ago. 3 19:32:37 2026 1785796357817 Debug: main.cpp int main(int, char **) "treadmill_inclination_override_45" QVariant(QString, "4.5")
seg. ago. 3 19:32:37 2026 1785796357818 Debug: main.cpp int main(int, char **) "treadmill_inclination_override_50" QVariant(QString, "5")
seg. ago. 3 19:32:37 2026 1785796357820 Debug: main.cpp int main(int, char **) "treadmill_inclination_override_55" QVariant(QString, "5.5")
seg. ago. 3 19:32:37 2026 1785796357821 Debug: main.cpp int main(int, char **) "treadmill_inclination_override_60" QVariant(QString, "6")
seg. ago. 3 19:32:37 2026 1785796357822 Debug: main.cpp int main(int, char **) "treadmill_inclination_override_65" QVariant(QString, "6.5")
seg. ago. 3 19:32:37 2026 1785796357823 Debug: main.cpp int main(int, char **) "treadmill_inclination_override_70" QVariant(QString, "7")
seg. ago. 3 19:32:37 2026 1785796357824 Debug: main.cpp int main(int, char **) "treadmill_inclination_override_75" QVariant(QString, "7.5")
seg. ago. 3 19:32:37 2026 1785796357825 Debug: main.cpp int main(int, char **) "treadmill_inclination_override_80" QVariant(QString, "8")
seg. ago. 3 19:32:37 2026 1785796357826 Debug: main.cpp int main(int, char **) "treadmill_inclination_override_85" QVariant(QString, "8.5")
seg. ago. 3 19:32:37 2026 1785796357827 Debug: main.cpp int main(int, char **) "treadmill_inclination_override_90" QVariant(QString, "9")
seg. ago. 3 19:32:37 2026 1785796357828 Debug: main.cpp int main(int, char **) "treadmill_inclination_override_95" QVariant(QString, "9.5")
seg. ago. 3 19:32:37 2026 1785796357829 Debug: main.cpp int main(int, char **) "treadmill_inclination_ovveride_gain" QVariant(QString, "1")
seg. ago. 3 19:32:37 2026 1785796357831 Debug: main.cpp int main(int, char **) "treadmill_inclination_ovveride_offset" QVariant(QString, "0")
seg. ago. 3 19:32:37 2026 1785796357836 Debug: main.cpp int main(int, char **) "treadmill_incline_max" QVariant(QString, "100")
seg. ago. 3 19:32:37 2026 1785796357837 Debug: main.cpp int main(int, char **) "treadmill_incline_min" QVariant(QString, "-100")
seg. ago. 3 19:32:37 2026 1785796357838 Debug: main.cpp int main(int, char **) "treadmill_pid_heart_max" QVariant(QString, "0")
seg. ago. 3 19:32:37 2026 1785796357839 Debug: main.cpp int main(int, char **) "treadmill_pid_heart_min" QVariant(QString, "0")
seg. ago. 3 19:32:37 2026 1785796357841 Debug: main.cpp int main(int, char **) "treadmill_pid_heart_zone" QVariant(QString, "Disabled")
seg. ago. 3 19:32:37 2026 1785796357842 Debug: main.cpp int main(int, char **) "treadmill_simulate_inclination_with_speed" QVariant(QString, "false")
seg. ago. 3 19:32:37 2026 1785796357843 Debug: main.cpp int main(int, char **) "treadmill_speed_max" QVariant(QString, "100")
seg. ago. 3 19:32:37 2026 1785796357844 Debug: main.cpp int main(int, char **) "treadmill_speed_min" QVariant(QString, "0")
seg. ago. 3 19:32:37 2026 1785796357845 Debug: main.cpp int main(int, char **) "treadmill_step_incline" QVariant(QString, "0.5")
seg. ago. 3 19:32:37 2026 1785796357846 Debug: main.cpp int main(int, char **) "treadmill_step_speed" QVariant(QString, "0.5")
seg. ago. 3 19:32:37 2026 1785796357847 Debug: main.cpp int main(int, char **) "trx_route_key" QVariant(QString, "false")
seg. ago. 3 19:32:37 2026 1785796357848 Debug: main.cpp int main(int, char **) "tts_act_cadence" QVariant(QString, "false")
seg. ago. 3 19:32:37 2026 1785796357849 Debug: main.cpp int main(int, char **) "tts_act_calories" QVariant(QString, "true")
seg. ago. 3 19:32:37 2026 1785796357850 Debug: main.cpp int main(int, char **) "tts_act_elapsed" QVariant(QString, "true")
seg. ago. 3 19:32:37 2026 1785796357851 Debug: main.cpp int main(int, char **) "tts_act_elevation" QVariant(QString, "true")
seg. ago. 3 19:32:37 2026 1785796357852 Debug: main.cpp int main(int, char **) "tts_act_ftp" QVariant(QString, "false")
seg. ago. 3 19:32:37 2026 1785796357853 Debug: main.cpp int main(int, char **) "tts_act_heart" QVariant(QString, "true")
seg. ago. 3 19:32:37 2026 1785796357854 Debug: main.cpp int main(int, char **) "tts_act_inclination" QVariant(QString, "false")
seg. ago. 3 19:32:37 2026 1785796357856 Debug: main.cpp int main(int, char **) "tts_act_jouls" QVariant(QString, "true")
seg. ago. 3 19:32:37 2026 1785796357857 Debug: main.cpp int main(int, char **) "tts_act_odometer" QVariant(QString, "true")
seg. ago. 3 19:32:37 2026 1785796357858 Debug: main.cpp int main(int, char **) "tts_act_pace" QVariant(QString, "false")
seg. ago. 3 19:32:37 2026 1785796357859 Debug: main.cpp int main(int, char **) "tts_act_peloton_resistance" QVariant(QString, "false")
seg. ago. 3 19:32:37 2026 1785796357860 Debug: main.cpp int main(int, char **) "tts_act_resistance" QVariant(QString, "true")
seg. ago. 3 19:32:37 2026 1785796357861 Debug: main.cpp int main(int, char **) "tts_act_speed" QVariant(QString, "false")
seg. ago. 3 19:32:37 2026 1785796357862 Debug: main.cpp int main(int, char **) "tts_act_target_cadence" QVariant(QString, "true")
seg. ago. 3 19:32:37 2026 1785796357863 Debug: main.cpp int main(int, char **) "tts_act_target_incline" QVariant(QString, "true")
seg. ago. 3 19:32:37 2026 1785796357864 Debug: main.cpp int main(int, char **) "tts_act_target_pace" QVariant(QString, "false")
seg. ago. 3 19:32:37 2026 1785796357865 Debug: main.cpp int main(int, char **) "tts_act_target_peloton_resistance" QVariant(QString, "true")
seg. ago. 3 19:32:37 2026 1785796357866 Debug: main.cpp int main(int, char **) "tts_act_target_power" QVariant(QString, "true")
seg. ago. 3 19:32:37 2026 1785796357867 Debug: main.cpp int main(int, char **) "tts_act_target_speed" QVariant(QString, "true")
seg. ago. 3 19:32:37 2026 1785796357868 Debug: main.cpp int main(int, char **) "tts_act_target_zone" QVariant(QString, "true")
seg. ago. 3 19:32:37 2026 1785796357870 Debug: main.cpp int main(int, char **) "tts_act_watt" QVariant(QString, "false")
seg. ago. 3 19:32:37 2026 1785796357871 Debug: main.cpp int main(int, char **) "tts_act_watt_kg" QVariant(QString, "false")
seg. ago. 3 19:32:37 2026 1785796357872 Debug: main.cpp int main(int, char **) "tts_avg_cadence" QVariant(QString, "true")
seg. ago. 3 19:32:37 2026 1785796357873 Debug: main.cpp int main(int, char **) "tts_avg_ftp" QVariant(QString, "true")
seg. ago. 3 19:32:37 2026 1785796357874 Debug: main.cpp int main(int, char **) "tts_avg_heart" QVariant(QString, "true")
seg. ago. 3 19:32:37 2026 1785796357875 Debug: main.cpp int main(int, char **) "tts_avg_pace" QVariant(QString, "true")
seg. ago. 3 19:32:37 2026 1785796357876 Debug: main.cpp int main(int, char **) "tts_avg_peloton_resistance" QVariant(QString, "false")
seg. ago. 3 19:32:37 2026 1785796357877 Debug: main.cpp int main(int, char **) "tts_avg_resistance" QVariant(QString, "true")
seg. ago. 3 19:32:37 2026 1785796357878 Debug: main.cpp int main(int, char **) "tts_avg_speed" QVariant(QString, "true")
seg. ago. 3 19:32:37 2026 1785796357879 Debug: main.cpp int main(int, char **) "tts_avg_watt" QVariant(QString, "true")
seg. ago. 3 19:32:37 2026 1785796357880 Debug: main.cpp int main(int, char **) "tts_avg_watt_kg" QVariant(QString, "false")
seg. ago. 3 19:32:37 2026 1785796357881 Debug: main.cpp int main(int, char **) "tts_description_enabled" QVariant(QString, "true")
seg. ago. 3 19:32:37 2026 1785796357882 Debug: main.cpp int main(int, char **) "tts_enabled" QVariant(QString, "false")
seg. ago. 3 19:32:37 2026 1785796357883 Debug: main.cpp int main(int, char **) "tts_max_cadence" QVariant(QString, "false")
seg. ago. 3 19:32:37 2026 1785796357885 Debug: main.cpp int main(int, char **) "tts_max_ftp" QVariant(QString, "false")
seg. ago. 3 19:32:37 2026 1785796357886 Debug: main.cpp int main(int, char **) "tts_max_heart" QVariant(QString, "false")
seg. ago. 3 19:32:37 2026 1785796357887 Debug: main.cpp int main(int, char **) "tts_max_pace" QVariant(QString, "false")
seg. ago. 3 19:32:37 2026 1785796357888 Debug: main.cpp int main(int, char **) "tts_max_peloton_resistance" QVariant(QString, "false")
seg. ago. 3 19:32:37 2026 1785796357889 Debug: main.cpp int main(int, char **) "tts_max_resistance" QVariant(QString, "false")
seg. ago. 3 19:32:37 2026 1785796357890 Debug: main.cpp int main(int, char **) "tts_max_speed" QVariant(QString, "false")
seg. ago. 3 19:32:37 2026 1785796357891 Debug: main.cpp int main(int, char **) "tts_max_watt" QVariant(QString, "true")
seg. ago. 3 19:32:37 2026 1785796357892 Debug: main.cpp int main(int, char **) "tts_max_watt_kg" QVariant(QString, "false")
seg. ago. 3 19:32:37 2026 1785796357893 Debug: main.cpp int main(int, char **) "tts_summary_sec" QVariant(QString, "120")
seg. ago. 3 19:32:37 2026 1785796357895 Debug: main.cpp int main(int, char **) "ui_zoom" QVariant(QString, "100")
seg. ago. 3 19:32:37 2026 1785796357896 Debug: main.cpp int main(int, char **) "umay_s100_treadmill" QVariant(QString, "false")
seg. ago. 3 19:32:37 2026 1785796357897 Debug: main.cpp int main(int, char **) "user_nickname" QVariant(QString, "")
seg. ago. 3 19:32:37 2026 1785796357898 Debug: main.cpp int main(int, char **) "video_playback_window_s" QVariant(QString, "12")
seg. ago. 3 19:32:37 2026 1785796357899 Debug: main.cpp int main(int, char **) "virtual_device_bluetooth" QVariant(QString, "true")
seg. ago. 3 19:32:37 2026 1785796357900 Debug: main.cpp int main(int, char **) "virtual_device_echelon" QVariant(QString, "false")
seg. ago. 3 19:32:37 2026 1785796357901 Debug: main.cpp int main(int, char **) "virtual_device_enabled" QVariant(QString, "true")
seg. ago. 3 19:32:37 2026 1785796357902 Debug: main.cpp int main(int, char **) "virtual_device_force_bike" QVariant(QString, "false")
seg. ago. 3 19:32:37 2026 1785796357904 Debug: main.cpp int main(int, char **) "virtual_device_force_treadmill" QVariant(QString, "false")
seg. ago. 3 19:32:37 2026 1785796357905 Debug: main.cpp int main(int, char **) "virtual_device_ifit" QVariant(QString, "false")
seg. ago. 3 19:32:37 2026 1785796357906 Debug: main.cpp int main(int, char **) "virtual_device_onlyheart" QVariant(QString, "false")
seg. ago. 3 19:32:37 2026 1785796357907 Debug: main.cpp int main(int, char **) "virtual_device_rower" QVariant(QString, "false")
seg. ago. 3 19:32:37 2026 1785796357908 Debug: main.cpp int main(int, char **) "virtual_device_rower_pm5" QVariant(QString, "false")
seg. ago. 3 19:32:37 2026 1785796357909 Debug: main.cpp int main(int, char **) "virtualbike_forceresistance" QVariant(QString, "true")
seg. ago. 3 19:32:37 2026 1785796357910 Debug: main.cpp int main(int, char **) "virtufit_etappe" QVariant(QString, "false")
seg. ago. 3 19:32:37 2026 1785796357911 Debug: main.cpp int main(int, char **) "volume_change_gears" QVariant(QString, "false")
seg. ago. 3 19:32:37 2026 1785796357912 Debug: main.cpp int main(int, char **) "wahoo_rgt_dircon" QVariant(QString, "true")
seg. ago. 3 19:32:37 2026 1785796357913 Debug: main.cpp int main(int, char **) "wahoo_without_wheel_diameter" QVariant(QString, "false")
seg. ago. 3 19:32:37 2026 1785796357914 Debug: main.cpp int main(int, char **) "waterrower_usb" QVariant(QString, "false")
seg. ago. 3 19:32:37 2026 1785796357916 Debug: main.cpp int main(int, char **) "watt_bike_emulator" QVariant(QString, "false")
seg. ago. 3 19:32:37 2026 1785796357917 Debug: main.cpp int main(int, char **) "watt_gain" QVariant(QString, "1")
seg. ago. 3 19:32:37 2026 1785796357918 Debug: main.cpp int main(int, char **) "watt_ignore_builtin" QVariant(QString, "true")
seg. ago. 3 19:32:37 2026 1785796357919 Debug: main.cpp int main(int, char **) "watt_offset" QVariant(QString, "0")
seg. ago. 3 19:32:37 2026 1785796357920 Debug: main.cpp int main(int, char **) "weight" QVariant(QString, "84")
seg. ago. 3 19:32:37 2026 1785796357921 Debug: main.cpp int main(int, char **) "weight_kg_unit" QVariant(QString, "false")
seg. ago. 3 19:32:37 2026 1785796357922 Debug: main.cpp int main(int, char **) "yesoul_peloton_formula" QVariant(QString, "false")
seg. ago. 3 19:32:37 2026 1785796357924 Debug: main.cpp int main(int, char **) "zero_zt2500_treadmill" QVariant(QString, "false")
seg. ago. 3 19:32:37 2026 1785796357925 Debug: main.cpp int main(int, char **) "zwift_api_autoinclination" QVariant(QString, "true")
seg. ago. 3 19:32:37 2026 1785796357926 Debug: main.cpp int main(int, char **) "zwift_api_poll" QVariant(QString, "5")
seg. ago. 3 19:32:37 2026 1785796357927 Debug: main.cpp int main(int, char **) "zwift_click" QVariant(QString, "false")
seg. ago. 3 19:32:37 2026 1785796357928 Debug: main.cpp int main(int, char **) "zwift_erg" QVariant(QString, "true")
seg. ago. 3 19:32:37 2026 1785796357929 Debug: main.cpp int main(int, char **) "zwift_erg_filter" QVariant(QString, "10")
seg. ago. 3 19:32:37 2026 1785796357930 Debug: main.cpp int main(int, char **) "zwift_erg_filter_down" QVariant(QString, "10")
seg. ago. 3 19:32:37 2026 1785796357932 Debug: main.cpp int main(int, char **) "zwift_erg_resistance_down" QVariant(QString, "0")
seg. ago. 3 19:32:37 2026 1785796357933 Debug: main.cpp int main(int, char **) "zwift_erg_resistance_up" QVariant(QString, "999")
seg. ago. 3 19:32:37 2026 1785796357934 Debug: main.cpp int main(int, char **) "zwift_gear_ui_aligned" QVariant(QString, "false")
seg. ago. 3 19:32:37 2026 1785796357935 Debug: main.cpp int main(int, char **) "zwift_inclination_gain" QVariant(QString, "1")
seg. ago. 3 19:32:37 2026 1785796357936 Debug: main.cpp int main(int, char **) "zwift_inclination_offset" QVariant(QString, "0")
seg. ago. 3 19:32:37 2026 1785796357936 Debug: main.cpp int main(int, char **) "zwift_negative_inclination_x2" QVariant(QString, "false")
seg. ago. 3 19:32:37 2026 1785796357937 Debug: main.cpp int main(int, char **) "zwift_ocr" QVariant(QString, "false")
seg. ago. 3 19:32:37 2026 1785796357938 Debug: main.cpp int main(int, char **) "zwift_ocr_climb_portal" QVariant(QString, "false")
seg. ago. 3 19:32:37 2026 1785796357940 Debug: main.cpp int main(int, char **) "zwift_play" QVariant(QString, "false")
seg. ago. 3 19:32:37 2026 1785796357941 Debug: main.cpp int main(int, char **) "zwift_play_emulator" QVariant(QString, "false")
seg. ago. 3 19:32:37 2026 1785796357942 Debug: main.cpp int main(int, char **) "zwift_play_vibration" QVariant(QString, "true")
seg. ago. 3 19:32:37 2026 1785796357943 Debug: main.cpp int main(int, char **) "zwift_workout_ocr" QVariant(QString, "false")
seg. ago. 3 19:32:37 2026 1785796357944 Debug: main.cpp int main(int, char **) "zwiftplay_gear_lb" QVariant(QString, "0")
seg. ago. 3 19:32:37 2026 1785796357945 Debug: main.cpp int main(int, char **) "zwiftplay_gear_ls1" QVariant(QString, "2")
seg. ago. 3 19:32:37 2026 1785796357946 Debug: main.cpp int main(int, char **) "zwiftplay_gear_ls2" QVariant(QString, "2")
seg. ago. 3 19:32:37 2026 1785796357947 Debug: main.cpp int main(int, char **) "zwiftplay_gear_paddle_left" QVariant(QString, "2")
seg. ago. 3 19:32:37 2026 1785796357948 Debug: main.cpp int main(int, char **) "zwiftplay_gear_paddle_right" QVariant(QString, "1")
seg. ago. 3 19:32:37 2026 1785796357949 Debug: main.cpp int main(int, char **) "zwiftplay_gear_rb" QVariant(QString, "0")
seg. ago. 3 19:32:37 2026 1785796357950 Debug: main.cpp int main(int, char **) "zwiftplay_gear_rs1" QVariant(QString, "1")
seg. ago. 3 19:32:37 2026 1785796357951 Debug: main.cpp int main(int, char **) "zwiftplay_gear_rs2" QVariant(QString, "1")
seg. ago. 3 19:32:37 2026 1785796357952 Debug: main.cpp int main(int, char **) "zwiftplay_swap" QVariant(QString, "false")
seg. ago. 3 19:32:38 2026 1785796358389 Debug: main.cpp int main(int, char **) READ_EXTERNAL_STORAGE denied!
seg. ago. 3 19:32:38 2026 1785796358445 Debug: androidqlog.cpp void Java_org_cagnulen_qdomyoszwift_QLog_sendToQt(JNIEnv *, jclass, jint, jstring, jstring) [DEBUG: "DaemonMode" ] "already exempt from battery optimizations"
seg. ago. 3 19:32:38 2026 1785796358469 Debug: androidqlog.cpp void Java_org_cagnulen_qdomyoszwift_QLog_sendToQt(JNIEnv *, jclass, jint, jstring, jstring) [DEBUG: "ForegroundService" ] "daemon mode: partial wake lock acquired"
seg. ago. 3 19:32:38 2026 1785796358510 Warning:   ACCESS_COARSE|FINE_LOCATION permission available
seg. ago. 3 19:32:38 2026 1785796358513 Debug:   Location turned on
seg. ago. 3 19:32:38 2026 1785796358650 Debug:   QBluetoothDeviceDiscoveryAgentPrivate::start() - Low Energy search successfully started.
seg. ago. 3 19:32:38 2026 1785796358676 Warning:   QNetworkInterface/AF_NETLINK: found unknown interface with index 1
seg. ago. 3 19:32:38 2026 1785796358677 Warning:   QNetworkInterface/AF_NETLINK: found unknown interface with index 11
seg. ago. 3 19:32:38 2026 1785796358678 Warning:   QNetworkInterface/AF_NETLINK: found unknown interface with index 1
seg. ago. 3 19:32:38 2026 1785796358681 Warning:   QNetworkInterface/AF_NETLINK: found unknown interface with index 11
seg. ago. 3 19:32:38 2026 1785796358683 Warning:   QNetworkInterface/AF_NETLINK: found unknown interface with index 1
seg. ago. 3 19:32:38 2026 1785796358685 Warning:   QNetworkInterface/AF_NETLINK: found unknown interface with index 11
seg. ago. 3 19:32:38 2026 1785796358686 Warning:   QNetworkInterface/AF_NETLINK: found unknown interface with index 1
seg. ago. 3 19:32:38 2026 1785796358688 Warning:   QNetworkInterface/AF_NETLINK: found unknown interface with index 11
seg. ago. 3 19:32:38 2026 1785796358707 Debug: fontmanager.cpp void FontManager::loadLocalEmojiFont() Font file path: "/data/user/0/org.cagnulen.qdomyoszwift/cache/fonts/NotoColorEmoji.ttf"
seg. ago. 3 19:32:38 2026 1785796358709 Debug: fontmanager.cpp void FontManager::loadLocalEmojiFont() Font file exists: true
seg. ago. 3 19:32:38 2026 1785796358708 Warning:   QNetworkInterface/AF_NETLINK: found unknown interface with index 1
seg. ago. 3 19:32:38 2026 1785796358710 Warning:   QNetworkInterface/AF_NETLINK: found unknown interface with index 11
seg. ago. 3 19:32:38 2026 1785796358712 Warning:   QNetworkInterface/AF_NETLINK: found unknown interface with index 1
seg. ago. 3 19:32:38 2026 1785796358713 Warning:   QNetworkInterface/AF_NETLINK: found unknown interface with index 11
seg. ago. 3 19:32:38 2026 1785796358714 Warning:   QNetworkInterface/AF_NETLINK: found unknown interface with index 1
seg. ago. 3 19:32:38 2026 1785796358731 Warning:   QNetworkInterface/AF_NETLINK: found unknown interface with index 11
seg. ago. 3 19:32:38 2026 1785796358731 Debug: fontmanager.cpp void FontManager::loadLocalEmojiFont() Font file size: 10673480 bytes
seg. ago. 3 19:32:38 2026 1785796358733 Warning:   QNetworkInterface/AF_NETLINK: found unknown interface with index 1
seg. ago. 3 19:32:38 2026 1785796358734 Warning:   QNetworkInterface/AF_NETLINK: found unknown interface with index 11
seg. ago. 3 19:32:38 2026 1785796358734 Debug: fontmanager.cpp void FontManager::loadLocalEmojiFont() Font file readable: true
seg. ago. 3 19:32:38 2026 1785796358740 Debug: fontmanager.cpp void FontManager::loadLocalEmojiFont() Font file header (hex): "00010000000d00800003005043424454"
seg. ago. 3 19:32:38 2026 1785796358742 Debug: fontmanager.cpp void FontManager::loadLocalEmojiFont() Font file header (text): "\x00\x01\x00\x00\x00\r\x00\x80\x00\x03\x00PCBDT"
seg. ago. 3 19:32:38 2026 1785796358750 Debug: fontmanager.cpp void FontManager::loadLocalEmojiFont() QFontDatabase::addApplicationFont returned: 0
seg. ago. 3 19:32:38 2026 1785796358751 Debug: fontmanager.cpp void FontManager::loadLocalEmojiFont() Available font families: ("Noto Color Emoji")
seg. ago. 3 19:32:38 2026 1785796358753 Debug: fontmanager.cpp void FontManager::loadLocalEmojiFont() Cached emoji font loaded: "Noto Color Emoji"
seg. ago. 3 19:32:38 2026 1785796358757 Debug: main.cpp auto main(int, char **)::(anonymous class)::operator()(const QString &, const QString &) const Translation loaded successfully for "locale" : "pt_BR"
seg. ago. 3 19:32:38 2026 1785796358803 Warning:   Ignoring duplicate QML module registration for QtQuick 2
seg. ago. 3 19:32:39 2026 1785796359708 Warning:   Could not attach Keys property to:  ApplicationWindow_QMLTYPE_10_QML_55(0x71bf24de00, name = "stack")  is not an Item
seg. ago. 3 19:32:39 2026 1785796359727 Warning: androidqlog.cpp void Java_org_cagnulen_qdomyoszwift_QLog_sendToQt(JNIEnv *, jclass, jint, jstring, jstring) [WARN: "InAppPurchase" ] "initializeConnection start"
seg. ago. 3 19:32:39 2026 1785796359833 Debug: qrc:/main.qml onCurrentOrientationChanged Orientation changed to: 1
seg. ago. 3 19:32:40 2026 1785796360057 Warning: qrc:/Home.qml  qrc:/Home.qml:50:5: QML Connections: Implicitly defined onFoo properties in Connections are deprecated. Use this syntax instead: function onFoo(<arguments>) { ... }
seg. ago. 3 19:32:40 2026 1785796360058 Warning: qrc:/Home.qml  qrc:/Home.qml:50:5: QML Connections: Cannot assign to non-existent property "onTrainingProgramIntervalSoundRequested"
seg. ago. 3 19:32:41 2026 1785796361124 Warning: androidqlog.cpp void Java_org_cagnulen_qdomyoszwift_QLog_sendToQt(JNIEnv *, jclass, jint, jstring, jstring) [WARN: "InAppPurchase" ] "onBillingSetupFinished"
seg. ago. 3 19:32:41 2026 1785796361265 Warning: qrc:/ChartFooterInnerJS.qml  qrc:/ChartFooterInnerJS.qml:14:5: QML WebView: Detected anchors on an item that is managed by a layout. This is undefined behavior; use Layout.alignment instead.
seg. ago. 3 19:32:41 2026 1785796361271 Warning: qrc:/ChartFooter.qml  qrc:/ChartFooter.qml:9:5: QML Loader: Detected anchors on an item that is managed by a layout. This is undefined behavior; use Layout.alignment instead.
seg. ago. 3 19:32:41 2026 1785796361273 Warning: qrc:/ChartFooter.qml  qrc:/ChartFooter.qml:16:5: QML Loader: Detected anchors on an item that is managed by a layout. This is undefined behavior; use Layout.alignment instead.
seg. ago. 3 19:32:41 2026 1785796361349 Debug: qrc:/Home.qml onCompleted home.qml completed
seg. ago. 3 19:32:41 2026 1785796361886 Debug: androidstatusbar.cpp void AndroidStatusBar::onInsetsChanged(int, int, int, int, int, int, int, int) Insets changed - Top: 24 Bottom: 48 Left: 0 Right: 0 WaterfallTop: 0 WaterfallBottom: 0 WaterfallLeft: 0 WaterfallRight: 0
seg. ago. 3 19:32:42 2026 1785796362392 Warning: qrc:/ChartFooterInnerJS.qml  qrc:/ChartFooterInnerJS.qml:19: ReferenceError: rootItem is not defined
seg. ago. 3 19:32:42 2026 1785796362393 Warning: qrc:/ChartFooterInnerJS.qml  qrc:/ChartFooterInnerJS.qml:17: ReferenceError: rootItem is not defined
seg. ago. 3 19:32:42 2026 1785796362394 Warning: qrc:/HomeForm.ui.qml  qrc:/HomeForm.ui.qml:75: ReferenceError: rootItem is not defined
seg. ago. 3 19:32:42 2026 1785796362395 Warning: qrc:/HomeForm.ui.qml  qrc:/HomeForm.ui.qml:69: ReferenceError: rootItem is not defined
seg. ago. 3 19:32:42 2026 1785796362396 Warning: qrc:/HomeForm.ui.qml  qrc:/HomeForm.ui.qml:89: ReferenceError: rootItem is not defined
seg. ago. 3 19:32:42 2026 1785796362397 Warning: qrc:/HomeForm.ui.qml  qrc:/HomeForm.ui.qml:106: ReferenceError: rootItem is not defined
seg. ago. 3 19:32:42 2026 1785796362398 Warning: qrc:/HomeForm.ui.qml  qrc:/HomeForm.ui.qml:114: ReferenceError: rootItem is not defined
seg. ago. 3 19:32:42 2026 1785796362398 Warning: qrc:/HomeForm.ui.qml  qrc:/HomeForm.ui.qml:103: ReferenceError: rootItem is not defined
seg. ago. 3 19:32:42 2026 1785796362399 Warning: qrc:/HomeForm.ui.qml  qrc:/HomeForm.ui.qml:122: ReferenceError: rootItem is not defined
seg. ago. 3 19:32:42 2026 1785796362400 Warning: qrc:/HomeForm.ui.qml  qrc:/HomeForm.ui.qml:121: ReferenceError: rootItem is not defined
seg. ago. 3 19:32:42 2026 1785796362401 Warning: qrc:/HomeForm.ui.qml  qrc:/HomeForm.ui.qml:136: ReferenceError: rootItem is not defined
seg. ago. 3 19:32:42 2026 1785796362402 Warning: qrc:/HomeForm.ui.qml  qrc:/HomeForm.ui.qml:144: ReferenceError: rootItem is not defined
seg. ago. 3 19:32:42 2026 1785796362403 Warning: qrc:/HomeForm.ui.qml  qrc:/HomeForm.ui.qml:133: ReferenceError: rootItem is not defined
seg. ago. 3 19:32:42 2026 1785796362405 Warning: qrc:/HomeForm.ui.qml  qrc:/HomeForm.ui.qml:152: ReferenceError: rootItem is not defined
seg. ago. 3 19:32:42 2026 1785796362406 Warning: qrc:/HomeForm.ui.qml  qrc:/HomeForm.ui.qml:151: ReferenceError: rootItem is not defined
seg. ago. 3 19:32:42 2026 1785796362407 Warning: qrc:/HomeForm.ui.qml  qrc:/HomeForm.ui.qml:29: ReferenceError: rootItem is not defined
seg. ago. 3 19:32:42 2026 1785796362408 Warning: qrc:/HomeForm.ui.qml  qrc:/HomeForm.ui.qml:171: ReferenceError: rootItem is not defined
seg. ago. 3 19:32:42 2026 1785796362409 Warning: qrc:/HomeForm.ui.qml  qrc:/HomeForm.ui.qml:197: ReferenceError: rootItem is not defined
seg. ago. 3 19:32:42 2026 1785796362410 Warning: qrc:/HomeForm.ui.qml  qrc:/HomeForm.ui.qml:208: ReferenceError: rootItem is not defined
seg. ago. 3 19:32:42 2026 1785796362411 Warning: qrc:/Home.qml  qrc:/Home.qml:529: ReferenceError: rootItem is not defined
seg. ago. 3 19:32:42 2026 1785796362412 Warning: qrc:/Home.qml  qrc:/Home.qml:524: ReferenceError: rootItem is not defined
seg. ago. 3 19:32:42 2026 1785796362412 Warning: qrc:/Home.qml  qrc:/Home.qml:538: ReferenceError: rootItem is not defined
seg. ago. 3 19:32:42 2026 1785796362413 Warning: qrc:/Home.qml  qrc:/Home.qml:580: ReferenceError: rootItem is not defined
seg. ago. 3 19:32:42 2026 1785796362414 Warning: qrc:/ChartFooter.qml  qrc:/ChartFooter.qml:11:9: Unable to assign QQuickLoader to QQmlComponent
seg. ago. 3 19:32:42 2026 1785796362415 Warning: qrc:/Home.qml  qrc:/Home.qml:587: ReferenceError: rootItem is not defined
seg. ago. 3 19:32:42 2026 1785796362416 Warning: qrc:/Home.qml  qrc:/Home.qml:593: ReferenceError: rootItem is not defined
seg. ago. 3 19:32:42 2026 1785796362416 Warning: qrc:/Home.qml  qrc:/Home.qml:616: ReferenceError: rootItem is not defined
seg. ago. 3 19:32:42 2026 1785796362417 Warning: qrc:/Home.qml  qrc:/Home.qml:51: ReferenceError: rootItem is not defined
seg. ago. 3 19:32:42 2026 1785796362418 Warning: qrc:/Home.qml  qrc:/Home.qml:62: ReferenceError: rootItem is not defined
seg. ago. 3 19:32:42 2026 1785796362419 Warning: qrc:/Home.qml  qrc:/Home.qml:58: ReferenceError: rootItem is not defined
seg. ago. 3 19:32:42 2026 1785796362420 Warning: qrc:/Home.qml  qrc:/Home.qml:223: ReferenceError: rootItem is not defined
seg. ago. 3 19:32:42 2026 1785796362421 Warning: qrc:/Home.qml  qrc:/Home.qml:293: ReferenceError: appModel is not defined
seg. ago. 3 19:32:42 2026 1785796362423 Warning: qrc:/Home.qml  qrc:/Home.qml:295: ReferenceError: rootItem is not defined
seg. ago. 3 19:32:42 2026 1785796362424 Warning: qrc:/main.qml  qrc:/main.qml:1002: ReferenceError: rootItem is not defined
seg. ago. 3 19:32:42 2026 1785796362425 Warning: qrc:/main.qml  qrc:/main.qml:1116: ReferenceError: rootItem is not defined
seg. ago. 3 19:32:42 2026 1785796362426 Warning: qrc:/main.qml  qrc:/main.qml:1133: ReferenceError: rootItem is not defined
seg. ago. 3 19:32:42 2026 1785796362426 Warning: qrc:/main.qml  qrc:/main.qml:1141: ReferenceError: rootItem is not defined
seg. ago. 3 19:32:42 2026 1785796362427 Warning: qrc:/main.qml  qrc:/main.qml:1154: ReferenceError: rootItem is not defined
seg. ago. 3 19:32:42 2026 1785796362428 Warning: qrc:/main.qml  qrc:/main.qml:314: ReferenceError: rootItem is not defined
seg. ago. 3 19:32:42 2026 1785796362429 Warning: qrc:/main.qml  qrc:/main.qml:512: ReferenceError: rootItem is not defined
seg. ago. 3 19:32:42 2026 1785796362430 Warning: qrc:/main.qml  qrc:/main.qml:653: ReferenceError: rootItem is not defined
seg. ago. 3 19:32:42 2026 1785796362431 Warning: qrc:/main.qml  qrc:/main.qml:687: ReferenceError: rootItem is not defined
seg. ago. 3 19:32:42 2026 1785796362432 Warning: qrc:/main.qml  qrc:/main.qml:720: ReferenceError: rootItem is not defined
seg. ago. 3 19:32:42 2026 1785796362433 Warning: qrc:/main.qml  qrc:/main.qml:727: ReferenceError: rootItem is not defined
seg. ago. 3 19:32:42 2026 1785796362433 Warning: qrc:/main.qml  qrc:/main.qml:774: ReferenceError: rootItem is not defined
seg. ago. 3 19:32:42 2026 1785796362434 Warning: qrc:/main.qml  qrc:/main.qml:785: ReferenceError: rootItem is not defined
seg. ago. 3 19:32:42 2026 1785796362435 Warning: qrc:/main.qml  qrc:/main.qml:779: ReferenceError: rootItem is not defined
seg. ago. 3 19:32:42 2026 1785796362436 Warning: qrc:/main.qml  qrc:/main.qml:794: ReferenceError: rootItem is not defined
seg. ago. 3 19:32:42 2026 1785796362438 Warning: qrc:/main.qml  qrc:/main.qml:790: ReferenceError: rootItem is not defined
seg. ago. 3 19:32:42 2026 1785796362439 Warning: qrc:/main.qml  qrc:/main.qml:819: ReferenceError: rootItem is not defined
seg. ago. 3 19:32:42 2026 1785796362440 Warning: qrc:/main.qml  qrc:/main.qml:799: ReferenceError: rootItem is not defined
seg. ago. 3 19:32:42 2026 1785796362441 Warning: qrc:/main.qml  qrc:/main.qml:828: ReferenceError: rootItem is not defined
seg. ago. 3 19:32:42 2026 1785796362441 Warning: qrc:/main.qml  qrc:/main.qml:837: ReferenceError: rootItem is not defined
seg. ago. 3 19:32:42 2026 1785796362442 Warning: qrc:/main.qml  qrc:/main.qml:850: ReferenceError: rootItem is not defined
seg. ago. 3 19:32:42 2026 1785796362443 Warning: qrc:/main.qml  qrc:/main.qml:1477: ReferenceError: rootItem is not defined
seg. ago. 3 19:32:42 2026 1785796362509 Debug: PathController.cpp PathController::PathController(QObject *) Found QGeoPositionInfoSource: sourceName: "android" , objectName: ""
seg. ago. 3 19:32:42 2026 1785796362538 Warning:   QNetworkInterface/AF_NETLINK: found unknown interface with index 1
seg. ago. 3 19:32:42 2026 1785796362539 Warning:   QNetworkInterface/AF_NETLINK: found unknown interface with index 11
seg. ago. 3 19:32:42 2026 1785796362540 Warning:   QNetworkInterface/AF_NETLINK: found unknown interface with index 1
seg. ago. 3 19:32:42 2026 1785796362541 Warning:   QNetworkInterface/AF_NETLINK: found unknown interface with index 11
seg. ago. 3 19:32:42 2026 1785796362544 Debug: androidqlog.cpp void Java_org_cagnulen_qdomyoszwift_QLog_sendToQt(JNIEnv *, jclass, jint, jstring, jstring) [DEBUG: "LocationHelper" ] "Starting LocationHelper check..."
seg. ago. 3 19:32:42 2026 1785796362565 Debug: templateinfosenderbuilder.cpp void TemplateInfoSenderBuilder::load(const QString &, const QStringList &) "Load start from" "/storage/emulated/0/Documents/QZ/QZTemplates"
seg. ago. 3 19:32:42 2026 1785796362575 Debug: templateinfosenderbuilder.cpp void TemplateInfoSenderBuilder::load(const QString &, const QStringList &) "Load start from" ":/templates/"
seg. ago. 3 19:32:42 2026 1785796362576 Debug: templateinfosenderbuilder.cpp void TemplateInfoSenderBuilder::createTemplatesFromFolder(const QString &, const QString &, QStringList &) "Template Dir Found" ":/templates/debug"
seg. ago. 3 19:32:42 2026 1785796362578 Debug: templateinfosenderbuilder.cpp void TemplateInfoSenderBuilder::createTemplatesFromFolder(const QString &, const QString &, QStringList &) "Template File Found" ":/templates/vlc-TcpClient.qzt"
seg. ago. 3 19:32:42 2026 1785796362580 Debug: templateinfosenderbuilder.cpp void TemplateInfoSenderBuilder::createTemplatesFromFolder(const QString &, const QString &, QStringList &) "Template type" "TcpClient" " id" "user_vlc"
seg. ago. 3 19:32:42 2026 1785796362581 Debug: templateinfosenderbuilder.cpp void TemplateInfoSenderBuilder::createTemplatesFromFolder(const QString &, const QString &, QStringList &) "Template" "user_vlc" " is disabled: not created"
seg. ago. 3 19:32:42 2026 1785796362582 Debug: templateinfosenderbuilder.cpp void TemplateInfoSenderBuilder::createTemplatesFromFolder(const QString &, const QString &, QStringList &) "Template File Found" ":/templates/qz-TcpClient.qzt"
seg. ago. 3 19:32:42 2026 1785796362583 Debug: templateinfosenderbuilder.cpp void TemplateInfoSenderBuilder::createTemplatesFromFolder(const QString &, const QString &, QStringList &) "Template type" "TcpClient" " id" "user_qz"
seg. ago. 3 19:32:42 2026 1785796362584 Debug: templateinfosenderbuilder.cpp void TemplateInfoSenderBuilder::createTemplatesFromFolder(const QString &, const QString &, QStringList &) "Template" "user_qz" " is disabled: not created"
seg. ago. 3 19:32:42 2026 1785796362585 Debug: templateinfosenderbuilder.cpp void TemplateInfoSenderBuilder::createTemplatesFromFolder(const QString &, const QString &, QStringList &) "Template Dir Found" ":/templates/example"
seg. ago. 3 19:32:42 2026 1785796362586 Debug: templateinfosenderbuilder.cpp void TemplateInfoSenderBuilder::load(const QString &, const QStringList &) "Folder List" (":/templates//debug", ":/templates//example")
seg. ago. 3 19:32:42 2026 1785796362588 Warning:   QNetworkInterface/AF_NETLINK: found unknown interface with index 1
seg. ago. 3 19:32:42 2026 1785796362589 Warning:   QNetworkInterface/AF_NETLINK: found unknown interface with index 11
seg. ago. 3 19:32:42 2026 1785796362591 Warning:   QNetworkInterface/AF_NETLINK: found unknown interface with index 1
seg. ago. 3 19:32:42 2026 1785796362592 Warning:   QNetworkInterface/AF_NETLINK: found unknown interface with index 11
seg. ago. 3 19:32:42 2026 1785796362594 Debug: templateinfosenderbuilder.cpp void TemplateInfoSenderBuilder::load(const QString &, const QStringList &) "addressList " ()
seg. ago. 3 19:32:42 2026 1785796362604 Debug: templateinfosenderbuilder.cpp void TemplateInfoSenderBuilder::load(const QString &, const QStringList &) "Template" "user_QZWS" " is disabled: not created"
seg. ago. 3 19:32:42 2026 1785796362606 Debug: templateinfosenderbuilder.cpp void TemplateInfoSenderBuilder::load(const QString &, const QStringList &) "Setting template_ids" ("user_vlc", "user_QZWS", "user_qz")
seg. ago. 3 19:32:42 2026 1785796362631 Debug: templateinfosenderbuilder.cpp void TemplateInfoSenderBuilder::load(const QString &, const QStringList &) "Load start from" ":/inner_templates/"
seg. ago. 3 19:32:42 2026 1785796362633 Debug: templateinfosenderbuilder.cpp void TemplateInfoSenderBuilder::createTemplatesFromFolder(const QString &, const QString &, QStringList &) "Template Dir Found" ":/inner_templates/i18n"
seg. ago. 3 19:32:42 2026 1785796362634 Debug: templateinfosenderbuilder.cpp void TemplateInfoSenderBuilder::createTemplatesFromFolder(const QString &, const QString &, QStringList &) "Template Dir Found" ":/inner_templates/previewchart"
seg. ago. 3 19:32:42 2026 1785796362635 Debug: templateinfosenderbuilder.cpp void TemplateInfoSenderBuilder::createTemplatesFromFolder(const QString &, const QString &, QStringList &) "Template Dir Found" ":/inner_templates/floating"
seg. ago. 3 19:32:42 2026 1785796362637 Debug: templateinfosenderbuilder.cpp void TemplateInfoSenderBuilder::createTemplatesFromFolder(const QString &, const QString &, QStringList &) "Template Dir Found" ":/inner_templates/workouteditor"
seg. ago. 3 19:32:42 2026 1785796362638 Debug: templateinfosenderbuilder.cpp void TemplateInfoSenderBuilder::createTemplatesFromFolder(const QString &, const QString &, QStringList &) "Template Dir Found" ":/inner_templates/maps2d"
seg. ago. 3 19:32:42 2026 1785796362639 Debug: templateinfosenderbuilder.cpp void TemplateInfoSenderBuilder::createTemplatesFromFolder(const QString &, const QString &, QStringList &) "Template Dir Found" ":/inner_templates/trainingbrowser"
seg. ago. 3 19:32:42 2026 1785796362640 Debug: templateinfosenderbuilder.cpp void TemplateInfoSenderBuilder::createTemplatesFromFolder(const QString &, const QString &, QStringList &) "Template Dir Found" ":/inner_templates/chartjs"
seg. ago. 3 19:32:42 2026 1785796362641 Debug: templateinfosenderbuilder.cpp void TemplateInfoSenderBuilder::createTemplatesFromFolder(const QString &, const QString &, QStringList &) "Template Dir Found" ":/inner_templates/workoutpreview"
seg. ago. 3 19:32:42 2026 1785796362642 Debug: templateinfosenderbuilder.cpp void TemplateInfoSenderBuilder::createTemplatesFromFolder(const QString &, const QString &, QStringList &) "Template Dir Found" ":/inner_templates/googlemaps"
seg. ago. 3 19:32:42 2026 1785796362644 Debug: templateinfosenderbuilder.cpp void TemplateInfoSenderBuilder::load(const QString &, const QStringList &) "Folder List" (":/inner_templates//i18n", ":/inner_templates//previewchart", ":/inner_templates//floating", ":/inner_templates//workouteditor", ":/inner_templates//maps2d", ":/inner_templates//trainingbrowser", ":/inner_templates//chartjs", ":/inner_templates//workoutpreview", ":/inner_templates//googlemaps")
seg. ago. 3 19:32:42 2026 1785796362645 Warning:   QNetworkInterface/AF_NETLINK: found unknown interface with index 1
seg. ago. 3 19:32:42 2026 1785796362646 Warning:   QNetworkInterface/AF_NETLINK: found unknown interface with index 11
seg. ago. 3 19:32:42 2026 1785796362647 Warning:   QNetworkInterface/AF_NETLINK: found unknown interface with index 1
seg. ago. 3 19:32:42 2026 1785796362648 Warning:   QNetworkInterface/AF_NETLINK: found unknown interface with index 11
seg. ago. 3 19:32:42 2026 1785796362649 Debug: templateinfosenderbuilder.cpp void TemplateInfoSenderBuilder::load(const QString &, const QStringList &) "addressList " ()
seg. ago. 3 19:32:42 2026 1785796362662 Debug: templateinfosenderbuilder.cpp TemplateInfoSender *TemplateInfoSenderBuilder::newTemplate(const QString &, const QString &, const QString &) "Template Registered" "inner_QZWS" " type" "WebServer" " Template" "JSON.stringify({msg: \"workout\", content: this.workout})"
seg. ago. 3 19:32:43 2026 1785796363064 Debug: webserverinfosender.cpp virtual bool WebServerInfoSender::init() "Folder" ":/inner_templates//i18n"
seg. ago. 3 19:32:43 2026 1785796363066 Debug: webserverinfosender.cpp virtual bool WebServerInfoSender::init() "Relative" "i18n"
seg. ago. 3 19:32:43 2026 1785796363067 Debug: webserverinfosender.cpp virtual bool WebServerInfoSender::init() "Folder" ":/inner_templates//previewchart"
seg. ago. 3 19:32:43 2026 1785796363068 Debug: webserverinfosender.cpp virtual bool WebServerInfoSender::init() "Relative" "previewchart"
seg. ago. 3 19:32:43 2026 1785796363069 Debug: webserverinfosender.cpp virtual bool WebServerInfoSender::init() "Folder" ":/inner_templates//floating"
seg. ago. 3 19:32:43 2026 1785796363069 Debug: webserverinfosender.cpp virtual bool WebServerInfoSender::init() "Relative" "floating"
seg. ago. 3 19:32:43 2026 1785796363070 Debug: webserverinfosender.cpp virtual bool WebServerInfoSender::init() "Folder" ":/inner_templates//workouteditor"
seg. ago. 3 19:32:43 2026 1785796363071 Debug: webserverinfosender.cpp virtual bool WebServerInfoSender::init() "Relative" "workouteditor"
seg. ago. 3 19:32:43 2026 1785796363072 Debug: webserverinfosender.cpp virtual bool WebServerInfoSender::init() "Folder" ":/inner_templates//maps2d"
seg. ago. 3 19:32:43 2026 1785796363073 Debug: webserverinfosender.cpp virtual bool WebServerInfoSender::init() "Relative" "maps2d"
seg. ago. 3 19:32:43 2026 1785796363073 Debug: webserverinfosender.cpp virtual bool WebServerInfoSender::init() "Folder" ":/inner_templates//trainingbrowser"
seg. ago. 3 19:32:43 2026 1785796363074 Debug: webserverinfosender.cpp virtual bool WebServerInfoSender::init() "Relative" "trainingbrowser"
seg. ago. 3 19:32:43 2026 1785796363075 Debug: webserverinfosender.cpp virtual bool WebServerInfoSender::init() "Folder" ":/inner_templates//chartjs"
seg. ago. 3 19:32:43 2026 1785796363076 Debug: webserverinfosender.cpp virtual bool WebServerInfoSender::init() "Relative" "chartjs"
seg. ago. 3 19:32:43 2026 1785796363077 Debug: webserverinfosender.cpp virtual bool WebServerInfoSender::init() "Folder" ":/inner_templates//workoutpreview"
seg. ago. 3 19:32:43 2026 1785796363078 Debug: webserverinfosender.cpp virtual bool WebServerInfoSender::init() "Relative" "workoutpreview"
seg. ago. 3 19:32:43 2026 1785796363080 Debug: webserverinfosender.cpp virtual bool WebServerInfoSender::init() "Folder" ":/inner_templates//googlemaps"
seg. ago. 3 19:32:43 2026 1785796363081 Debug: webserverinfosender.cpp virtual bool WebServerInfoSender::init() "Relative" "googlemaps"
seg. ago. 3 19:32:43 2026 1785796363089 Debug: webserverinfosender.cpp virtual bool WebServerInfoSender::init() "WebServer listening on port" 33093 " " QHash(("workoutpreview", ":/inner_templates//workoutpreview")("googlemaps", ":/inner_templates//googlemaps")("floating", ":/inner_templates//floating")("chartjs", ":/inner_templates//chartjs")("i18n", ":/inner_templates//i18n")("trainingbrowser", ":/inner_templates//trainingbrowser")("maps2d", ":/inner_templates//maps2d")("workouteditor", ":/inner_templates//workouteditor")("previewchart", ":/inner_templates//previewchart"))
seg. ago. 3 19:32:43 2026 1785796363092 Debug: templateinfosenderbuilder.cpp void TemplateInfoSenderBuilder::load(const QString &, const QStringList &) "Setting template_ids" ("inner_QZWS")
seg. ago. 3 19:32:43 2026 1785796363107 Warning: qrc:/ChartFooterInnerJS.qml  qrc:/ChartFooterInnerJS.qml:14:5: QML WebView: Detected anchors on an item that is managed by a layout. This is undefined behavior; use Layout.alignment instead.
seg. ago. 3 19:32:43 2026 1785796363108 Debug: qrc:/ChartFooterInnerJS.qml onVisibleChanged onVisibleChangedfalse
seg. ago. 3 19:32:43 2026 1785796363136 Warning: qrc:/ChartFooter.qml  qrc:/ChartFooter.qml:9:5: QML Loader: Detected anchors on an item that is managed by a layout. This is undefined behavior; use Layout.alignment instead.
seg. ago. 3 19:32:43 2026 1785796363137 Warning: qrc:/ChartFooter.qml  qrc:/ChartFooter.qml:16:5: QML Loader: Detected anchors on an item that is managed by a layout. This is undefined behavior; use Layout.alignment instead.
seg. ago. 3 19:32:43 2026 1785796363139 Warning: qrc:/ChartFooter.qml  qrc:/ChartFooter.qml:9:5: QML Loader: Detected anchors on an item that is managed by a layout. This is undefined behavior; use Layout.alignment instead.
seg. ago. 3 19:32:43 2026 1785796363140 Warning: qrc:/ChartFooter.qml  qrc:/ChartFooter.qml:16:5: QML Loader: Detected anchors on an item that is managed by a layout. This is undefined behavior; use Layout.alignment instead.
seg. ago. 3 19:32:43 2026 1785796363144 Warning: qrc:/Home.qml  qrc:/Home.qml:50:5: QML Connections: Implicitly defined onFoo properties in Connections are deprecated. Use this syntax instead: function onFoo(<arguments>) { ... }
seg. ago. 3 19:32:43 2026 1785796363146 Warning: qrc:/Home.qml  qrc:/Home.qml:293: ReferenceError: appModel is not defined
seg. ago. 3 19:32:43 2026 1785796363207 Warning: qrc:/Home.qml  qrc:/Home.qml:293: ReferenceError: appModel is not defined
seg. ago. 3 19:32:43 2026 1785796363217 Warning:   QObject::connect: No such signal ApplicationWindow_QMLTYPE_10_QML_55::intervalsicu_upload_file_prepare() in homeform.cpp:1003
seg. ago. 3 19:32:43 2026 1785796363218 Warning:   QObject::connect:  (sender name:   'stack')
seg. ago. 3 19:32:43 2026 1785796363219 Debug: homeform.cpp homeform::homeform(QQmlApplicationEngine *, bluetooth *) homeform constructor events linked
seg. ago. 3 19:32:43 2026 1785796363245 Debug: powerzonepack.cpp powerzonepack::powerzonepack(bluetooth *, QObject *) "invalid peloton credentials"
seg. ago. 3 19:32:43 2026 1785796363248 Debug: homefitnessbuddy.cpp homefitnessbuddy::homefitnessbuddy(bluetooth *, QObject *) "invalid peloton credentials"
seg. ago. 3 19:32:43 2026 1785796363251 Debug: peloton.cpp peloton::peloton(bluetooth *, QObject *) userId ""
seg. ago. 3 19:32:43 2026 1785796363253 Debug: ./peloton.h QString peloton::getPelotonSettingKey(const QString &, const QString &) ERROR: userid is empty!
seg. ago. 3 19:32:43 2026 1785796363254 Debug: peloton.cpp peloton::peloton(bluetooth *, QObject *) "invalid peloton credentials"
seg. ago. 3 19:32:43 2026 1785796363260 Debug: homeform.cpp homeform::homeform(QQmlApplicationEngine *, bluetooth *) ":/zwo/VO2max with sweet spot.zwo" "VO2max with sweet spot.zwo"
seg. ago. 3 19:32:43 2026 1785796363272 Debug: homeform.cpp homeform::homeform(QQmlApplicationEngine *, bluetooth *) ":/zwo/Tempo and endurance.zwo" "Tempo and endurance.zwo"
seg. ago. 3 19:32:43 2026 1785796363280 Debug: homeform.cpp homeform::homeform(QQmlApplicationEngine *, bluetooth *) ":/zwo/HIIT Aerobic.zwo" "HIIT Aerobic.zwo"
seg. ago. 3 19:32:43 2026 1785796363282 Debug: homeform.cpp homeform::homeform(QQmlApplicationEngine *, bluetooth *) ":/zwo/Easy intervals.zwo" "Easy intervals.zwo"
seg. ago. 3 19:32:43 2026 1785796363285 Debug: homeform.cpp homeform::homeform(QQmlApplicationEngine *, bluetooth *) ":/zwo/HIIT Neuromuscular.zwo" "HIIT Neuromuscular.zwo"
seg. ago. 3 19:32:43 2026 1785796363294 Debug: homeform.cpp homeform::homeform(QQmlApplicationEngine *, bluetooth *) ":/zwo/VO2max with recovery.zwo" "VO2max with recovery.zwo"
seg. ago. 3 19:32:43 2026 1785796363305 Debug: homeform.cpp homeform::homeform(QQmlApplicationEngine *, bluetooth *) ":/zwo/Tabata with sweet spot.zwo" "Tabata with sweet spot.zwo"
seg. ago. 3 19:32:43 2026 1785796363307 Debug: homeform.cpp homeform::homeform(QQmlApplicationEngine *, bluetooth *) ":/zwo/Tabata plus 2 with sweet spot and threshold.zwo" "Tabata plus 2 with sweet spot and threshold.zwo"
seg. ago. 3 19:32:43 2026 1785796363311 Debug: homeform.cpp homeform::homeform(QQmlApplicationEngine *, bluetooth *) ":/zwo/HIIT Anaerobic Sprint.zwo" "HIIT Anaerobic Sprint.zwo"
seg. ago. 3 19:32:43 2026 1785796363313 Debug: homeform.cpp homeform::homeform(QQmlApplicationEngine *, bluetooth *) ":/zwo/HIIT Anaerobic.zwo" "HIIT Anaerobic.zwo"
seg. ago. 3 19:32:43 2026 1785796363315 Debug: homeform.cpp homeform::homeform(QQmlApplicationEngine *, bluetooth *) ":/zwo/Short Mix by Jonathan.zwo" "Short Mix by Jonathan.zwo"
seg. ago. 3 19:32:43 2026 1785796363319 Debug: homeform.cpp homeform::homeform(QQmlApplicationEngine *, bluetooth *) ":/gpx/Richmond Park.gpx" "Richmond Park.gpx"
seg. ago. 3 19:32:43 2026 1785796363321 Debug: homeform.cpp homeform::homeform(QQmlApplicationEngine *, bluetooth *) ":/gpx/Butterfield Canyon Road.gpx" "Butterfield Canyon Road.gpx"
seg. ago. 3 19:32:43 2026 1785796363324 Debug: homeform.cpp homeform::homeform(QQmlApplicationEngine *, bluetooth *) ":/gpx/Govi to Hood.gpx" "Govi to Hood.gpx"
seg. ago. 3 19:32:43 2026 1785796363327 Debug: homeform.cpp homeform::homeform(QQmlApplicationEngine *, bluetooth *) ":/gpx/Box Hill.gpx" "Box Hill.gpx"
seg. ago. 3 19:32:43 2026 1785796363329 Debug: homeform.cpp homeform::homeform(QQmlApplicationEngine *, bluetooth *) ":/gpx/Crater Lake.gpx" "Crater Lake.gpx"
seg. ago. 3 19:32:43 2026 1785796363331 Debug: homeform.cpp homeform::homeform(QQmlApplicationEngine *, bluetooth *) ":/gpx/Italy - Passo dello Stelvio.gpx" "Italy - Passo dello Stelvio.gpx"
seg. ago. 3 19:32:43 2026 1785796363333 Debug: homeform.cpp homeform::homeform(QQmlApplicationEngine *, bluetooth *) ":/gpx/Pittenweem to St Andrews.gpx" "Pittenweem to St Andrews.gpx"
seg. ago. 3 19:32:43 2026 1785796363335 Debug: homeform.cpp homeform::homeform(QQmlApplicationEngine *, bluetooth *) ":/gpx/St Andrews to Pittenweem.gpx" "St Andrews to Pittenweem.gpx"
seg. ago. 3 19:32:43 2026 1785796363382 Debug: homeform.cpp homeform::homeform(QQmlApplicationEngine *, bluetooth *) "/storage/emulated/0/Documents/QZ/"
seg. ago. 3 19:32:43 2026 1785796363384 Debug: homeform.cpp homeform::homeform(QQmlApplicationEngine *, bluetooth *) "" "" ""
seg. ago. 3 19:32:43 2026 1785796363389 Debug: homeform.cpp homeform::homeform(QQmlApplicationEngine *, bluetooth *) "/storage/emulated/0/Documents/QZ/0QZ-backup-dom. ago. 2 11_55_22 2026.fit" "0QZ-backup-dom. ago. 2 11_55_22 2026.fit" "0QZ-backup-dom. ago. 2 11_55_22 2026.fit"
seg. ago. 3 19:32:43 2026 1785796363392 Debug: homeform.cpp homeform::homeform(QQmlApplicationEngine *, bluetooth *) "/storage/emulated/0/Documents/QZ/1QZ-backup-dom. ago. 2 11_55_22 2026.fit" "1QZ-backup-dom. ago. 2 11_55_22 2026.fit" "1QZ-backup-dom. ago. 2 11_55_22 2026.fit"
seg. ago. 3 19:32:43 2026 1785796363403 Debug: homeform.cpp homeform::homeform(QQmlApplicationEngine *, bluetooth *) "/storage/emulated/0/Documents/QZ/0QZ-backup-dom. ago. 2 21_30_10 2026.fit" "0QZ-backup-dom. ago. 2 21_30_10 2026.fit" "0QZ-backup-dom. ago. 2 21_30_10 2026.fit"
seg. ago. 3 19:32:43 2026 1785796363406 Debug: homeform.cpp homeform::homeform(QQmlApplicationEngine *, bluetooth *) "/storage/emulated/0/Documents/QZ/1QZ-backup-dom. ago. 2 21_30_10 2026.fit" "1QZ-backup-dom. ago. 2 21_30_10 2026.fit" "1QZ-backup-dom. ago. 2 21_30_10 2026.fit"
seg. ago. 3 19:32:43 2026 1785796363412 Debug: homeform.cpp homeform::homeform(QQmlApplicationEngine *, bluetooth *) "/storage/emulated/0/Documents/QZ/0QZ-backup-dom. ago. 2 21_34_11 2026.fit" "0QZ-backup-dom. ago. 2 21_34_11 2026.fit" "0QZ-backup-dom. ago. 2 21_34_11 2026.fit"
seg. ago. 3 19:32:43 2026 1785796363414 Debug: homeform.cpp homeform::homeform(QQmlApplicationEngine *, bluetooth *) "/storage/emulated/0/Documents/QZ/1QZ-backup-dom. ago. 2 21_34_11 2026.fit" "1QZ-backup-dom. ago. 2 21_34_11 2026.fit" "1QZ-backup-dom. ago. 2 21_34_11 2026.fit"
seg. ago. 3 19:32:43 2026 1785796363420 Debug: homeform.cpp homeform::homeform(QQmlApplicationEngine *, bluetooth *) "/storage/emulated/0/Documents/QZ/0QZ-backup-dom. ago. 2 21_38_27 2026.fit" "0QZ-backup-dom. ago. 2 21_38_27 2026.fit" "0QZ-backup-dom. ago. 2 21_38_27 2026.fit"
seg. ago. 3 19:32:43 2026 1785796363423 Debug: homeform.cpp homeform::homeform(QQmlApplicationEngine *, bluetooth *) "/storage/emulated/0/Documents/QZ/1QZ-backup-dom. ago. 2 21_38_27 2026.fit" "1QZ-backup-dom. ago. 2 21_38_27 2026.fit" "1QZ-backup-dom. ago. 2 21_38_27 2026.fit"
seg. ago. 3 19:32:43 2026 1785796363426 Debug: homeform.cpp homeform::homeform(QQmlApplicationEngine *, bluetooth *) "/storage/emulated/0/Documents/QZ/0QZ-backup-seg. ago. 3 19_09_45 2026.fit" "0QZ-backup-seg. ago. 3 19_09_45 2026.fit" "0QZ-backup-seg. ago. 3 19_09_45 2026.fit"
seg. ago. 3 19:32:43 2026 1785796363433 Debug: homeform.cpp homeform::homeform(QQmlApplicationEngine *, bluetooth *) "/storage/emulated/0/Documents/QZ/1QZ-backup-seg. ago. 3 19_09_45 2026.fit" "1QZ-backup-seg. ago. 3 19_09_45 2026.fit" "1QZ-backup-seg. ago. 3 19_09_45 2026.fit"
seg. ago. 3 19:32:43 2026 1785796363436 Debug: homeform.cpp homeform::homeform(QQmlApplicationEngine *, bluetooth *) "/storage/emulated/0/Documents/QZ/0QZ-backup-seg. ago. 3 19_29_25 2026.fit" "0QZ-backup-seg. ago. 3 19_29_25 2026.fit" "0QZ-backup-seg. ago. 3 19_29_25 2026.fit"
seg. ago. 3 19:32:43 2026 1785796363473 Debug: homeform.cpp homeform::homeform(QQmlApplicationEngine *, bluetooth *) getBluetoothName() "Tab"
seg. ago. 3 19:32:43 2026 1785796363491 Debug: homeform.cpp homeform::homeform(QQmlApplicationEngine *, bluetooth *) "" "" ""
seg. ago. 3 19:32:43 2026 1785796363494 Debug: homeform.cpp homeform::homeform(QQmlApplicationEngine *, bluetooth *) "/storage/emulated/0/Android/data/org.cagnulen.qdomyoszwift/files/." "." "/."
seg. ago. 3 19:32:43 2026 1785796363496 Debug: homeform.cpp homeform::homeform(QQmlApplicationEngine *, bluetooth *) "/storage/emulated/0/Android/data/org.cagnulen.qdomyoszwift/files/.." ".." "/.."
seg. ago. 3 19:32:43 2026 1785796363499 Debug: homeform.cpp homeform::homeform(QQmlApplicationEngine *, bluetooth *) "/storage/emulated/0/Android/data/org.cagnulen.qdomyoszwift/files/training" "training" "/training"
seg. ago. 3 19:32:43 2026 1785796363501 Debug: homeform.cpp homeform::homeform(QQmlApplicationEngine *, bluetooth *) "/storage/emulated/0/Android/data/org.cagnulen.qdomyoszwift/files/training/." "." "/training/."
seg. ago. 3 19:32:43 2026 1785796363502 Debug: homeform.cpp homeform::homeform(QQmlApplicationEngine *, bluetooth *) "/storage/emulated/0/Android/data/org.cagnulen.qdomyoszwift/files/training/.." ".." "/training/.."
seg. ago. 3 19:32:43 2026 1785796363504 Debug: homeform.cpp homeform::homeform(QQmlApplicationEngine *, bluetooth *) "/storage/emulated/0/Android/data/org.cagnulen.qdomyoszwift/files/training/VO2max with sweet spot.zwo" "VO2max with sweet spot.zwo" "/training/VO2max with sweet spot.zwo"
seg. ago. 3 19:32:43 2026 1785796363506 Debug: homeform.cpp homeform::homeform(QQmlApplicationEngine *, bluetooth *) "/storage/emulated/0/Android/data/org.cagnulen.qdomyoszwift/files/training/Tempo and endurance.zwo" "Tempo and endurance.zwo" "/training/Tempo and endurance.zwo"
seg. ago. 3 19:32:43 2026 1785796363508 Debug: homeform.cpp homeform::homeform(QQmlApplicationEngine *, bluetooth *) "/storage/emulated/0/Android/data/org.cagnulen.qdomyoszwift/files/training/HIIT Aerobic.zwo" "HIIT Aerobic.zwo" "/training/HIIT Aerobic.zwo"
seg. ago. 3 19:32:43 2026 1785796363509 Debug: homeform.cpp homeform::homeform(QQmlApplicationEngine *, bluetooth *) "/storage/emulated/0/Android/data/org.cagnulen.qdomyoszwift/files/training/Easy intervals.zwo" "Easy intervals.zwo" "/training/Easy intervals.zwo"
seg. ago. 3 19:32:43 2026 1785796363511 Debug: homeform.cpp homeform::homeform(QQmlApplicationEngine *, bluetooth *) "/storage/emulated/0/Android/data/org.cagnulen.qdomyoszwift/files/training/HIIT Neuromuscular.zwo" "HIIT Neuromuscular.zwo" "/training/HIIT Neuromuscular.zwo"
seg. ago. 3 19:32:43 2026 1785796363512 Debug: homeform.cpp homeform::homeform(QQmlApplicationEngine *, bluetooth *) "/storage/emulated/0/Android/data/org.cagnulen.qdomyoszwift/files/training/VO2max with recovery.zwo" "VO2max with recovery.zwo" "/training/VO2max with recovery.zwo"
seg. ago. 3 19:32:43 2026 1785796363514 Debug: homeform.cpp homeform::homeform(QQmlApplicationEngine *, bluetooth *) "/storage/emulated/0/Android/data/org.cagnulen.qdomyoszwift/files/training/Tabata with sweet spot.zwo" "Tabata with sweet spot.zwo" "/training/Tabata with sweet spot.zwo"
seg. ago. 3 19:32:43 2026 1785796363515 Debug: homeform.cpp homeform::homeform(QQmlApplicationEngine *, bluetooth *) "/storage/emulated/0/Android/data/org.cagnulen.qdomyoszwift/files/training/Tabata plus 2 with sweet spot and threshold.zwo" "Tabata plus 2 with sweet spot and threshold.zwo" "/training/Tabata plus 2 with sweet spot and threshold.zwo"
seg. ago. 3 19:32:43 2026 1785796363520 Debug: homeform.cpp homeform::homeform(QQmlApplicationEngine *, bluetooth *) "/storage/emulated/0/Android/data/org.cagnulen.qdomyoszwift/files/training/HIIT Anaerobic Sprint.zwo" "HIIT Anaerobic Sprint.zwo" "/training/HIIT Anaerobic Sprint.zwo"
seg. ago. 3 19:32:43 2026 1785796363522 Debug: homeform.cpp homeform::homeform(QQmlApplicationEngine *, bluetooth *) "/storage/emulated/0/Android/data/org.cagnulen.qdomyoszwift/files/training/HIIT Anaerobic.zwo" "HIIT Anaerobic.zwo" "/training/HIIT Anaerobic.zwo"
seg. ago. 3 19:32:43 2026 1785796363525 Debug: homeform.cpp homeform::homeform(QQmlApplicationEngine *, bluetooth *) "/storage/emulated/0/Android/data/org.cagnulen.qdomyoszwift/files/training/Short Mix by Jonathan.zwo" "Short Mix by Jonathan.zwo" "/training/Short Mix by Jonathan.zwo"
seg. ago. 3 19:32:43 2026 1785796363529 Debug: homeform.cpp homeform::homeform(QQmlApplicationEngine *, bluetooth *) "/storage/emulated/0/Android/data/org.cagnulen.qdomyoszwift/files/gpx" "gpx" "/gpx"
seg. ago. 3 19:32:43 2026 1785796363532 Debug: homeform.cpp homeform::homeform(QQmlApplicationEngine *, bluetooth *) "/storage/emulated/0/Android/data/org.cagnulen.qdomyoszwift/files/gpx/." "." "/gpx/."
seg. ago. 3 19:32:43 2026 1785796363533 Debug: homeform.cpp homeform::homeform(QQmlApplicationEngine *, bluetooth *) "/storage/emulated/0/Android/data/org.cagnulen.qdomyoszwift/files/gpx/.." ".." "/gpx/.."
seg. ago. 3 19:32:43 2026 1785796363535 Debug: homeform.cpp homeform::homeform(QQmlApplicationEngine *, bluetooth *) "/storage/emulated/0/Android/data/org.cagnulen.qdomyoszwift/files/gpx/Richmond Park.gpx" "Richmond Park.gpx" "/gpx/Richmond Park.gpx"
seg. ago. 3 19:32:43 2026 1785796363536 Debug: homeform.cpp homeform::homeform(QQmlApplicationEngine *, bluetooth *) "/storage/emulated/0/Android/data/org.cagnulen.qdomyoszwift/files/gpx/Butterfield Canyon Road.gpx" "Butterfield Canyon Road.gpx" "/gpx/Butterfield Canyon Road.gpx"
seg. ago. 3 19:32:43 2026 1785796363538 Debug: homeform.cpp homeform::homeform(QQmlApplicationEngine *, bluetooth *) "/storage/emulated/0/Android/data/org.cagnulen.qdomyoszwift/files/gpx/Govi to Hood.gpx" "Govi to Hood.gpx" "/gpx/Govi to Hood.gpx"
seg. ago. 3 19:32:43 2026 1785796363541 Debug: homeform.cpp homeform::homeform(QQmlApplicationEngine *, bluetooth *) "/storage/emulated/0/Android/data/org.cagnulen.qdomyoszwift/files/gpx/Box Hill.gpx" "Box Hill.gpx" "/gpx/Box Hill.gpx"
seg. ago. 3 19:32:43 2026 1785796363543 Debug: homeform.cpp homeform::homeform(QQmlApplicationEngine *, bluetooth *) "/storage/emulated/0/Android/data/org.cagnulen.qdomyoszwift/files/gpx/Crater Lake.gpx" "Crater Lake.gpx" "/gpx/Crater Lake.gpx"
seg. ago. 3 19:32:43 2026 1785796363545 Debug: homeform.cpp homeform::homeform(QQmlApplicationEngine *, bluetooth *) "/storage/emulated/0/Android/data/org.cagnulen.qdomyoszwift/files/gpx/Italy - Passo dello Stelvio.gpx" "Italy - Passo dello Stelvio.gpx" "/gpx/Italy - Passo dello Stelvio.gpx"
seg. ago. 3 19:32:43 2026 1785796363546 Debug: homeform.cpp homeform::homeform(QQmlApplicationEngine *, bluetooth *) "/storage/emulated/0/Android/data/org.cagnulen.qdomyoszwift/files/gpx/Pittenweem to St Andrews.gpx" "Pittenweem to St Andrews.gpx" "/gpx/Pittenweem to St Andrews.gpx"
seg. ago. 3 19:32:43 2026 1785796363548 Debug: homeform.cpp homeform::homeform(QQmlApplicationEngine *, bluetooth *) "/storage/emulated/0/Android/data/org.cagnulen.qdomyoszwift/files/gpx/St Andrews to Pittenweem.gpx" "St Andrews to Pittenweem.gpx" "/gpx/St Andrews to Pittenweem.gpx"
seg. ago. 3 19:32:43 2026 1785796363550 Debug: homeform.cpp homeform::homeform(QQmlApplicationEngine *, bluetooth *) "/storage/emulated/0/Android/data/org.cagnulen.qdomyoszwift/files/fit" "fit" "/fit"
seg. ago. 3 19:32:43 2026 1785796363552 Debug: homeform.cpp homeform::homeform(QQmlApplicationEngine *, bluetooth *) "/storage/emulated/0/Android/data/org.cagnulen.qdomyoszwift/files/fit/." "." "/fit/."
seg. ago. 3 19:32:43 2026 1785796363553 Debug: homeform.cpp homeform::homeform(QQmlApplicationEngine *, bluetooth *) "/storage/emulated/0/Android/data/org.cagnulen.qdomyoszwift/files/fit/.." ".." "/fit/.."
seg. ago. 3 19:32:43 2026 1785796363601 Debug: workoutmodel.cpp WorkoutModel::WorkoutModel(const QString &, QObject *) Failed to open database in main thread: "unable to open database file Error opening database"
seg. ago. 3 19:32:43 2026 1785796363628 Warning: qrc:/Home.qml  qrc:/Home.qml:0: ReferenceError: appModel is not defined
seg. ago. 3 19:32:43 2026 1785796363742 Debug: homeform.cpp homeform::homeform(QQmlApplicationEngine *, bluetooth *) SSL supported
seg. ago. 3 19:32:43 2026 1785796363746 Debug: androidqlog.cpp void Java_org_cagnulen_qdomyoszwift_QLog_sendToQt(JNIEnv *, jclass, jint, jstring, jstring) [DEBUG: "Shortcuts" ] "/storage/emulated/0/Documents/QZ/"
seg. ago. 3 19:32:43 2026 1785796363771 Debug: keepawakehelper.cpp KeepAwakeHelper::KeepAwakeHelper() Locked device, can't go to standby anymore
seg. ago. 3 19:32:43 2026 1785796363776 Debug:   Device found:  "YPBM001264" "B8:F8:62:6D:A8:D6" isLeScanResult: true Manufacturer data size: 1
seg. ago. 3 19:32:43 2026 1785796363776 Debug: keepawakehelper.cpp auto KeepAwakeHelper::keepScreenOn(bool)::(anonymous class)::operator()() const Activated : Keep screen ON
seg. ago. 3 19:32:43 2026 1785796363778 Debug: devices/bluetooth.cpp void bluetooth::deviceDiscovered(const QBluetoothDeviceInfo &) manufacturerData QVector(637)
seg. ago. 3 19:32:43 2026 1785796363779 Debug: devices/bluetooth.cpp void bluetooth::deviceDiscovered(const QBluetoothDeviceInfo &) 637 "01 05 00 ff ff"
seg. ago. 3 19:32:43 2026 1785796363783 Debug: devices/bluetooth.cpp void bluetooth::deviceDiscovered(const QBluetoothDeviceInfo &) "Found new device: " "YPBM001264" " (" "B8:F8:62:6D:A8:D6" )   31 ":" 0 ("{00001826-0000-1000-8000-00805f9b34fb}")
seg. ago. 3 19:32:43 2026 1785796363828 Debug: devices/bluetooth.cpp void bluetooth::debug(const QString &) "BTLE scanning stops"
seg. ago. 3 19:32:43 2026 1785796363839 Debug: ./wheelcircumference.h void wheelCircumference::GearTable::printTable() const | Gear | Crankset | Rear Cog |

seg. ago. 3 19:32:43 2026 1785796363841 Debug: ./wheelcircumference.h void wheelCircumference::GearTable::printTable() const |------|----------|----------|

seg. ago. 3 19:32:43 2026 1785796363842 Debug: ./wheelcircumference.h void wheelCircumference::GearTable::printTable() const |  1  |  38  |  44  |

seg. ago. 3 19:32:43 2026 1785796363844 Debug: ./wheelcircumference.h void wheelCircumference::GearTable::printTable() const |  2  |  38  |  38  |

seg. ago. 3 19:32:43 2026 1785796363845 Debug: ./wheelcircumference.h void wheelCircumference::GearTable::printTable() const |  3  |  38  |  32  |

seg. ago. 3 19:32:43 2026 1785796363846 Debug: ./wheelcircumference.h void wheelCircumference::GearTable::printTable() const |  4  |  38  |  28  |

seg. ago. 3 19:32:43 2026 1785796363847 Debug: ./wheelcircumference.h void wheelCircumference::GearTable::printTable() const |  5  |  38  |  24  |

seg. ago. 3 19:32:43 2026 1785796363848 Debug: ./wheelcircumference.h void wheelCircumference::GearTable::printTable() const |  6  |  38  |  21  |

seg. ago. 3 19:32:43 2026 1785796363849 Debug: ./wheelcircumference.h void wheelCircumference::GearTable::printTable() const |  7  |  38  |  19  |

seg. ago. 3 19:32:43 2026 1785796363850 Debug: ./wheelcircumference.h void wheelCircumference::GearTable::printTable() const |  8  |  38  |  17  |

seg. ago. 3 19:32:43 2026 1785796363851 Debug: ./wheelcircumference.h void wheelCircumference::GearTable::printTable() const |  9  |  38  |  15  |

seg. ago. 3 19:32:43 2026 1785796363852 Debug: ./wheelcircumference.h void wheelCircumference::GearTable::printTable() const |  10  |  38  |  13  |

seg. ago. 3 19:32:43 2026 1785796363853 Debug: ./wheelcircumference.h void wheelCircumference::GearTable::printTable() const |  11  |  38  |  11  |

seg. ago. 3 19:32:43 2026 1785796363854 Debug: ./wheelcircumference.h void wheelCircumference::GearTable::printTable() const |  12  |  38  |  10  |

seg. ago. 3 19:32:43 2026 1785796363856 Debug: homeform.cpp void homeform::deviceConnected(QBluetoothDeviceInfo) deviceConnected bluetooth(0x71c8686030) QQmlApplicationEngine(0x71c86858c0)
seg. ago. 3 19:32:43 2026 1785796363857 Debug: homeform.cpp void homeform::deviceConnected(QBluetoothDeviceInfo) ftmsbike(0x70cee8c000)
seg. ago. 3 19:32:43 2026 1785796363935 Debug: qrc:/Home.qml onCompleted completed 
seg. ago. 3 19:32:43 2026 1785796363938 Warning: qrc:/Home.qml  qrc:/Home.qml:418:17: Unable to assign QQuickAnchorLine to double
seg. ago. 3 19:32:43 2026 1785796363952 Debug: qrc:/Home.qml onCompleted completed 
seg. ago. 3 19:32:43 2026 1785796363954 Warning: qrc:/Home.qml  qrc:/Home.qml:418:17: Unable to assign QQuickAnchorLine to double
seg. ago. 3 19:32:43 2026 1785796363973 Debug: qrc:/Home.qml onCompleted completed 
seg. ago. 3 19:32:43 2026 1785796363975 Warning: qrc:/Home.qml  qrc:/Home.qml:418:17: Unable to assign QQuickAnchorLine to double
seg. ago. 3 19:32:43 2026 1785796363997 Debug: qrc:/Home.qml onCompleted completed 
seg. ago. 3 19:32:44 2026 1785796364000 Warning: qrc:/Home.qml  qrc:/Home.qml:418:17: Unable to assign QQuickAnchorLine to double
seg. ago. 3 19:32:44 2026 1785796364019 Debug: qrc:/Home.qml onCompleted completed 
seg. ago. 3 19:32:44 2026 1785796364022 Warning: qrc:/Home.qml  qrc:/Home.qml:418:17: Unable to assign QQuickAnchorLine to double
seg. ago. 3 19:32:44 2026 1785796364037 Debug: qrc:/Home.qml onCompleted completed 
seg. ago. 3 19:32:44 2026 1785796364039 Warning: qrc:/Home.qml  qrc:/Home.qml:418:17: Unable to assign QQuickAnchorLine to double
seg. ago. 3 19:32:44 2026 1785796364050 Debug: qrc:/Home.qml onCompleted completed 
seg. ago. 3 19:32:44 2026 1785796364052 Warning: qrc:/Home.qml  qrc:/Home.qml:418:17: Unable to assign QQuickAnchorLine to double
seg. ago. 3 19:32:44 2026 1785796364063 Debug: qrc:/Home.qml onCompleted completed 
seg. ago. 3 19:32:44 2026 1785796364064 Warning: qrc:/Home.qml  qrc:/Home.qml:418:17: Unable to assign QQuickAnchorLine to double
seg. ago. 3 19:32:44 2026 1785796364075 Debug: qrc:/Home.qml onCompleted completed 
seg. ago. 3 19:32:44 2026 1785796364076 Warning: qrc:/Home.qml  qrc:/Home.qml:418:17: Unable to assign QQuickAnchorLine to double
seg. ago. 3 19:32:44 2026 1785796364087 Debug: qrc:/Home.qml onCompleted completed 
seg. ago. 3 19:32:44 2026 1785796364089 Warning: qrc:/Home.qml  qrc:/Home.qml:418:17: Unable to assign QQuickAnchorLine to double
seg. ago. 3 19:32:44 2026 1785796364104 Debug: qrc:/Home.qml onCompleted completed 
seg. ago. 3 19:32:44 2026 1785796364106 Warning: qrc:/Home.qml  qrc:/Home.qml:418:17: Unable to assign QQuickAnchorLine to double
seg. ago. 3 19:32:44 2026 1785796364122 Debug: qrc:/Home.qml onCompleted completed 
seg. ago. 3 19:32:44 2026 1785796364124 Warning: qrc:/Home.qml  qrc:/Home.qml:418:17: Unable to assign QQuickAnchorLine to double
seg. ago. 3 19:32:44 2026 1785796364134 Debug: qrc:/Home.qml onCompleted completed 
seg. ago. 3 19:32:44 2026 1785796364136 Warning: qrc:/Home.qml  qrc:/Home.qml:418:17: Unable to assign QQuickAnchorLine to double
seg. ago. 3 19:32:44 2026 1785796364147 Debug: qrc:/Home.qml onCompleted completed 
seg. ago. 3 19:32:44 2026 1785796364148 Warning: qrc:/Home.qml  qrc:/Home.qml:418:17: Unable to assign QQuickAnchorLine to double
seg. ago. 3 19:32:44 2026 1785796364163 Debug: qrc:/Home.qml onCompleted completed 
seg. ago. 3 19:32:44 2026 1785796364165 Warning: qrc:/Home.qml  qrc:/Home.qml:418:17: Unable to assign QQuickAnchorLine to double
seg. ago. 3 19:32:44 2026 1785796364174 Debug: qrc:/Home.qml onCompleted completed 
seg. ago. 3 19:32:44 2026 1785796364176 Warning: qrc:/Home.qml  qrc:/Home.qml:418:17: Unable to assign QQuickAnchorLine to double
seg. ago. 3 19:32:44 2026 1785796364187 Debug: qrc:/Home.qml onCompleted completed 
seg. ago. 3 19:32:44 2026 1785796364188 Warning: qrc:/Home.qml  qrc:/Home.qml:418:17: Unable to assign QQuickAnchorLine to double
seg. ago. 3 19:32:44 2026 1785796364200 Debug: qrc:/Home.qml onCompleted completed 
seg. ago. 3 19:32:44 2026 1785796364202 Warning: qrc:/Home.qml  qrc:/Home.qml:418:17: Unable to assign QQuickAnchorLine to double
seg. ago. 3 19:32:44 2026 1785796364212 Debug: qrc:/Home.qml onCompleted completed 
seg. ago. 3 19:32:44 2026 1785796364214 Warning: qrc:/Home.qml  qrc:/Home.qml:418:17: Unable to assign QQuickAnchorLine to double
seg. ago. 3 19:32:44 2026 1785796364224 Debug: qrc:/Home.qml onCompleted completed 
seg. ago. 3 19:32:44 2026 1785796364226 Warning: qrc:/Home.qml  qrc:/Home.qml:418:17: Unable to assign QQuickAnchorLine to double
seg. ago. 3 19:32:44 2026 1785796364235 Debug: qrc:/Home.qml onCompleted completed 
seg. ago. 3 19:32:44 2026 1785796364237 Warning: qrc:/Home.qml  qrc:/Home.qml:418:17: Unable to assign QQuickAnchorLine to double
seg. ago. 3 19:32:44 2026 1785796364249 Debug: androidqlog.cpp void Java_org_cagnulen_qdomyoszwift_QLog_sendToQt(JNIEnv *, jclass, jint, jstring, jstring) [VERBOSE: "WearableController" ] "started"
seg. ago. 3 19:32:44 2026 1785796364251 Debug: homeform.cpp void homeform::trainProgramSignals() "trainProgram associated to a device"
seg. ago. 3 19:32:44 2026 1785796364253 Debug: devices/bluetooth.cpp void bluetooth::debug(const QString &) "Found new device: YPBM001264 (B8:F8:62:6D:A8:D6)"
seg. ago. 3 19:32:44 2026 1785796364253 Debug: devices/ftmsbike/ftmsbike.cpp void ftmsbike::deviceDiscovered(const QBluetoothDeviceInfo &) "YPBM found"
seg. ago. 3 19:32:44 2026 1785796364264 Debug:   Creating Android Central/Client support for BTLE
seg. ago. 3 19:32:44 2026 1785796364277 Debug: devices/ftmsbike/ftmsbike.cpp void ftmsbike::controllerStateChanged(QLowEnergyController::ControllerState) "controllerStateChanged" QLowEnergyController::ConnectingState
seg. ago. 3 19:32:44 2026 1785796364292 Debug: androidqlog.cpp void Java_org_cagnulen_qdomyoszwift_QLog_sendToQt(JNIEnv *, jclass, jint, jstring, jstring) [VERBOSE: "WearableMessageListenerService" ] "onStartCommand"
seg. ago. 3 19:32:44 2026 1785796364321 Debug: androidqlog.cpp void Java_org_cagnulen_qdomyoszwift_QLog_sendToQt(JNIEnv *, jclass, jint, jstring, jstring) [DEBUG: "InAppPurchase" ] "queryDetails: start"
seg. ago. 3 19:32:44 2026 1785796364323 Debug: androidqlog.cpp void Java_org_cagnulen_qdomyoszwift_QLog_sendToQt(JNIEnv *, jclass, jint, jstring, jstring) [DEBUG: "InAppPurchase" ] "queryDetails: productIds.length 1"
seg. ago. 3 19:32:44 2026 1785796364328 Debug: homeform.cpp auto homeform::homeform(QQmlApplicationEngine *, bluetooth *)::(anonymous class)::operator()(const QString &) const FitDatabaseProcessor Error: "Failed to open database: unable to open database file Error opening database"
seg. ago. 3 19:32:44 2026 1785796364347 Warning: qrc:/HomeForm.ui.qml  qrc:/HomeForm.ui.qml:188:9: QML Row: Cannot specify left, right, horizontalCenter, fill or centerIn anchors for items inside Row. Row will not function.
seg. ago. 3 19:32:44 2026 1785796364398 Debug: homeform.cpp void homeform::update() homeform::update fired! elapsed: 1953 jitter: 953
seg. ago. 3 19:32:44 2026 1785796364411 Debug: androidqlog.cpp void Java_org_cagnulen_qdomyoszwift_QLog_sendToQt(JNIEnv *, jclass, jint, jstring, jstring) [VERBOSE: "WearableMessageListenerService" ] "onConnectionFailed"
seg. ago. 3 19:32:44 2026 1785796364429 Debug: homeform.cpp void homeform::update() homeform::update tiles updated!
seg. ago. 3 19:32:44 2026 1785796364430 Debug: homeform.cpp void homeform::update() Current Distance 1s: 0 0 0
seg. ago. 3 19:32:44 2026 1785796364437 Debug: webserverinfosender.cpp auto WebServerInfoSender::init()::(anonymous class)::operator()(const QUrl &, const QHttpServerRequest &) const "Path" "chartjs/chartlive.htm" "req" "chartjs"
seg. ago. 3 19:32:44 2026 1785796364438 Debug: webserverinfosender.cpp auto WebServerInfoSender::init()::(anonymous class)::operator()(const QUrl &, const QHttpServerRequest &) const File to look at: ":/inner_templates//chartjs/chartlive.htm"
seg. ago. 3 19:32:44 2026 1785796364516 Debug: androidqlog.cpp void Java_org_cagnulen_qdomyoszwift_QLog_sendToQt(JNIEnv *, jclass, jint, jstring, jstring) [DEBUG: "InAppPurchase" ] "onProductDetailsResponse: responseCode 0"
seg. ago. 3 19:32:44 2026 1785796364521 Debug: androidqlog.cpp void Java_org_cagnulen_qdomyoszwift_QLog_sendToQt(JNIEnv *, jclass, jint, jstring, jstring) [DEBUG: "InAppPurchase" ] "onProductDetailsResponse: productDetailsList [ProductDetails{jsonString='{\"productId\":\"org.cagnulein.qdomyoszwift.swagbag\",\"type\":\"subs\",\"title\":\"Swag Bag (QZ (qdomyos-zwift))\",\"name\":\"Swag Bag\",\"description\":\"Swag Bag\",\"localizedIn\":[\"en-US\"],\"skuDetailsToken\":\"AEuhp4JBkLMgGTIfe3GeWZpCK5vcFc4y7iUmqHi_-QCZyNb831N8hGoRWP9K57eLKjUS\",\"subscriptionOfferDetails\":[{\"offerIdToken\":\"AXW7mMuF7X5Tc2QFN9xkEs52Ptflw9ljHioKzm16wdYXpGBG+gwQsnvc4iT07u40G+5pY4eYQw==\",\"basePlanId\":\"p1m\",\"pricingPhases\":[{\"priceAmountMicros\":9990000,\"priceCurrencyCode\":\"BRL\",\"formattedPrice\":\"R$ 9,99\",\"billingPeriod\":\"P1M\",\"recurrenceMode\":1}],\"offerTags\":[]}]}', parsedJson={\"productId\":\"org.cagnulein.qdomyoszwift.swagbag\",\"type\":\"subs\",\"title\":\"Swag Bag (QZ (qdomyos-zwift))\",\"name\":\"Swag Bag\",\"description\":\"Swag Bag\",\"localizedIn\":[\"en-US\"],\"skuDetailsToken\":\"AEuhp4JBkLMgGTIfe3GeWZpCK5vcFc4y7iUmqHi_-QCZyNb831N8hGoRWP9K57eLKjUS\",\"subscriptionOfferDetails\":[{\"offerIdToken\":\"AXW7mMuF7X5Tc2QFN9xkEs52Ptflw9ljHioKzm16wdYXpGBG+gwQsnvc4iT07u40G+5pY4eYQw==\",\"basePlanId\":\"p1m\",\"pricingPhases\":[{\"priceAmountMicros\":9990000,\"priceCurrencyCode\":\"BRL\",\"formattedPrice\":\"R$ 9,99\",\"billingPeriod\":\"P1M\",\"recurrenceMode\":1}],\"offerTags\":[]}]}, productId='org.cagnulein.qdomyoszwift.swagbag', productType='subs', title='Swag Bag (QZ (qdomyos-zwift))', productDetailsToken='AEuhp4JBkLMgGTIfe3GeWZpCK5vcFc4y7iUmqHi_-QCZyNb831N8hGoRWP9K57eLKjUS', subscriptionOfferDetails=[com.android.billingclient.api.ProductDetails$SubscriptionOfferDetails@d8f6df0]}]"
seg. ago. 3 19:32:44 2026 1785796364732 Debug: webserverinfosender.cpp auto WebServerInfoSender::init()::(anonymous class)::operator()(const QUrl &, const QHttpServerRequest &) const "Path" "chartjs/chartlive.htm" "req" "chartjs"
seg. ago. 3 19:32:44 2026 1785796364733 Debug: webserverinfosender.cpp auto WebServerInfoSender::init()::(anonymous class)::operator()(const QUrl &, const QHttpServerRequest &) const File to look at: ":/inner_templates//chartjs/chartlive.htm"
seg. ago. 3 19:32:44 2026 1785796364735 Debug: webserverinfosender.cpp auto WebServerInfoSender::init()::(anonymous class)::operator()(const QUrl &, const QHttpServerRequest &) const "Path" "chartjs/chartlive.htm" "req" "chartjs"
seg. ago. 3 19:32:44 2026 1785796364736 Debug: webserverinfosender.cpp auto WebServerInfoSender::init()::(anonymous class)::operator()(const QUrl &, const QHttpServerRequest &) const File to look at: ":/inner_templates//chartjs/chartlive.htm"
seg. ago. 3 19:32:44 2026 1785796364738 Debug: webserverinfosender.cpp auto WebServerInfoSender::init()::(anonymous class)::operator()(const QUrl &, const QHttpServerRequest &) const "Path" "chartjs/chartlive.htm" "req" "chartjs"
seg. ago. 3 19:32:44 2026 1785796364739 Debug: webserverinfosender.cpp auto WebServerInfoSender::init()::(anonymous class)::operator()(const QUrl &, const QHttpServerRequest &) const File to look at: ":/inner_templates//chartjs/chartlive.htm"
seg. ago. 3 19:32:44 2026 1785796364741 Debug: webserverinfosender.cpp auto WebServerInfoSender::init()::(anonymous class)::operator()(const QUrl &, const QHttpServerRequest &) const "Path" "chartjs/chartlive.htm" "req" "chartjs"
seg. ago. 3 19:32:44 2026 1785796364742 Debug: webserverinfosender.cpp auto WebServerInfoSender::init()::(anonymous class)::operator()(const QUrl &, const QHttpServerRequest &) const File to look at: ":/inner_templates//chartjs/chartlive.htm"
seg. ago. 3 19:32:44 2026 1785796364752 Debug:   Connection updated: error: QLowEnergyController::NoError oldState: QLowEnergyController::ConnectingState newState: QLowEnergyController::ConnectedState
seg. ago. 3 19:32:44 2026 1785796364753 Debug: devices/ftmsbike/ftmsbike.cpp void ftmsbike::controllerStateChanged(QLowEnergyController::ControllerState) "controllerStateChanged" QLowEnergyController::ConnectedState
seg. ago. 3 19:32:44 2026 1785796364754 Debug: devices/bluetooth.cpp void bluetooth::debug(const QString &) "Controller connected. Search services..."
seg. ago. 3 19:32:44 2026 1785796364755 Debug: devices/ftmsbike/ftmsbike.cpp void ftmsbike::controllerStateChanged(QLowEnergyController::ControllerState) "controllerStateChanged" QLowEnergyController::DiscoveringState
seg. ago. 3 19:32:44 2026 1785796364765 Debug:   Service discovery initiated
seg. ago. 3 19:32:44 2026 1785796364821 Debug: webserverinfosender.cpp auto WebServerInfoSender::init()::(anonymous class)::operator()(const QUrl &, const QHttpServerRequest &) const "Path" "chartjs/resize-observer.min.js" "req" "chartjs"
seg. ago. 3 19:32:44 2026 1785796364822 Debug: webserverinfosender.cpp auto WebServerInfoSender::init()::(anonymous class)::operator()(const QUrl &, const QHttpServerRequest &) const File to look at: ":/inner_templates//chartjs/resize-observer.min.js"
seg. ago. 3 19:32:44 2026 1785796364828 Debug: webserverinfosender.cpp auto WebServerInfoSender::init()::(anonymous class)::operator()(const QUrl &, const QHttpServerRequest &) const "Path" "chartjs/jquery-3.6.0.min.js" "req" "chartjs"
seg. ago. 3 19:32:44 2026 1785796364829 Debug: webserverinfosender.cpp auto WebServerInfoSender::init()::(anonymous class)::operator()(const QUrl &, const QHttpServerRequest &) const File to look at: ":/inner_templates//chartjs/jquery-3.6.0.min.js"
seg. ago. 3 19:32:44 2026 1785796364837 Debug: webserverinfosender.cpp auto WebServerInfoSender::init()::(anonymous class)::operator()(const QUrl &, const QHttpServerRequest &) const "Path" "chartjs/chartjs.3.4.1.min.js" "req" "chartjs"
seg. ago. 3 19:32:44 2026 1785796364839 Debug: webserverinfosender.cpp auto WebServerInfoSender::init()::(anonymous class)::operator()(const QUrl &, const QHttpServerRequest &) const File to look at: ":/inner_templates//chartjs/chartjs.3.4.1.min.js"
seg. ago. 3 19:32:44 2026 1785796364862 Debug: webserverinfosender.cpp auto WebServerInfoSender::init()::(anonymous class)::operator()(const QUrl &, const QHttpServerRequest &) const "Path" "chartjs/moment.js" "req" "chartjs"
seg. ago. 3 19:32:44 2026 1785796364864 Debug: webserverinfosender.cpp auto WebServerInfoSender::init()::(anonymous class)::operator()(const QUrl &, const QHttpServerRequest &) const File to look at: ":/inner_templates//chartjs/moment.js"
seg. ago. 3 19:32:44 2026 1785796364881 Debug: webserverinfosender.cpp auto WebServerInfoSender::init()::(anonymous class)::operator()(const QUrl &, const QHttpServerRequest &) const "Path" "chartjs/chartjs-adapter-moment.js" "req" "chartjs"
seg. ago. 3 19:32:44 2026 1785796364882 Debug: webserverinfosender.cpp auto WebServerInfoSender::init()::(anonymous class)::operator()(const QUrl &, const QHttpServerRequest &) const File to look at: ":/inner_templates//chartjs/chartjs-adapter-moment.js"
seg. ago. 3 19:32:44 2026 1785796364921 Debug: webserverinfosender.cpp auto WebServerInfoSender::init()::(anonymous class)::operator()(const QUrl &, const QHttpServerRequest &) const "Path" "chartjs/chartjs-plugin-annotation.min.js" "req" "chartjs"
seg. ago. 3 19:32:44 2026 1785796364922 Debug: webserverinfosender.cpp auto WebServerInfoSender::init()::(anonymous class)::operator()(const QUrl &, const QHttpServerRequest &) const File to look at: ":/inner_templates//chartjs/chartjs-plugin-annotation.min.js"
seg. ago. 3 19:32:44 2026 1785796364929 Debug: webserverinfosender.cpp auto WebServerInfoSender::init()::(anonymous class)::operator()(const QUrl &, const QHttpServerRequest &) const "Path" "chartjs/globals.js" "req" "chartjs"
seg. ago. 3 19:32:44 2026 1785796364930 Debug: webserverinfosender.cpp auto WebServerInfoSender::init()::(anonymous class)::operator()(const QUrl &, const QHttpServerRequest &) const File to look at: ":/inner_templates//chartjs/globals.js"
seg. ago. 3 19:32:44 2026 1785796364947 Debug: webserverinfosender.cpp auto WebServerInfoSender::init()::(anonymous class)::operator()(const QUrl &, const QHttpServerRequest &) const "Path" "chartjs/main_ws_manager.js" "req" "chartjs"
seg. ago. 3 19:32:44 2026 1785796364949 Debug: webserverinfosender.cpp auto WebServerInfoSender::init()::(anonymous class)::operator()(const QUrl &, const QHttpServerRequest &) const File to look at: ":/inner_templates//chartjs/main_ws_manager.js"
seg. ago. 3 19:32:44 2026 1785796364952 Debug: webserverinfosender.cpp auto WebServerInfoSender::init()::(anonymous class)::operator()(const QUrl &, const QHttpServerRequest &) const "Path" "i18n/i18n.js" "req" "i18n"
seg. ago. 3 19:32:44 2026 1785796364955 Debug: webserverinfosender.cpp auto WebServerInfoSender::init()::(anonymous class)::operator()(const QUrl &, const QHttpServerRequest &) const File to look at: ":/inner_templates//i18n/i18n.js"
seg. ago. 3 19:32:44 2026 1785796364958 Debug: webserverinfosender.cpp auto WebServerInfoSender::init()::(anonymous class)::operator()(const QUrl &, const QHttpServerRequest &) const "Path" "chartjs/dochartlive.js" "req" "chartjs"
seg. ago. 3 19:32:44 2026 1785796364959 Debug: webserverinfosender.cpp auto WebServerInfoSender::init()::(anonymous class)::operator()(const QUrl &, const QHttpServerRequest &) const File to look at: ":/inner_templates//chartjs/dochartlive.js"
seg. ago. 3 19:32:44 2026 1785796364979 Debug: webserverinfosender.cpp auto WebServerInfoSender::init()::(anonymous class)::operator()(const QUrl &, const QHttpServerRequest &) const "Path" "chartjs/dochartliveheart.js" "req" "chartjs"
seg. ago. 3 19:32:44 2026 1785796364980 Debug: webserverinfosender.cpp auto WebServerInfoSender::init()::(anonymous class)::operator()(const QUrl &, const QHttpServerRequest &) const File to look at: ":/inner_templates//chartjs/dochartliveheart.js"
seg. ago. 3 19:32:44 2026 1785796364989 Debug: webserverinfosender.cpp void WebServerInfoSender::onNewConnection() "WebSocket connection" QUrl("ws://localhost:33093/chartjs-ws")
seg. ago. 3 19:32:44 2026 1785796364991 Debug: webserverinfosender.cpp auto WebServerInfoSender::init()::(anonymous class)::operator()(const QUrl &, const QHttpServerRequest &) const "Path" "chartjs/html2canvas.min.js" "req" "chartjs"
seg. ago. 3 19:32:44 2026 1785796364992 Debug: webserverinfosender.cpp auto WebServerInfoSender::init()::(anonymous class)::operator()(const QUrl &, const QHttpServerRequest &) const File to look at: ":/inner_templates//chartjs/html2canvas.min.js"
seg. ago. 3 19:32:45 2026 1785796365273 Debug: templateinfosender.cpp bool TemplateInfoSender::update(QJSEngine *) "eval res " "{\"msg\":\"workout\",\"content\":{\"BIKE_TYPE\":2,\"ELLIPTICAL_TYPE\":4,\"ROWING_TYPE\":3,\"TREADMILL_TYPE\":1,\"UNKNOWN_TYPE\":0,\"deviceId\":\"B8:F8:62:6D:A8:D6\",\"deviceName\":\"YPBM001264\",\"deviceRSSI\":-39,\"deviceType\":2,\"deviceConnected\":false,\"devicePaused\":false,\"elapsed_s\":0,\"elapsed_m\":0,\"elapsed_h\":0,\"lapelapsed_s\":0,\"lapelapsed_m\":0,\"lapelapsed_h\":0,\"pace_s\":0,\"pace_m\":0,\"pace_h\":0,\"pace_color\":\"white\",\"avgpace_s\":0,\"avgpace_m\":0,\"avgpace_h\":0,\"maxpace_s\":0,\"maxpace_m\":0,\"maxpace_h\":0,\"moving_s\":0,\"moving_m\":0,\"moving_h\":0,\"speed\":0,\"speed_avg\":0,\"speed_color\":\"white\",\"speed_lapavg\":0,\"speed_lapmax\":0,\"calories\":0,\"distance\":0,\"heart\":0,\"heart_color\":\"lightsteelblue\",\"heart_avg\":0,\"heart_lapavg\":0,\"heart_max\":0,\"heart_lapmax\":0,\"target_heart_above\":0,\"target_heart_below\":0,\"jouls\":0,\"elevation\":0,\"difficult\":1,\"watts\":0,\"watts_avg\":0,\"watts_color\":\"white\",\"watts_lapavg\":0,\"watts_max\":0,\"watts_lapmax\":0,\"kgwatts\":0,\"kgwatts_avg\":0,\"kgwatts_max\":0,\"workoutName\":\"Ride\",\"workoutStartDate\":\"seg. ago. 3 19:32:44 2026\",\"instructorName\":\"\",\"latitude\":null,\"longitude\":null,\"altitude\":null,\"peloton_offset\":0,\"peloton_ask_start\":false,\"autoresistance\":true,\"nextrow\":\"N/A\",\"training_row_index\":0,\"training_row_elapsed\":0,\"training_row_open_ended\":false,\"training_row_wait_for_lap\":false,\"row_remaining_time_s\":0,\"row_remaining_time_m\":0,\"row_remaining_time_h\":0,\"remaining_time_s\":0,\"remaining_time_m\":0,\"remaining_time_h\":0,\"nickName\":\"N/A\",\"gears\":0,\"target_resistance\":0,\"target_peloton_resistance\":0,\"target_cadence\":0,\"target_power\":0,\"power_zone\":1,\"power_zone_lapavg\":1,\"power_zone_lapmax\":1,\"target_power_zone\":1,\"power_zone_color\":\"white\",\"target_power_zone_color\":\"white\",\"peloton_resistance\":0,\"peloton_resistance_avg\":0,\"peloton_resistance_color\":\"white\",\"peloton_resistance_lapavg\":0,\"peloton_resistance_lapmax\":0,\"peloton_req_resistance\":0,\"cadence\":0,\"cadence_color\":\"white\",\"cadence_avg\":0,\"cadence_lapavg\":0,\"cadence_lapmax\":0,\"resistance\":0,\"resistance_avg\":0,\"resistance_lapavg\":0,\"resistance_lapmax\":0,\"cranks\":0,\"cranktime\":0,\"req_power\":0,\"req_cadence\":0,\"req_resistance\":0,\"inclination\":0,\"inclination_avg\":0}}"
seg. ago. 3 19:32:45 2026 1785796365278 Debug: homeform.cpp void homeform::update() homeform::update fired! elapsed: 879 jitter: -121
seg. ago. 3 19:32:45 2026 1785796365287 Debug: homeform.cpp void homeform::update() homeform::update tiles updated!
seg. ago. 3 19:32:45 2026 1785796365288 Debug: homeform.cpp void homeform::update() Current Distance 1s: 0 0 0
seg. ago. 3 19:32:45 2026 1785796365544 Debug: devices/bluetooth.cpp void bluetooth::debug(const QString &) "serviceDiscovered {00001800-0000-1000-8000-00805f9b34fb}"
seg. ago. 3 19:32:45 2026 1785796365545 Debug: devices/bluetooth.cpp void bluetooth::debug(const QString &) "serviceDiscovered {00001801-0000-1000-8000-00805f9b34fb}"
seg. ago. 3 19:32:45 2026 1785796365546 Debug: devices/bluetooth.cpp void bluetooth::debug(const QString &) "serviceDiscovered {0000180a-0000-1000-8000-00805f9b34fb}"
seg. ago. 3 19:32:45 2026 1785796365548 Debug: devices/bluetooth.cpp void bluetooth::debug(const QString &) "serviceDiscovered {00001826-0000-1000-8000-00805f9b34fb}"
seg. ago. 3 19:32:45 2026 1785796365551 Debug: devices/bluetooth.cpp void bluetooth::debug(const QString &) "serviceDiscovered {0000fff0-0000-1000-8000-00805f9b34fb}"
seg. ago. 3 19:32:45 2026 1785796365553 Debug: devices/bluetooth.cpp void bluetooth::debug(const QString &) "serviceDiscovered {0000180f-0000-1000-8000-00805f9b34fb}"
seg. ago. 3 19:32:45 2026 1785796365555 Debug: devices/ftmsbike/ftmsbike.cpp void ftmsbike::controllerStateChanged(QLowEnergyController::ControllerState) "controllerStateChanged" QLowEnergyController::DiscoveredState
seg. ago. 3 19:32:45 2026 1785796365557 Debug: devices/bluetooth.cpp void bluetooth::debug(const QString &) "serviceScanDone"
seg. ago. 3 19:32:45 2026 1785796365577 Debug: devices/bluetooth.cpp void bluetooth::debug(const QString &) "BTLE stateChanged DiscoveringServices"
seg. ago. 3 19:32:45 2026 1785796365578 Debug: devices/ftmsbike/ftmsbike.cpp void ftmsbike::stateChanged(QLowEnergyService::ServiceState) "stateChanged" "{00001800-0000-1000-8000-00805f9b34fb}" QLowEnergyService::DiscoveringServices
seg. ago. 3 19:32:45 2026 1785796365579 Debug: devices/ftmsbike/ftmsbike.cpp void ftmsbike::stateChanged(QLowEnergyService::ServiceState) "not all services discovered"
seg. ago. 3 19:32:45 2026 1785796365581 Debug:   Discovery of "{00001800-0000-1000-8000-00805f9b34fb}" started
seg. ago. 3 19:32:45 2026 1785796365583 Debug: devices/bluetooth.cpp void bluetooth::debug(const QString &) "BTLE stateChanged DiscoveringServices"
seg. ago. 3 19:32:45 2026 1785796365584 Debug: devices/ftmsbike/ftmsbike.cpp void ftmsbike::stateChanged(QLowEnergyService::ServiceState) "stateChanged" "{00001800-0000-1000-8000-00805f9b34fb}" QLowEnergyService::DiscoveringServices
seg. ago. 3 19:32:45 2026 1785796365585 Debug: devices/ftmsbike/ftmsbike.cpp void ftmsbike::stateChanged(QLowEnergyService::ServiceState) "not all services discovered"
seg. ago. 3 19:32:45 2026 1785796365586 Debug:   Discovery of "{00001801-0000-1000-8000-00805f9b34fb}" started
seg. ago. 3 19:32:45 2026 1785796365587 Debug: devices/bluetooth.cpp void bluetooth::debug(const QString &) "BTLE stateChanged DiscoveringServices"
seg. ago. 3 19:32:45 2026 1785796365588 Debug: devices/ftmsbike/ftmsbike.cpp void ftmsbike::stateChanged(QLowEnergyService::ServiceState) "stateChanged" "{00001800-0000-1000-8000-00805f9b34fb}" QLowEnergyService::DiscoveringServices
seg. ago. 3 19:32:45 2026 1785796365589 Debug: devices/ftmsbike/ftmsbike.cpp void ftmsbike::stateChanged(QLowEnergyService::ServiceState) "not all services discovered"
seg. ago. 3 19:32:45 2026 1785796365591 Debug:   Discovery of "{0000180a-0000-1000-8000-00805f9b34fb}" started
seg. ago. 3 19:32:45 2026 1785796365593 Debug: devices/bluetooth.cpp void bluetooth::debug(const QString &) "BTLE stateChanged DiscoveringServices"
seg. ago. 3 19:32:45 2026 1785796365594 Debug: devices/ftmsbike/ftmsbike.cpp void ftmsbike::stateChanged(QLowEnergyService::ServiceState) "stateChanged" "{00001800-0000-1000-8000-00805f9b34fb}" QLowEnergyService::DiscoveringServices
seg. ago. 3 19:32:45 2026 1785796365594 Debug: devices/ftmsbike/ftmsbike.cpp void ftmsbike::stateChanged(QLowEnergyService::ServiceState) "not all services discovered"
seg. ago. 3 19:32:45 2026 1785796365596 Debug:   Discovery of "{0000180f-0000-1000-8000-00805f9b34fb}" started
seg. ago. 3 19:32:45 2026 1785796365597 Debug: devices/bluetooth.cpp void bluetooth::debug(const QString &) "BTLE stateChanged DiscoveringServices"
seg. ago. 3 19:32:45 2026 1785796365598 Debug: devices/ftmsbike/ftmsbike.cpp void ftmsbike::stateChanged(QLowEnergyService::ServiceState) "stateChanged" "{00001800-0000-1000-8000-00805f9b34fb}" QLowEnergyService::DiscoveringServices
seg. ago. 3 19:32:45 2026 1785796365599 Debug: devices/ftmsbike/ftmsbike.cpp void ftmsbike::stateChanged(QLowEnergyService::ServiceState) "not all services discovered"
seg. ago. 3 19:32:45 2026 1785796365600 Debug:   Discovery of "{00001826-0000-1000-8000-00805f9b34fb}" started
seg. ago. 3 19:32:45 2026 1785796365602 Debug: devices/bluetooth.cpp void bluetooth::debug(const QString &) "BTLE stateChanged DiscoveringServices"
seg. ago. 3 19:32:45 2026 1785796365603 Debug: devices/ftmsbike/ftmsbike.cpp void ftmsbike::stateChanged(QLowEnergyService::ServiceState) "stateChanged" "{00001800-0000-1000-8000-00805f9b34fb}" QLowEnergyService::DiscoveringServices
seg. ago. 3 19:32:45 2026 1785796365604 Debug: devices/ftmsbike/ftmsbike.cpp void ftmsbike::stateChanged(QLowEnergyService::ServiceState) "not all services discovered"
seg. ago. 3 19:32:45 2026 1785796365605 Debug:   Discovery of "{0000fff0-0000-1000-8000-00805f9b34fb}" started
seg. ago. 3 19:32:45 2026 1785796365608 Debug:   Service "00001800-0000-1000-8000-00805f9b34fb" discovered (start: 1 end: 5 ) QLowEnergyServicePrivate(0x71bf32e870)
seg. ago. 3 19:32:45 2026 1785796365609 Debug: devices/bluetooth.cpp void bluetooth::debug(const QString &) "BTLE stateChanged ServiceDiscovered"
seg. ago. 3 19:32:45 2026 1785796365610 Debug: devices/ftmsbike/ftmsbike.cpp void ftmsbike::stateChanged(QLowEnergyService::ServiceState) "stateChanged" "{00001800-0000-1000-8000-00805f9b34fb}" QLowEnergyService::ServiceDiscovered
seg. ago. 3 19:32:45 2026 1785796365612 Debug: devices/ftmsbike/ftmsbike.cpp void ftmsbike::stateChanged(QLowEnergyService::ServiceState) "stateChanged" "{00001801-0000-1000-8000-00805f9b34fb}" QLowEnergyService::DiscoveringServices
seg. ago. 3 19:32:45 2026 1785796365613 Debug: devices/ftmsbike/ftmsbike.cpp void ftmsbike::stateChanged(QLowEnergyService::ServiceState) "not all services discovered"
seg. ago. 3 19:32:45 2026 1785796365614 Debug:   Service "00001801-0000-1000-8000-00805f9b34fb" discovered (start: 6 end: 13 ) QLowEnergyServicePrivate(0x71bf32e8e0)
seg. ago. 3 19:32:45 2026 1785796365615 Debug: devices/bluetooth.cpp void bluetooth::debug(const QString &) "BTLE stateChanged ServiceDiscovered"
seg. ago. 3 19:32:45 2026 1785796365616 Debug: devices/ftmsbike/ftmsbike.cpp void ftmsbike::stateChanged(QLowEnergyService::ServiceState) "stateChanged" "{00001800-0000-1000-8000-00805f9b34fb}" QLowEnergyService::ServiceDiscovered
seg. ago. 3 19:32:45 2026 1785796365617 Debug: devices/ftmsbike/ftmsbike.cpp void ftmsbike::stateChanged(QLowEnergyService::ServiceState) "stateChanged" "{00001801-0000-1000-8000-00805f9b34fb}" QLowEnergyService::ServiceDiscovered
seg. ago. 3 19:32:45 2026 1785796365618 Debug: devices/ftmsbike/ftmsbike.cpp void ftmsbike::stateChanged(QLowEnergyService::ServiceState) "stateChanged" "{0000180a-0000-1000-8000-00805f9b34fb}" QLowEnergyService::DiscoveringServices
seg. ago. 3 19:32:45 2026 1785796365619 Debug: devices/ftmsbike/ftmsbike.cpp void ftmsbike::stateChanged(QLowEnergyService::ServiceState) "not all services discovered"
seg. ago. 3 19:32:45 2026 1785796365620 Debug:   Service "0000180a-0000-1000-8000-00805f9b34fb" discovered (start: 14 end: 28 ) QLowEnergyServicePrivate(0x71bf32e9c0)
seg. ago. 3 19:32:45 2026 1785796365621 Debug: devices/bluetooth.cpp void bluetooth::debug(const QString &) "BTLE stateChanged ServiceDiscovered"
seg. ago. 3 19:32:45 2026 1785796365622 Debug: devices/ftmsbike/ftmsbike.cpp void ftmsbike::stateChanged(QLowEnergyService::ServiceState) "stateChanged" "{00001800-0000-1000-8000-00805f9b34fb}" QLowEnergyService::ServiceDiscovered
seg. ago. 3 19:32:45 2026 1785796365623 Debug: devices/ftmsbike/ftmsbike.cpp void ftmsbike::stateChanged(QLowEnergyService::ServiceState) "stateChanged" "{00001801-0000-1000-8000-00805f9b34fb}" QLowEnergyService::ServiceDiscovered
seg. ago. 3 19:32:45 2026 1785796365624 Debug: devices/ftmsbike/ftmsbike.cpp void ftmsbike::stateChanged(QLowEnergyService::ServiceState) "stateChanged" "{0000180a-0000-1000-8000-00805f9b34fb}" QLowEnergyService::ServiceDiscovered
seg. ago. 3 19:32:45 2026 1785796365625 Debug: devices/ftmsbike/ftmsbike.cpp void ftmsbike::stateChanged(QLowEnergyService::ServiceState) "stateChanged" "{0000180f-0000-1000-8000-00805f9b34fb}" QLowEnergyService::DiscoveringServices
seg. ago. 3 19:32:45 2026 1785796365625 Debug: devices/ftmsbike/ftmsbike.cpp void ftmsbike::stateChanged(QLowEnergyService::ServiceState) "not all services discovered"
seg. ago. 3 19:32:45 2026 1785796365626 Debug:   Service "0000180f-0000-1000-8000-00805f9b34fb" discovered (start: 64 end: 67 ) QLowEnergyServicePrivate(0x71bf32ec60)
seg. ago. 3 19:32:45 2026 1785796365627 Debug: devices/bluetooth.cpp void bluetooth::debug(const QString &) "BTLE stateChanged ServiceDiscovered"
seg. ago. 3 19:32:45 2026 1785796365628 Debug: devices/ftmsbike/ftmsbike.cpp void ftmsbike::stateChanged(QLowEnergyService::ServiceState) "stateChanged" "{00001800-0000-1000-8000-00805f9b34fb}" QLowEnergyService::ServiceDiscovered
seg. ago. 3 19:32:45 2026 1785796365629 Debug: devices/ftmsbike/ftmsbike.cpp void ftmsbike::stateChanged(QLowEnergyService::ServiceState) "stateChanged" "{00001801-0000-1000-8000-00805f9b34fb}" QLowEnergyService::ServiceDiscovered
seg. ago. 3 19:32:45 2026 1785796365630 Debug: devices/ftmsbike/ftmsbike.cpp void ftmsbike::stateChanged(QLowEnergyService::ServiceState) "stateChanged" "{0000180a-0000-1000-8000-00805f9b34fb}" QLowEnergyService::ServiceDiscovered
seg. ago. 3 19:32:45 2026 1785796365631 Debug: devices/ftmsbike/ftmsbike.cpp void ftmsbike::stateChanged(QLowEnergyService::ServiceState) "stateChanged" "{0000180f-0000-1000-8000-00805f9b34fb}" QLowEnergyService::ServiceDiscovered
seg. ago. 3 19:32:45 2026 1785796365631 Debug: devices/ftmsbike/ftmsbike.cpp void ftmsbike::stateChanged(QLowEnergyService::ServiceState) "stateChanged" "{00001826-0000-1000-8000-00805f9b34fb}" QLowEnergyService::DiscoveringServices
seg. ago. 3 19:32:45 2026 1785796365632 Debug: devices/ftmsbike/ftmsbike.cpp void ftmsbike::stateChanged(QLowEnergyService::ServiceState) "not all services discovered"
seg. ago. 3 19:32:45 2026 1785796365633 Debug:   Service "00001826-0000-1000-8000-00805f9b34fb" discovered (start: 29 end: 51 ) QLowEnergyServicePrivate(0x71bf32eaa0)
seg. ago. 3 19:32:45 2026 1785796365634 Debug: devices/bluetooth.cpp void bluetooth::debug(const QString &) "BTLE stateChanged ServiceDiscovered"
seg. ago. 3 19:32:45 2026 1785796365635 Debug: devices/ftmsbike/ftmsbike.cpp void ftmsbike::stateChanged(QLowEnergyService::ServiceState) "stateChanged" "{00001800-0000-1000-8000-00805f9b34fb}" QLowEnergyService::ServiceDiscovered
seg. ago. 3 19:32:45 2026 1785796365637 Debug: devices/ftmsbike/ftmsbike.cpp void ftmsbike::stateChanged(QLowEnergyService::ServiceState) "stateChanged" "{00001801-0000-1000-8000-00805f9b34fb}" QLowEnergyService::ServiceDiscovered
seg. ago. 3 19:32:45 2026 1785796365638 Debug: devices/ftmsbike/ftmsbike.cpp void ftmsbike::stateChanged(QLowEnergyService::ServiceState) "stateChanged" "{0000180a-0000-1000-8000-00805f9b34fb}" QLowEnergyService::ServiceDiscovered
seg. ago. 3 19:32:45 2026 1785796365638 Debug: devices/ftmsbike/ftmsbike.cpp void ftmsbike::stateChanged(QLowEnergyService::ServiceState) "stateChanged" "{0000180f-0000-1000-8000-00805f9b34fb}" QLowEnergyService::ServiceDiscovered
seg. ago. 3 19:32:45 2026 1785796365639 Debug: devices/ftmsbike/ftmsbike.cpp void ftmsbike::stateChanged(QLowEnergyService::ServiceState) "stateChanged" "{00001826-0000-1000-8000-00805f9b34fb}" QLowEnergyService::ServiceDiscovered
seg. ago. 3 19:32:45 2026 1785796365640 Debug: devices/ftmsbike/ftmsbike.cpp void ftmsbike::stateChanged(QLowEnergyService::ServiceState) "stateChanged" "{0000fff0-0000-1000-8000-00805f9b34fb}" QLowEnergyService::DiscoveringServices
seg. ago. 3 19:32:45 2026 1785796365641 Debug: devices/ftmsbike/ftmsbike.cpp void ftmsbike::stateChanged(QLowEnergyService::ServiceState) "not all services discovered"
seg. ago. 3 19:32:45 2026 1785796365642 Debug:   Service "0000fff0-0000-1000-8000-00805f9b34fb" discovered (start: 52 end: 63 ) QLowEnergyServicePrivate(0x71bf32eb80)
seg. ago. 3 19:32:45 2026 1785796365644 Debug: devices/bluetooth.cpp void bluetooth::debug(const QString &) "BTLE stateChanged ServiceDiscovered"
seg. ago. 3 19:32:45 2026 1785796365644 Debug: devices/ftmsbike/ftmsbike.cpp void ftmsbike::stateChanged(QLowEnergyService::ServiceState) "stateChanged" "{00001800-0000-1000-8000-00805f9b34fb}" QLowEnergyService::ServiceDiscovered
seg. ago. 3 19:32:45 2026 1785796365645 Debug: devices/ftmsbike/ftmsbike.cpp void ftmsbike::stateChanged(QLowEnergyService::ServiceState) "stateChanged" "{00001801-0000-1000-8000-00805f9b34fb}" QLowEnergyService::ServiceDiscovered
seg. ago. 3 19:32:45 2026 1785796365646 Debug: devices/ftmsbike/ftmsbike.cpp void ftmsbike::stateChanged(QLowEnergyService::ServiceState) "stateChanged" "{0000180a-0000-1000-8000-00805f9b34fb}" QLowEnergyService::ServiceDiscovered
seg. ago. 3 19:32:45 2026 1785796365647 Debug: devices/ftmsbike/ftmsbike.cpp void ftmsbike::stateChanged(QLowEnergyService::ServiceState) "stateChanged" "{0000180f-0000-1000-8000-00805f9b34fb}" QLowEnergyService::ServiceDiscovered
seg. ago. 3 19:32:45 2026 1785796365647 Debug: devices/ftmsbike/ftmsbike.cpp void ftmsbike::stateChanged(QLowEnergyService::ServiceState) "stateChanged" "{00001826-0000-1000-8000-00805f9b34fb}" QLowEnergyService::ServiceDiscovered
seg. ago. 3 19:32:45 2026 1785796365648 Debug: devices/ftmsbike/ftmsbike.cpp void ftmsbike::stateChanged(QLowEnergyService::ServiceState) "stateChanged" "{0000fff0-0000-1000-8000-00805f9b34fb}" QLowEnergyService::ServiceDiscovered
seg. ago. 3 19:32:45 2026 1785796365649 Debug: devices/ftmsbike/ftmsbike.cpp void ftmsbike::stateChanged(QLowEnergyService::ServiceState) "all services discovered!"
seg. ago. 3 19:32:45 2026 1785796365650 Debug: devices/ftmsbike/ftmsbike.cpp void ftmsbike::stateChanged(QLowEnergyService::ServiceState) "{00001800-0000-1000-8000-00805f9b34fb}" "connected!"
seg. ago. 3 19:32:45 2026 1785796365650 Debug: devices/ftmsbike/ftmsbike.cpp void ftmsbike::stateChanged(QLowEnergyService::ServiceState) "char uuid" "{00002a00-0000-1000-8000-00805f9b34fb}" "handle" 3 QFlags(0x2)
seg. ago. 3 19:32:45 2026 1785796365651 Debug: devices/ftmsbike/ftmsbike.cpp void ftmsbike::stateChanged(QLowEnergyService::ServiceState) "char uuid" "{00002a01-0000-1000-8000-00805f9b34fb}" "handle" 5 QFlags(0x2)
seg. ago. 3 19:32:45 2026 1785796365652 Debug: devices/ftmsbike/ftmsbike.cpp void ftmsbike::stateChanged(QLowEnergyService::ServiceState) "{00001801-0000-1000-8000-00805f9b34fb}" "connected!"
seg. ago. 3 19:32:45 2026 1785796365653 Debug: devices/ftmsbike/ftmsbike.cpp void ftmsbike::stateChanged(QLowEnergyService::ServiceState) "char uuid" "{00002a05-0000-1000-8000-00805f9b34fb}" "handle" 8 QFlags(0x20)
seg. ago. 3 19:32:45 2026 1785796365654 Debug: devices/ftmsbike/ftmsbike.cpp void ftmsbike::stateChanged(QLowEnergyService::ServiceState) "descriptor uuid" "{00002902-0000-1000-8000-00805f9b34fb}" "handle" 9
seg. ago. 3 19:32:45 2026 1785796365655 Debug:   Write descriptor with handle  9 "0200" (service: "{00001801-0000-1000-8000-00805f9b34fb}" )
seg. ago. 3 19:32:45 2026 1785796365656 Debug: devices/ftmsbike/ftmsbike.cpp void ftmsbike::stateChanged(QLowEnergyService::ServiceState) "{00001801-0000-1000-8000-00805f9b34fb}" "{00002a05-0000-1000-8000-00805f9b34fb}" "indication subscribed!"
seg. ago. 3 19:32:45 2026 1785796365657 Debug: devices/ftmsbike/ftmsbike.cpp void ftmsbike::stateChanged(QLowEnergyService::ServiceState) "char uuid" "{00002b3a-0000-1000-8000-00805f9b34fb}" "handle" 11 QFlags(0x2)
seg. ago. 3 19:32:45 2026 1785796365658 Debug: devices/ftmsbike/ftmsbike.cpp void ftmsbike::stateChanged(QLowEnergyService::ServiceState) "char uuid" "{00002b29-0000-1000-8000-00805f9b34fb}" "handle" 13 QFlags(0x2|0x8)
seg. ago. 3 19:32:45 2026 1785796365659 Debug: devices/ftmsbike/ftmsbike.cpp void ftmsbike::stateChanged(QLowEnergyService::ServiceState) "{0000180a-0000-1000-8000-00805f9b34fb}" "connected!"
seg. ago. 3 19:32:45 2026 1785796365660 Debug: devices/ftmsbike/ftmsbike.cpp void ftmsbike::stateChanged(QLowEnergyService::ServiceState) "char uuid" "{00002a23-0000-1000-8000-00805f9b34fb}" "handle" 16 QFlags(0x2)
seg. ago. 3 19:32:45 2026 1785796365661 Debug: devices/ftmsbike/ftmsbike.cpp void ftmsbike::stateChanged(QLowEnergyService::ServiceState) "char uuid" "{00002a24-0000-1000-8000-00805f9b34fb}" "handle" 18 QFlags(0x2)
seg. ago. 3 19:32:45 2026 1785796365662 Debug: devices/ftmsbike/ftmsbike.cpp void ftmsbike::stateChanged(QLowEnergyService::ServiceState) "char uuid" "{00002a25-0000-1000-8000-00805f9b34fb}" "handle" 20 QFlags(0x2)
seg. ago. 3 19:32:45 2026 1785796365662 Debug: devices/ftmsbike/ftmsbike.cpp void ftmsbike::stateChanged(QLowEnergyService::ServiceState) "char uuid" "{00002a26-0000-1000-8000-00805f9b34fb}" "handle" 22 QFlags(0x2)
seg. ago. 3 19:32:45 2026 1785796365664 Debug: devices/ftmsbike/ftmsbike.cpp void ftmsbike::stateChanged(QLowEnergyService::ServiceState) "char uuid" "{00002a27-0000-1000-8000-00805f9b34fb}" "handle" 24 QFlags(0x2)
seg. ago. 3 19:32:45 2026 1785796365665 Debug: devices/ftmsbike/ftmsbike.cpp void ftmsbike::stateChanged(QLowEnergyService::ServiceState) "char uuid" "{00002a28-0000-1000-8000-00805f9b34fb}" "handle" 26 QFlags(0x2)
seg. ago. 3 19:32:45 2026 1785796365666 Debug: devices/ftmsbike/ftmsbike.cpp void ftmsbike::stateChanged(QLowEnergyService::ServiceState) "char uuid" "{00002a29-0000-1000-8000-00805f9b34fb}" "handle" 28 QFlags(0x2)
seg. ago. 3 19:32:45 2026 1785796365666 Debug: devices/ftmsbike/ftmsbike.cpp void ftmsbike::stateChanged(QLowEnergyService::ServiceState) "{0000180f-0000-1000-8000-00805f9b34fb}" "connected!"
seg. ago. 3 19:32:45 2026 1785796365668 Debug: devices/ftmsbike/ftmsbike.cpp void ftmsbike::stateChanged(QLowEnergyService::ServiceState) "char uuid" "{00002a19-0000-1000-8000-00805f9b34fb}" "handle" 66 QFlags(0x2|0x10)
seg. ago. 3 19:32:45 2026 1785796365670 Debug: devices/ftmsbike/ftmsbike.cpp void ftmsbike::stateChanged(QLowEnergyService::ServiceState) "descriptor uuid" "{00002902-0000-1000-8000-00805f9b34fb}" "handle" 67
seg. ago. 3 19:32:45 2026 1785796365672 Debug:   Write descriptor with handle  67 "0100" (service: "{0000180f-0000-1000-8000-00805f9b34fb}" )
seg. ago. 3 19:32:45 2026 1785796365674 Debug: devices/ftmsbike/ftmsbike.cpp void ftmsbike::stateChanged(QLowEnergyService::ServiceState) "{0000180f-0000-1000-8000-00805f9b34fb}" "{00002a19-0000-1000-8000-00805f9b34fb}" "notification subscribed!"
seg. ago. 3 19:32:45 2026 1785796365675 Debug: devices/ftmsbike/ftmsbike.cpp void ftmsbike::stateChanged(QLowEnergyService::ServiceState) "{00001826-0000-1000-8000-00805f9b34fb}" "connected!"
seg. ago. 3 19:32:45 2026 1785796365676 Debug: devices/ftmsbike/ftmsbike.cpp void ftmsbike::stateChanged(QLowEnergyService::ServiceState) "char uuid" "{00002acc-0000-1000-8000-00805f9b34fb}" "handle" 31 QFlags(0x2)
seg. ago. 3 19:32:45 2026 1785796365677 Debug: devices/ftmsbike/ftmsbike.cpp void ftmsbike::stateChanged(QLowEnergyService::ServiceState) "char uuid" "{00002ad3-0000-1000-8000-00805f9b34fb}" "handle" 33 QFlags(0x2|0x10)
seg. ago. 3 19:32:45 2026 1785796365678 Debug: devices/ftmsbike/ftmsbike.cpp void ftmsbike::stateChanged(QLowEnergyService::ServiceState) "descriptor uuid" "{00002902-0000-1000-8000-00805f9b34fb}" "handle" 34
seg. ago. 3 19:32:45 2026 1785796365679 Debug:   Write descriptor with handle  34 "0100" (service: "{00001826-0000-1000-8000-00805f9b34fb}" )
seg. ago. 3 19:32:45 2026 1785796365681 Debug: devices/ftmsbike/ftmsbike.cpp void ftmsbike::stateChanged(QLowEnergyService::ServiceState) "{00001826-0000-1000-8000-00805f9b34fb}" "{00002ad3-0000-1000-8000-00805f9b34fb}" "notification subscribed!"
seg. ago. 3 19:32:45 2026 1785796365681 Debug: devices/ftmsbike/ftmsbike.cpp void ftmsbike::stateChanged(QLowEnergyService::ServiceState) "char uuid" "{00002ad4-0000-1000-8000-00805f9b34fb}" "handle" 36 QFlags(0x2)
seg. ago. 3 19:32:45 2026 1785796365682 Debug: devices/ftmsbike/ftmsbike.cpp void ftmsbike::stateChanged(QLowEnergyService::ServiceState) "char uuid" "{00002ad6-0000-1000-8000-00805f9b34fb}" "handle" 38 QFlags(0x2)
seg. ago. 3 19:32:45 2026 1785796365683 Debug: devices/ftmsbike/ftmsbike.cpp void ftmsbike::stateChanged(QLowEnergyService::ServiceState) "char uuid" "{00002ad8-0000-1000-8000-00805f9b34fb}" "handle" 40 QFlags(0x2)
seg. ago. 3 19:32:45 2026 1785796365684 Debug: devices/ftmsbike/ftmsbike.cpp void ftmsbike::stateChanged(QLowEnergyService::ServiceState) "char uuid" "{00002ad9-0000-1000-8000-00805f9b34fb}" "handle" 42 QFlags(0x8|0x20)
seg. ago. 3 19:32:45 2026 1785796365684 Debug: devices/ftmsbike/ftmsbike.cpp void ftmsbike::stateChanged(QLowEnergyService::ServiceState) "descriptor uuid" "{00002902-0000-1000-8000-00805f9b34fb}" "handle" 43
seg. ago. 3 19:32:45 2026 1785796365685 Debug:   Write descriptor with handle  43 "0200" (service: "{00001826-0000-1000-8000-00805f9b34fb}" )
seg. ago. 3 19:32:45 2026 1785796365686 Debug: devices/ftmsbike/ftmsbike.cpp void ftmsbike::stateChanged(QLowEnergyService::ServiceState) "{00001826-0000-1000-8000-00805f9b34fb}" "{00002ad9-0000-1000-8000-00805f9b34fb}" "indication subscribed!"
seg. ago. 3 19:32:45 2026 1785796365687 Debug: devices/ftmsbike/ftmsbike.cpp void ftmsbike::stateChanged(QLowEnergyService::ServiceState) "FTMS service and Control Point found"
seg. ago. 3 19:32:45 2026 1785796365688 Debug: devices/ftmsbike/ftmsbike.cpp void ftmsbike::stateChanged(QLowEnergyService::ServiceState) "char uuid" "{00002ada-0000-1000-8000-00805f9b34fb}" "handle" 45 QFlags(0x10)
seg. ago. 3 19:32:45 2026 1785796365688 Debug: devices/ftmsbike/ftmsbike.cpp void ftmsbike::stateChanged(QLowEnergyService::ServiceState) "descriptor uuid" "{00002902-0000-1000-8000-00805f9b34fb}" "handle" 46
seg. ago. 3 19:32:45 2026 1785796365689 Debug:   Write descriptor with handle  46 "0100" (service: "{00001826-0000-1000-8000-00805f9b34fb}" )
seg. ago. 3 19:32:45 2026 1785796365690 Debug: devices/ftmsbike/ftmsbike.cpp void ftmsbike::stateChanged(QLowEnergyService::ServiceState) "{00001826-0000-1000-8000-00805f9b34fb}" "{00002ada-0000-1000-8000-00805f9b34fb}" "notification subscribed!"
seg. ago. 3 19:32:45 2026 1785796365691 Debug: devices/ftmsbike/ftmsbike.cpp void ftmsbike::stateChanged(QLowEnergyService::ServiceState) "char uuid" "{00002ad2-0000-1000-8000-00805f9b34fb}" "handle" 48 QFlags(0x10)
seg. ago. 3 19:32:45 2026 1785796365692 Debug: devices/ftmsbike/ftmsbike.cpp void ftmsbike::stateChanged(QLowEnergyService::ServiceState) "descriptor uuid" "{00002902-0000-1000-8000-00805f9b34fb}" "handle" 49
seg. ago. 3 19:32:45 2026 1785796365693 Debug:   Write descriptor with handle  49 "0100" (service: "{00001826-0000-1000-8000-00805f9b34fb}" )
seg. ago. 3 19:32:45 2026 1785796365694 Debug: devices/ftmsbike/ftmsbike.cpp void ftmsbike::stateChanged(QLowEnergyService::ServiceState) "{00001826-0000-1000-8000-00805f9b34fb}" "{00002ad2-0000-1000-8000-00805f9b34fb}" "notification subscribed!"
seg. ago. 3 19:32:45 2026 1785796365695 Debug: devices/ftmsbike/ftmsbike.cpp void ftmsbike::stateChanged(QLowEnergyService::ServiceState) "char uuid" "{d18d2c10-c44c-11e8-a355-529269fb1459}" "handle" 51 QFlags(0x8)
seg. ago. 3 19:32:45 2026 1785796365696 Debug: devices/ftmsbike/ftmsbike.cpp void ftmsbike::stateChanged(QLowEnergyService::ServiceState) "{0000fff0-0000-1000-8000-00805f9b34fb}" "connected!"
seg. ago. 3 19:32:45 2026 1785796365697 Debug: devices/ftmsbike/ftmsbike.cpp void ftmsbike::stateChanged(QLowEnergyService::ServiceState) "char uuid" "{0000fff1-0000-1000-8000-00805f9b34fb}" "handle" 54 QFlags(0x10)
seg. ago. 3 19:32:45 2026 1785796365697 Debug: devices/ftmsbike/ftmsbike.cpp void ftmsbike::stateChanged(QLowEnergyService::ServiceState) "descriptor uuid" "{00002902-0000-1000-8000-00805f9b34fb}" "handle" 55
seg. ago. 3 19:32:45 2026 1785796365698 Debug: devices/ftmsbike/ftmsbike.cpp void ftmsbike::stateChanged(QLowEnergyService::ServiceState) "descriptor uuid" "{00002901-0000-1000-8000-00805f9b34fb}" "handle" 56
seg. ago. 3 19:32:45 2026 1785796365699 Debug:   Write descriptor with handle  55 "0100" (service: "{0000fff0-0000-1000-8000-00805f9b34fb}" )
seg. ago. 3 19:32:45 2026 1785796365700 Debug: devices/ftmsbike/ftmsbike.cpp void ftmsbike::stateChanged(QLowEnergyService::ServiceState) "{0000fff0-0000-1000-8000-00805f9b34fb}" "{0000fff1-0000-1000-8000-00805f9b34fb}" "notification subscribed!"
seg. ago. 3 19:32:45 2026 1785796365701 Debug: devices/ftmsbike/ftmsbike.cpp void ftmsbike::stateChanged(QLowEnergyService::ServiceState) "char uuid" "{0000fff2-0000-1000-8000-00805f9b34fb}" "handle" 58 QFlags(0x8)
seg. ago. 3 19:32:45 2026 1785796365702 Debug: devices/ftmsbike/ftmsbike.cpp void ftmsbike::stateChanged(QLowEnergyService::ServiceState) "descriptor uuid" "{00002901-0000-1000-8000-00805f9b34fb}" "handle" 59
seg. ago. 3 19:32:45 2026 1785796365703 Debug: devices/ftmsbike/ftmsbike.cpp void ftmsbike::stateChanged(QLowEnergyService::ServiceState) "char uuid" "{0000fff9-0000-1000-8000-00805f9b34fb}" "handle" 61 QFlags(0x2|0x8|0x10)
seg. ago. 3 19:32:45 2026 1785796365704 Debug: devices/ftmsbike/ftmsbike.cpp void ftmsbike::stateChanged(QLowEnergyService::ServiceState) "descriptor uuid" "{00002902-0000-1000-8000-00805f9b34fb}" "handle" 62
seg. ago. 3 19:32:45 2026 1785796365705 Debug: devices/ftmsbike/ftmsbike.cpp void ftmsbike::stateChanged(QLowEnergyService::ServiceState) "descriptor uuid" "{00002901-0000-1000-8000-00805f9b34fb}" "handle" 63
seg. ago. 3 19:32:45 2026 1785796365705 Debug:   Write descriptor with handle  62 "0100" (service: "{0000fff0-0000-1000-8000-00805f9b34fb}" )
seg. ago. 3 19:32:45 2026 1785796365713 Debug: devices/ftmsbike/ftmsbike.cpp void ftmsbike::stateChanged(QLowEnergyService::ServiceState) "{0000fff0-0000-1000-8000-00805f9b34fb}" "{0000fff9-0000-1000-8000-00805f9b34fb}" "notification subscribed!"
seg. ago. 3 19:32:45 2026 1785796365714 Debug: devices/bluetooth.cpp void bluetooth::debug(const QString &) "creating virtual bike interface..."
seg. ago. 3 19:32:45 2026 1785796365718 Debug: devices/dircon/dirconmanager.cpp DirconManager::DirconManager(bluetoothdevice *, int8_t, double, QObject *) Building Dircom Manager
seg. ago. 3 19:32:45 2026 1785796365722 Warning:   QNetworkInterface/AF_NETLINK: found unknown interface with index 1
seg. ago. 3 19:32:45 2026 1785796365723 Warning:   QNetworkInterface/AF_NETLINK: found unknown interface with index 11
seg. ago. 3 19:32:45 2026 1785796365724 Warning:   QNetworkInterface/AF_NETLINK: found unknown interface with index 1
seg. ago. 3 19:32:45 2026 1785796365725 Warning:   QNetworkInterface/AF_NETLINK: found unknown interface with index 11
seg. ago. 3 19:32:45 2026 1785796365726 Debug: devices/dircon/dirconprocessor.cpp DirconProcessor::DirconProcessor(const QList<DirconProcessorService *> &, const QString &, quint16, const QString &, const QString &, QObject *) In the constructor of dircon processor for "Wahoo KICKR 0000"
seg. ago. 3 19:32:45 2026 1785796365727 Debug: devices/dircon/dirconmanager.cpp DirconManager::DirconManager(bluetoothdevice *, int8_t, double, QObject *) Initializing dircon for "Wahoo KICKR $uuid_hex$" with serv "servname=FITNESS_MACHINE_CYCLE uuid=1826 machine=0 [uuid=2acc read=831400000ce00000 type=1,uuid=2ad6 read=0a0096000a00 type=1,uuid=2ad9 read=00 type=10,uuid=e005 read=00 type=2,uuid=2ad2 read=00 type=4,uuid=2ad3 read=0001 type=1,],servname=CYCLING_POWER uuid=1818 machine=0 [uuid=2a65 read=08000000 type=1,uuid=2a5d read=0d type=1,uuid=2a63 read=00 type=4,],servname=CYCLING_SPEED_AND_CADENCE uuid=1816 machine=0 [uuid=2a5c read=0200 type=1,uuid=2a5d read=0d type=1,uuid=2a5b read=00 type=4,uuid=2a55 read=00 type=2,],"
seg. ago. 3 19:32:45 2026 1785796365728 Debug: devices/dircon/dirconprocessor.cpp bool DirconProcessor::init() Dircon Processor init for "Wahoo KICKR 0000"
seg. ago. 3 19:32:45 2026 1785796365728 Debug: devices/dircon/dirconprocessor.cpp bool DirconProcessor::initServer() Initializing dircon tcp server for "Wahoo KICKR 0000"
seg. ago. 3 19:32:45 2026 1785796365729 Debug: devices/dircon/dirconprocessor.cpp bool DirconProcessor::initServer() Dircon TCP Server built "Wahoo KICKR 0000"
seg. ago. 3 19:32:45 2026 1785796365730 Debug: devices/dircon/dirconprocessor.cpp bool DirconProcessor::initServer() Dircon TCP Server trying to listen 36866
seg. ago. 3 19:32:45 2026 1785796365731 Debug: devices/dircon/dirconprocessor.cpp bool DirconProcessor::init() Dircon TCP Server RV true
seg. ago. 3 19:32:45 2026 1785796365732 Debug: devices/dircon/dirconprocessor.cpp void DirconProcessor::initAdvertising() Dircon Adv init for "Wahoo KICKR 0000"
seg. ago. 3 19:32:45 2026 1785796365733 Warning:   QNetworkInterface/AF_NETLINK: found unknown interface with index 1
seg. ago. 3 19:32:45 2026 1785796365734 Warning:   QNetworkInterface/AF_NETLINK: found unknown interface with index 11
seg. ago. 3 19:32:45 2026 1785796365734 Warning:   QNetworkInterface/AF_NETLINK: found unknown interface with index 1
seg. ago. 3 19:32:45 2026 1785796365735 Warning:   QNetworkInterface/AF_NETLINK: found unknown interface with index 11
seg. ago. 3 19:32:45 2026 1785796365737 Debug: devices/dircon/dirconprocessor.cpp void DirconProcessor::initAdvertising() Dircon Adv init for "Wahoo KICKR 0000"  end
seg. ago. 3 19:32:45 2026 1785796365738 Debug: devices/dircon/dirconprocessor.cpp DirconProcessor::DirconProcessor(const QList<DirconProcessorService *> &, const QString &, quint16, const QString &, const QString &, QObject *) In the constructor of dircon processor for "Wahoo HRM"
seg. ago. 3 19:32:45 2026 1785796365740 Debug: devices/dircon/dirconmanager.cpp DirconManager::DirconManager(bluetoothdevice *, int8_t, double, QObject *) Initializing dircon for "Wahoo HRM" with serv "servname=HEART_RATE uuid=180d machine=1 [uuid=2a37 read=00 type=4,],"
seg. ago. 3 19:32:45 2026 1785796365740 Debug: devices/dircon/dirconprocessor.cpp bool DirconProcessor::init() Dircon Processor init for "Wahoo HRM"
seg. ago. 3 19:32:45 2026 1785796365741 Debug: devices/dircon/dirconprocessor.cpp bool DirconProcessor::initServer() Initializing dircon tcp server for "Wahoo HRM"
seg. ago. 3 19:32:45 2026 1785796365742 Debug: devices/dircon/dirconprocessor.cpp bool DirconProcessor::initServer() Dircon TCP Server built "Wahoo HRM"
seg. ago. 3 19:32:45 2026 1785796365743 Debug: devices/dircon/dirconprocessor.cpp bool DirconProcessor::initServer() Dircon TCP Server trying to listen 36867
seg. ago. 3 19:32:45 2026 1785796365744 Debug: devices/dircon/dirconprocessor.cpp bool DirconProcessor::init() Dircon TCP Server RV true
seg. ago. 3 19:32:45 2026 1785796365744 Debug: devices/dircon/dirconprocessor.cpp void DirconProcessor::initAdvertising() Dircon Adv init for "Wahoo HRM"
seg. ago. 3 19:32:45 2026 1785796365746 Warning:   QNetworkInterface/AF_NETLINK: found unknown interface with index 1
seg. ago. 3 19:32:45 2026 1785796365746 Warning:   QNetworkInterface/AF_NETLINK: found unknown interface with index 11
seg. ago. 3 19:32:45 2026 1785796365747 Warning:   QNetworkInterface/AF_NETLINK: found unknown interface with index 1
seg. ago. 3 19:32:45 2026 1785796365748 Warning:   QNetworkInterface/AF_NETLINK: found unknown interface with index 11
seg. ago. 3 19:32:45 2026 1785796365750 Debug: devices/dircon/dirconprocessor.cpp void DirconProcessor::initAdvertising() Dircon Adv init for "Wahoo HRM"  end
seg. ago. 3 19:32:45 2026 1785796365768 Debug:   Creating Android Peripheral/Server support for BTLE
seg. ago. 3 19:32:45 2026 1785796365898 Warning:   QObject::connect(QLowEnergyService, virtualbike): invalid nullptr parameter
seg. ago. 3 19:32:45 2026 1785796365899 Warning:   QObject::connect(QLowEnergyService, virtualbike): invalid nullptr parameter
seg. ago. 3 19:32:46 2026 1785796366052 Debug: ./ergtable.h void ergTable::collectData(uint16_t, uint16_t, uint16_t, bool) resistance changed
seg. ago. 3 19:32:46 2026 1785796366053 Debug: ./ergtable.h void ergTable::collectData(uint16_t, uint16_t, uint16_t, bool) skipping collecting data due to resistance changing too fast
seg. ago. 3 19:32:46 2026 1785796366055 Debug: devices/ftmsbike/ftmsbike.cpp void ftmsbike::update() "writing resistance " -1 false -1 true
seg. ago. 3 19:32:46 2026 1785796366058 Debug:   Write characteristic with handle  41 "00" (service: "{00001826-0000-1000-8000-00805f9b34fb}" , writeWithResponse: true , signed: false )
seg. ago. 3 19:32:46 2026 1785796366069 Debug: devices/bluetooth.cpp void bluetooth::debug(const QString &) " >> 00 // requestControl"
seg. ago. 3 19:32:46 2026 1785796366073 Debug: devices/ftmsbike/ftmsbike.cpp void ftmsbike::forceResistance(resistance_t) Negative resistance detected: -1 using fallback value 1
seg. ago. 3 19:32:46 2026 1785796366086 Debug:   Descriptor write confirmation "{00001801-0000-1000-8000-00805f9b34fb}" 9 "0200" QLowEnergyService::NoError
seg. ago. 3 19:32:46 2026 1785796366087 Debug: devices/bluetooth.cpp void bluetooth::debug(const QString &) "descriptorWritten Client Characteristic Configuration 02 00"
seg. ago. 3 19:32:46 2026 1785796366088 Debug: devices/bluetooth.cpp void bluetooth::connectedAndDiscovered() bluetooth::connectedAndDiscovered()
seg. ago. 3 19:32:46 2026 1785796366095 Debug:   Connection updated: error: QLowEnergyController::NoError oldState: QLowEnergyController::AdvertisingState newState: QLowEnergyController::ConnectedState
seg. ago. 3 19:32:46 2026 1785796366097 Debug:   Descriptor write confirmation "{0000180f-0000-1000-8000-00805f9b34fb}" 67 "0100" QLowEnergyService::NoError
seg. ago. 3 19:32:46 2026 1785796366098 Debug: devices/bluetooth.cpp void bluetooth::debug(const QString &) "descriptorWritten Client Characteristic Configuration 01 00"
seg. ago. 3 19:32:46 2026 1785796366100 Debug:   Descriptor write confirmation "{00001826-0000-1000-8000-00805f9b34fb}" 34 "0100" QLowEnergyService::NoError
seg. ago. 3 19:32:46 2026 1785796366102 Debug: devices/bluetooth.cpp void bluetooth::debug(const QString &) "descriptorWritten Client Characteristic Configuration 01 00"
seg. ago. 3 19:32:46 2026 1785796366103 Debug:   Descriptor write confirmation "{00001826-0000-1000-8000-00805f9b34fb}" 43 "0200" QLowEnergyService::NoError
seg. ago. 3 19:32:46 2026 1785796366104 Debug: devices/bluetooth.cpp void bluetooth::debug(const QString &) "descriptorWritten Client Characteristic Configuration 02 00"
seg. ago. 3 19:32:46 2026 1785796366107 Debug:   Descriptor write confirmation "{00001826-0000-1000-8000-00805f9b34fb}" 46 "0100" QLowEnergyService::NoError
seg. ago. 3 19:32:46 2026 1785796366109 Debug: devices/bluetooth.cpp void bluetooth::debug(const QString &) "descriptorWritten Client Characteristic Configuration 01 00"
seg. ago. 3 19:32:46 2026 1785796366113 Debug: virtualdevices/virtualbike.cpp void virtualbike::bikeProvider() "bikeProvider" 0 2000 true
seg. ago. 3 19:32:46 2026 1785796366114 Debug: virtualdevices/virtualbike.cpp void virtualbike::bikeProvider() "virtual bike connected"
seg. ago. 3 19:32:46 2026 1785796366117 Debug: virtualdevices/virtualbike.cpp void virtualbike::writeCharacteristic(QLowEnergyService *, const QLowEnergyCharacteristic &, const QByteArray &) "virtualbike::writeCharacteristic Unknown Service  64 02 00 00 00 00 00 00 00 00 00 00"
seg. ago. 3 19:32:46 2026 1785796366118 Debug:   Write server characteristic with handle  9 "640200000000000000000000" (service: "{00001826-0000-1000-8000-00805f9b34fb}"
seg. ago. 3 19:32:46 2026 1785796366121 Debug: virtualdevices/virtualbike.cpp void virtualbike::writeCharacteristic(QLowEnergyService *, const QLowEnergyCharacteristic &, const QByteArray &) "virtualbike::writeCharacteristic Heart Rate Heart Rate Measurement 00 00"
seg. ago. 3 19:32:46 2026 1785796366123 Debug:   Write server characteristic with handle  19 "0000" (service: "{0000180d-0000-1000-8000-00805f9b34fb}"
seg. ago. 3 19:32:46 2026 1785796366144 Debug:   Descriptor write confirmation "{00001826-0000-1000-8000-00805f9b34fb}" 49 "0100" QLowEnergyService::NoError
seg. ago. 3 19:32:46 2026 1785796366146 Debug: devices/bluetooth.cpp void bluetooth::debug(const QString &) "descriptorWritten Client Characteristic Configuration 01 00"
seg. ago. 3 19:32:46 2026 1785796366165 Debug: virtualdevices/virtualbike.cpp void virtualbike::bikeProvider() "bikeProvider" 0 2000 true
seg. ago. 3 19:32:46 2026 1785796366167 Debug: virtualdevices/virtualbike.cpp void virtualbike::bikeProvider() "virtual bike connected"
seg. ago. 3 19:32:46 2026 1785796366170 Debug: virtualdevices/virtualbike.cpp void virtualbike::writeCharacteristic(QLowEnergyService *, const QLowEnergyCharacteristic &, const QByteArray &) "virtualbike::writeCharacteristic Unknown Service  64 02 00 00 00 00 00 00 00 00 00 00"
seg. ago. 3 19:32:46 2026 1785796366171 Debug:   Write server characteristic with handle  9 "640200000000000000000000" (service: "{00001826-0000-1000-8000-00805f9b34fb}"
seg. ago. 3 19:32:46 2026 1785796366173 Debug: virtualdevices/virtualbike.cpp void virtualbike::writeCharacteristic(QLowEnergyService *, const QLowEnergyCharacteristic &, const QByteArray &) "virtualbike::writeCharacteristic Heart Rate Heart Rate Measurement 00 00"
seg. ago. 3 19:32:46 2026 1785796366174 Debug:   Write server characteristic with handle  19 "0000" (service: "{0000180d-0000-1000-8000-00805f9b34fb}"
seg. ago. 3 19:32:46 2026 1785796366183 Debug:   Descriptor write confirmation "{0000fff0-0000-1000-8000-00805f9b34fb}" 55 "0100" QLowEnergyService::NoError
seg. ago. 3 19:32:46 2026 1785796366184 Debug: devices/bluetooth.cpp void bluetooth::debug(const QString &) "descriptorWritten Client Characteristic Configuration 01 00"
seg. ago. 3 19:32:46 2026 1785796366204 Debug: virtualdevices/virtualbike.cpp void virtualbike::bikeProvider() "bikeProvider" 0 2000 true
seg. ago. 3 19:32:46 2026 1785796366205 Debug: virtualdevices/virtualbike.cpp void virtualbike::bikeProvider() "virtual bike connected"
seg. ago. 3 19:32:46 2026 1785796366207 Debug: virtualdevices/virtualbike.cpp void virtualbike::writeCharacteristic(QLowEnergyService *, const QLowEnergyCharacteristic &, const QByteArray &) "virtualbike::writeCharacteristic Unknown Service  64 02 00 00 00 00 00 00 00 00 00 00"
seg. ago. 3 19:32:46 2026 1785796366207 Debug:   Write server characteristic with handle  9 "640200000000000000000000" (service: "{00001826-0000-1000-8000-00805f9b34fb}"
seg. ago. 3 19:32:46 2026 1785796366209 Debug: virtualdevices/virtualbike.cpp void virtualbike::writeCharacteristic(QLowEnergyService *, const QLowEnergyCharacteristic &, const QByteArray &) "virtualbike::writeCharacteristic Heart Rate Heart Rate Measurement 00 00"
seg. ago. 3 19:32:46 2026 1785796366210 Debug:   Write server characteristic with handle  19 "0000" (service: "{0000180d-0000-1000-8000-00805f9b34fb}"
seg. ago. 3 19:32:46 2026 1785796366211 Debug:   Descriptor write confirmation "{0000fff0-0000-1000-8000-00805f9b34fb}" 62 "0100" QLowEnergyService::NoError
seg. ago. 3 19:32:46 2026 1785796366211 Debug: devices/bluetooth.cpp void bluetooth::debug(const QString &) "descriptorWritten Client Characteristic Configuration 01 00"
seg. ago. 3 19:32:46 2026 1785796366238 Debug:   Characteristic write confirmation "{00001826-0000-1000-8000-00805f9b34fb}" 41 "00" QLowEnergyService::NoError
seg. ago. 3 19:32:46 2026 1785796366239 Debug: devices/bluetooth.cpp void bluetooth::debug(const QString &) "characteristicWritten 00"
seg. ago. 3 19:32:46 2026 1785796366240 Debug:   Characteristic change notification "{00001826-0000-1000-8000-00805f9b34fb}" 41 "800001"
seg. ago. 3 19:32:46 2026 1785796366241 Debug:   Write characteristic with handle  41 "07" (service: "{00001826-0000-1000-8000-00805f9b34fb}" , writeWithResponse: true , signed: false )
seg. ago. 3 19:32:46 2026 1785796366242 Debug: devices/bluetooth.cpp void bluetooth::debug(const QString &) " >> 07 // start simulation"
seg. ago. 3 19:32:46 2026 1785796366244 Debug: devices/ftmsbike/ftmsbike.cpp void ftmsbike::characteristicChanged(const QLowEnergyCharacteristic &, const QByteArray &) "{00002ad9-0000-1000-8000-00805f9b34fb}" 3 " << " "80 00 01"
seg. ago. 3 19:32:46 2026 1785796366257 Debug: virtualdevices/virtualbike.cpp void virtualbike::bikeProvider() "bikeProvider" 0 2000 true
seg. ago. 3 19:32:46 2026 1785796366258 Debug: virtualdevices/virtualbike.cpp void virtualbike::bikeProvider() "virtual bike connected"
seg. ago. 3 19:32:46 2026 1785796366261 Debug: virtualdevices/virtualbike.cpp void virtualbike::writeCharacteristic(QLowEnergyService *, const QLowEnergyCharacteristic &, const QByteArray &) "virtualbike::writeCharacteristic Unknown Service  64 02 00 00 00 00 00 00 00 00 00 00"
seg. ago. 3 19:32:46 2026 1785796366263 Debug:   Write server characteristic with handle  9 "640200000000000000000000" (service: "{00001826-0000-1000-8000-00805f9b34fb}"
seg. ago. 3 19:32:46 2026 1785796366266 Debug: virtualdevices/virtualbike.cpp void virtualbike::writeCharacteristic(QLowEnergyService *, const QLowEnergyCharacteristic &, const QByteArray &) "virtualbike::writeCharacteristic Heart Rate Heart Rate Measurement 00 00"
seg. ago. 3 19:32:46 2026 1785796366267 Debug:   Write server characteristic with handle  19 "0000" (service: "{0000180d-0000-1000-8000-00805f9b34fb}"
seg. ago. 3 19:32:46 2026 1785796366279 Debug: templateinfosender.cpp bool TemplateInfoSender::update(QJSEngine *) "eval res " "{\"msg\":\"workout\",\"content\":{\"BIKE_TYPE\":2,\"ELLIPTICAL_TYPE\":4,\"ROWING_TYPE\":3,\"TREADMILL_TYPE\":1,\"UNKNOWN_TYPE\":0,\"deviceId\":\"B8:F8:62:6D:A8:D6\",\"deviceName\":\"YPBM001264\",\"deviceRSSI\":-39,\"deviceType\":2,\"deviceConnected\":true,\"devicePaused\":false,\"elapsed_s\":0,\"elapsed_m\":0,\"elapsed_h\":0,\"lapelapsed_s\":0,\"lapelapsed_m\":0,\"lapelapsed_h\":0,\"pace_s\":0,\"pace_m\":0,\"pace_h\":0,\"pace_color\":\"white\",\"avgpace_s\":0,\"avgpace_m\":0,\"avgpace_h\":0,\"maxpace_s\":0,\"maxpace_m\":0,\"maxpace_h\":0,\"moving_s\":0,\"moving_m\":0,\"moving_h\":0,\"speed\":0,\"speed_avg\":0,\"speed_color\":\"white\",\"speed_lapavg\":0,\"speed_lapmax\":0,\"calories\":0,\"distance\":0,\"heart\":0,\"heart_color\":\"lightsteelblue\",\"heart_avg\":0,\"heart_lapavg\":0,\"heart_max\":0,\"heart_lapmax\":0,\"target_heart_above\":0,\"target_heart_below\":0,\"jouls\":0,\"elevation\":0,\"difficult\":1,\"watts\":0,\"watts_avg\":0,\"watts_color\":\"white\",\"watts_lapavg\":0,\"watts_max\":0,\"watts_lapmax\":0,\"kgwatts\":0,\"kgwatts_avg\":0,\"kgwatts_max\":0,\"workoutName\":\"Ride\",\"workoutStartDate\":\"seg. ago. 3 19:32:44 2026\",\"instructorName\":\"\",\"latitude\":null,\"longitude\":null,\"altitude\":null,\"peloton_offset\":0,\"peloton_ask_start\":false,\"autoresistance\":true,\"nextrow\":\"N/A\",\"training_row_index\":0,\"training_row_elapsed\":0,\"training_row_open_ended\":false,\"training_row_wait_for_lap\":false,\"row_remaining_time_s\":0,\"row_remaining_time_m\":0,\"row_remaining_time_h\":0,\"remaining_time_s\":0,\"remaining_time_m\":0,\"remaining_time_h\":0,\"nickName\":\"N/A\",\"gears\":0,\"target_resistance\":0,\"target_peloton_resistance\":0,\"target_cadence\":0,\"target_power\":0,\"power_zone\":1,\"power_zone_lapavg\":1,\"power_zone_lapmax\":1,\"target_power_zone\":1,\"power_zone_color\":\"white\",\"target_power_zone_color\":\"white\",\"peloton_resistance\":0,\"peloton_resistance_avg\":0,\"peloton_resistance_color\":\"white\",\"peloton_resistance_lapavg\":0,\"peloton_resistance_lapmax\":0,\"peloton_req_resistance\":0,\"cadence\":0,\"cadence_color\":\"white\",\"cadence_avg\":0,\"cadence_lapavg\":0,\"cadence_lapmax\":0,\"resistance\":0,\"resistance_avg\":0,\"resistance_lapavg\":0,\"resistance_lapmax\":0,\"cranks\":0,\"cranktime\":0,\"req_power\":0,\"req_cadence\":0,\"req_resistance\":0,\"inclination\":0,\"inclination_avg\":0}}"
seg. ago. 3 19:32:46 2026 1785796366284 Debug: homeform.cpp void homeform::update() homeform::update fired! elapsed: 1006 jitter: -115
seg. ago. 3 19:32:46 2026 1785796366291 Debug: homeform.cpp void homeform::update() homeform::update tiles updated!
seg. ago. 3 19:32:46 2026 1785796366292 Debug: homeform.cpp void homeform::update() Current Distance 1s: 0 0 0
seg. ago. 3 19:32:46 2026 1785796366294 Debug:   Characteristic write confirmation "{00001826-0000-1000-8000-00805f9b34fb}" 41 "07" QLowEnergyService::NoError
seg. ago. 3 19:32:46 2026 1785796366295 Debug: devices/bluetooth.cpp void bluetooth::debug(const QString &) "characteristicWritten 07"
seg. ago. 3 19:32:46 2026 1785796366304 Debug:   Characteristic change notification "{00001826-0000-1000-8000-00805f9b34fb}" 41 "800701"
seg. ago. 3 19:32:46 2026 1785796366305 Debug:   Write characteristic with handle  41 "040a00" (service: "{00001826-0000-1000-8000-00805f9b34fb}" , writeWithResponse: true , signed: false )
seg. ago. 3 19:32:46 2026 1785796366306 Debug: devices/bluetooth.cpp void bluetooth::debug(const QString &) " >> 04 0a 00 // forceResistance 1"
seg. ago. 3 19:32:46 2026 1785796366308 Debug: devices/ftmsbike/ftmsbike.cpp void ftmsbike::characteristicChanged(const QLowEnergyCharacteristic &, const QByteArray &) "{00002ad9-0000-1000-8000-00805f9b34fb}" 3 " << " "80 07 01"
seg. ago. 3 19:32:46 2026 1785796366315 Debug: virtualdevices/virtualbike.cpp void virtualbike::bikeProvider() "bikeProvider" 0 2000 true
seg. ago. 3 19:32:46 2026 1785796366316 Debug: virtualdevices/virtualbike.cpp void virtualbike::bikeProvider() "virtual bike connected"
seg. ago. 3 19:32:46 2026 1785796366318 Debug: virtualdevices/virtualbike.cpp void virtualbike::writeCharacteristic(QLowEnergyService *, const QLowEnergyCharacteristic &, const QByteArray &) "virtualbike::writeCharacteristic Unknown Service  64 02 00 00 00 00 00 00 00 00 00 00"
seg. ago. 3 19:32:46 2026 1785796366319 Debug:   Write server characteristic with handle  9 "640200000000000000000000" (service: "{00001826-0000-1000-8000-00805f9b34fb}"
seg. ago. 3 19:32:46 2026 1785796366321 Debug: virtualdevices/virtualbike.cpp void virtualbike::writeCharacteristic(QLowEnergyService *, const QLowEnergyCharacteristic &, const QByteArray &) "virtualbike::writeCharacteristic Heart Rate Heart Rate Measurement 00 00"
seg. ago. 3 19:32:46 2026 1785796366322 Debug:   Write server characteristic with handle  19 "0000" (service: "{0000180d-0000-1000-8000-00805f9b34fb}"
seg. ago. 3 19:32:46 2026 1785796366341 Debug:   Characteristic change notification "{00001826-0000-1000-8000-00805f9b34fb}" 41 "800401"
seg. ago. 3 19:32:46 2026 1785796366342 Debug: devices/ftmsbike/ftmsbike.cpp void ftmsbike::characteristicChanged(const QLowEnergyCharacteristic &, const QByteArray &) "{00002ad9-0000-1000-8000-00805f9b34fb}" 3 " << " "80 04 01"
seg. ago. 3 19:32:46 2026 1785796366343 Debug:   Characteristic write confirmation "{00001826-0000-1000-8000-00805f9b34fb}" 41 "040a00" QLowEnergyService::NoError
seg. ago. 3 19:32:46 2026 1785796366344 Debug: devices/bluetooth.cpp void bluetooth::debug(const QString &) "characteristicWritten 04 0a 00"
seg. ago. 3 19:32:46 2026 1785796366360 Debug: virtualdevices/virtualbike.cpp void virtualbike::bikeProvider() "bikeProvider" 0 2000 true
seg. ago. 3 19:32:46 2026 1785796366361 Debug: virtualdevices/virtualbike.cpp void virtualbike::bikeProvider() "virtual bike connected"
seg. ago. 3 19:32:46 2026 1785796366363 Debug: virtualdevices/virtualbike.cpp void virtualbike::writeCharacteristic(QLowEnergyService *, const QLowEnergyCharacteristic &, const QByteArray &) "virtualbike::writeCharacteristic Unknown Service  64 02 00 00 00 00 00 00 00 00 00 00"
seg. ago. 3 19:32:46 2026 1785796366364 Debug:   Write server characteristic with handle  9 "640200000000000000000000" (service: "{00001826-0000-1000-8000-00805f9b34fb}"
seg. ago. 3 19:32:46 2026 1785796366366 Debug: virtualdevices/virtualbike.cpp void virtualbike::writeCharacteristic(QLowEnergyService *, const QLowEnergyCharacteristic &, const QByteArray &) "virtualbike::writeCharacteristic Heart Rate Heart Rate Measurement 00 00"
seg. ago. 3 19:32:46 2026 1785796366366 Debug:   Write server characteristic with handle  19 "0000" (service: "{0000180d-0000-1000-8000-00805f9b34fb}"
seg. ago. 3 19:32:46 2026 1785796366411 Debug: virtualdevices/virtualbike.cpp void virtualbike::bikeProvider() "bikeProvider" 0 2000 true
seg. ago. 3 19:32:46 2026 1785796366412 Debug: virtualdevices/virtualbike.cpp void virtualbike::bikeProvider() "virtual bike connected"
seg. ago. 3 19:32:46 2026 1785796366414 Debug: virtualdevices/virtualbike.cpp void virtualbike::writeCharacteristic(QLowEnergyService *, const QLowEnergyCharacteristic &, const QByteArray &) "virtualbike::writeCharacteristic Unknown Service  64 02 00 00 00 00 00 00 00 00 00 00"
seg. ago. 3 19:32:46 2026 1785796366415 Debug:   Write server characteristic with handle  9 "640200000000000000000000" (service: "{00001826-0000-1000-8000-00805f9b34fb}"
seg. ago. 3 19:32:46 2026 1785796366417 Debug: virtualdevices/virtualbike.cpp void virtualbike::writeCharacteristic(QLowEnergyService *, const QLowEnergyCharacteristic &, const QByteArray &) "virtualbike::writeCharacteristic Heart Rate Heart Rate Measurement 00 00"
seg. ago. 3 19:32:46 2026 1785796366419 Debug:   Write server characteristic with handle  19 "0000" (service: "{0000180d-0000-1000-8000-00805f9b34fb}"
seg. ago. 3 19:32:46 2026 1785796366461 Debug: ./ergtable.h void ergTable::collectData(uint16_t, uint16_t, uint16_t, bool) skipping collecting data due to resistance changing too fast
seg. ago. 3 19:32:46 2026 1785796366464 Debug: virtualdevices/virtualbike.cpp void virtualbike::bikeProvider() "bikeProvider" 0 2000 true
seg. ago. 3 19:32:46 2026 1785796366465 Debug: virtualdevices/virtualbike.cpp void virtualbike::bikeProvider() "virtual bike connected"
seg. ago. 3 19:32:46 2026 1785796366467 Debug: virtualdevices/virtualbike.cpp void virtualbike::writeCharacteristic(QLowEnergyService *, const QLowEnergyCharacteristic &, const QByteArray &) "virtualbike::writeCharacteristic Unknown Service  64 02 00 00 00 00 00 00 00 00 00 00"
seg. ago. 3 19:32:46 2026 1785796366468 Debug:   Write server characteristic with handle  9 "640200000000000000000000" (service: "{00001826-0000-1000-8000-00805f9b34fb}"
seg. ago. 3 19:32:46 2026 1785796366469 Debug: virtualdevices/virtualbike.cpp void virtualbike::writeCharacteristic(QLowEnergyService *, const QLowEnergyCharacteristic &, const QByteArray &) "virtualbike::writeCharacteristic Heart Rate Heart Rate Measurement 00 00"
seg. ago. 3 19:32:46 2026 1785796366470 Debug:   Write server characteristic with handle  19 "0000" (service: "{0000180d-0000-1000-8000-00805f9b34fb}"
seg. ago. 3 19:32:46 2026 1785796366511 Debug: virtualdevices/virtualbike.cpp void virtualbike::bikeProvider() "bikeProvider" 0 2000 true
seg. ago. 3 19:32:46 2026 1785796366512 Debug: virtualdevices/virtualbike.cpp void virtualbike::bikeProvider() "virtual bike connected"
seg. ago. 3 19:32:46 2026 1785796366514 Debug: virtualdevices/virtualbike.cpp void virtualbike::writeCharacteristic(QLowEnergyService *, const QLowEnergyCharacteristic &, const QByteArray &) "virtualbike::writeCharacteristic Unknown Service  64 02 00 00 00 00 00 00 00 00 00 00"
seg. ago. 3 19:32:46 2026 1785796366514 Debug:   Write server characteristic with handle  9 "640200000000000000000000" (service: "{00001826-0000-1000-8000-00805f9b34fb}"
seg. ago. 3 19:32:46 2026 1785796366516 Debug: virtualdevices/virtualbike.cpp void virtualbike::writeCharacteristic(QLowEnergyService *, const QLowEnergyCharacteristic &, const QByteArray &) "virtualbike::writeCharacteristic Heart Rate Heart Rate Measurement 00 00"
seg. ago. 3 19:32:46 2026 1785796366517 Debug:   Write server characteristic with handle  19 "0000" (service: "{0000180d-0000-1000-8000-00805f9b34fb}"
seg. ago. 3 19:32:46 2026 1785796366563 Debug: virtualdevices/virtualbike.cpp void virtualbike::bikeProvider() "bikeProvider" 0 2000 true
seg. ago. 3 19:32:46 2026 1785796366564 Debug: virtualdevices/virtualbike.cpp void virtualbike::bikeProvider() "virtual bike connected"
seg. ago. 3 19:32:46 2026 1785796366566 Debug: virtualdevices/virtualbike.cpp void virtualbike::writeCharacteristic(QLowEnergyService *, const QLowEnergyCharacteristic &, const QByteArray &) "virtualbike::writeCharacteristic Unknown Service  64 02 00 00 00 00 00 00 00 00 00 00"
seg. ago. 3 19:32:46 2026 1785796366567 Debug:   Write server characteristic with handle  9 "640200000000000000000000" (service: "{00001826-0000-1000-8000-00805f9b34fb}"
seg. ago. 3 19:32:46 2026 1785796366569 Debug: virtualdevices/virtualbike.cpp void virtualbike::writeCharacteristic(QLowEnergyService *, const QLowEnergyCharacteristic &, const QByteArray &) "virtualbike::writeCharacteristic Heart Rate Heart Rate Measurement 00 00"
seg. ago. 3 19:32:46 2026 1785796366570 Debug:   Write server characteristic with handle  19 "0000" (service: "{0000180d-0000-1000-8000-00805f9b34fb}"
seg. ago. 3 19:32:46 2026 1785796366613 Debug: virtualdevices/virtualbike.cpp void virtualbike::bikeProvider() "bikeProvider" 0 2000 true
seg. ago. 3 19:32:46 2026 1785796366614 Debug: virtualdevices/virtualbike.cpp void virtualbike::bikeProvider() "virtual bike connected"
seg. ago. 3 19:32:46 2026 1785796366617 Debug: virtualdevices/virtualbike.cpp void virtualbike::writeCharacteristic(QLowEnergyService *, const QLowEnergyCharacteristic &, const QByteArray &) "virtualbike::writeCharacteristic Unknown Service  64 02 00 00 00 00 00 00 00 00 00 00"
seg. ago. 3 19:32:46 2026 1785796366619 Debug:   Write server characteristic with handle  9 "640200000000000000000000" (service: "{00001826-0000-1000-8000-00805f9b34fb}"
seg. ago. 3 19:32:46 2026 1785796366622 Debug: virtualdevices/virtualbike.cpp void virtualbike::writeCharacteristic(QLowEnergyService *, const QLowEnergyCharacteristic &, const QByteArray &) "virtualbike::writeCharacteristic Heart Rate Heart Rate Measurement 00 00"
seg. ago. 3 19:32:46 2026 1785796366623 Debug:   Write server characteristic with handle  19 "0000" (service: "{0000180d-0000-1000-8000-00805f9b34fb}"
seg. ago. 3 19:32:46 2026 1785796366661 Debug: ./ergtable.h void ergTable::collectData(uint16_t, uint16_t, uint16_t, bool) skipping collecting data due to resistance changing too fast
seg. ago. 3 19:32:46 2026 1785796366666 Debug: virtualdevices/virtualbike.cpp void virtualbike::bikeProvider() "bikeProvider" 0 2000 true
seg. ago. 3 19:32:46 2026 1785796366667 Debug: virtualdevices/virtualbike.cpp void virtualbike::bikeProvider() "virtual bike connected"
seg. ago. 3 19:32:46 2026 1785796366669 Debug: virtualdevices/virtualbike.cpp void virtualbike::writeCharacteristic(QLowEnergyService *, const QLowEnergyCharacteristic &, const QByteArray &) "virtualbike::writeCharacteristic Unknown Service  64 02 00 00 00 00 00 00 00 00 00 00"
seg. ago. 3 19:32:46 2026 1785796366671 Debug:   Write server characteristic with handle  9 "640200000000000000000000" (service: "{00001826-0000-1000-8000-00805f9b34fb}"
seg. ago. 3 19:32:46 2026 1785796366672 Debug: virtualdevices/virtualbike.cpp void virtualbike::writeCharacteristic(QLowEnergyService *, const QLowEnergyCharacteristic &, const QByteArray &) "virtualbike::writeCharacteristic Heart Rate Heart Rate Measurement 00 00"
seg. ago. 3 19:32:46 2026 1785796366674 Debug:   Write server characteristic with handle  19 "0000" (service: "{0000180d-0000-1000-8000-00805f9b34fb}"
seg. ago. 3 19:32:46 2026 1785796366713 Debug: virtualdevices/virtualbike.cpp void virtualbike::bikeProvider() "bikeProvider" 0 2000 true
seg. ago. 3 19:32:46 2026 1785796366714 Debug: virtualdevices/virtualbike.cpp void virtualbike::bikeProvider() "virtual bike connected"
seg. ago. 3 19:32:46 2026 1785796366716 Debug: virtualdevices/virtualbike.cpp void virtualbike::writeCharacteristic(QLowEnergyService *, const QLowEnergyCharacteristic &, const QByteArray &) "virtualbike::writeCharacteristic Unknown Service  64 02 00 00 00 00 00 00 00 00 00 00"
seg. ago. 3 19:32:46 2026 1785796366718 Debug:   Write server characteristic with handle  9 "640200000000000000000000" (service: "{00001826-0000-1000-8000-00805f9b34fb}"
seg. ago. 3 19:32:46 2026 1785796366720 Debug: virtualdevices/virtualbike.cpp void virtualbike::writeCharacteristic(QLowEnergyService *, const QLowEnergyCharacteristic &, const QByteArray &) "virtualbike::writeCharacteristic Heart Rate Heart Rate Measurement 00 00"
seg. ago. 3 19:32:46 2026 1785796366721 Debug:   Write server characteristic with handle  19 "0000" (service: "{0000180d-0000-1000-8000-00805f9b34fb}"
seg. ago. 3 19:32:46 2026 1785796366761 Debug: virtualdevices/virtualbike.cpp void virtualbike::bikeProvider() "bikeProvider" 0 2000 true
seg. ago. 3 19:32:46 2026 1785796366763 Debug: virtualdevices/virtualbike.cpp void virtualbike::bikeProvider() "virtual bike connected"
seg. ago. 3 19:32:46 2026 1785796366765 Debug: virtualdevices/virtualbike.cpp void virtualbike::writeCharacteristic(QLowEnergyService *, const QLowEnergyCharacteristic &, const QByteArray &) "virtualbike::writeCharacteristic Unknown Service  64 02 00 00 00 00 00 00 00 00 00 00"
seg. ago. 3 19:32:46 2026 1785796366766 Debug:   Write server characteristic with handle  9 "640200000000000000000000" (service: "{00001826-0000-1000-8000-00805f9b34fb}"
seg. ago. 3 19:32:46 2026 1785796366768 Debug: virtualdevices/virtualbike.cpp void virtualbike::writeCharacteristic(QLowEnergyService *, const QLowEnergyCharacteristic &, const QByteArray &) "virtualbike::writeCharacteristic Heart Rate Heart Rate Measurement 00 00"
seg. ago. 3 19:32:46 2026 1785796366770 Debug:   Write server characteristic with handle  19 "0000" (service: "{0000180d-0000-1000-8000-00805f9b34fb}"
seg. ago. 3 19:32:46 2026 1785796366811 Debug: virtualdevices/virtualbike.cpp void virtualbike::bikeProvider() "bikeProvider" 0 2000 true
seg. ago. 3 19:32:46 2026 1785796366812 Debug: virtualdevices/virtualbike.cpp void virtualbike::bikeProvider() "virtual bike connected"
seg. ago. 3 19:32:46 2026 1785796366813 Debug: virtualdevices/virtualbike.cpp void virtualbike::writeCharacteristic(QLowEnergyService *, const QLowEnergyCharacteristic &, const QByteArray &) "virtualbike::writeCharacteristic Unknown Service  64 02 00 00 00 00 00 00 00 00 00 00"
seg. ago. 3 19:32:46 2026 1785796366814 Debug:   Write server characteristic with handle  9 "640200000000000000000000" (service: "{00001826-0000-1000-8000-00805f9b34fb}"
seg. ago. 3 19:32:46 2026 1785796366816 Debug: virtualdevices/virtualbike.cpp void virtualbike::writeCharacteristic(QLowEnergyService *, const QLowEnergyCharacteristic &, const QByteArray &) "virtualbike::writeCharacteristic Heart Rate Heart Rate Measurement 00 00"
seg. ago. 3 19:32:46 2026 1785796366817 Debug:   Write server characteristic with handle  19 "0000" (service: "{0000180d-0000-1000-8000-00805f9b34fb}"
seg. ago. 3 19:32:46 2026 1785796366853 Debug:   Characteristic change notification "{00001826-0000-1000-8000-00805f9b34fb}" 47 "f501660021040001002d0028001600ffffff"
seg. ago. 3 19:32:46 2026 1785796366855 Debug: devices/ftmsbike/ftmsbike.cpp void ftmsbike::characteristicChanged(const QLowEnergyCharacteristic &, const QByteArray &) "{00002ad2-0000-1000-8000-00805f9b34fb}" 18 " << " "f5 01 66 00 21 04 00 01 00 2d 00 28 00 16 00 ff ff ff"
seg. ago. 3 19:32:46 2026 1785796366858 Debug: devices/bluetooth.cpp void bluetooth::debug(const QString &) "Current Cadence: 51"
seg. ago. 3 19:32:46 2026 1785796366860 Debug: devices/bluetooth.cpp void bluetooth::debug(const QString &) "Current Distance: 0"
seg. ago. 3 19:32:46 2026 1785796366862 Debug: devices/bluetooth.cpp void bluetooth::debug(const QString &) "Current Resistance: 1"
seg. ago. 3 19:32:46 2026 1785796366864 Debug: devices/bluetooth.cpp void bluetooth::debug(const QString &) "Current Watt: 45"
seg. ago. 3 19:32:46 2026 1785796366866 Debug: devices/bluetooth.cpp void bluetooth::debug(const QString &) "Current Average Watt: 40"
seg. ago. 3 19:32:46 2026 1785796366868 Debug: devices/bluetooth.cpp void bluetooth::debug(const QString &) "Current KCal: 0.247866"
seg. ago. 3 19:32:46 2026 1785796366871 Debug: devices/bluetoothdevice.cpp void bluetoothdevice::update_hr_from_external() WearOS Companion Heart: 0
seg. ago. 3 19:32:46 2026 1785796366873 Debug: ./inclinationresistancetable.h void inclinationResistanceTable::collectData(double, uint16_t, double) Skipping invalid data point: Incl: 0 Res: 1 Watt: 45
seg. ago. 3 19:32:46 2026 1785796366874 Debug: devices/bluetooth.cpp void bluetooth::debug(const QString &) "Current CrankRevs: 1"
seg. ago. 3 19:32:46 2026 1785796366875 Debug: devices/bluetooth.cpp void bluetooth::debug(const QString &) "Last CrankEventTime: 1204"
seg. ago. 3 19:32:46 2026 1785796366877 Debug: ./ergtable.h void ergTable::collectData(uint16_t, uint16_t, uint16_t, bool) resistance changed
seg. ago. 3 19:32:46 2026 1785796366879 Debug: ./ergtable.h void ergTable::collectData(uint16_t, uint16_t, uint16_t, bool) skipping collecting data due to resistance changing too fast
seg. ago. 3 19:32:46 2026 1785796366885 Debug: virtualdevices/virtualbike.cpp void virtualbike::bikeProvider() "bikeProvider" 0 2000 true
seg. ago. 3 19:32:46 2026 1785796366886 Debug: virtualdevices/virtualbike.cpp void virtualbike::bikeProvider() "virtual bike connected"
seg. ago. 3 19:32:46 2026 1785796366888 Debug: virtualdevices/virtualbike.cpp void virtualbike::writeCharacteristic(QLowEnergyService *, const QLowEnergyCharacteristic &, const QByteArray &) "virtualbike::writeCharacteristic Unknown Service  64 02 00 00 66 00 01 00 2d 00 00 00"
seg. ago. 3 19:32:46 2026 1785796366889 Debug:   Write server characteristic with handle  9 "64020000660001002d000000" (service: "{00001826-0000-1000-8000-00805f9b34fb}"
seg. ago. 3 19:32:46 2026 1785796366891 Debug: virtualdevices/virtualbike.cpp void virtualbike::writeCharacteristic(QLowEnergyService *, const QLowEnergyCharacteristic &, const QByteArray &) "virtualbike::writeCharacteristic Heart Rate Heart Rate Measurement 00 00"
seg. ago. 3 19:32:46 2026 1785796366892 Debug:   Write server characteristic with handle  19 "0000" (service: "{0000180d-0000-1000-8000-00805f9b34fb}"
seg. ago. 3 19:32:46 2026 1785796366901 Debug:   Characteristic change notification "{00001826-0000-1000-8000-00805f9b34fb}" 47 "002aa40600c3008a0100"
seg. ago. 3 19:32:46 2026 1785796366903 Debug: devices/ftmsbike/ftmsbike.cpp void ftmsbike::characteristicChanged(const QLowEnergyCharacteristic &, const QByteArray &) "{00002ad2-0000-1000-8000-00805f9b34fb}" 10 " << " "00 2a a4 06 00 c3 00 8a 01 00"
seg. ago. 3 19:32:46 2026 1785796366905 Debug: devices/bluetooth.cpp void bluetooth::debug(const QString &) "Current Speed: 5.92457"
seg. ago. 3 19:32:46 2026 1785796366907 Debug: devices/bluetooth.cpp void bluetooth::debug(const QString &) "Current Distance: 7.89943e-05"
seg. ago. 3 19:32:46 2026 1785796366910 Debug: devices/bluetooth.cpp void bluetooth::debug(const QString &) "Current KCal: 0.251806"
seg. ago. 3 19:32:46 2026 1785796366911 Debug: devices/bluetooth.cpp void bluetooth::debug(const QString &) "Current Heart: 0"
seg. ago. 3 19:32:46 2026 1785796366914 Debug: devices/bluetoothdevice.cpp void bluetoothdevice::update_hr_from_external() WearOS Companion Heart: 0
seg. ago. 3 19:32:46 2026 1785796366915 Debug: ./inclinationresistancetable.h void inclinationResistanceTable::collectData(double, uint16_t, double) Skipping invalid data point: Incl: 0 Res: 1 Watt: 45
seg. ago. 3 19:32:46 2026 1785796366916 Debug: devices/bluetooth.cpp void bluetooth::debug(const QString &) "Current CrankRevs: 2"
seg. ago. 3 19:32:46 2026 1785796366917 Debug: devices/bluetooth.cpp void bluetooth::debug(const QString &) "Last CrankEventTime: 2408"
seg. ago. 3 19:32:46 2026 1785796366919 Debug: virtualdevices/virtualbike.cpp void virtualbike::bikeProvider() "bikeProvider" 0 2000 true
seg. ago. 3 19:32:46 2026 1785796366920 Debug: virtualdevices/virtualbike.cpp void virtualbike::bikeProvider() "virtual bike connected"
seg. ago. 3 19:32:46 2026 1785796366922 Debug: virtualdevices/virtualbike.cpp void virtualbike::writeCharacteristic(QLowEnergyService *, const QLowEnergyCharacteristic &, const QByteArray &) "virtualbike::writeCharacteristic Unknown Service  64 02 50 02 66 00 01 00 2d 00 00 00"
seg. ago. 3 19:32:46 2026 1785796366923 Debug:   Write server characteristic with handle  9 "64025002660001002d000000" (service: "{00001826-0000-1000-8000-00805f9b34fb}"
seg. ago. 3 19:32:46 2026 1785796366925 Debug: virtualdevices/virtualbike.cpp void virtualbike::writeCharacteristic(QLowEnergyService *, const QLowEnergyCharacteristic &, const QByteArray &) "virtualbike::writeCharacteristic Heart Rate Heart Rate Measurement 00 00"
seg. ago. 3 19:32:46 2026 1785796366926 Debug:   Write server characteristic with handle  19 "0000" (service: "{0000180d-0000-1000-8000-00805f9b34fb}"
seg. ago. 3 19:32:46 2026 1785796366961 Debug: virtualdevices/virtualbike.cpp void virtualbike::bikeProvider() "bikeProvider" 0 2000 true
seg. ago. 3 19:32:46 2026 1785796366962 Debug: virtualdevices/virtualbike.cpp void virtualbike::bikeProvider() "virtual bike connected"
seg. ago. 3 19:32:46 2026 1785796366964 Debug: virtualdevices/virtualbike.cpp void virtualbike::writeCharacteristic(QLowEnergyService *, const QLowEnergyCharacteristic &, const QByteArray &) "virtualbike::writeCharacteristic Unknown Service  64 02 50 02 66 00 01 00 2d 00 00 00"
seg. ago. 3 19:32:46 2026 1785796366965 Debug:   Write server characteristic with handle  9 "64025002660001002d000000" (service: "{00001826-0000-1000-8000-00805f9b34fb}"
seg. ago. 3 19:32:46 2026 1785796366966 Debug: virtualdevices/virtualbike.cpp void virtualbike::writeCharacteristic(QLowEnergyService *, const QLowEnergyCharacteristic &, const QByteArray &) "virtualbike::writeCharacteristic Heart Rate Heart Rate Measurement 00 00"
seg. ago. 3 19:32:46 2026 1785796366967 Debug:   Write server characteristic with handle  19 "0000" (service: "{0000180d-0000-1000-8000-00805f9b34fb}"
seg. ago. 3 19:32:47 2026 1785796367011 Debug: virtualdevices/virtualbike.cpp void virtualbike::bikeProvider() "bikeProvider" 0 2000 true
seg. ago. 3 19:32:47 2026 1785796367012 Debug: virtualdevices/virtualbike.cpp void virtualbike::bikeProvider() "virtual bike connected"
seg. ago. 3 19:32:47 2026 1785796367014 Debug: virtualdevices/virtualbike.cpp void virtualbike::writeCharacteristic(QLowEnergyService *, const QLowEnergyCharacteristic &, const QByteArray &) "virtualbike::writeCharacteristic Unknown Service  64 02 50 02 66 00 01 00 2d 00 00 00"
seg. ago. 3 19:32:47 2026 1785796367015 Debug:   Write server characteristic with handle  9 "64025002660001002d000000" (service: "{00001826-0000-1000-8000-00805f9b34fb}"
seg. ago. 3 19:32:47 2026 1785796367017 Debug: virtualdevices/virtualbike.cpp void virtualbike::writeCharacteristic(QLowEnergyService *, const QLowEnergyCharacteristic &, const QByteArray &) "virtualbike::writeCharacteristic Heart Rate Heart Rate Measurement 00 00"
seg. ago. 3 19:32:47 2026 1785796367018 Debug:   Write server characteristic with handle  19 "0000" (service: "{0000180d-0000-1000-8000-00805f9b34fb}"
seg. ago. 3 19:32:47 2026 1785796367061 Debug: ./ergtable.h void ergTable::collectData(uint16_t, uint16_t, uint16_t, bool) skipping collecting data due to resistance changing too fast
seg. ago. 3 19:32:47 2026 1785796367067 Debug: virtualdevices/virtualbike.cpp void virtualbike::bikeProvider() "bikeProvider" 0 2000 true
seg. ago. 3 19:32:47 2026 1785796367069 Debug: virtualdevices/virtualbike.cpp void virtualbike::bikeProvider() "virtual bike connected"
seg. ago. 3 19:32:47 2026 1785796367076 Debug: virtualdevices/virtualbike.cpp void virtualbike::writeCharacteristic(QLowEnergyService *, const QLowEnergyCharacteristic &, const QByteArray &) "virtualbike::writeCharacteristic Unknown Service  64 02 50 02 66 00 01 00 2d 00 00 00"
seg. ago. 3 19:32:47 2026 1785796367078 Debug:   Write server characteristic with handle  9 "64025002660001002d000000" (service: "{00001826-0000-1000-8000-00805f9b34fb}"
seg. ago. 3 19:32:47 2026 1785796367080 Debug: virtualdevices/virtualbike.cpp void virtualbike::writeCharacteristic(QLowEnergyService *, const QLowEnergyCharacteristic &, const QByteArray &) "virtualbike::writeCharacteristic Heart Rate Heart Rate Measurement 00 00"
seg. ago. 3 19:32:47 2026 1785796367081 Debug:   Write server characteristic with handle  19 "0000" (service: "{0000180d-0000-1000-8000-00805f9b34fb}"
seg. ago. 3 19:32:47 2026 1785796367113 Debug: virtualdevices/virtualbike.cpp void virtualbike::bikeProvider() "bikeProvider" 0 2000 true
seg. ago. 3 19:32:47 2026 1785796367114 Debug: virtualdevices/virtualbike.cpp void virtualbike::bikeProvider() "virtual bike connected"
seg. ago. 3 19:32:47 2026 1785796367116 Debug: virtualdevices/virtualbike.cpp void virtualbike::writeCharacteristic(QLowEnergyService *, const QLowEnergyCharacteristic &, const QByteArray &) "virtualbike::writeCharacteristic Unknown Service  64 02 50 02 66 00 01 00 2d 00 00 00"
seg. ago. 3 19:32:47 2026 1785796367117 Debug:   Write server characteristic with handle  9 "64025002660001002d000000" (service: "{00001826-0000-1000-8000-00805f9b34fb}"
seg. ago. 3 19:32:47 2026 1785796367119 Debug: virtualdevices/virtualbike.cpp void virtualbike::writeCharacteristic(QLowEnergyService *, const QLowEnergyCharacteristic &, const QByteArray &) "virtualbike::writeCharacteristic Heart Rate Heart Rate Measurement 00 00"
seg. ago. 3 19:32:47 2026 1785796367121 Debug:   Write server characteristic with handle  19 "0000" (service: "{0000180d-0000-1000-8000-00805f9b34fb}"
seg. ago. 3 19:32:47 2026 1785796367161 Debug: virtualdevices/virtualbike.cpp void virtualbike::bikeProvider() "bikeProvider" 0 2000 true
seg. ago. 3 19:32:47 2026 1785796367162 Debug: virtualdevices/virtualbike.cpp void virtualbike::bikeProvider() "virtual bike connected"
seg. ago. 3 19:32:47 2026 1785796367164 Debug: virtualdevices/virtualbike.cpp void virtualbike::writeCharacteristic(QLowEnergyService *, const QLowEnergyCharacteristic &, const QByteArray &) "virtualbike::writeCharacteristic Unknown Service  64 02 50 02 66 00 01 00 2d 00 00 00"
seg. ago. 3 19:32:47 2026 1785796367166 Debug:   Write server characteristic with handle  9 "64025002660001002d000000" (service: "{00001826-0000-1000-8000-00805f9b34fb}"
seg. ago. 3 19:32:47 2026 1785796367168 Debug: virtualdevices/virtualbike.cpp void virtualbike::writeCharacteristic(QLowEnergyService *, const QLowEnergyCharacteristic &, const QByteArray &) "virtualbike::writeCharacteristic Heart Rate Heart Rate Measurement 00 00"
seg. ago. 3 19:32:47 2026 1785796367169 Debug:   Write server characteristic with handle  19 "0000" (service: "{0000180d-0000-1000-8000-00805f9b34fb}"
seg. ago. 3 19:32:47 2026 1785796367211 Debug: virtualdevices/virtualbike.cpp void virtualbike::bikeProvider() "bikeProvider" 0 2000 true
seg. ago. 3 19:32:47 2026 1785796367212 Debug: virtualdevices/virtualbike.cpp void virtualbike::bikeProvider() "virtual bike connected"
seg. ago. 3 19:32:47 2026 1785796367214 Debug: virtualdevices/virtualbike.cpp void virtualbike::writeCharacteristic(QLowEnergyService *, const QLowEnergyCharacteristic &, const QByteArray &) "virtualbike::writeCharacteristic Unknown Service  64 02 50 02 66 00 01 00 2d 00 00 00"
seg. ago. 3 19:32:47 2026 1785796367215 Debug:   Write server characteristic with handle  9 "64025002660001002d000000" (service: "{00001826-0000-1000-8000-00805f9b34fb}"
seg. ago. 3 19:32:47 2026 1785796367217 Debug: virtualdevices/virtualbike.cpp void virtualbike::writeCharacteristic(QLowEnergyService *, const QLowEnergyCharacteristic &, const QByteArray &) "virtualbike::writeCharacteristic Heart Rate Heart Rate Measurement 00 00"
seg. ago. 3 19:32:47 2026 1785796367218 Debug:   Write server characteristic with handle  19 "0000" (service: "{0000180d-0000-1000-8000-00805f9b34fb}"
seg. ago. 3 19:32:47 2026 1785796367264 Debug: templateinfosender.cpp bool TemplateInfoSender::update(QJSEngine *) "eval res " "{\"msg\":\"workout\",\"content\":{\"BIKE_TYPE\":2,\"ELLIPTICAL_TYPE\":4,\"ROWING_TYPE\":3,\"TREADMILL_TYPE\":1,\"UNKNOWN_TYPE\":0,\"deviceId\":\"B8:F8:62:6D:A8:D6\",\"deviceName\":\"YPBM001264\",\"deviceRSSI\":-39,\"deviceType\":2,\"deviceConnected\":true,\"devicePaused\":false,\"elapsed_s\":0,\"elapsed_m\":0,\"elapsed_h\":0,\"lapelapsed_s\":0,\"lapelapsed_m\":0,\"lapelapsed_h\":0,\"pace_s\":7,\"pace_m\":10,\"pace_h\":0,\"pace_color\":\"white\",\"avgpace_s\":7,\"avgpace_m\":10,\"avgpace_h\":0,\"maxpace_s\":7,\"maxpace_m\":10,\"maxpace_h\":0,\"moving_s\":0,\"moving_m\":0,\"moving_h\":0,\"speed\":5.924571428571428,\"speed_avg\":5.924571428571428,\"speed_color\":\"white\",\"speed_lapavg\":5.924571428571428,\"speed_lapmax\":5.924571428571428,\"calories\":0.2518061,\"distance\":0.00007899428571428571,\"heart\":0,\"heart_color\":\"lightsteelblue\",\"heart_avg\":0,\"heart_lapavg\":0,\"heart_max\":0,\"heart_lapmax\":0,\"target_heart_above\":0,\"target_heart_below\":0,\"jouls\":8.28,\"elevation\":0,\"difficult\":1,\"watts\":45,\"watts_avg\":45,\"watts_color\":\"white\",\"watts_lapavg\":45,\"watts_max\":45,\"watts_lapmax\":45,\"kgwatts\":0.5357142857142857,\"kgwatts_avg\":0.5357142857142857,\"kgwatts_max\":0.5357142857142857,\"workoutName\":\"Ride\",\"workoutStartDate\":\"seg. ago. 3 19:32:44 2026\",\"instructorName\":\"\",\"latitude\":null,\"longitude\":null,\"altitude\":null,\"peloton_offset\":0,\"peloton_ask_start\":false,\"autoresistance\":true,\"nextrow\":\"N/A\",\"training_row_index\":0,\"training_row_elapsed\":0,\"training_row_open_ended\":false,\"training_row_wait_for_lap\":false,\"row_remaining_time_s\":0,\"row_remaining_time_m\":0,\"row_remaining_time_h\":0,\"remaining_time_s\":0,\"remaining_time_m\":0,\"remaining_time_h\":0,\"nickName\":\"N/A\",\"gears\":0,\"target_resistance\":0,\"target_peloton_resistance\":0,\"target_cadence\":0,\"target_power\":0,\"power_zone\":1,\"power_zone_lapavg\":1,\"power_zone_lapmax\":1,\"target_power_zone\":1,\"power_zone_color\":\"white\",\"target_power_zone_color\":\"white\",\"peloton_resistance\":38.08423414281764,\"peloton_resistance_avg\":38.08423414281764,\"peloton_resistance_color\":\"white\",\"peloton_resistance_lapavg\":38.08423414281764,\"peloton_resistance_lapmax\":38.08423414281764,\"peloton_req_resistance\":0,\"cadence\":51,\"cadence_color\":\"white\",\"cadence_avg\":51,\"cadence_lapavg\":51,\"cadence_lapmax\":51,\"resistance\":1,\"resistance_avg\":1,\"resistance_lapavg\":1,\"resistance_lapmax\":1,\"cranks\":2,\"cranktime\":2408,\"req_power\":0,\"req_cadence\":0,\"req_resistance\":0,\"inclination\":0,\"inclination_avg\":0}}"
seg. ago. 3 19:32:47 2026 1785796367269 Debug: homeform.cpp void homeform::update() homeform::update fired! elapsed: 986 jitter: -129
seg. ago. 3 19:32:47 2026 1785796367282 Debug: homeform.cpp void homeform::update() homeform::update tiles updated!
seg. ago. 3 19:32:47 2026 1785796367284 Debug: homeform.cpp void homeform::update() Current Distance 1s: 0.00164571 5.92457 45
seg. ago. 3 19:32:47 2026 1785796367286 Debug: ./ergtable.h void ergTable::collectData(uint16_t, uint16_t, uint16_t, bool) skipping collecting data due to resistance changing too fast
seg. ago. 3 19:32:47 2026 1785796367291 Debug: virtualdevices/virtualbike.cpp void virtualbike::bikeProvider() "bikeProvider" 0 2000 true
seg. ago. 3 19:32:47 2026 1785796367292 Debug: virtualdevices/virtualbike.cpp void virtualbike::bikeProvider() "virtual bike connected"
seg. ago. 3 19:32:47 2026 1785796367293 Debug: virtualdevices/virtualbike.cpp void virtualbike::writeCharacteristic(QLowEnergyService *, const QLowEnergyCharacteristic &, const QByteArray &) "virtualbike::writeCharacteristic Unknown Service  64 02 50 02 66 00 01 00 2d 00 00 00"
seg. ago. 3 19:32:47 2026 1785796367294 Debug:   Write server characteristic with handle  9 "64025002660001002d000000" (service: "{00001826-0000-1000-8000-00805f9b34fb}"
seg. ago. 3 19:32:47 2026 1785796367297 Debug: virtualdevices/virtualbike.cpp void virtualbike::writeCharacteristic(QLowEnergyService *, const QLowEnergyCharacteristic &, const QByteArray &) "virtualbike::writeCharacteristic Heart Rate Heart Rate Measurement 00 00"
seg. ago. 3 19:32:47 2026 1785796367298 Debug:   Write server characteristic with handle  19 "0000" (service: "{0000180d-0000-1000-8000-00805f9b34fb}"
seg. ago. 3 19:32:47 2026 1785796367313 Debug: virtualdevices/virtualbike.cpp void virtualbike::bikeProvider() "bikeProvider" 0 2000 true
seg. ago. 3 19:32:47 2026 1785796367314 Debug: virtualdevices/virtualbike.cpp void virtualbike::bikeProvider() "virtual bike connected"
seg. ago. 3 19:32:47 2026 1785796367316 Debug: virtualdevices/virtualbike.cpp void virtualbike::writeCharacteristic(QLowEnergyService *, const QLowEnergyCharacteristic &, const QByteArray &) "virtualbike::writeCharacteristic Unknown Service  64 02 50 02 66 00 01 00 2d 00 00 00"
seg. ago. 3 19:32:47 2026 1785796367317 Debug:   Write server characteristic with handle  9 "64025002660001002d000000" (service: "{00001826-0000-1000-8000-00805f9b34fb}"
seg. ago. 3 19:32:47 2026 1785796367320 Debug: virtualdevices/virtualbike.cpp void virtualbike::writeCharacteristic(QLowEnergyService *, const QLowEnergyCharacteristic &, const QByteArray &) "virtualbike::writeCharacteristic Heart Rate Heart Rate Measurement 00 00"
seg. ago. 3 19:32:47 2026 1785796367324 Debug:   Write server characteristic with handle  19 "0000" (service: "{0000180d-0000-1000-8000-00805f9b34fb}"
seg. ago. 3 19:32:47 2026 1785796367361 Debug: virtualdevices/virtualbike.cpp void virtualbike::bikeProvider() "bikeProvider" 0 2000 true
seg. ago. 3 19:32:47 2026 1785796367362 Debug: virtualdevices/virtualbike.cpp void virtualbike::bikeProvider() "virtual bike connected"
seg. ago. 3 19:32:47 2026 1785796367364 Debug: virtualdevices/virtualbike.cpp void virtualbike::writeCharacteristic(QLowEnergyService *, const QLowEnergyCharacteristic &, const QByteArray &) "virtualbike::writeCharacteristic Unknown Service  64 02 50 02 66 00 01 00 2d 00 00 00"
seg. ago. 3 19:32:47 2026 1785796367366 Debug:   Write server characteristic with handle  9 "64025002660001002d000000" (service: "{00001826-0000-1000-8000-00805f9b34fb}"
seg. ago. 3 19:32:47 2026 1785796367369 Debug: virtualdevices/virtualbike.cpp void virtualbike::writeCharacteristic(QLowEnergyService *, const QLowEnergyCharacteristic &, const QByteArray &) "virtualbike::writeCharacteristic Heart Rate Heart Rate Measurement 00 00"
seg. ago. 3 19:32:47 2026 1785796367372 Debug:   Write server characteristic with handle  19 "0000" (service: "{0000180d-0000-1000-8000-00805f9b34fb}"
seg. ago. 3 19:32:47 2026 1785796367411 Debug: virtualdevices/virtualbike.cpp void virtualbike::bikeProvider() "bikeProvider" 0 2000 true
seg. ago. 3 19:32:47 2026 1785796367412 Debug: virtualdevices/virtualbike.cpp void virtualbike::bikeProvider() "virtual bike connected"
seg. ago. 3 19:32:47 2026 1785796367413 Debug: virtualdevices/virtualbike.cpp void virtualbike::writeCharacteristic(QLowEnergyService *, const QLowEnergyCharacteristic &, const QByteArray &) "virtualbike::writeCharacteristic Unknown Service  64 02 50 02 66 00 01 00 2d 00 00 00"
seg. ago. 3 19:32:47 2026 1785796367414 Debug:   Write server characteristic with handle  9 "64025002660001002d000000" (service: "{00001826-0000-1000-8000-00805f9b34fb}"
seg. ago. 3 19:32:47 2026 1785796367416 Debug: virtualdevices/virtualbike.cpp void virtualbike::writeCharacteristic(QLowEnergyService *, const QLowEnergyCharacteristic &, const QByteArray &) "virtualbike::writeCharacteristic Heart Rate Heart Rate Measurement 00 00"
seg. ago. 3 19:32:47 2026 1785796367417 Debug:   Write server characteristic with handle  19 "0000" (service: "{0000180d-0000-1000-8000-00805f9b34fb}"
seg. ago. 3 19:32:47 2026 1785796367462 Debug: ./ergtable.h void ergTable::collectData(uint16_t, uint16_t, uint16_t, bool) skipping collecting data due to resistance changing too fast
seg. ago. 3 19:32:47 2026 1785796367471 Debug: virtualdevices/virtualbike.cpp void virtualbike::bikeProvider() "bikeProvider" 0 2000 true
seg. ago. 3 19:32:47 2026 1785796367472 Debug: virtualdevices/virtualbike.cpp void virtualbike::bikeProvider() "virtual bike connected"
seg. ago. 3 19:32:47 2026 1785796367473 Debug: virtualdevices/virtualbike.cpp void virtualbike::writeCharacteristic(QLowEnergyService *, const QLowEnergyCharacteristic &, const QByteArray &) "virtualbike::writeCharacteristic Unknown Service  64 02 50 02 66 00 01 00 2d 00 00 00"
seg. ago. 3 19:32:47 2026 1785796367475 Debug:   Write server characteristic with handle  9 "64025002660001002d000000" (service: "{00001826-0000-1000-8000-00805f9b34fb}"
seg. ago. 3 19:32:47 2026 1785796367476 Debug: virtualdevices/virtualbike.cpp void virtualbike::writeCharacteristic(QLowEnergyService *, const QLowEnergyCharacteristic &, const QByteArray &) "virtualbike::writeCharacteristic Heart Rate Heart Rate Measurement 00 00"
seg. ago. 3 19:32:47 2026 1785796367478 Debug:   Write server characteristic with handle  19 "0000" (service: "{0000180d-0000-1000-8000-00805f9b34fb}"
seg. ago. 3 19:32:47 2026 1785796367512 Debug: virtualdevices/virtualbike.cpp void virtualbike::bikeProvider() "bikeProvider" 0 2000 true
seg. ago. 3 19:32:47 2026 1785796367514 Debug: virtualdevices/virtualbike.cpp void virtualbike::bikeProvider() "virtual bike connected"
seg. ago. 3 19:32:47 2026 1785796367516 Debug: virtualdevices/virtualbike.cpp void virtualbike::writeCharacteristic(QLowEnergyService *, const QLowEnergyCharacteristic &, const QByteArray &) "virtualbike::writeCharacteristic Unknown Service  64 02 50 02 66 00 01 00 2d 00 00 00"
seg. ago. 3 19:32:47 2026 1785796367517 Debug:   Write server characteristic with handle  9 "64025002660001002d000000" (service: "{00001826-0000-1000-8000-00805f9b34fb}"
seg. ago. 3 19:32:47 2026 1785796367518 Debug: virtualdevices/virtualbike.cpp void virtualbike::writeCharacteristic(QLowEnergyService *, const QLowEnergyCharacteristic &, const QByteArray &) "virtualbike::writeCharacteristic Heart Rate Heart Rate Measurement 00 00"
seg. ago. 3 19:32:47 2026 1785796367520 Debug:   Write server characteristic with handle  19 "0000" (service: "{0000180d-0000-1000-8000-00805f9b34fb}"
seg. ago. 3 19:32:47 2026 1785796367562 Debug: virtualdevices/virtualbike.cpp void virtualbike::bikeProvider() "bikeProvider" 0 2000 true
seg. ago. 3 19:32:47 2026 1785796367563 Debug: virtualdevices/virtualbike.cpp void virtualbike::bikeProvider() "virtual bike connected"
seg. ago. 3 19:32:47 2026 1785796367566 Debug: virtualdevices/virtualbike.cpp void virtualbike::writeCharacteristic(QLowEnergyService *, const QLowEnergyCharacteristic &, const QByteArray &) "virtualbike::writeCharacteristic Unknown Service  64 02 50 02 66 00 01 00 2d 00 00 00"
seg. ago. 3 19:32:47 2026 1785796367568 Debug:   Write server characteristic with handle  9 "64025002660001002d000000" (service: "{00001826-0000-1000-8000-00805f9b34fb}"
seg. ago. 3 19:32:47 2026 1785796367570 Debug: virtualdevices/virtualbike.cpp void virtualbike::writeCharacteristic(QLowEnergyService *, const QLowEnergyCharacteristic &, const QByteArray &) "virtualbike::writeCharacteristic Heart Rate Heart Rate Measurement 00 00"
seg. ago. 3 19:32:47 2026 1785796367571 Debug:   Write server characteristic with handle  19 "0000" (service: "{0000180d-0000-1000-8000-00805f9b34fb}"
seg. ago. 3 19:32:47 2026 1785796367611 Debug: virtualdevices/virtualbike.cpp void virtualbike::bikeProvider() "bikeProvider" 0 2000 true
seg. ago. 3 19:32:47 2026 1785796367613 Debug: virtualdevices/virtualbike.cpp void virtualbike::bikeProvider() "virtual bike connected"
seg. ago. 3 19:32:47 2026 1785796367615 Debug: virtualdevices/virtualbike.cpp void virtualbike::writeCharacteristic(QLowEnergyService *, const QLowEnergyCharacteristic &, const QByteArray &) "virtualbike::writeCharacteristic Unknown Service  64 02 50 02 66 00 01 00 2d 00 00 00"
seg. ago. 3 19:32:47 2026 1785796367616 Debug:   Write server characteristic with handle  9 "64025002660001002d000000" (service: "{00001826-0000-1000-8000-00805f9b34fb}"
seg. ago. 3 19:32:47 2026 1785796367618 Debug: virtualdevices/virtualbike.cpp void virtualbike::writeCharacteristic(QLowEnergyService *, const QLowEnergyCharacteristic &, const QByteArray &) "virtualbike::writeCharacteristic Heart Rate Heart Rate Measurement 00 00"
seg. ago. 3 19:32:47 2026 1785796367619 Debug:   Write server characteristic with handle  19 "0000" (service: "{0000180d-0000-1000-8000-00805f9b34fb}"
seg. ago. 3 19:32:47 2026 1785796367661 Debug: ./ergtable.h void ergTable::collectData(uint16_t, uint16_t, uint16_t, bool) skipping collecting data due to resistance changing too fast
seg. ago. 3 19:32:47 2026 1785796367669 Debug: virtualdevices/virtualbike.cpp void virtualbike::bikeProvider() "bikeProvider" 0 2000 true
seg. ago. 3 19:32:47 2026 1785796367670 Debug: virtualdevices/virtualbike.cpp void virtualbike::bikeProvider() "virtual bike connected"
seg. ago. 3 19:32:47 2026 1785796367672 Debug: virtualdevices/virtualbike.cpp void virtualbike::writeCharacteristic(QLowEnergyService *, const QLowEnergyCharacteristic &, const QByteArray &) "virtualbike::writeCharacteristic Unknown Service  64 02 50 02 66 00 01 00 2d 00 00 00"
seg. ago. 3 19:32:47 2026 1785796367674 Debug:   Write server characteristic with handle  9 "64025002660001002d000000" (service: "{00001826-0000-1000-8000-00805f9b34fb}"
seg. ago. 3 19:32:47 2026 1785796367676 Debug: virtualdevices/virtualbike.cpp void virtualbike::writeCharacteristic(QLowEnergyService *, const QLowEnergyCharacteristic &, const QByteArray &) "virtualbike::writeCharacteristic Heart Rate Heart Rate Measurement 00 00"
seg. ago. 3 19:32:47 2026 1785796367678 Debug:   Write server characteristic with handle  19 "0000" (service: "{0000180d-0000-1000-8000-00805f9b34fb}"
seg. ago. 3 19:32:47 2026 1785796367712 Debug: virtualdevices/virtualbike.cpp void virtualbike::bikeProvider() "bikeProvider" 0 2000 true
seg. ago. 3 19:32:47 2026 1785796367713 Debug: virtualdevices/virtualbike.cpp void virtualbike::bikeProvider() "virtual bike connected"
seg. ago. 3 19:32:47 2026 1785796367715 Debug: virtualdevices/virtualbike.cpp void virtualbike::writeCharacteristic(QLowEnergyService *, const QLowEnergyCharacteristic &, const QByteArray &) "virtualbike::writeCharacteristic Unknown Service  64 02 50 02 66 00 01 00 2d 00 00 00"
seg. ago. 3 19:32:47 2026 1785796367716 Debug:   Write server characteristic with handle  9 "64025002660001002d000000" (service: "{00001826-0000-1000-8000-00805f9b34fb}"
seg. ago. 3 19:32:47 2026 1785796367718 Debug: virtualdevices/virtualbike.cpp void virtualbike::writeCharacteristic(QLowEnergyService *, const QLowEnergyCharacteristic &, const QByteArray &) "virtualbike::writeCharacteristic Heart Rate Heart Rate Measurement 00 00"
seg. ago. 3 19:32:47 2026 1785796367719 Debug:   Write server characteristic with handle  19 "0000" (service: "{0000180d-0000-1000-8000-00805f9b34fb}"
seg. ago. 3 19:32:47 2026 1785796367761 Debug: qmdnsengine/src/src/prober.cpp QMdnsEngine::ProberPrivate::ProberPrivate(QMdnsEngine::Prober *, QMdnsEngine::AbstractServer *, const QMdnsEngine::Record &) ProberPrivate::ProberPrivate() "Wahoo KICKR 0000._wahoo-fitness-tnp._tcp.local."
seg. ago. 3 19:32:47 2026 1785796367763 Debug: qmdnsengine/src/src/provider.cpp void QMdnsEngine::ProviderPrivate::confirm() ProviderPrivate::confirm()
seg. ago. 3 19:32:47 2026 1785796367765 Debug: qmdnsengine/src/src/prober.cpp QMdnsEngine::ProberPrivate::ProberPrivate(QMdnsEngine::Prober *, QMdnsEngine::AbstractServer *, const QMdnsEngine::Record &) ProberPrivate::ProberPrivate() "Wahoo HRM._wahoo-fitness-tnp._tcp.local."
seg. ago. 3 19:32:47 2026 1785796367767 Debug: qmdnsengine/src/src/provider.cpp void QMdnsEngine::ProviderPrivate::confirm() ProviderPrivate::confirm()
seg. ago. 3 19:32:47 2026 1785796367770 Debug: virtualdevices/virtualbike.cpp void virtualbike::bikeProvider() "bikeProvider" 0 2000 true
seg. ago. 3 19:32:47 2026 1785796367772 Debug: virtualdevices/virtualbike.cpp void virtualbike::bikeProvider() "virtual bike connected"
seg. ago. 3 19:32:47 2026 1785796367774 Debug: virtualdevices/virtualbike.cpp void virtualbike::writeCharacteristic(QLowEnergyService *, const QLowEnergyCharacteristic &, const QByteArray &) "virtualbike::writeCharacteristic Unknown Service  64 02 50 02 66 00 01 00 2d 00 00 00"
seg. ago. 3 19:32:47 2026 1785796367776 Debug:   Write server characteristic with handle  9 "64025002660001002d000000" (service: "{00001826-0000-1000-8000-00805f9b34fb}"
seg. ago. 3 19:32:47 2026 1785796367778 Debug: virtualdevices/virtualbike.cpp void virtualbike::writeCharacteristic(QLowEnergyService *, const QLowEnergyCharacteristic &, const QByteArray &) "virtualbike::writeCharacteristic Heart Rate Heart Rate Measurement 00 00"
seg. ago. 3 19:32:47 2026 1785796367779 Debug:   Write server characteristic with handle  19 "0000" (service: "{0000180d-0000-1000-8000-00805f9b34fb}"
seg. ago. 3 19:32:47 2026 1785796367812 Debug: virtualdevices/virtualbike.cpp void virtualbike::bikeProvider() "bikeProvider" 0 2000 true
seg. ago. 3 19:32:47 2026 1785796367813 Debug: virtualdevices/virtualbike.cpp void virtualbike::bikeProvider() "virtual bike connected"
seg. ago. 3 19:32:47 2026 1785796367814 Debug: virtualdevices/virtualbike.cpp void virtualbike::writeCharacteristic(QLowEnergyService *, const QLowEnergyCharacteristic &, const QByteArray &) "virtualbike::writeCharacteristic Unknown Service  64 02 50 02 66 00 01 00 2d 00 00 00"
seg. ago. 3 19:32:47 2026 1785796367815 Debug:   Write server characteristic with handle  9 "64025002660001002d000000" (service: "{00001826-0000-1000-8000-00805f9b34fb}"
seg. ago. 3 19:32:47 2026 1785796367818 Debug: virtualdevices/virtualbike.cpp void virtualbike::writeCharacteristic(QLowEnergyService *, const QLowEnergyCharacteristic &, const QByteArray &) "virtualbike::writeCharacteristic Heart Rate Heart Rate Measurement 00 00"
seg. ago. 3 19:32:47 2026 1785796367819 Debug:   Write server characteristic with handle  19 "0000" (service: "{0000180d-0000-1000-8000-00805f9b34fb}"
seg. ago. 3 19:32:47 2026 1785796367862 Debug: ./ergtable.h void ergTable::collectData(uint16_t, uint16_t, uint16_t, bool) skipping collecting data due to resistance changing too fast
seg. ago. 3 19:32:47 2026 1785796367869 Debug: virtualdevices/virtualbike.cpp void virtualbike::bikeProvider() "bikeProvider" 0 2000 true
seg. ago. 3 19:32:47 2026 1785796367870 Debug: virtualdevices/virtualbike.cpp void virtualbike::bikeProvider() "virtual bike connected"
seg. ago. 3 19:32:47 2026 1785796367872 Debug: virtualdevices/virtualbike.cpp void virtualbike::writeCharacteristic(QLowEnergyService *, const QLowEnergyCharacteristic &, const QByteArray &) "virtualbike::writeCharacteristic Unknown Service  64 02 50 02 66 00 01 00 2d 00 00 00"
seg. ago. 3 19:32:47 2026 1785796367873 Debug:   Write server characteristic with handle  9 "64025002660001002d000000" (service: "{00001826-0000-1000-8000-00805f9b34fb}"
seg. ago. 3 19:32:47 2026 1785796367874 Debug: virtualdevices/virtualbike.cpp void virtualbike::writeCharacteristic(QLowEnergyService *, const QLowEnergyCharacteristic &, const QByteArray &) "virtualbike::writeCharacteristic Heart Rate Heart Rate Measurement 00 00"
seg. ago. 3 19:32:47 2026 1785796367875 Debug:   Write server characteristic with handle  19 "0000" (service: "{0000180d-0000-1000-8000-00805f9b34fb}"
seg. ago. 3 19:32:47 2026 1785796367882 Debug:   Characteristic change notification "{00001826-0000-1000-8000-00805f9b34fb}" 47 "f501620025040001002b002a001600ffffff"
seg. ago. 3 19:32:47 2026 1785796367883 Debug: devices/ftmsbike/ftmsbike.cpp void ftmsbike::characteristicChanged(const QLowEnergyCharacteristic &, const QByteArray &) "{00002ad2-0000-1000-8000-00805f9b34fb}" 18 " << " "f5 01 62 00 25 04 00 01 00 2b 00 2a 00 16 00 ff ff ff"
seg. ago. 3 19:32:47 2026 1785796367884 Debug: devices/bluetooth.cpp void bluetooth::debug(const QString &) "Current Cadence: 49"
seg. ago. 3 19:32:47 2026 1785796367885 Debug: devices/bluetooth.cpp void bluetooth::debug(const QString &) "Current Distance: 0.00169179"
seg. ago. 3 19:32:47 2026 1785796367886 Debug: devices/bluetooth.cpp void bluetooth::debug(const QString &) "Current Resistance: 1"
seg. ago. 3 19:32:47 2026 1785796367888 Debug: devices/bluetooth.cpp void bluetooth::debug(const QString &) "Current Watt: 43"
seg. ago. 3 19:32:47 2026 1785796367889 Debug: devices/bluetooth.cpp void bluetooth::debug(const QString &) "Current Average Watt: 42"
seg. ago. 3 19:32:47 2026 1785796367890 Debug: devices/bluetooth.cpp void bluetooth::debug(const QString &) "Current KCal: 0.329935"
seg. ago. 3 19:32:47 2026 1785796367892 Debug: devices/bluetoothdevice.cpp void bluetoothdevice::update_hr_from_external() WearOS Companion Heart: 0
seg. ago. 3 19:32:47 2026 1785796367893 Debug: ./inclinationresistancetable.h void inclinationResistanceTable::collectData(double, uint16_t, double) Skipping invalid data point: Incl: 0 Res: 1 Watt: 43
seg. ago. 3 19:32:47 2026 1785796367894 Debug: devices/bluetooth.cpp void bluetooth::debug(const QString &) "Current CrankRevs: 3"
seg. ago. 3 19:32:47 2026 1785796367895 Debug: devices/bluetooth.cpp void bluetooth::debug(const QString &) "Last CrankEventTime: 3661"
seg. ago. 3 19:32:47 2026 1785796367896 Debug:   Characteristic change notification "{00001826-0000-1000-8000-00805f9b34fb}" 47 "002a610600c4008c0100"
seg. ago. 3 19:32:47 2026 1785796367897 Debug: devices/ftmsbike/ftmsbike.cpp void ftmsbike::characteristicChanged(const QLowEnergyCharacteristic &, const QByteArray &) "{00002ad2-0000-1000-8000-00805f9b34fb}" 10 " << " "00 2a 61 06 00 c4 00 8c 01 00"
seg. ago. 3 19:32:47 2026 1785796367899 Debug: devices/bluetooth.cpp void bluetooth::debug(const QString &) "Current Speed: 7.40428"
seg. ago. 3 19:32:47 2026 1785796367901 Debug: devices/bluetooth.cpp void bluetooth::debug(const QString &) "Current Distance: 0.00172265"
seg. ago. 3 19:32:47 2026 1785796367903 Debug: devices/bluetooth.cpp void bluetooth::debug(const QString &) "Current KCal: 0.33113"
seg. ago. 3 19:32:47 2026 1785796367904 Debug: devices/bluetooth.cpp void bluetooth::debug(const QString &) "Current Heart: 0"
seg. ago. 3 19:32:47 2026 1785796367906 Debug: devices/bluetoothdevice.cpp void bluetoothdevice::update_hr_from_external() WearOS Companion Heart: 0
seg. ago. 3 19:32:47 2026 1785796367907 Debug: ./inclinationresistancetable.h void inclinationResistanceTable::collectData(double, uint16_t, double) Skipping invalid data point: Incl: 0 Res: 1 Watt: 43
seg. ago. 3 19:32:47 2026 1785796367908 Debug: devices/bluetooth.cpp void bluetooth::debug(const QString &) "Current CrankRevs: 4"
seg. ago. 3 19:32:47 2026 1785796367908 Debug: devices/bluetooth.cpp void bluetooth::debug(const QString &) "Last CrankEventTime: 4914"
seg. ago. 3 19:32:47 2026 1785796367911 Debug: virtualdevices/virtualbike.cpp void virtualbike::bikeProvider() "bikeProvider" 0 2000 true
seg. ago. 3 19:32:47 2026 1785796367911 Debug: virtualdevices/virtualbike.cpp void virtualbike::bikeProvider() "virtual bike connected"
seg. ago. 3 19:32:47 2026 1785796367913 Debug: virtualdevices/virtualbike.cpp void virtualbike::writeCharacteristic(QLowEnergyService *, const QLowEnergyCharacteristic &, const QByteArray &) "virtualbike::writeCharacteristic Unknown Service  64 02 e4 02 62 00 01 00 2b 00 00 00"
seg. ago. 3 19:32:47 2026 1785796367913 Debug:   Write server characteristic with handle  9 "6402e402620001002b000000" (service: "{00001826-0000-1000-8000-00805f9b34fb}"
seg. ago. 3 19:32:47 2026 1785796367914 Debug: virtualdevices/virtualbike.cpp void virtualbike::writeCharacteristic(QLowEnergyService *, const QLowEnergyCharacteristic &, const QByteArray &) "virtualbike::writeCharacteristic Heart Rate Heart Rate Measurement 00 00"
seg. ago. 3 19:32:47 2026 1785796367915 Debug:   Write server characteristic with handle  19 "0000" (service: "{0000180d-0000-1000-8000-00805f9b34fb}"
seg. ago. 3 19:32:47 2026 1785796367962 Debug: virtualdevices/virtualbike.cpp void virtualbike::bikeProvider() "bikeProvider" 0 2000 true
seg. ago. 3 19:32:47 2026 1785796367963 Debug: virtualdevices/virtualbike.cpp void virtualbike::bikeProvider() "virtual bike connected"
seg. ago. 3 19:32:47 2026 1785796367965 Debug: virtualdevices/virtualbike.cpp void virtualbike::writeCharacteristic(QLowEnergyService *, const QLowEnergyCharacteristic &, const QByteArray &) "virtualbike::writeCharacteristic Unknown Service  64 02 e4 02 62 00 01 00 2b 00 00 00"
seg. ago. 3 19:32:47 2026 1785796367967 Debug:   Write server characteristic with handle  9 "6402e402620001002b000000" (service: "{00001826-0000-1000-8000-00805f9b34fb}"
seg. ago. 3 19:32:47 2026 1785796367969 Debug: virtualdevices/virtualbike.cpp void virtualbike::writeCharacteristic(QLowEnergyService *, const QLowEnergyCharacteristic &, const QByteArray &) "virtualbike::writeCharacteristic Heart Rate Heart Rate Measurement 00 00"
seg. ago. 3 19:32:47 2026 1785796367970 Debug:   Write server characteristic with handle  19 "0000" (service: "{0000180d-0000-1000-8000-00805f9b34fb}"
seg. ago. 3 19:32:48 2026 1785796368012 Debug: virtualdevices/virtualbike.cpp void virtualbike::bikeProvider() "bikeProvider" 0 2000 true
seg. ago. 3 19:32:48 2026 1785796368013 Debug: virtualdevices/virtualbike.cpp void virtualbike::bikeProvider() "virtual bike connected"
seg. ago. 3 19:32:48 2026 1785796368017 Debug: virtualdevices/virtualbike.cpp void virtualbike::writeCharacteristic(QLowEnergyService *, const QLowEnergyCharacteristic &, const QByteArray &) "virtualbike::writeCharacteristic Unknown Service  64 02 e4 02 62 00 01 00 2b 00 00 00"
seg. ago. 3 19:32:48 2026 1785796368019 Debug:   Write server characteristic with handle  9 "6402e402620001002b000000" (service: "{00001826-0000-1000-8000-00805f9b34fb}"
seg. ago. 3 19:32:48 2026 1785796368021 Debug: virtualdevices/virtualbike.cpp void virtualbike::writeCharacteristic(QLowEnergyService *, const QLowEnergyCharacteristic &, const QByteArray &) "virtualbike::writeCharacteristic Heart Rate Heart Rate Measurement 00 00"
seg. ago. 3 19:32:48 2026 1785796368022 Debug:   Write server characteristic with handle  19 "0000" (service: "{0000180d-0000-1000-8000-00805f9b34fb}"
seg. ago. 3 19:32:48 2026 1785796368069 Debug: virtualdevices/virtualbike.cpp void virtualbike::bikeProvider() "bikeProvider" 0 2000 true
seg. ago. 3 19:32:48 2026 1785796368070 Debug: virtualdevices/virtualbike.cpp void virtualbike::bikeProvider() "virtual bike connected"
seg. ago. 3 19:32:48 2026 1785796368073 Debug: virtualdevices/virtualbike.cpp void virtualbike::writeCharacteristic(QLowEnergyService *, const QLowEnergyCharacteristic &, const QByteArray &) "virtualbike::writeCharacteristic Unknown Service  64 02 e4 02 62 00 01 00 2b 00 00 00"
seg. ago. 3 19:32:48 2026 1785796368075 Debug:   Write server characteristic with handle  9 "6402e402620001002b000000" (service: "{00001826-0000-1000-8000-00805f9b34fb}"
seg. ago. 3 19:32:48 2026 1785796368077 Debug: virtualdevices/virtualbike.cpp void virtualbike::writeCharacteristic(QLowEnergyService *, const QLowEnergyCharacteristic &, const QByteArray &) "virtualbike::writeCharacteristic Heart Rate Heart Rate Measurement 00 00"
seg. ago. 3 19:32:48 2026 1785796368078 Debug:   Write server characteristic with handle  19 "0000" (service: "{0000180d-0000-1000-8000-00805f9b34fb}"
seg. ago. 3 19:32:48 2026 1785796368113 Debug: virtualdevices/virtualbike.cpp void virtualbike::bikeProvider() "bikeProvider" 0 2000 true
seg. ago. 3 19:32:48 2026 1785796368114 Debug: virtualdevices/virtualbike.cpp void virtualbike::bikeProvider() "virtual bike connected"
seg. ago. 3 19:32:48 2026 1785796368117 Debug: virtualdevices/virtualbike.cpp void virtualbike::writeCharacteristic(QLowEnergyService *, const QLowEnergyCharacteristic &, const QByteArray &) "virtualbike::writeCharacteristic Unknown Service  64 02 e4 02 62 00 01 00 2b 00 00 00"
seg. ago. 3 19:32:48 2026 1785796368118 Debug:   Write server characteristic with handle  9 "6402e402620001002b000000" (service: "{00001826-0000-1000-8000-00805f9b34fb}"
seg. ago. 3 19:32:48 2026 1785796368120 Debug: virtualdevices/virtualbike.cpp void virtualbike::writeCharacteristic(QLowEnergyService *, const QLowEnergyCharacteristic &, const QByteArray &) "virtualbike::writeCharacteristic Heart Rate Heart Rate Measurement 00 00"
seg. ago. 3 19:32:48 2026 1785796368121 Debug:   Write server characteristic with handle  19 "0000" (service: "{0000180d-0000-1000-8000-00805f9b34fb}"
seg. ago. 3 19:32:48 2026 1785796368162 Debug: virtualdevices/virtualbike.cpp void virtualbike::bikeProvider() "bikeProvider" 0 2000 true
seg. ago. 3 19:32:48 2026 1785796368163 Debug: virtualdevices/virtualbike.cpp void virtualbike::bikeProvider() "virtual bike connected"
seg. ago. 3 19:32:48 2026 1785796368165 Debug: virtualdevices/virtualbike.cpp void virtualbike::writeCharacteristic(QLowEnergyService *, const QLowEnergyCharacteristic &, const QByteArray &) "virtualbike::writeCharacteristic Unknown Service  64 02 e4 02 62 00 01 00 2b 00 00 00"
seg. ago. 3 19:32:48 2026 1785796368166 Debug:   Write server characteristic with handle  9 "6402e402620001002b000000" (service: "{00001826-0000-1000-8000-00805f9b34fb}"
seg. ago. 3 19:32:48 2026 1785796368168 Debug: virtualdevices/virtualbike.cpp void virtualbike::writeCharacteristic(QLowEnergyService *, const QLowEnergyCharacteristic &, const QByteArray &) "virtualbike::writeCharacteristic Heart Rate Heart Rate Measurement 00 00"
seg. ago. 3 19:32:48 2026 1785796368170 Debug:   Write server characteristic with handle  19 "0000" (service: "{0000180d-0000-1000-8000-00805f9b34fb}"
seg. ago. 3 19:32:48 2026 1785796368212 Debug: virtualdevices/virtualbike.cpp void virtualbike::bikeProvider() "bikeProvider" 0 2000 true
seg. ago. 3 19:32:48 2026 1785796368214 Debug: virtualdevices/virtualbike.cpp void virtualbike::bikeProvider() "virtual bike connected"
seg. ago. 3 19:32:48 2026 1785796368216 Debug: virtualdevices/virtualbike.cpp void virtualbike::writeCharacteristic(QLowEnergyService *, const QLowEnergyCharacteristic &, const QByteArray &) "virtualbike::writeCharacteristic Unknown Service  64 02 e4 02 62 00 01 00 2b 00 00 00"
seg. ago. 3 19:32:48 2026 1785796368217 Debug:   Write server characteristic with handle  9 "6402e402620001002b000000" (service: "{00001826-0000-1000-8000-00805f9b34fb}"
seg. ago. 3 19:32:48 2026 1785796368219 Debug: virtualdevices/virtualbike.cpp void virtualbike::writeCharacteristic(QLowEnergyService *, const QLowEnergyCharacteristic &, const QByteArray &) "virtualbike::writeCharacteristic Heart Rate Heart Rate Measurement 00 00"
seg. ago. 3 19:32:48 2026 1785796368221 Debug:   Write server characteristic with handle  19 "0000" (service: "{0000180d-0000-1000-8000-00805f9b34fb}"
seg. ago. 3 19:32:48 2026 1785796368267 Debug: templateinfosender.cpp bool TemplateInfoSender::update(QJSEngine *) "eval res " "{\"msg\":\"workout\",\"content\":{\"BIKE_TYPE\":2,\"ELLIPTICAL_TYPE\":4,\"ROWING_TYPE\":3,\"TREADMILL_TYPE\":1,\"UNKNOWN_TYPE\":0,\"deviceId\":\"B8:F8:62:6D:A8:D6\",\"deviceName\":\"YPBM001264\",\"deviceRSSI\":-39,\"deviceType\":2,\"deviceConnected\":true,\"devicePaused\":false,\"elapsed_s\":1,\"elapsed_m\":0,\"elapsed_h\":0,\"lapelapsed_s\":1,\"lapelapsed_m\":0,\"lapelapsed_h\":0,\"pace_s\":6,\"pace_m\":8,\"pace_h\":0,\"pace_color\":\"white\",\"avgpace_s\":0,\"avgpace_m\":9,\"avgpace_h\":0,\"maxpace_s\":6,\"maxpace_m\":8,\"maxpace_h\":0,\"moving_s\":1,\"moving_m\":0,\"moving_h\":0,\"speed\":7.40428459017412,\"speed_avg\":6.664428009372774,\"speed_color\":\"white\",\"speed_lapavg\":6.664428009372774,\"speed_lapmax\":7.40428459017412,\"calories\":0.331130485,\"distance\":0.001722645471506678,\"heart\":0,\"heart_color\":\"lightsteelblue\",\"heart_avg\":0,\"heart_lapavg\":0,\"heart_max\":0,\"heart_lapmax\":0,\"target_heart_above\":0,\"target_heart_below\":0,\"jouls\":52.923,\"elevation\":0,\"difficult\":1,\"watts\":43,\"watts_avg\":44,\"watts_color\":\"white\",\"watts_lapavg\":44,\"watts_max\":45,\"watts_lapmax\":45,\"kgwatts\":0.5119047619047619,\"kgwatts_avg\":0.5317460317460317,\"kgwatts_max\":0.5357142857142857,\"workoutName\":\"Ride\",\"workoutStartDate\":\"seg. ago. 3 19:32:44 2026\",\"instructorName\":\"\",\"latitude\":null,\"longitude\":null,\"altitude\":null,\"peloton_offset\":0,\"peloton_ask_start\":false,\"autoresistance\":true,\"nextrow\":\"N/A\",\"training_row_index\":0,\"training_row_elapsed\":0,\"training_row_open_ended\":false,\"training_row_wait_for_lap\":false,\"row_remaining_time_s\":0,\"row_remaining_time_m\":0,\"row_remaining_time_h\":0,\"remaining_time_s\":0,\"remaining_time_m\":0,\"remaining_time_h\":0,\"nickName\":\"N/A\",\"gears\":0,\"target_resistance\":0,\"target_peloton_resistance\":0,\"target_cadence\":0,\"target_power\":0,\"power_zone\":1.4017857142857144,\"power_zone_lapavg\":1.1004464285714286,\"power_zone_lapmax\":1.4017857142857144,\"target_power_zone\":1,\"power_zone_color\":\"white\",\"target_power_zone_color\":\"white\",\"peloton_resistance\":38.55047706265021,\"peloton_resistance_avg\":38.646536923967496,\"peloton_resistance_color\":\"white\",\"peloton_resistance_lapavg\":38.646536923967496,\"peloton_resistance_lapmax\":39.30489956643464,\"peloton_req_resistance\":0,\"cadence\":49,\"cadence_color\":\"white\",\"cadence_avg\":50,\"cadence_lapavg\":50,\"cadence_lapmax\":51,\"resistance\":1,\"resistance_avg\":1,\"resistance_lapavg\":1,\"resistance_lapmax\":1,\"cranks\":4,\"cranktime\":4914,\"req_power\":0,\"req_cadence\":0,\"req_resistance\":0,\"inclination\":0,\"inclination_avg\":0}}"
seg. ago. 3 19:32:48 2026 1785796368280 Debug: homeform.cpp void homeform::update() homeform::update fired! elapsed: 1010 jitter: -119
seg. ago. 3 19:32:48 2026 1785796368293 Debug: homeform.cpp void homeform::update() homeform::update tiles updated!
seg. ago. 3 19:32:48 2026 1785796368295 Debug: homeform.cpp void homeform::update() Current Distance 1s: 0.00370246 7.40428 43
seg. ago. 3 19:32:48 2026 1785796368306 Debug: virtualdevices/virtualbike.cpp void virtualbike::bikeProvider() "bikeProvider" 0 2000 true
seg. ago. 3 19:32:48 2026 1785796368308 Debug: virtualdevices/virtualbike.cpp void virtualbike::bikeProvider() "virtual bike connected"
seg. ago. 3 19:32:48 2026 1785796368310 Debug: virtualdevices/virtualbike.cpp void virtualbike::writeCharacteristic(QLowEnergyService *, const QLowEnergyCharacteristic &, const QByteArray &) "virtualbike::writeCharacteristic Unknown Service  64 02 e4 02 62 00 01 00 2b 00 00 00"
seg. ago. 3 19:32:48 2026 1785796368311 Debug:   Write server characteristic with handle  9 "6402e402620001002b000000" (service: "{00001826-0000-1000-8000-00805f9b34fb}"
seg. ago. 3 19:32:48 2026 1785796368313 Debug: virtualdevices/virtualbike.cpp void virtualbike::writeCharacteristic(QLowEnergyService *, const QLowEnergyCharacteristic &, const QByteArray &) "virtualbike::writeCharacteristic Heart Rate Heart Rate Measurement 00 00"
seg. ago. 3 19:32:48 2026 1785796368314 Debug:   Write server characteristic with handle  19 "0000" (service: "{0000180d-0000-1000-8000-00805f9b34fb}"
seg. ago. 3 19:32:48 2026 1785796368329 Debug: virtualdevices/virtualbike.cpp void virtualbike::bikeProvider() "bikeProvider" 0 2000 true
seg. ago. 3 19:32:48 2026 1785796368331 Debug: virtualdevices/virtualbike.cpp void virtualbike::bikeProvider() "virtual bike connected"
seg. ago. 3 19:32:48 2026 1785796368333 Debug: virtualdevices/virtualbike.cpp void virtualbike::writeCharacteristic(QLowEnergyService *, const QLowEnergyCharacteristic &, const QByteArray &) "virtualbike::writeCharacteristic Unknown Service  64 02 e4 02 62 00 01 00 2b 00 00 00"
seg. ago. 3 19:32:48 2026 1785796368334 Debug:   Write server characteristic with handle  9 "6402e402620001002b000000" (service: "{00001826-0000-1000-8000-00805f9b34fb}"
seg. ago. 3 19:32:48 2026 1785796368338 Debug: virtualdevices/virtualbike.cpp void virtualbike::writeCharacteristic(QLowEnergyService *, const QLowEnergyCharacteristic &, const QByteArray &) "virtualbike::writeCharacteristic Heart Rate Heart Rate Measurement 00 00"
seg. ago. 3 19:32:48 2026 1785796368340 Debug:   Write server characteristic with handle  19 "0000" (service: "{0000180d-0000-1000-8000-00805f9b34fb}"
seg. ago. 3 19:32:48 2026 1785796368361 Debug: virtualdevices/virtualbike.cpp void virtualbike::bikeProvider() "bikeProvider" 0 2000 true
seg. ago. 3 19:32:48 2026 1785796368363 Debug: virtualdevices/virtualbike.cpp void virtualbike::bikeProvider() "virtual bike connected"
seg. ago. 3 19:32:48 2026 1785796368366 Debug: virtualdevices/virtualbike.cpp void virtualbike::writeCharacteristic(QLowEnergyService *, const QLowEnergyCharacteristic &, const QByteArray &) "virtualbike::writeCharacteristic Unknown Service  64 02 e4 02 62 00 01 00 2b 00 00 00"
seg. ago. 3 19:32:48 2026 1785796368368 Debug:   Write server characteristic with handle  9 "6402e402620001002b000000" (service: "{00001826-0000-1000-8000-00805f9b34fb}"
seg. ago. 3 19:32:48 2026 1785796368370 Debug: virtualdevices/virtualbike.cpp void virtualbike::writeCharacteristic(QLowEnergyService *, const QLowEnergyCharacteristic &, const QByteArray &) "virtualbike::writeCharacteristic Heart Rate Heart Rate Measurement 00 00"
seg. ago. 3 19:32:48 2026 1785796368372 Debug:   Write server characteristic with handle  19 "0000" (service: "{0000180d-0000-1000-8000-00805f9b34fb}"
seg. ago. 3 19:32:48 2026 1785796368412 Debug: virtualdevices/virtualbike.cpp void virtualbike::bikeProvider() "bikeProvider" 0 2000 true
seg. ago. 3 19:32:48 2026 1785796368413 Debug: virtualdevices/virtualbike.cpp void virtualbike::bikeProvider() "virtual bike connected"
seg. ago. 3 19:32:48 2026 1785796368415 Debug: virtualdevices/virtualbike.cpp void virtualbike::writeCharacteristic(QLowEnergyService *, const QLowEnergyCharacteristic &, const QByteArray &) "virtualbike::writeCharacteristic Unknown Service  64 02 e4 02 62 00 01 00 2b 00 00 00"
seg. ago. 3 19:32:48 2026 1785796368416 Debug:   Write server characteristic with handle  9 "6402e402620001002b000000" (service: "{00001826-0000-1000-8000-00805f9b34fb}"
seg. ago. 3 19:32:48 2026 1785796368418 Debug: virtualdevices/virtualbike.cpp void virtualbike::writeCharacteristic(QLowEnergyService *, const QLowEnergyCharacteristic &, const QByteArray &) "virtualbike::writeCharacteristic Heart Rate Heart Rate Measurement 00 00"
seg. ago. 3 19:32:48 2026 1785796368419 Debug:   Write server characteristic with handle  19 "0000" (service: "{0000180d-0000-1000-8000-00805f9b34fb}"
seg. ago. 3 19:32:48 2026 1785796368468 Debug: virtualdevices/virtualbike.cpp void virtualbike::bikeProvider() "bikeProvider" 0 2000 true
seg. ago. 3 19:32:48 2026 1785796368469 Debug: virtualdevices/virtualbike.cpp void virtualbike::bikeProvider() "virtual bike connected"
seg. ago. 3 19:32:48 2026 1785796368471 Debug: virtualdevices/virtualbike.cpp void virtualbike::writeCharacteristic(QLowEnergyService *, const QLowEnergyCharacteristic &, const QByteArray &) "virtualbike::writeCharacteristic Unknown Service  64 02 e4 02 62 00 01 00 2b 00 00 00"
seg. ago. 3 19:32:48 2026 1785796368472 Debug:   Write server characteristic with handle  9 "6402e402620001002b000000" (service: "{00001826-0000-1000-8000-00805f9b34fb}"
seg. ago. 3 19:32:48 2026 1785796368475 Debug: virtualdevices/virtualbike.cpp void virtualbike::writeCharacteristic(QLowEnergyService *, const QLowEnergyCharacteristic &, const QByteArray &) "virtualbike::writeCharacteristic Heart Rate Heart Rate Measurement 00 00"
seg. ago. 3 19:32:48 2026 1785796368476 Debug:   Write server characteristic with handle  19 "0000" (service: "{0000180d-0000-1000-8000-00805f9b34fb}"
seg. ago. 3 19:32:48 2026 1785796368512 Debug: virtualdevices/virtualbike.cpp void virtualbike::bikeProvider() "bikeProvider" 0 2000 true
seg. ago. 3 19:32:48 2026 1785796368514 Debug: virtualdevices/virtualbike.cpp void virtualbike::bikeProvider() "virtual bike connected"
seg. ago. 3 19:32:48 2026 1785796368517 Debug: virtualdevices/virtualbike.cpp void virtualbike::writeCharacteristic(QLowEnergyService *, const QLowEnergyCharacteristic &, const QByteArray &) "virtualbike::writeCharacteristic Unknown Service  64 02 e4 02 62 00 01 00 2b 00 00 00"
seg. ago. 3 19:32:48 2026 1785796368518 Debug:   Write server characteristic with handle  9 "6402e402620001002b000000" (service: "{00001826-0000-1000-8000-00805f9b34fb}"
seg. ago. 3 19:32:48 2026 1785796368521 Debug: virtualdevices/virtualbike.cpp void virtualbike::writeCharacteristic(QLowEnergyService *, const QLowEnergyCharacteristic &, const QByteArray &) "virtualbike::writeCharacteristic Heart Rate Heart Rate Measurement 00 00"
seg. ago. 3 19:32:48 2026 1785796368522 Debug:   Write server characteristic with handle  19 "0000" (service: "{0000180d-0000-1000-8000-00805f9b34fb}"
seg. ago. 3 19:32:48 2026 1785796368562 Debug: virtualdevices/virtualbike.cpp void virtualbike::bikeProvider() "bikeProvider" 0 2000 true
seg. ago. 3 19:32:48 2026 1785796368563 Debug: virtualdevices/virtualbike.cpp void virtualbike::bikeProvider() "virtual bike connected"
seg. ago. 3 19:32:48 2026 1785796368566 Debug: virtualdevices/virtualbike.cpp void virtualbike::writeCharacteristic(QLowEnergyService *, const QLowEnergyCharacteristic &, const QByteArray &) "virtualbike::writeCharacteristic Unknown Service  64 02 e4 02 62 00 01 00 2b 00 00 00"
seg. ago. 3 19:32:48 2026 1785796368567 Debug:   Write server characteristic with handle  9 "6402e402620001002b000000" (service: "{00001826-0000-1000-8000-00805f9b34fb}"
seg. ago. 3 19:32:48 2026 1785796368570 Debug: virtualdevices/virtualbike.cpp void virtualbike::writeCharacteristic(QLowEnergyService *, const QLowEnergyCharacteristic &, const QByteArray &) "virtualbike::writeCharacteristic Heart Rate Heart Rate Measurement 00 00"
seg. ago. 3 19:32:48 2026 1785796368571 Debug:   Write server characteristic with handle  19 "0000" (service: "{0000180d-0000-1000-8000-00805f9b34fb}"
seg. ago. 3 19:32:48 2026 1785796368613 Debug: virtualdevices/virtualbike.cpp void virtualbike::bikeProvider() "bikeProvider" 0 2000 true
seg. ago. 3 19:32:48 2026 1785796368614 Debug: virtualdevices/virtualbike.cpp void virtualbike::bikeProvider() "virtual bike connected"
seg. ago. 3 19:32:48 2026 1785796368616 Debug: virtualdevices/virtualbike.cpp void virtualbike::writeCharacteristic(QLowEnergyService *, const QLowEnergyCharacteristic &, const QByteArray &) "virtualbike::writeCharacteristic Unknown Service  64 02 e4 02 62 00 01 00 2b 00 00 00"
seg. ago. 3 19:32:48 2026 1785796368618 Debug:   Write server characteristic with handle  9 "6402e402620001002b000000" (service: "{00001826-0000-1000-8000-00805f9b34fb}"
seg. ago. 3 19:32:48 2026 1785796368622 Debug: virtualdevices/virtualbike.cpp void virtualbike::writeCharacteristic(QLowEnergyService *, const QLowEnergyCharacteristic &, const QByteArray &) "virtualbike::writeCharacteristic Heart Rate Heart Rate Measurement 00 00"
seg. ago. 3 19:32:48 2026 1785796368624 Debug:   Write server characteristic with handle  19 "0000" (service: "{0000180d-0000-1000-8000-00805f9b34fb}"
seg. ago. 3 19:32:48 2026 1785796368670 Debug: virtualdevices/virtualbike.cpp void virtualbike::bikeProvider() "bikeProvider" 0 2000 true
seg. ago. 3 19:32:48 2026 1785796368671 Debug: virtualdevices/virtualbike.cpp void virtualbike::bikeProvider() "virtual bike connected"
seg. ago. 3 19:32:48 2026 1785796368673 Debug: virtualdevices/virtualbike.cpp void virtualbike::writeCharacteristic(QLowEnergyService *, const QLowEnergyCharacteristic &, const QByteArray &) "virtualbike::writeCharacteristic Unknown Service  64 02 e4 02 62 00 01 00 2b 00 00 00"
seg. ago. 3 19:32:48 2026 1785796368674 Debug:   Write server characteristic with handle  9 "6402e402620001002b000000" (service: "{00001826-0000-1000-8000-00805f9b34fb}"
seg. ago. 3 19:32:48 2026 1785796368677 Debug: virtualdevices/virtualbike.cpp void virtualbike::writeCharacteristic(QLowEnergyService *, const QLowEnergyCharacteristic &, const QByteArray &) "virtualbike::writeCharacteristic Heart Rate Heart Rate Measurement 00 00"
seg. ago. 3 19:32:48 2026 1785796368678 Debug:   Write server characteristic with handle  19 "0000" (service: "{0000180d-0000-1000-8000-00805f9b34fb}"
seg. ago. 3 19:32:48 2026 1785796368716 Debug: virtualdevices/virtualbike.cpp void virtualbike::bikeProvider() "bikeProvider" 0 2000 true
seg. ago. 3 19:32:48 2026 1785796368718 Debug: virtualdevices/virtualbike.cpp void virtualbike::bikeProvider() "virtual bike connected"
seg. ago. 3 19:32:48 2026 1785796368720 Debug: virtualdevices/virtualbike.cpp void virtualbike::writeCharacteristic(QLowEnergyService *, const QLowEnergyCharacteristic &, const QByteArray &) "virtualbike::writeCharacteristic Unknown Service  64 02 e4 02 62 00 01 00 2b 00 00 00"
seg. ago. 3 19:32:48 2026 1785796368722 Debug:   Write server characteristic with handle  9 "6402e402620001002b000000" (service: "{00001826-0000-1000-8000-00805f9b34fb}"
seg. ago. 3 19:32:48 2026 1785796368724 Debug: virtualdevices/virtualbike.cpp void virtualbike::writeCharacteristic(QLowEnergyService *, const QLowEnergyCharacteristic &, const QByteArray &) "virtualbike::writeCharacteristic Heart Rate Heart Rate Measurement 00 00"
seg. ago. 3 19:32:48 2026 1785796368726 Debug:   Write server characteristic with handle  19 "0000" (service: "{0000180d-0000-1000-8000-00805f9b34fb}"
seg. ago. 3 19:32:48 2026 1785796368762 Debug: virtualdevices/virtualbike.cpp void virtualbike::bikeProvider() "bikeProvider" 0 2000 true
seg. ago. 3 19:32:48 2026 1785796368764 Debug: virtualdevices/virtualbike.cpp void virtualbike::bikeProvider() "virtual bike connected"
seg. ago. 3 19:32:48 2026 1785796368767 Debug: virtualdevices/virtualbike.cpp void virtualbike::writeCharacteristic(QLowEnergyService *, const QLowEnergyCharacteristic &, const QByteArray &) "virtualbike::writeCharacteristic Unknown Service  64 02 e4 02 62 00 01 00 2b 00 00 00"
seg. ago. 3 19:32:48 2026 1785796368768 Debug:   Write server characteristic with handle  9 "6402e402620001002b000000" (service: "{00001826-0000-1000-8000-00805f9b34fb}"
seg. ago. 3 19:32:48 2026 1785796368771 Debug: virtualdevices/virtualbike.cpp void virtualbike::writeCharacteristic(QLowEnergyService *, const QLowEnergyCharacteristic &, const QByteArray &) "virtualbike::writeCharacteristic Heart Rate Heart Rate Measurement 00 00"
seg. ago. 3 19:32:48 2026 1785796368773 Debug:   Write server characteristic with handle  19 "0000" (service: "{0000180d-0000-1000-8000-00805f9b34fb}"
seg. ago. 3 19:32:48 2026 1785796368812 Debug: virtualdevices/virtualbike.cpp void virtualbike::bikeProvider() "bikeProvider" 0 2000 true
seg. ago. 3 19:32:48 2026 1785796368814 Debug: virtualdevices/virtualbike.cpp void virtualbike::bikeProvider() "virtual bike connected"
seg. ago. 3 19:32:48 2026 1785796368816 Debug: virtualdevices/virtualbike.cpp void virtualbike::writeCharacteristic(QLowEnergyService *, const QLowEnergyCharacteristic &, const QByteArray &) "virtualbike::writeCharacteristic Unknown Service  64 02 e4 02 62 00 01 00 2b 00 00 00"
seg. ago. 3 19:32:48 2026 1785796368817 Debug:   Write server characteristic with handle  9 "6402e402620001002b000000" (service: "{00001826-0000-1000-8000-00805f9b34fb}"
seg. ago. 3 19:32:48 2026 1785796368820 Debug: virtualdevices/virtualbike.cpp void virtualbike::writeCharacteristic(QLowEnergyService *, const QLowEnergyCharacteristic &, const QByteArray &) "virtualbike::writeCharacteristic Heart Rate Heart Rate Measurement 00 00"
seg. ago. 3 19:32:48 2026 1785796368821 Debug:   Write server characteristic with handle  19 "0000" (service: "{0000180d-0000-1000-8000-00805f9b34fb}"
seg. ago. 3 19:32:48 2026 1785796368848 Debug:   Characteristic change notification "{00001826-0000-1000-8000-00805f9b34fb}" 47 "f5015e002a0400010028002b001700ffffff"
seg. ago. 3 19:32:48 2026 1785796368851 Debug: devices/ftmsbike/ftmsbike.cpp void ftmsbike::characteristicChanged(const QLowEnergyCharacteristic &, const QByteArray &) "{00002ad2-0000-1000-8000-00805f9b34fb}" 18 " << " "f5 01 5e 00 2a 04 00 01 00 28 00 2b 00 17 00 ff ff ff"
seg. ago. 3 19:32:48 2026 1785796368854 Debug: devices/bluetooth.cpp void bluetooth::debug(const QString &) "Current Cadence: 47"
seg. ago. 3 19:32:48 2026 1785796368857 Debug: devices/bluetooth.cpp void bluetooth::debug(const QString &) "Current Distance: 0.00368067"
seg. ago. 3 19:32:48 2026 1785796368859 Debug: devices/bluetooth.cpp void bluetooth::debug(const QString &) "Current Resistance: 1"
seg. ago. 3 19:32:48 2026 1785796368863 Debug: devices/bluetooth.cpp void bluetooth::debug(const QString &) "Current Watt: 40"
seg. ago. 3 19:32:48 2026 1785796368864 Debug: devices/bluetooth.cpp void bluetooth::debug(const QString &) "Current Average Watt: 43"
seg. ago. 3 19:32:48 2026 1785796368866 Debug: devices/bluetooth.cpp void bluetooth::debug(const QString &) "Current KCal: 0.403668"
seg. ago. 3 19:32:48 2026 1785796368869 Debug: devices/bluetoothdevice.cpp void bluetoothdevice::update_hr_from_external() WearOS Companion Heart: 0
seg. ago. 3 19:32:48 2026 1785796368871 Debug: ./inclinationresistancetable.h void inclinationResistanceTable::collectData(double, uint16_t, double) Skipping invalid data point: Incl: 0 Res: 1 Watt: 40
seg. ago. 3 19:32:48 2026 1785796368872 Debug: devices/bluetooth.cpp void bluetooth::debug(const QString &) "Current CrankRevs: 5"
seg. ago. 3 19:32:48 2026 1785796368873 Debug: devices/bluetooth.cpp void bluetooth::debug(const QString &) "Last CrankEventTime: 6221"
seg. ago. 3 19:32:48 2026 1785796368883 Debug: virtualdevices/virtualbike.cpp void virtualbike::bikeProvider() "bikeProvider" 0 2000 true
seg. ago. 3 19:32:48 2026 1785796368885 Debug: virtualdevices/virtualbike.cpp void virtualbike::bikeProvider() "virtual bike connected"
seg. ago. 3 19:32:48 2026 1785796368889 Debug: virtualdevices/virtualbike.cpp void virtualbike::writeCharacteristic(QLowEnergyService *, const QLowEnergyCharacteristic &, const QByteArray &) "virtualbike::writeCharacteristic Unknown Service  64 02 e4 02 5e 00 01 00 28 00 00 00"
seg. ago. 3 19:32:48 2026 1785796368891 Debug:   Write server characteristic with handle  9 "6402e4025e00010028000000" (service: "{00001826-0000-1000-8000-00805f9b34fb}"
seg. ago. 3 19:32:48 2026 1785796368893 Debug: virtualdevices/virtualbike.cpp void virtualbike::writeCharacteristic(QLowEnergyService *, const QLowEnergyCharacteristic &, const QByteArray &) "virtualbike::writeCharacteristic Heart Rate Heart Rate Measurement 00 00"
seg. ago. 3 19:32:48 2026 1785796368894 Debug:   Write server characteristic with handle  19 "0000" (service: "{0000180d-0000-1000-8000-00805f9b34fb}"
seg. ago. 3 19:32:48 2026 1785796368903 Debug:   Characteristic change notification "{00001826-0000-1000-8000-00805f9b34fb}" 47 "002a1e0600c5008e0100"
seg. ago. 3 19:32:48 2026 1785796368905 Debug: devices/ftmsbike/ftmsbike.cpp void ftmsbike::characteristicChanged(const QLowEnergyCharacteristic &, const QByteArray &) "{00002ad2-0000-1000-8000-00805f9b34fb}" 10 " << " "00 2a 1e 06 00 c5 00 8e 01 00"
seg. ago. 3 19:32:48 2026 1785796368908 Debug: devices/bluetooth.cpp void bluetooth::debug(const QString &) "Current Speed: 8.65382"
seg. ago. 3 19:32:48 2026 1785796368909 Debug: devices/bluetooth.cpp void bluetooth::debug(const QString &) "Current Distance: 0.00381288"
seg. ago. 3 19:32:48 2026 1785796368912 Debug: devices/bluetooth.cpp void bluetooth::debug(const QString &) "Current KCal: 0.407859"
seg. ago. 3 19:32:48 2026 1785796368913 Debug: devices/bluetooth.cpp void bluetooth::debug(const QString &) "Current Heart: 0"
seg. ago. 3 19:32:48 2026 1785796368915 Debug: devices/bluetoothdevice.cpp void bluetoothdevice::update_hr_from_external() WearOS Companion Heart: 0
seg. ago. 3 19:32:48 2026 1785796368916 Debug: ./inclinationresistancetable.h void inclinationResistanceTable::collectData(double, uint16_t, double) Skipping invalid data point: Incl: 0 Res: 1 Watt: 40
seg. ago. 3 19:32:48 2026 1785796368917 Debug: devices/bluetooth.cpp void bluetooth::debug(const QString &) "Current CrankRevs: 6"
seg. ago. 3 19:32:48 2026 1785796368918 Debug: devices/bluetooth.cpp void bluetooth::debug(const QString &) "Last CrankEventTime: 7528"
seg. ago. 3 19:32:48 2026 1785796368921 Debug: virtualdevices/virtualbike.cpp void virtualbike::bikeProvider() "bikeProvider" 0 2000 true
seg. ago. 3 19:32:48 2026 1785796368921 Debug: virtualdevices/virtualbike.cpp void virtualbike::bikeProvider() "virtual bike connected"
seg. ago. 3 19:32:48 2026 1785796368923 Debug: virtualdevices/virtualbike.cpp void virtualbike::writeCharacteristic(QLowEnergyService *, const QLowEnergyCharacteristic &, const QByteArray &) "virtualbike::writeCharacteristic Unknown Service  64 02 61 03 5e 00 01 00 28 00 00 00"
seg. ago. 3 19:32:48 2026 1785796368924 Debug:   Write server characteristic with handle  9 "640261035e00010028000000" (service: "{00001826-0000-1000-8000-00805f9b34fb}"
seg. ago. 3 19:32:48 2026 1785796368926 Debug: virtualdevices/virtualbike.cpp void virtualbike::writeCharacteristic(QLowEnergyService *, const QLowEnergyCharacteristic &, const QByteArray &) "virtualbike::writeCharacteristic Heart Rate Heart Rate Measurement 00 00"
seg. ago. 3 19:32:48 2026 1785796368926 Debug:   Write server characteristic with handle  19 "0000" (service: "{0000180d-0000-1000-8000-00805f9b34fb}"
seg. ago. 3 19:32:48 2026 1785796368961 Debug: virtualdevices/virtualbike.cpp void virtualbike::bikeProvider() "bikeProvider" 0 2000 true
seg. ago. 3 19:32:48 2026 1785796368962 Debug: virtualdevices/virtualbike.cpp void virtualbike::bikeProvider() "virtual bike connected"
seg. ago. 3 19:32:48 2026 1785796368964 Debug: virtualdevices/virtualbike.cpp void virtualbike::writeCharacteristic(QLowEnergyService *, const QLowEnergyCharacteristic &, const QByteArray &) "virtualbike::writeCharacteristic Unknown Service  64 02 61 03 5e 00 01 00 28 00 00 00"
seg. ago. 3 19:32:48 2026 1785796368965 Debug:   Write server characteristic with handle  9 "640261035e00010028000000" (service: "{00001826-0000-1000-8000-00805f9b34fb}"
seg. ago. 3 19:32:48 2026 1785796368967 Debug: virtualdevices/virtualbike.cpp void virtualbike::writeCharacteristic(QLowEnergyService *, const QLowEnergyCharacteristic &, const QByteArray &) "virtualbike::writeCharacteristic Heart Rate Heart Rate Measurement 00 00"
seg. ago. 3 19:32:48 2026 1785796368968 Debug:   Write server characteristic with handle  19 "0000" (service: "{0000180d-0000-1000-8000-00805f9b34fb}"
seg. ago. 3 19:32:49 2026 1785796369012 Debug: virtualdevices/virtualbike.cpp void virtualbike::bikeProvider() "bikeProvider" 0 2000 true
seg. ago. 3 19:32:49 2026 1785796369013 Debug: virtualdevices/virtualbike.cpp void virtualbike::bikeProvider() "virtual bike connected"
seg. ago. 3 19:32:49 2026 1785796369015 Debug: virtualdevices/virtualbike.cpp void virtualbike::writeCharacteristic(QLowEnergyService *, const QLowEnergyCharacteristic &, const QByteArray &) "virtualbike::writeCharacteristic Unknown Service  64 02 61 03 5e 00 01 00 28 00 00 00"
seg. ago. 3 19:32:49 2026 1785796369016 Debug:   Write server characteristic with handle  9 "640261035e00010028000000" (service: "{00001826-0000-1000-8000-00805f9b34fb}"
seg. ago. 3 19:32:49 2026 1785796369019 Debug: virtualdevices/virtualbike.cpp void virtualbike::writeCharacteristic(QLowEnergyService *, const QLowEnergyCharacteristic &, const QByteArray &) "virtualbike::writeCharacteristic Heart Rate Heart Rate Measurement 00 00"
seg. ago. 3 19:32:49 2026 1785796369020 Debug:   Write server characteristic with handle  19 "0000" (service: "{0000180d-0000-1000-8000-00805f9b34fb}"
seg. ago. 3 19:32:49 2026 1785796369029 Debug: homeform.cpp auto homeform::homeform(QQmlApplicationEngine *, bluetooth *)::(anonymous class)::operator()() const Garmin Connect: Startup check skipped (not enabled or credentials not configured)
seg. ago. 3 19:32:49 2026 1785796369068 Debug: virtualdevices/virtualbike.cpp void virtualbike::bikeProvider() "bikeProvider" 0 2000 true
seg. ago. 3 19:32:49 2026 1785796369069 Debug: virtualdevices/virtualbike.cpp void virtualbike::bikeProvider() "virtual bike connected"
seg. ago. 3 19:32:49 2026 1785796369071 Debug: virtualdevices/virtualbike.cpp void virtualbike::writeCharacteristic(QLowEnergyService *, const QLowEnergyCharacteristic &, const QByteArray &) "virtualbike::writeCharacteristic Unknown Service  64 02 61 03 5e 00 01 00 28 00 00 00"
seg. ago. 3 19:32:49 2026 1785796369072 Debug:   Write server characteristic with handle  9 "640261035e00010028000000" (service: "{00001826-0000-1000-8000-00805f9b34fb}"
seg. ago. 3 19:32:49 2026 1785796369074 Debug: virtualdevices/virtualbike.cpp void virtualbike::writeCharacteristic(QLowEnergyService *, const QLowEnergyCharacteristic &, const QByteArray &) "virtualbike::writeCharacteristic Heart Rate Heart Rate Measurement 00 00"
seg. ago. 3 19:32:49 2026 1785796369075 Debug:   Write server characteristic with handle  19 "0000" (service: "{0000180d-0000-1000-8000-00805f9b34fb}"
seg. ago. 3 19:32:49 2026 1785796369112 Debug: virtualdevices/virtualbike.cpp void virtualbike::bikeProvider() "bikeProvider" 0 2000 true
seg. ago. 3 19:32:49 2026 1785796369113 Debug: virtualdevices/virtualbike.cpp void virtualbike::bikeProvider() "virtual bike connected"
seg. ago. 3 19:32:49 2026 1785796369115 Debug: virtualdevices/virtualbike.cpp void virtualbike::writeCharacteristic(QLowEnergyService *, const QLowEnergyCharacteristic &, const QByteArray &) "virtualbike::writeCharacteristic Unknown Service  64 02 61 03 5e 00 01 00 28 00 00 00"
seg. ago. 3 19:32:49 2026 1785796369116 Debug:   Write server characteristic with handle  9 "640261035e00010028000000" (service: "{00001826-0000-1000-8000-00805f9b34fb}"
seg. ago. 3 19:32:49 2026 1785796369118 Debug: virtualdevices/virtualbike.cpp void virtualbike::writeCharacteristic(QLowEnergyService *, const QLowEnergyCharacteristic &, const QByteArray &) "virtualbike::writeCharacteristic Heart Rate Heart Rate Measurement 00 00"
seg. ago. 3 19:32:49 2026 1785796369119 Debug:   Write server characteristic with handle  19 "0000" (service: "{0000180d-0000-1000-8000-00805f9b34fb}"
seg. ago. 3 19:32:49 2026 1785796369163 Debug: virtualdevices/virtualbike.cpp void virtualbike::bikeProvider() "bikeProvider" 0 2000 true
seg. ago. 3 19:32:49 2026 1785796369164 Debug: virtualdevices/virtualbike.cpp void virtualbike::bikeProvider() "virtual bike connected"
seg. ago. 3 19:32:49 2026 1785796369166 Debug: virtualdevices/virtualbike.cpp void virtualbike::writeCharacteristic(QLowEnergyService *, const QLowEnergyCharacteristic &, const QByteArray &) "virtualbike::writeCharacteristic Unknown Service  64 02 61 03 5e 00 01 00 28 00 00 00"
seg. ago. 3 19:32:49 2026 1785796369167 Debug:   Write server characteristic with handle  9 "640261035e00010028000000" (service: "{00001826-0000-1000-8000-00805f9b34fb}"
seg. ago. 3 19:32:49 2026 1785796369169 Debug: virtualdevices/virtualbike.cpp void virtualbike::writeCharacteristic(QLowEnergyService *, const QLowEnergyCharacteristic &, const QByteArray &) "virtualbike::writeCharacteristic Heart Rate Heart Rate Measurement 00 00"
seg. ago. 3 19:32:49 2026 1785796369170 Debug:   Write server characteristic with handle  19 "0000" (service: "{0000180d-0000-1000-8000-00805f9b34fb}"
seg. ago. 3 19:32:49 2026 1785796369211 Debug: virtualdevices/virtualbike.cpp void virtualbike::bikeProvider() "bikeProvider" 0 2000 true
seg. ago. 3 19:32:49 2026 1785796369213 Debug: virtualdevices/virtualbike.cpp void virtualbike::bikeProvider() "virtual bike connected"
seg. ago. 3 19:32:49 2026 1785796369215 Debug: virtualdevices/virtualbike.cpp void virtualbike::writeCharacteristic(QLowEnergyService *, const QLowEnergyCharacteristic &, const QByteArray &) "virtualbike::writeCharacteristic Unknown Service  64 02 61 03 5e 00 01 00 28 00 00 00"
seg. ago. 3 19:32:49 2026 1785796369216 Debug:   Write server characteristic with handle  9 "640261035e00010028000000" (service: "{00001826-0000-1000-8000-00805f9b34fb}"
seg. ago. 3 19:32:49 2026 1785796369219 Debug: virtualdevices/virtualbike.cpp void virtualbike::writeCharacteristic(QLowEnergyService *, const QLowEnergyCharacteristic &, const QByteArray &) "virtualbike::writeCharacteristic Heart Rate Heart Rate Measurement 00 00"
seg. ago. 3 19:32:49 2026 1785796369220 Debug:   Write server characteristic with handle  19 "0000" (service: "{0000180d-0000-1000-8000-00805f9b34fb}"
seg. ago. 3 19:32:49 2026 1785796369266 Debug: templateinfosender.cpp bool TemplateInfoSender::update(QJSEngine *) "eval res " "{\"msg\":\"workout\",\"content\":{\"BIKE_TYPE\":2,\"ELLIPTICAL_TYPE\":4,\"ROWING_TYPE\":3,\"TREADMILL_TYPE\":1,\"UNKNOWN_TYPE\":0,\"deviceId\":\"B8:F8:62:6D:A8:D6\",\"deviceName\":\"YPBM001264\",\"deviceRSSI\":-39,\"deviceType\":2,\"deviceConnected\":true,\"devicePaused\":false,\"elapsed_s\":2,\"elapsed_m\":0,\"elapsed_h\":0,\"lapelapsed_s\":2,\"lapelapsed_m\":0,\"lapelapsed_h\":0,\"pace_s\":56,\"pace_m\":6,\"pace_h\":0,\"pace_color\":\"white\",\"avgpace_s\":11,\"avgpace_m\":8,\"avgpace_h\":0,\"maxpace_s\":56,\"maxpace_m\":6,\"maxpace_h\":0,\"moving_s\":2,\"moving_m\":0,\"moving_h\":0,\"speed\":8.65381676596359,\"speed_avg\":7.327557594903046,\"speed_color\":\"white\",\"speed_lapavg\":7.327557594903046,\"speed_lapmax\":8.65381676596359,\"calories\":0.40785885,\"distance\":0.0038128784859438334,\"heart\":0,\"heart_color\":\"lightsteelblue\",\"heart_avg\":0,\"heart_lapavg\":0,\"heart_max\":0,\"heart_lapmax\":0,\"target_heart_above\":0,\"target_heart_below\":0,\"jouls\":94.71999999999998,\"elevation\":0,\"difficult\":1,\"watts\":40,\"watts_avg\":42.666666666666664,\"watts_color\":\"white\",\"watts_lapavg\":42.666666666666664,\"watts_max\":45,\"watts_lapmax\":45,\"kgwatts\":0.47619047619047616,\"kgwatts_avg\":0.5162337662337662,\"kgwatts_max\":0.5357142857142857,\"workoutName\":\"Ride\",\"workoutStartDate\":\"seg. ago. 3 19:32:44 2026\",\"instructorName\":\"\",\"latitude\":null,\"longitude\":null,\"altitude\":null,\"peloton_offset\":0,\"peloton_ask_start\":false,\"autoresistance\":true,\"nextrow\":\"N/A\",\"training_row_index\":0,\"training_row_elapsed\":0,\"training_row_open_ended\":false,\"training_row_wait_for_lap\":false,\"row_remaining_time_s\":0,\"row_remaining_time_m\":0,\"row_remaining_time_h\":0,\"remaining_time_s\":0,\"remaining_time_m\":0,\"remaining_time_h\":0,\"nickName\":\"N/A\",\"gears\":0,\"target_resistance\":0,\"target_peloton_resistance\":0,\"target_cadence\":0,\"target_power\":0,\"power_zone\":1.3839285714285714,\"power_zone_lapavg\":1.157142857142857,\"power_zone_lapmax\":1.4017857142857144,\"target_power_zone\":1,\"power_zone_color\":\"white\",\"target_power_zone_color\":\"white\",\"peloton_resistance\":38.64155438268602,\"peloton_resistance_avg\":38.885202338338566,\"peloton_resistance_color\":\"white\",\"peloton_resistance_lapavg\":38.885202338338566,\"peloton_resistance_lapmax\":39.8448465371043,\"peloton_req_resistance\":0,\"cadence\":47,\"cadence_color\":\"white\",\"cadence_avg\":49,\"cadence_lapavg\":49,\"cadence_lapmax\":51,\"resistance\":1,\"resistance_avg\":1,\"resistance_lapavg\":1,\"resistance_lapmax\":1,\"cranks\":6,\"cranktime\":7528,\"req_power\":0,\"req_cadence\":0,\"req_resistance\":0,\"inclination\":0,\"inclination_avg\":0}}"
seg. ago. 3 19:32:49 2026 1785796369274 Debug: homeform.cpp void homeform::update() homeform::update fired! elapsed: 994 jitter: -125
seg. ago. 3 19:32:49 2026 1785796369288 Debug: homeform.cpp void homeform::update() homeform::update tiles updated!
seg. ago. 3 19:32:49 2026 1785796369290 Debug: homeform.cpp void homeform::update() Current Distance 1s: 0.0061063 8.65382 40
seg. ago. 3 19:32:49 2026 1785796369300 Debug: virtualdevices/virtualbike.cpp void virtualbike::bikeProvider() "bikeProvider" 0 2000 true
seg. ago. 3 19:32:49 2026 1785796369301 Debug: virtualdevices/virtualbike.cpp void virtualbike::bikeProvider() "virtual bike connected"
seg. ago. 3 19:32:49 2026 1785796369304 Debug: virtualdevices/virtualbike.cpp void virtualbike::writeCharacteristic(QLowEnergyService *, const QLowEnergyCharacteristic &, const QByteArray &) "virtualbike::writeCharacteristic Unknown Service  64 02 61 03 5e 00 01 00 28 00 00 00"
seg. ago. 3 19:32:49 2026 1785796369305 Debug:   Write server characteristic with handle  9 "640261035e00010028000000" (service: "{00001826-0000-1000-8000-00805f9b34fb}"
seg. ago. 3 19:32:49 2026 1785796369307 Debug: virtualdevices/virtualbike.cpp void virtualbike::writeCharacteristic(QLowEnergyService *, const QLowEnergyCharacteristic &, const QByteArray &) "virtualbike::writeCharacteristic Heart Rate Heart Rate Measurement 00 00"
seg. ago. 3 19:32:49 2026 1785796369308 Debug:   Write server characteristic with handle  19 "0000" (service: "{0000180d-0000-1000-8000-00805f9b34fb}"
seg. ago. 3 19:32:49 2026 1785796369319 Debug: virtualdevices/virtualbike.cpp void virtualbike::bikeProvider() "bikeProvider" 0 2000 true
seg. ago. 3 19:32:49 2026 1785796369321 Debug: virtualdevices/virtualbike.cpp void virtualbike::bikeProvider() "virtual bike connected"
seg. ago. 3 19:32:49 2026 1785796369323 Debug: virtualdevices/virtualbike.cpp void virtualbike::writeCharacteristic(QLowEnergyService *, const QLowEnergyCharacteristic &, const QByteArray &) "virtualbike::writeCharacteristic Unknown Service  64 02 61 03 5e 00 01 00 28 00 00 00"
seg. ago. 3 19:32:49 2026 1785796369325 Debug:   Write server characteristic with handle  9 "640261035e00010028000000" (service: "{00001826-0000-1000-8000-00805f9b34fb}"
seg. ago. 3 19:32:49 2026 1785796369328 Debug: virtualdevices/virtualbike.cpp void virtualbike::writeCharacteristic(QLowEnergyService *, const QLowEnergyCharacteristic &, const QByteArray &) "virtualbike::writeCharacteristic Heart Rate Heart Rate Measurement 00 00"
seg. ago. 3 19:32:49 2026 1785796369330 Debug:   Write server characteristic with handle  19 "0000" (service: "{0000180d-0000-1000-8000-00805f9b34fb}"
seg. ago. 3 19:32:49 2026 1785796369361 Debug: virtualdevices/virtualbike.cpp void virtualbike::bikeProvider() "bikeProvider" 0 2000 true
seg. ago. 3 19:32:49 2026 1785796369363 Debug: virtualdevices/virtualbike.cpp void virtualbike::bikeProvider() "virtual bike connected"
seg. ago. 3 19:32:49 2026 1785796369365 Debug: virtualdevices/virtualbike.cpp void virtualbike::writeCharacteristic(QLowEnergyService *, const QLowEnergyCharacteristic &, const QByteArray &) "virtualbike::writeCharacteristic Unknown Service  64 02 61 03 5e 00 01 00 28 00 00 00"
seg. ago. 3 19:32:49 2026 1785796369366 Debug:   Write server characteristic with handle  9 "640261035e00010028000000" (service: "{00001826-0000-1000-8000-00805f9b34fb}"
seg. ago. 3 19:32:49 2026 1785796369367 Debug: virtualdevices/virtualbike.cpp void virtualbike::writeCharacteristic(QLowEnergyService *, const QLowEnergyCharacteristic &, const QByteArray &) "virtualbike::writeCharacteristic Heart Rate Heart Rate Measurement 00 00"
seg. ago. 3 19:32:49 2026 1785796369368 Debug:   Write server characteristic with handle  19 "0000" (service: "{0000180d-0000-1000-8000-00805f9b34fb}"
seg. ago. 3 19:32:49 2026 1785796369412 Debug: virtualdevices/virtualbike.cpp void virtualbike::bikeProvider() "bikeProvider" 0 2000 true
seg. ago. 3 19:32:49 2026 1785796369413 Debug: virtualdevices/virtualbike.cpp void virtualbike::bikeProvider() "virtual bike connected"
seg. ago. 3 19:32:49 2026 1785796369416 Debug: virtualdevices/virtualbike.cpp void virtualbike::writeCharacteristic(QLowEnergyService *, const QLowEnergyCharacteristic &, const QByteArray &) "virtualbike::writeCharacteristic Unknown Service  64 02 61 03 5e 00 01 00 28 00 00 00"
seg. ago. 3 19:32:49 2026 1785796369418 Debug:   Write server characteristic with handle  9 "640261035e00010028000000" (service: "{00001826-0000-1000-8000-00805f9b34fb}"
seg. ago. 3 19:32:49 2026 1785796369419 Debug: virtualdevices/virtualbike.cpp void virtualbike::writeCharacteristic(QLowEnergyService *, const QLowEnergyCharacteristic &, const QByteArray &) "virtualbike::writeCharacteristic Heart Rate Heart Rate Measurement 00 00"
seg. ago. 3 19:32:49 2026 1785796369420 Debug:   Write server characteristic with handle  19 "0000" (service: "{0000180d-0000-1000-8000-00805f9b34fb}"
seg. ago. 3 19:32:49 2026 1785796369468 Debug: virtualdevices/virtualbike.cpp void virtualbike::bikeProvider() "bikeProvider" 0 2000 true
seg. ago. 3 19:32:49 2026 1785796369470 Debug: virtualdevices/virtualbike.cpp void virtualbike::bikeProvider() "virtual bike connected"
seg. ago. 3 19:32:49 2026 1785796369472 Debug: virtualdevices/virtualbike.cpp void virtualbike::writeCharacteristic(QLowEnergyService *, const QLowEnergyCharacteristic &, const QByteArray &) "virtualbike::writeCharacteristic Unknown Service  64 02 61 03 5e 00 01 00 28 00 00 00"
seg. ago. 3 19:32:49 2026 1785796369473 Debug:   Write server characteristic with handle  9 "640261035e00010028000000" (service: "{00001826-0000-1000-8000-00805f9b34fb}"
seg. ago. 3 19:32:49 2026 1785796369475 Debug: virtualdevices/virtualbike.cpp void virtualbike::writeCharacteristic(QLowEnergyService *, const QLowEnergyCharacteristic &, const QByteArray &) "virtualbike::writeCharacteristic Heart Rate Heart Rate Measurement 00 00"
seg. ago. 3 19:32:49 2026 1785796369476 Debug:   Write server characteristic with handle  19 "0000" (service: "{0000180d-0000-1000-8000-00805f9b34fb}"
seg. ago. 3 19:32:49 2026 1785796369512 Debug: virtualdevices/virtualbike.cpp void virtualbike::bikeProvider() "bikeProvider" 0 2000 true
seg. ago. 3 19:32:49 2026 1785796369514 Debug: virtualdevices/virtualbike.cpp void virtualbike::bikeProvider() "virtual bike connected"
seg. ago. 3 19:32:49 2026 1785796369516 Debug: virtualdevices/virtualbike.cpp void virtualbike::writeCharacteristic(QLowEnergyService *, const QLowEnergyCharacteristic &, const QByteArray &) "virtualbike::writeCharacteristic Unknown Service  64 02 61 03 5e 00 01 00 28 00 00 00"
seg. ago. 3 19:32:49 2026 1785796369518 Debug:   Write server characteristic with handle  9 "640261035e00010028000000" (service: "{00001826-0000-1000-8000-00805f9b34fb}"
seg. ago. 3 19:32:49 2026 1785796369521 Debug: virtualdevices/virtualbike.cpp void virtualbike::writeCharacteristic(QLowEnergyService *, const QLowEnergyCharacteristic &, const QByteArray &) "virtualbike::writeCharacteristic Heart Rate Heart Rate Measurement 00 00"
seg. ago. 3 19:32:49 2026 1785796369522 Debug:   Write server characteristic with handle  19 "0000" (service: "{0000180d-0000-1000-8000-00805f9b34fb}"
seg. ago. 3 19:32:49 2026 1785796369563 Debug: virtualdevices/virtualbike.cpp void virtualbike::bikeProvider() "bikeProvider" 0 2000 true
seg. ago. 3 19:32:49 2026 1785796369564 Debug: virtualdevices/virtualbike.cpp void virtualbike::bikeProvider() "virtual bike connected"
seg. ago. 3 19:32:49 2026 1785796369566 Debug: virtualdevices/virtualbike.cpp void virtualbike::writeCharacteristic(QLowEnergyService *, const QLowEnergyCharacteristic &, const QByteArray &) "virtualbike::writeCharacteristic Unknown Service  64 02 61 03 5e 00 01 00 28 00 00 00"
seg. ago. 3 19:32:49 2026 1785796369568 Debug:   Write server characteristic with handle  9 "640261035e00010028000000" (service: "{00001826-0000-1000-8000-00805f9b34fb}"
seg. ago. 3 19:32:49 2026 1785796369570 Debug: virtualdevices/virtualbike.cpp void virtualbike::writeCharacteristic(QLowEnergyService *, const QLowEnergyCharacteristic &, const QByteArray &) "virtualbike::writeCharacteristic Heart Rate Heart Rate Measurement 00 00"
seg. ago. 3 19:32:49 2026 1785796369571 Debug:   Write server characteristic with handle  19 "0000" (service: "{0000180d-0000-1000-8000-00805f9b34fb}"
seg. ago. 3 19:32:49 2026 1785796369612 Debug: virtualdevices/virtualbike.cpp void virtualbike::bikeProvider() "bikeProvider" 0 2000 true
seg. ago. 3 19:32:49 2026 1785796369614 Debug: virtualdevices/virtualbike.cpp void virtualbike::bikeProvider() "virtual bike connected"
seg. ago. 3 19:32:49 2026 1785796369617 Debug: virtualdevices/virtualbike.cpp void virtualbike::writeCharacteristic(QLowEnergyService *, const QLowEnergyCharacteristic &, const QByteArray &) "virtualbike::writeCharacteristic Unknown Service  64 02 61 03 5e 00 01 00 28 00 00 00"
seg. ago. 3 19:32:49 2026 1785796369619 Debug:   Write server characteristic with handle  9 "640261035e00010028000000" (service: "{00001826-0000-1000-8000-00805f9b34fb}"
seg. ago. 3 19:32:49 2026 1785796369622 Debug: virtualdevices/virtualbike.cpp void virtualbike::writeCharacteristic(QLowEnergyService *, const QLowEnergyCharacteristic &, const QByteArray &) "virtualbike::writeCharacteristic Heart Rate Heart Rate Measurement 00 00"
seg. ago. 3 19:32:49 2026 1785796369623 Debug:   Write server characteristic with handle  19 "0000" (service: "{0000180d-0000-1000-8000-00805f9b34fb}"
seg. ago. 3 19:32:49 2026 1785796369669 Debug: virtualdevices/virtualbike.cpp void virtualbike::bikeProvider() "bikeProvider" 0 2000 true
seg. ago. 3 19:32:49 2026 1785796369670 Debug: virtualdevices/virtualbike.cpp void virtualbike::bikeProvider() "virtual bike connected"
seg. ago. 3 19:32:49 2026 1785796369673 Debug: virtualdevices/virtualbike.cpp void virtualbike::writeCharacteristic(QLowEnergyService *, const QLowEnergyCharacteristic &, const QByteArray &) "virtualbike::writeCharacteristic Unknown Service  64 02 61 03 5e 00 01 00 28 00 00 00"
seg. ago. 3 19:32:49 2026 1785796369674 Debug:   Write server characteristic with handle  9 "640261035e00010028000000" (service: "{00001826-0000-1000-8000-00805f9b34fb}"
seg. ago. 3 19:32:49 2026 1785796369676 Debug: virtualdevices/virtualbike.cpp void virtualbike::writeCharacteristic(QLowEnergyService *, const QLowEnergyCharacteristic &, const QByteArray &) "virtualbike::writeCharacteristic Heart Rate Heart Rate Measurement 00 00"
seg. ago. 3 19:32:49 2026 1785796369678 Debug:   Write server characteristic with handle  19 "0000" (service: "{0000180d-0000-1000-8000-00805f9b34fb}"
seg. ago. 3 19:32:49 2026 1785796369712 Debug: virtualdevices/virtualbike.cpp void virtualbike::bikeProvider() "bikeProvider" 0 2000 true
seg. ago. 3 19:32:49 2026 1785796369714 Debug: virtualdevices/virtualbike.cpp void virtualbike::bikeProvider() "virtual bike connected"
seg. ago. 3 19:32:49 2026 1785796369716 Debug: virtualdevices/virtualbike.cpp void virtualbike::writeCharacteristic(QLowEnergyService *, const QLowEnergyCharacteristic &, const QByteArray &) "virtualbike::writeCharacteristic Unknown Service  64 02 61 03 5e 00 01 00 28 00 00 00"
seg. ago. 3 19:32:49 2026 1785796369718 Debug:   Write server characteristic with handle  9 "640261035e00010028000000" (service: "{00001826-0000-1000-8000-00805f9b34fb}"
seg. ago. 3 19:32:49 2026 1785796369720 Debug: virtualdevices/virtualbike.cpp void virtualbike::writeCharacteristic(QLowEnergyService *, const QLowEnergyCharacteristic &, const QByteArray &) "virtualbike::writeCharacteristic Heart Rate Heart Rate Measurement 00 00"
seg. ago. 3 19:32:49 2026 1785796369722 Debug:   Write server characteristic with handle  19 "0000" (service: "{0000180d-0000-1000-8000-00805f9b34fb}"
seg. ago. 3 19:32:49 2026 1785796369760 Debug: qmdnsengine/src/src/prober.cpp void QMdnsEngine::ProberPrivate::onTimeout() ProberPrivate::onTimeout()
seg. ago. 3 19:32:49 2026 1785796369762 Debug: qmdnsengine/src/src/provider.cpp auto QMdnsEngine::ProviderPrivate::confirm()::(anonymous class)::operator()(const QByteArray &) const Prober::nameConfirmed false
seg. ago. 3 19:32:49 2026 1785796369763 Debug: localipaddress.cpp jobject getWifiManagerObj(JNIEnv *, jobject) gotWifiMangerObj 
seg. ago. 3 19:32:49 2026 1785796369780 Debug: localipaddress.cpp jobject getWifiInfoObj(JNIEnv *, jobject) getWifiInfoObj 
seg. ago. 3 19:32:49 2026 1785796369807 Debug: localipaddress.cpp int getIpAddress(JNIEnv *, jobject) getIpAddress.... 
seg. ago. 3 19:32:49 2026 1785796369810 Debug: localipaddress.cpp static QHostAddress localipaddress::getIP(const QHostAddress &) getIP from JNI QHostAddress("192.168.0.105")
seg. ago. 3 19:32:49 2026 1785796369820 Debug: qmdnsengine/src/src/provider.cpp void QMdnsEngine::ProviderPrivate::publish() ProviderPrivate::publish QHostAddress("192.168.0.105")
seg. ago. 3 19:32:49 2026 1785796369826 Debug: qmdnsengine/src/src/prober.cpp void QMdnsEngine::ProberPrivate::onTimeout() ProberPrivate::onTimeout()
seg. ago. 3 19:32:49 2026 1785796369828 Debug: qmdnsengine/src/src/provider.cpp auto QMdnsEngine::ProviderPrivate::confirm()::(anonymous class)::operator()(const QByteArray &) const Prober::nameConfirmed false
seg. ago. 3 19:32:49 2026 1785796369829 Debug: localipaddress.cpp jobject getWifiManagerObj(JNIEnv *, jobject) gotWifiMangerObj 
seg. ago. 3 19:32:49 2026 1785796369830 Debug: localipaddress.cpp jobject getWifiInfoObj(JNIEnv *, jobject) getWifiInfoObj 
seg. ago. 3 19:32:49 2026 1785796369838 Debug: localipaddress.cpp int getIpAddress(JNIEnv *, jobject) getIpAddress.... 
seg. ago. 3 19:32:49 2026 1785796369839 Debug: localipaddress.cpp static QHostAddress localipaddress::getIP(const QHostAddress &) getIP from JNI QHostAddress("192.168.0.105")
seg. ago. 3 19:32:49 2026 1785796369840 Debug: qmdnsengine/src/src/provider.cpp void QMdnsEngine::ProviderPrivate::publish() ProviderPrivate::publish QHostAddress("192.168.0.105")
seg. ago. 3 19:32:49 2026 1785796369843 Debug: virtualdevices/virtualbike.cpp void virtualbike::bikeProvider() "bikeProvider" 0 2000 true
seg. ago. 3 19:32:49 2026 1785796369844 Debug: virtualdevices/virtualbike.cpp void virtualbike::bikeProvider() "virtual bike connected"
seg. ago. 3 19:32:49 2026 1785796369846 Debug: virtualdevices/virtualbike.cpp void virtualbike::writeCharacteristic(QLowEnergyService *, const QLowEnergyCharacteristic &, const QByteArray &) "virtualbike::writeCharacteristic Unknown Service  64 02 61 03 5e 00 01 00 28 00 00 00"
seg. ago. 3 19:32:49 2026 1785796369847 Debug:   Write server characteristic with handle  9 "640261035e00010028000000" (service: "{00001826-0000-1000-8000-00805f9b34fb}"
seg. ago. 3 19:32:49 2026 1785796369848 Debug: virtualdevices/virtualbike.cpp void virtualbike::writeCharacteristic(QLowEnergyService *, const QLowEnergyCharacteristic &, const QByteArray &) "virtualbike::writeCharacteristic Heart Rate Heart Rate Measurement 00 00"
seg. ago. 3 19:32:49 2026 1785796369849 Debug:   Write server characteristic with handle  19 "0000" (service: "{0000180d-0000-1000-8000-00805f9b34fb}"
seg. ago. 3 19:32:49 2026 1785796369860 Debug: virtualdevices/virtualbike.cpp void virtualbike::bikeProvider() "bikeProvider" 0 2000 true
seg. ago. 3 19:32:49 2026 1785796369861 Debug: virtualdevices/virtualbike.cpp void virtualbike::bikeProvider() "virtual bike connected"
seg. ago. 3 19:32:49 2026 1785796369863 Debug: virtualdevices/virtualbike.cpp void virtualbike::writeCharacteristic(QLowEnergyService *, const QLowEnergyCharacteristic &, const QByteArray &) "virtualbike::writeCharacteristic Unknown Service  64 02 61 03 5e 00 01 00 28 00 00 00"
seg. ago. 3 19:32:49 2026 1785796369864 Debug:   Write server characteristic with handle  9 "640261035e00010028000000" (service: "{00001826-0000-1000-8000-00805f9b34fb}"
seg. ago. 3 19:32:49 2026 1785796369866 Debug: virtualdevices/virtualbike.cpp void virtualbike::writeCharacteristic(QLowEnergyService *, const QLowEnergyCharacteristic &, const QByteArray &) "virtualbike::writeCharacteristic Heart Rate Heart Rate Measurement 00 00"
seg. ago. 3 19:32:49 2026 1785796369868 Debug:   Write server characteristic with handle  19 "0000" (service: "{0000180d-0000-1000-8000-00805f9b34fb}"
seg. ago. 3 19:32:49 2026 1785796369874 Debug:   Characteristic change notification "{00001826-0000-1000-8000-00805f9b34fb}" 47 "f5015c002e0400010027002a001700ffffff"
seg. ago. 3 19:32:49 2026 1785796369876 Debug: devices/ftmsbike/ftmsbike.cpp void ftmsbike::characteristicChanged(const QLowEnergyCharacteristic &, const QByteArray &) "{00002ad2-0000-1000-8000-00805f9b34fb}" 18 " << " "f5 01 5c 00 2e 04 00 01 00 27 00 2a 00 17 00 ff ff ff"
seg. ago. 3 19:32:49 2026 1785796369877 Debug: devices/bluetooth.cpp void bluetooth::debug(const QString &) "Current Cadence: 46"
seg. ago. 3 19:32:49 2026 1785796369878 Debug: devices/bluetooth.cpp void bluetooth::debug(const QString &) "Current Distance: 0.00614701"
seg. ago. 3 19:32:49 2026 1785796369880 Debug: devices/bluetooth.cpp void bluetooth::debug(const QString &) "Current Resistance: 1"
seg. ago. 3 19:32:49 2026 1785796369882 Debug: devices/bluetooth.cpp void bluetooth::debug(const QString &) "Current Watt: 39"
seg. ago. 3 19:32:49 2026 1785796369883 Debug: devices/bluetooth.cpp void bluetooth::debug(const QString &) "Current Average Watt: 42"
seg. ago. 3 19:32:49 2026 1785796369884 Debug: devices/bluetooth.cpp void bluetooth::debug(const QString &) "Current KCal: 0.480702"
seg. ago. 3 19:32:49 2026 1785796369885 Debug: devices/bluetoothdevice.cpp void bluetoothdevice::update_hr_from_external() WearOS Companion Heart: 0
seg. ago. 3 19:32:49 2026 1785796369886 Debug: ./inclinationresistancetable.h void inclinationResistanceTable::collectData(double, uint16_t, double) Skipping invalid data point: Incl: 0 Res: 1 Watt: 39
seg. ago. 3 19:32:49 2026 1785796369887 Debug: devices/bluetooth.cpp void bluetooth::debug(const QString &) "Current CrankRevs: 7"
seg. ago. 3 19:32:49 2026 1785796369888 Debug: devices/bluetooth.cpp void bluetooth::debug(const QString &) "Last CrankEventTime: 8863"
seg. ago. 3 19:32:49 2026 1785796369889 Debug:   Characteristic change notification "{00001826-0000-1000-8000-00805f9b34fb}" 47 "002afd0500c6008f0100"
seg. ago. 3 19:32:49 2026 1785796369890 Debug: devices/ftmsbike/ftmsbike.cpp void ftmsbike::characteristicChanged(const QLowEnergyCharacteristic &, const QByteArray &) "{00002ad2-0000-1000-8000-00805f9b34fb}" 10 " << " "00 2a fd 05 00 c6 00 8f 01 00"
seg. ago. 3 19:32:49 2026 1785796369892 Debug: devices/bluetooth.cpp void bluetooth::debug(const QString &) "Current Speed: 9.71721"
seg. ago. 3 19:32:49 2026 1785796369893 Debug: devices/bluetooth.cpp void bluetooth::debug(const QString &) "Current Distance: 0.00618479"
seg. ago. 3 19:32:49 2026 1785796369895 Debug: devices/bluetooth.cpp void bluetooth::debug(const QString &) "Current KCal: 0.481753"
seg. ago. 3 19:32:49 2026 1785796369896 Debug: devices/bluetooth.cpp void bluetooth::debug(const QString &) "Current Heart: 0"
seg. ago. 3 19:32:49 2026 1785796369897 Debug: devices/bluetoothdevice.cpp void bluetoothdevice::update_hr_from_external() WearOS Companion Heart: 0
seg. ago. 3 19:32:49 2026 1785796369898 Debug: ./inclinationresistancetable.h void inclinationResistanceTable::collectData(double, uint16_t, double) Skipping invalid data point: Incl: 0 Res: 1 Watt: 39
seg. ago. 3 19:32:49 2026 1785796369899 Debug: devices/bluetooth.cpp void bluetooth::debug(const QString &) "Current CrankRevs: 8"
seg. ago. 3 19:32:49 2026 1785796369900 Debug: devices/bluetooth.cpp void bluetooth::debug(const QString &) "Last CrankEventTime: 10198"
seg. ago. 3 19:32:49 2026 1785796369906 Debug: virtualdevices/virtualbike.cpp void virtualbike::bikeProvider() "bikeProvider" 0 2000 true
seg. ago. 3 19:32:49 2026 1785796369907 Debug: virtualdevices/virtualbike.cpp void virtualbike::bikeProvider() "virtual bike connected"
seg. ago. 3 19:32:49 2026 1785796369908 Debug: virtualdevices/virtualbike.cpp void virtualbike::writeCharacteristic(QLowEnergyService *, const QLowEnergyCharacteristic &, const QByteArray &) "virtualbike::writeCharacteristic Unknown Service  64 02 cc 03 5c 00 01 00 27 00 00 00"
seg. ago. 3 19:32:49 2026 1785796369909 Debug:   Write server characteristic with handle  9 "6402cc035c00010027000000" (service: "{00001826-0000-1000-8000-00805f9b34fb}"
seg. ago. 3 19:32:49 2026 1785796369910 Debug: virtualdevices/virtualbike.cpp void virtualbike::writeCharacteristic(QLowEnergyService *, const QLowEnergyCharacteristic &, const QByteArray &) "virtualbike::writeCharacteristic Heart Rate Heart Rate Measurement 00 00"
seg. ago. 3 19:32:49 2026 1785796369910 Debug:   Write server characteristic with handle  19 "0000" (service: "{0000180d-0000-1000-8000-00805f9b34fb}"
seg. ago. 3 19:32:49 2026 1785796369917 Debug: virtualdevices/virtualbike.cpp void virtualbike::bikeProvider() "bikeProvider" 0 2000 true
seg. ago. 3 19:32:49 2026 1785796369918 Debug: virtualdevices/virtualbike.cpp void virtualbike::bikeProvider() "virtual bike connected"
seg. ago. 3 19:32:49 2026 1785796369919 Debug: virtualdevices/virtualbike.cpp void virtualbike::writeCharacteristic(QLowEnergyService *, const QLowEnergyCharacteristic &, const QByteArray &) "virtualbike::writeCharacteristic Unknown Service  64 02 cc 03 5c 00 01 00 27 00 00 00"
seg. ago. 3 19:32:49 2026 1785796369919 Debug:   Write server characteristic with handle  9 "6402cc035c00010027000000" (service: "{00001826-0000-1000-8000-00805f9b34fb}"
seg. ago. 3 19:32:49 2026 1785796369921 Debug: virtualdevices/virtualbike.cpp void virtualbike::writeCharacteristic(QLowEnergyService *, const QLowEnergyCharacteristic &, const QByteArray &) "virtualbike::writeCharacteristic Heart Rate Heart Rate Measurement 00 00"
seg. ago. 3 19:32:49 2026 1785796369921 Debug:   Write server characteristic with handle  19 "0000" (service: "{0000180d-0000-1000-8000-00805f9b34fb}"
seg. ago. 3 19:32:49 2026 1785796369962 Debug: virtualdevices/virtualbike.cpp void virtualbike::bikeProvider() "bikeProvider" 0 2000 true
seg. ago. 3 19:32:49 2026 1785796369963 Debug: virtualdevices/virtualbike.cpp void virtualbike::bikeProvider() "virtual bike connected"
seg. ago. 3 19:32:49 2026 1785796369964 Debug: virtualdevices/virtualbike.cpp void virtualbike::writeCharacteristic(QLowEnergyService *, const QLowEnergyCharacteristic &, const QByteArray &) "virtualbike::writeCharacteristic Unknown Service  64 02 cc 03 5c 00 01 00 27 00 00 00"
seg. ago. 3 19:32:49 2026 1785796369965 Debug:   Write server characteristic with handle  9 "6402cc035c00010027000000" (service: "{00001826-0000-1000-8000-00805f9b34fb}"
seg. ago. 3 19:32:49 2026 1785796369967 Debug: virtualdevices/virtualbike.cpp void virtualbike::writeCharacteristic(QLowEnergyService *, const QLowEnergyCharacteristic &, const QByteArray &) "virtualbike::writeCharacteristic Heart Rate Heart Rate Measurement 00 00"
seg. ago. 3 19:32:49 2026 1785796369967 Debug:   Write server characteristic with handle  19 "0000" (service: "{0000180d-0000-1000-8000-00805f9b34fb}"
seg. ago. 3 19:32:50 2026 1785796370012 Debug: virtualdevices/virtualbike.cpp void virtualbike::bikeProvider() "bikeProvider" 0 2000 true
seg. ago. 3 19:32:50 2026 1785796370013 Debug: virtualdevices/virtualbike.cpp void virtualbike::bikeProvider() "virtual bike connected"
seg. ago. 3 19:32:50 2026 1785796370015 Debug: virtualdevices/virtualbike.cpp void virtualbike::writeCharacteristic(QLowEnergyService *, const QLowEnergyCharacteristic &, const QByteArray &) "virtualbike::writeCharacteristic Unknown Service  64 02 cc 03 5c 00 01 00 27 00 00 00"
seg. ago. 3 19:32:50 2026 1785796370016 Debug:   Write server characteristic with handle  9 "6402cc035c00010027000000" (service: "{00001826-0000-1000-8000-00805f9b34fb}"
seg. ago. 3 19:32:50 2026 1785796370018 Debug: virtualdevices/virtualbike.cpp void virtualbike::writeCharacteristic(QLowEnergyService *, const QLowEnergyCharacteristic &, const QByteArray &) "virtualbike::writeCharacteristic Heart Rate Heart Rate Measurement 00 00"
seg. ago. 3 19:32:50 2026 1785796370019 Debug:   Write server characteristic with handle  19 "0000" (service: "{0000180d-0000-1000-8000-00805f9b34fb}"
seg. ago. 3 19:32:50 2026 1785796370068 Debug: virtualdevices/virtualbike.cpp void virtualbike::bikeProvider() "bikeProvider" 0 2000 true
seg. ago. 3 19:32:50 2026 1785796370070 Debug: virtualdevices/virtualbike.cpp void virtualbike::bikeProvider() "virtual bike connected"
seg. ago. 3 19:32:50 2026 1785796370072 Debug: virtualdevices/virtualbike.cpp void virtualbike::writeCharacteristic(QLowEnergyService *, const QLowEnergyCharacteristic &, const QByteArray &) "virtualbike::writeCharacteristic Unknown Service  64 02 cc 03 5c 00 01 00 27 00 00 00"
seg. ago. 3 19:32:50 2026 1785796370074 Debug:   Write server characteristic with handle  9 "6402cc035c00010027000000" (service: "{00001826-0000-1000-8000-00805f9b34fb}"
seg. ago. 3 19:32:50 2026 1785796370076 Debug: virtualdevices/virtualbike.cpp void virtualbike::writeCharacteristic(QLowEnergyService *, const QLowEnergyCharacteristic &, const QByteArray &) "virtualbike::writeCharacteristic Heart Rate Heart Rate Measurement 00 00"
seg. ago. 3 19:32:50 2026 1785796370077 Debug:   Write server characteristic with handle  19 "0000" (service: "{0000180d-0000-1000-8000-00805f9b34fb}"
seg. ago. 3 19:32:50 2026 1785796370112 Debug: virtualdevices/virtualbike.cpp void virtualbike::bikeProvider() "bikeProvider" 0 2000 true
seg. ago. 3 19:32:50 2026 1785796370113 Debug: virtualdevices/virtualbike.cpp void virtualbike::bikeProvider() "virtual bike connected"
seg. ago. 3 19:32:50 2026 1785796370115 Debug: virtualdevices/virtualbike.cpp void virtualbike::writeCharacteristic(QLowEnergyService *, const QLowEnergyCharacteristic &, const QByteArray &) "virtualbike::writeCharacteristic Unknown Service  64 02 cc 03 5c 00 01 00 27 00 00 00"
seg. ago. 3 19:32:50 2026 1785796370117 Debug:   Write server characteristic with handle  9 "6402cc035c00010027000000" (service: "{00001826-0000-1000-8000-00805f9b34fb}"
seg. ago. 3 19:32:50 2026 1785796370119 Debug: virtualdevices/virtualbike.cpp void virtualbike::writeCharacteristic(QLowEnergyService *, const QLowEnergyCharacteristic &, const QByteArray &) "virtualbike::writeCharacteristic Heart Rate Heart Rate Measurement 00 00"
seg. ago. 3 19:32:50 2026 1785796370121 Debug:   Write server characteristic with handle  19 "0000" (service: "{0000180d-0000-1000-8000-00805f9b34fb}"
seg. ago. 3 19:32:50 2026 1785796370161 Debug: virtualdevices/virtualbike.cpp void virtualbike::bikeProvider() "bikeProvider" 0 2000 true
seg. ago. 3 19:32:50 2026 1785796370163 Debug: virtualdevices/virtualbike.cpp void virtualbike::bikeProvider() "virtual bike connected"
seg. ago. 3 19:32:50 2026 1785796370165 Debug: virtualdevices/virtualbike.cpp void virtualbike::writeCharacteristic(QLowEnergyService *, const QLowEnergyCharacteristic &, const QByteArray &) "virtualbike::writeCharacteristic Unknown Service  64 02 cc 03 5c 00 01 00 27 00 00 00"
seg. ago. 3 19:32:50 2026 1785796370166 Debug:   Write server characteristic with handle  9 "6402cc035c00010027000000" (service: "{00001826-0000-1000-8000-00805f9b34fb}"
seg. ago. 3 19:32:50 2026 1785796370168 Debug: virtualdevices/virtualbike.cpp void virtualbike::writeCharacteristic(QLowEnergyService *, const QLowEnergyCharacteristic &, const QByteArray &) "virtualbike::writeCharacteristic Heart Rate Heart Rate Measurement 00 00"
seg. ago. 3 19:32:50 2026 1785796370169 Debug:   Write server characteristic with handle  19 "0000" (service: "{0000180d-0000-1000-8000-00805f9b34fb}"
seg. ago. 3 19:32:50 2026 1785796370211 Debug: virtualdevices/virtualbike.cpp void virtualbike::bikeProvider() "bikeProvider" 0 2000 true
seg. ago. 3 19:32:50 2026 1785796370212 Debug: virtualdevices/virtualbike.cpp void virtualbike::bikeProvider() "virtual bike connected"
seg. ago. 3 19:32:50 2026 1785796370216 Debug: virtualdevices/virtualbike.cpp void virtualbike::writeCharacteristic(QLowEnergyService *, const QLowEnergyCharacteristic &, const QByteArray &) "virtualbike::writeCharacteristic Unknown Service  64 02 cc 03 5c 00 01 00 27 00 00 00"
seg. ago. 3 19:32:50 2026 1785796370217 Debug:   Write server characteristic with handle  9 "6402cc035c00010027000000" (service: "{00001826-0000-1000-8000-00805f9b34fb}"
seg. ago. 3 19:32:50 2026 1785796370219 Debug: virtualdevices/virtualbike.cpp void virtualbike::writeCharacteristic(QLowEnergyService *, const QLowEnergyCharacteristic &, const QByteArray &) "virtualbike::writeCharacteristic Heart Rate Heart Rate Measurement 00 00"
seg. ago. 3 19:32:50 2026 1785796370221 Debug:   Write server characteristic with handle  19 "0000" (service: "{0000180d-0000-1000-8000-00805f9b34fb}"
seg. ago. 3 19:32:50 2026 1785796370277 Debug: templateinfosender.cpp bool TemplateInfoSender::update(QJSEngine *) "eval res " "{\"msg\":\"workout\",\"content\":{\"BIKE_TYPE\":2,\"ELLIPTICAL_TYPE\":4,\"ROWING_TYPE\":3,\"TREADMILL_TYPE\":1,\"UNKNOWN_TYPE\":0,\"deviceId\":\"B8:F8:62:6D:A8:D6\",\"deviceName\":\"YPBM001264\",\"deviceRSSI\":-39,\"deviceType\":2,\"deviceConnected\":true,\"devicePaused\":false,\"elapsed_s\":3,\"elapsed_m\":0,\"elapsed_h\":0,\"lapelapsed_s\":3,\"lapelapsed_m\":0,\"lapelapsed_h\":0,\"pace_s\":10,\"pace_m\":6,\"pace_h\":0,\"pace_color\":\"white\",\"avgpace_s\":34,\"avgpace_m\":7,\"avgpace_h\":0,\"maxpace_s\":10,\"maxpace_m\":6,\"maxpace_h\":0,\"moving_s\":3,\"moving_m\":0,\"moving_h\":0,\"speed\":9.717205012373748,\"speed_avg\":7.924969449270721,\"speed_color\":\"white\",\"speed_lapavg\":7.924969449270721,\"speed_lapmax\":9.717205012373748,\"calories\":0.481752565,\"distance\":0.006184794305367133,\"heart\":0,\"heart_color\":\"lightsteelblue\",\"heart_avg\":0,\"heart_lapavg\":0,\"heart_max\":0,\"heart_lapmax\":0,\"target_heart_above\":0,\"target_heart_below\":0,\"jouls\":134.31999999999996,\"elevation\":0,\"difficult\":1,\"watts\":39,\"watts_avg\":41.75,\"watts_color\":\"white\",\"watts_lapavg\":41.75,\"watts_max\":45,\"watts_lapmax\":45,\"kgwatts\":0.4642857142857143,\"kgwatts_avg\":0.5022321428571428,\"kgwatts_max\":0.5357142857142857,\"workoutName\":\"Ride\",\"workoutStartDate\":\"seg. ago. 3 19:32:44 2026\",\"instructorName\":\"\",\"latitude\":null,\"longitude\":null,\"altitude\":null,\"peloton_offset\":0,\"peloton_ask_start\":false,\"autoresistance\":true,\"nextrow\":\"N/A\",\"training_row_index\":0,\"training_row_elapsed\":0,\"training_row_open_ended\":false,\"training_row_wait_for_lap\":false,\"row_remaining_time_s\":0,\"row_remaining_time_m\":0,\"row_remaining_time_h\":0,\"remaining_time_s\":0,\"remaining_time_m\":0,\"remaining_time_h\":0,\"nickName\":\"N/A\",\"gears\":0,\"target_resistance\":0,\"target_peloton_resistance\":0,\"target_cadence\":0,\"target_power\":0,\"power_zone\":1.3571428571428572,\"power_zone_lapavg\":1.1904761904761905,\"power_zone_lapmax\":1.4017857142857144,\"target_power_zone\":1,\"power_zone_color\":\"white\",\"target_power_zone_color\":\"white\",\"peloton_resistance\":38.89541581502245,\"peloton_resistance_avg\":38.94822287035843,\"peloton_resistance_color\":\"white\",\"peloton_resistance_lapavg\":38.94822287035843,\"peloton_resistance_lapmax\":39.8448465371043,\"peloton_req_resistance\":0,\"cadence\":46,\"cadence_color\":\"white\",\"cadence_avg\":48.25,\"cadence_lapavg\":48.25,\"cadence_lapmax\":51,\"resistance\":1,\"resistance_avg\":1,\"resistance_lapavg\":1,\"resistance_lapmax\":1,\"cranks\":8,\"cranktime\":10198,\"req_power\":0,\"req_cadence\":0,\"req_resistance\":0,\"inclination\":0,\"inclination_avg\":0}}"
seg. ago. 3 19:32:50 2026 1785796370283 Debug: homeform.cpp void homeform::update() homeform::update fired! elapsed: 1009 jitter: -116
seg. ago. 3 19:32:50 2026 1785796370294 Debug: homeform.cpp void homeform::update() homeform::update tiles updated!
seg. ago. 3 19:32:50 2026 1785796370296 Debug: homeform.cpp void homeform::update() Current Distance 1s: 0.00880552 9.71721 39
seg. ago. 3 19:32:50 2026 1785796370304 Debug: virtualdevices/virtualbike.cpp void virtualbike::bikeProvider() "bikeProvider" 0 2000 true
seg. ago. 3 19:32:50 2026 1785796370305 Debug: virtualdevices/virtualbike.cpp void virtualbike::bikeProvider() "virtual bike connected"
seg. ago. 3 19:32:50 2026 1785796370306 Debug: virtualdevices/virtualbike.cpp void virtualbike::writeCharacteristic(QLowEnergyService *, const QLowEnergyCharacteristic &, const QByteArray &) "virtualbike::writeCharacteristic Unknown Service  64 02 cc 03 5c 00 01 00 27 00 00 00"
seg. ago. 3 19:32:50 2026 1785796370307 Debug:   Write server characteristic with handle  9 "6402cc035c00010027000000" (service: "{00001826-0000-1000-8000-00805f9b34fb}"
seg. ago. 3 19:32:50 2026 1785796370309 Debug: virtualdevices/virtualbike.cpp void virtualbike::writeCharacteristic(QLowEnergyService *, const QLowEnergyCharacteristic &, const QByteArray &) "virtualbike::writeCharacteristic Heart Rate Heart Rate Measurement 00 00"
seg. ago. 3 19:32:50 2026 1785796370310 Debug:   Write server characteristic with handle  19 "0000" (service: "{0000180d-0000-1000-8000-00805f9b34fb}"
seg. ago. 3 19:32:50 2026 1785796370319 Debug: virtualdevices/virtualbike.cpp void virtualbike::bikeProvider() "bikeProvider" 0 2000 true
seg. ago. 3 19:32:50 2026 1785796370320 Debug: virtualdevices/virtualbike.cpp void virtualbike::bikeProvider() "virtual bike connected"
seg. ago. 3 19:32:50 2026 1785796370321 Debug: virtualdevices/virtualbike.cpp void virtualbike::writeCharacteristic(QLowEnergyService *, const QLowEnergyCharacteristic &, const QByteArray &) "virtualbike::writeCharacteristic Unknown Service  64 02 cc 03 5c 00 01 00 27 00 00 00"
seg. ago. 3 19:32:50 2026 1785796370322 Debug:   Write server characteristic with handle  9 "6402cc035c00010027000000" (service: "{00001826-0000-1000-8000-00805f9b34fb}"
seg. ago. 3 19:32:50 2026 1785796370324 Debug: virtualdevices/virtualbike.cpp void virtualbike::writeCharacteristic(QLowEnergyService *, const QLowEnergyCharacteristic &, const QByteArray &) "virtualbike::writeCharacteristic Heart Rate Heart Rate Measurement 00 00"
seg. ago. 3 19:32:50 2026 1785796370325 Debug:   Write server characteristic with handle  19 "0000" (service: "{0000180d-0000-1000-8000-00805f9b34fb}"
seg. ago. 3 19:32:50 2026 1785796370361 Debug: virtualdevices/virtualbike.cpp void virtualbike::bikeProvider() "bikeProvider" 0 2000 true
seg. ago. 3 19:32:50 2026 1785796370362 Debug: virtualdevices/virtualbike.cpp void virtualbike::bikeProvider() "virtual bike connected"
seg. ago. 3 19:32:50 2026 1785796370364 Debug: virtualdevices/virtualbike.cpp void virtualbike::writeCharacteristic(QLowEnergyService *, const QLowEnergyCharacteristic &, const QByteArray &) "virtualbike::writeCharacteristic Unknown Service  64 02 cc 03 5c 00 01 00 27 00 00 00"
seg. ago. 3 19:32:50 2026 1785796370365 Debug:   Write server characteristic with handle  9 "6402cc035c00010027000000" (service: "{00001826-0000-1000-8000-00805f9b34fb}"
seg. ago. 3 19:32:50 2026 1785796370366 Debug: virtualdevices/virtualbike.cpp void virtualbike::writeCharacteristic(QLowEnergyService *, const QLowEnergyCharacteristic &, const QByteArray &) "virtualbike::writeCharacteristic Heart Rate Heart Rate Measurement 00 00"
seg. ago. 3 19:32:50 2026 1785796370367 Debug:   Write server characteristic with handle  19 "0000" (service: "{0000180d-0000-1000-8000-00805f9b34fb}"
seg. ago. 3 19:32:50 2026 1785796370413 Debug: virtualdevices/virtualbike.cpp void virtualbike::bikeProvider() "bikeProvider" 0 2000 true
seg. ago. 3 19:32:50 2026 1785796370414 Debug: virtualdevices/virtualbike.cpp void virtualbike::bikeProvider() "virtual bike connected"
seg. ago. 3 19:32:50 2026 1785796370416 Debug: virtualdevices/virtualbike.cpp void virtualbike::writeCharacteristic(QLowEnergyService *, const QLowEnergyCharacteristic &, const QByteArray &) "virtualbike::writeCharacteristic Unknown Service  64 02 cc 03 5c 00 01 00 27 00 00 00"
seg. ago. 3 19:32:50 2026 1785796370417 Debug:   Write server characteristic with handle  9 "6402cc035c00010027000000" (service: "{00001826-0000-1000-8000-00805f9b34fb}"
seg. ago. 3 19:32:50 2026 1785796370419 Debug: virtualdevices/virtualbike.cpp void virtualbike::writeCharacteristic(QLowEnergyService *, const QLowEnergyCharacteristic &, const QByteArray &) "virtualbike::writeCharacteristic Heart Rate Heart Rate Measurement 00 00"
seg. ago. 3 19:32:50 2026 1785796370421 Debug:   Write server characteristic with handle  19 "0000" (service: "{0000180d-0000-1000-8000-00805f9b34fb}"
seg. ago. 3 19:32:50 2026 1785796370468 Debug: virtualdevices/virtualbike.cpp void virtualbike::bikeProvider() "bikeProvider" 0 2000 true
seg. ago. 3 19:32:50 2026 1785796370469 Debug: virtualdevices/virtualbike.cpp void virtualbike::bikeProvider() "virtual bike connected"
seg. ago. 3 19:32:50 2026 1785796370471 Debug: virtualdevices/virtualbike.cpp void virtualbike::writeCharacteristic(QLowEnergyService *, const QLowEnergyCharacteristic &, const QByteArray &) "virtualbike::writeCharacteristic Unknown Service  64 02 cc 03 5c 00 01 00 27 00 00 00"
seg. ago. 3 19:32:50 2026 1785796370473 Debug:   Write server characteristic with handle  9 "6402cc035c00010027000000" (service: "{00001826-0000-1000-8000-00805f9b34fb}"
seg. ago. 3 19:32:50 2026 1785796370475 Debug: virtualdevices/virtualbike.cpp void virtualbike::writeCharacteristic(QLowEnergyService *, const QLowEnergyCharacteristic &, const QByteArray &) "virtualbike::writeCharacteristic Heart Rate Heart Rate Measurement 00 00"
seg. ago. 3 19:32:50 2026 1785796370476 Debug:   Write server characteristic with handle  19 "0000" (service: "{0000180d-0000-1000-8000-00805f9b34fb}"
seg. ago. 3 19:32:50 2026 1785796370512 Debug: virtualdevices/virtualbike.cpp void virtualbike::bikeProvider() "bikeProvider" 0 2000 true
seg. ago. 3 19:32:50 2026 1785796370513 Debug: virtualdevices/virtualbike.cpp void virtualbike::bikeProvider() "virtual bike connected"
seg. ago. 3 19:32:50 2026 1785796370515 Debug: virtualdevices/virtualbike.cpp void virtualbike::writeCharacteristic(QLowEnergyService *, const QLowEnergyCharacteristic &, const QByteArray &) "virtualbike::writeCharacteristic Unknown Service  64 02 cc 03 5c 00 01 00 27 00 00 00"
seg. ago. 3 19:32:50 2026 1785796370516 Debug:   Write server characteristic with handle  9 "6402cc035c00010027000000" (service: "{00001826-0000-1000-8000-00805f9b34fb}"
seg. ago. 3 19:32:50 2026 1785796370518 Debug: virtualdevices/virtualbike.cpp void virtualbike::writeCharacteristic(QLowEnergyService *, const QLowEnergyCharacteristic &, const QByteArray &) "virtualbike::writeCharacteristic Heart Rate Heart Rate Measurement 00 00"
seg. ago. 3 19:32:50 2026 1785796370520 Debug:   Write server characteristic with handle  19 "0000" (service: "{0000180d-0000-1000-8000-00805f9b34fb}"
seg. ago. 3 19:32:50 2026 1785796370563 Debug: virtualdevices/virtualbike.cpp void virtualbike::bikeProvider() "bikeProvider" 0 2000 true
seg. ago. 3 19:32:50 2026 1785796370564 Debug: virtualdevices/virtualbike.cpp void virtualbike::bikeProvider() "virtual bike connected"
seg. ago. 3 19:32:50 2026 1785796370567 Debug: virtualdevices/virtualbike.cpp void virtualbike::writeCharacteristic(QLowEnergyService *, const QLowEnergyCharacteristic &, const QByteArray &) "virtualbike::writeCharacteristic Unknown Service  64 02 cc 03 5c 00 01 00 27 00 00 00"
seg. ago. 3 19:32:50 2026 1785796370568 Debug:   Write server characteristic with handle  9 "6402cc035c00010027000000" (service: "{00001826-0000-1000-8000-00805f9b34fb}"
seg. ago. 3 19:32:50 2026 1785796370571 Debug: virtualdevices/virtualbike.cpp void virtualbike::writeCharacteristic(QLowEnergyService *, const QLowEnergyCharacteristic &, const QByteArray &) "virtualbike::writeCharacteristic Heart Rate Heart Rate Measurement 00 00"
seg. ago. 3 19:32:50 2026 1785796370573 Debug:   Write server characteristic with handle  19 "0000" (service: "{0000180d-0000-1000-8000-00805f9b34fb}"
seg. ago. 3 19:32:50 2026 1785796370612 Debug: virtualdevices/virtualbike.cpp void virtualbike::bikeProvider() "bikeProvider" 0 2000 true
seg. ago. 3 19:32:50 2026 1785796370614 Debug: virtualdevices/virtualbike.cpp void virtualbike::bikeProvider() "virtual bike connected"
seg. ago. 3 19:32:50 2026 1785796370616 Debug: virtualdevices/virtualbike.cpp void virtualbike::writeCharacteristic(QLowEnergyService *, const QLowEnergyCharacteristic &, const QByteArray &) "virtualbike::writeCharacteristic Unknown Service  64 02 cc 03 5c 00 01 00 27 00 00 00"
seg. ago. 3 19:32:50 2026 1785796370618 Debug:   Write server characteristic with handle  9 "6402cc035c00010027000000" (service: "{00001826-0000-1000-8000-00805f9b34fb}"
seg. ago. 3 19:32:50 2026 1785796370621 Debug: virtualdevices/virtualbike.cpp void virtualbike::writeCharacteristic(QLowEnergyService *, const QLowEnergyCharacteristic &, const QByteArray &) "virtualbike::writeCharacteristic Heart Rate Heart Rate Measurement 00 00"
seg. ago. 3 19:32:50 2026 1785796370623 Debug:   Write server characteristic with handle  19 "0000" (service: "{0000180d-0000-1000-8000-00805f9b34fb}"
seg. ago. 3 19:32:50 2026 1785796370668 Debug: virtualdevices/virtualbike.cpp void virtualbike::bikeProvider() "bikeProvider" 0 2000 true
seg. ago. 3 19:32:50 2026 1785796370675 Debug: virtualdevices/virtualbike.cpp void virtualbike::bikeProvider() "virtual bike connected"
seg. ago. 3 19:32:50 2026 1785796370677 Debug: virtualdevices/virtualbike.cpp void virtualbike::writeCharacteristic(QLowEnergyService *, const QLowEnergyCharacteristic &, const QByteArray &) "virtualbike::writeCharacteristic Unknown Service  64 02 cc 03 5c 00 01 00 27 00 00 00"
seg. ago. 3 19:32:50 2026 1785796370679 Debug:   Write server characteristic with handle  9 "6402cc035c00010027000000" (service: "{00001826-0000-1000-8000-00805f9b34fb}"
seg. ago. 3 19:32:50 2026 1785796370681 Debug: virtualdevices/virtualbike.cpp void virtualbike::writeCharacteristic(QLowEnergyService *, const QLowEnergyCharacteristic &, const QByteArray &) "virtualbike::writeCharacteristic Heart Rate Heart Rate Measurement 00 00"
seg. ago. 3 19:32:50 2026 1785796370682 Debug:   Write server characteristic with handle  19 "0000" (service: "{0000180d-0000-1000-8000-00805f9b34fb}"
seg. ago. 3 19:32:50 2026 1785796370711 Debug: virtualdevices/virtualbike.cpp void virtualbike::bikeProvider() "bikeProvider" 0 2000 true
seg. ago. 3 19:32:50 2026 1785796370713 Debug: virtualdevices/virtualbike.cpp void virtualbike::bikeProvider() "virtual bike connected"
seg. ago. 3 19:32:50 2026 1785796370714 Debug: virtualdevices/virtualbike.cpp void virtualbike::writeCharacteristic(QLowEnergyService *, const QLowEnergyCharacteristic &, const QByteArray &) "virtualbike::writeCharacteristic Unknown Service  64 02 cc 03 5c 00 01 00 27 00 00 00"
seg. ago. 3 19:32:50 2026 1785796370715 Debug:   Write server characteristic with handle  9 "6402cc035c00010027000000" (service: "{00001826-0000-1000-8000-00805f9b34fb}"
seg. ago. 3 19:32:50 2026 1785796370717 Debug: virtualdevices/virtualbike.cpp void virtualbike::writeCharacteristic(QLowEnergyService *, const QLowEnergyCharacteristic &, const QByteArray &) "virtualbike::writeCharacteristic Heart Rate Heart Rate Measurement 00 00"
seg. ago. 3 19:32:50 2026 1785796370718 Debug:   Write server characteristic with handle  19 "0000" (service: "{0000180d-0000-1000-8000-00805f9b34fb}"
seg. ago. 3 19:32:50 2026 1785796370761 Debug: virtualdevices/virtualbike.cpp void virtualbike::bikeProvider() "bikeProvider" 0 2000 true
seg. ago. 3 19:32:50 2026 1785796370762 Debug: virtualdevices/virtualbike.cpp void virtualbike::bikeProvider() "virtual bike connected"
seg. ago. 3 19:32:50 2026 1785796370764 Debug: virtualdevices/virtualbike.cpp void virtualbike::writeCharacteristic(QLowEnergyService *, const QLowEnergyCharacteristic &, const QByteArray &) "virtualbike::writeCharacteristic Unknown Service  64 02 cc 03 5c 00 01 00 27 00 00 00"
seg. ago. 3 19:32:50 2026 1785796370765 Debug:   Write server characteristic with handle  9 "6402cc035c00010027000000" (service: "{00001826-0000-1000-8000-00805f9b34fb}"
seg. ago. 3 19:32:50 2026 1785796370767 Debug: virtualdevices/virtualbike.cpp void virtualbike::writeCharacteristic(QLowEnergyService *, const QLowEnergyCharacteristic &, const QByteArray &) "virtualbike::writeCharacteristic Heart Rate Heart Rate Measurement 00 00"
seg. ago. 3 19:32:50 2026 1785796370768 Debug:   Write server characteristic with handle  19 "0000" (service: "{0000180d-0000-1000-8000-00805f9b34fb}"
seg. ago. 3 19:32:50 2026 1785796370787 Debug:   Characteristic change notification "{0000180f-0000-1000-8000-00805f9b34fb}" 65 "5f"
seg. ago. 3 19:32:50 2026 1785796370794 Debug: devices/ftmsbike/ftmsbike.cpp void ftmsbike::characteristicChanged(const QLowEnergyCharacteristic &, const QByteArray &) "{00002a19-0000-1000-8000-00805f9b34fb}" 1 " << " "5f"
seg. ago. 3 19:32:50 2026 1785796370798 Warning:   <Unknown File>: duration is undefined. Adding an object with a undefined member does not create a role for it.
seg. ago. 3 19:32:50 2026 1785796370811 Debug: virtualdevices/virtualbike.cpp void virtualbike::bikeProvider() "bikeProvider" 0 2000 true
seg. ago. 3 19:32:50 2026 1785796370811 Debug: virtualdevices/virtualbike.cpp void virtualbike::bikeProvider() "virtual bike connected"
seg. ago. 3 19:32:50 2026 1785796370813 Debug: virtualdevices/virtualbike.cpp void virtualbike::writeCharacteristic(QLowEnergyService *, const QLowEnergyCharacteristic &, const QByteArray &) "virtualbike::writeCharacteristic Unknown Service  64 02 cc 03 5c 00 01 00 27 00 00 00"
seg. ago. 3 19:32:50 2026 1785796370813 Debug:   Write server characteristic with handle  9 "6402cc035c00010027000000" (service: "{00001826-0000-1000-8000-00805f9b34fb}"
seg. ago. 3 19:32:50 2026 1785796370815 Debug: virtualdevices/virtualbike.cpp void virtualbike::writeCharacteristic(QLowEnergyService *, const QLowEnergyCharacteristic &, const QByteArray &) "virtualbike::writeCharacteristic Heart Rate Heart Rate Measurement 00 00"
seg. ago. 3 19:32:50 2026 1785796370815 Debug:   Write server characteristic with handle  19 "0000" (service: "{0000180d-0000-1000-8000-00805f9b34fb}"
seg. ago. 3 19:32:50 2026 1785796370871 Debug:   Characteristic change notification "{00001826-0000-1000-8000-00805f9b34fb}" 47 "f5015a003204000100260029001700ffffff"
seg. ago. 3 19:32:50 2026 1785796370872 Debug: devices/ftmsbike/ftmsbike.cpp void ftmsbike::characteristicChanged(const QLowEnergyCharacteristic &, const QByteArray &) "{00002ad2-0000-1000-8000-00805f9b34fb}" 18 " << " "f5 01 5a 00 32 04 00 01 00 26 00 29 00 17 00 ff ff ff"
seg. ago. 3 19:32:50 2026 1785796370873 Debug: devices/bluetooth.cpp void bluetooth::debug(const QString &) "Current Cadence: 45"
seg. ago. 3 19:32:50 2026 1785796370874 Debug: devices/bluetooth.cpp void bluetooth::debug(const QString &) "Current Distance: 0.00883543"
seg. ago. 3 19:32:50 2026 1785796370876 Debug: devices/bluetooth.cpp void bluetooth::debug(const QString &) "Current Resistance: 1"
seg. ago. 3 19:32:50 2026 1785796370879 Debug: devices/bluetooth.cpp void bluetooth::debug(const QString &) "Current Watt: 38"
seg. ago. 3 19:32:50 2026 1785796370880 Debug: devices/bluetooth.cpp void bluetooth::debug(const QString &) "Current Average Watt: 41"
seg. ago. 3 19:32:50 2026 1785796370881 Debug: devices/bluetooth.cpp void bluetooth::debug(const QString &) "Current KCal: 0.554266"
seg. ago. 3 19:32:50 2026 1785796370883 Debug: devices/bluetoothdevice.cpp void bluetoothdevice::update_hr_from_external() WearOS Companion Heart: 0
seg. ago. 3 19:32:50 2026 1785796370884 Debug: ./inclinationresistancetable.h void inclinationResistanceTable::collectData(double, uint16_t, double) Skipping invalid data point: Incl: 0 Res: 1 Watt: 38
seg. ago. 3 19:32:50 2026 1785796370885 Debug: devices/bluetooth.cpp void bluetooth::debug(const QString &) "Current CrankRevs: 9"
seg. ago. 3 19:32:50 2026 1785796370885 Debug: devices/bluetooth.cpp void bluetooth::debug(const QString &) "Last CrankEventTime: 11563"
seg. ago. 3 19:32:50 2026 1785796370886 Debug:   Characteristic change notification "{00001826-0000-1000-8000-00805f9b34fb}" 47 "002adc0500c700910100"
seg. ago. 3 19:32:50 2026 1785796370888 Debug: devices/ftmsbike/ftmsbike.cpp void ftmsbike::characteristicChanged(const QLowEnergyCharacteristic &, const QByteArray &) "{00002ad2-0000-1000-8000-00805f9b34fb}" 10 " << " "00 2a dc 05 00 c7 00 91 01 00"
seg. ago. 3 19:32:50 2026 1785796370890 Debug: devices/bluetooth.cpp void bluetooth::debug(const QString &) "Current Speed: 10.6386"
seg. ago. 3 19:32:50 2026 1785796370892 Debug: devices/bluetooth.cpp void bluetooth::debug(const QString &) "Current Distance: 0.00888271"
seg. ago. 3 19:32:50 2026 1785796370894 Debug: devices/bluetooth.cpp void bluetooth::debug(const QString &) "Current KCal: 0.555448"
seg. ago. 3 19:32:50 2026 1785796370895 Debug: devices/bluetooth.cpp void bluetooth::debug(const QString &) "Current Heart: 0"
seg. ago. 3 19:32:50 2026 1785796370897 Debug: devices/bluetoothdevice.cpp void bluetoothdevice::update_hr_from_external() WearOS Companion Heart: 0
seg. ago. 3 19:32:50 2026 1785796370898 Debug: ./inclinationresistancetable.h void inclinationResistanceTable::collectData(double, uint16_t, double) Skipping invalid data point: Incl: 0 Res: 1 Watt: 38
seg. ago. 3 19:32:50 2026 1785796370899 Debug: devices/bluetooth.cpp void bluetooth::debug(const QString &) "Current CrankRevs: 10"
seg. ago. 3 19:32:50 2026 1785796370900 Debug: devices/bluetooth.cpp void bluetooth::debug(const QString &) "Last CrankEventTime: 12928"
seg. ago. 3 19:32:50 2026 1785796370906 Debug: virtualdevices/virtualbike.cpp void virtualbike::bikeProvider() "bikeProvider" 0 2000 true
seg. ago. 3 19:32:50 2026 1785796370907 Debug: virtualdevices/virtualbike.cpp void virtualbike::bikeProvider() "virtual bike connected"
seg. ago. 3 19:32:50 2026 1785796370909 Debug: virtualdevices/virtualbike.cpp void virtualbike::writeCharacteristic(QLowEnergyService *, const QLowEnergyCharacteristic &, const QByteArray &) "virtualbike::writeCharacteristic Unknown Service  64 02 28 04 5a 00 01 00 26 00 00 00"
seg. ago. 3 19:32:50 2026 1785796370910 Debug:   Write server characteristic with handle  9 "640228045a00010026000000" (service: "{00001826-0000-1000-8000-00805f9b34fb}"
seg. ago. 3 19:32:50 2026 1785796370912 Debug: virtualdevices/virtualbike.cpp void virtualbike::writeCharacteristic(QLowEnergyService *, const QLowEnergyCharacteristic &, const QByteArray &) "virtualbike::writeCharacteristic Heart Rate Heart Rate Measurement 00 00"
seg. ago. 3 19:32:50 2026 1785796370913 Debug:   Write server characteristic with handle  19 "0000" (service: "{0000180d-0000-1000-8000-00805f9b34fb}"
seg. ago. 3 19:32:50 2026 1785796370920 Debug: virtualdevices/virtualbike.cpp void virtualbike::bikeProvider() "bikeProvider" 0 2000 true
seg. ago. 3 19:32:50 2026 1785796370921 Debug: virtualdevices/virtualbike.cpp void virtualbike::bikeProvider() "virtual bike connected"
seg. ago. 3 19:32:50 2026 1785796370924 Debug: virtualdevices/virtualbike.cpp void virtualbike::writeCharacteristic(QLowEnergyService *, const QLowEnergyCharacteristic &, const QByteArray &) "virtualbike::writeCharacteristic Unknown Service  64 02 28 04 5a 00 01 00 26 00 00 00"
seg. ago. 3 19:32:50 2026 1785796370925 Debug:   Write server characteristic with handle  9 "640228045a00010026000000" (service: "{00001826-0000-1000-8000-00805f9b34fb}"
seg. ago. 3 19:32:50 2026 1785796370927 Debug: virtualdevices/virtualbike.cpp void virtualbike::writeCharacteristic(QLowEnergyService *, const QLowEnergyCharacteristic &, const QByteArray &) "virtualbike::writeCharacteristic Heart Rate Heart Rate Measurement 00 00"
seg. ago. 3 19:32:50 2026 1785796370928 Debug:   Write server characteristic with handle  19 "0000" (service: "{0000180d-0000-1000-8000-00805f9b34fb}"
seg. ago. 3 19:32:50 2026 1785796370937 Debug:   Characteristic change notification "{00001826-0000-1000-8000-00805f9b34fb}" 44 "0201"
seg. ago. 3 19:32:50 2026 1785796370938 Debug: devices/ftmsbike/ftmsbike.cpp void ftmsbike::characteristicChanged(const QLowEnergyCharacteristic &, const QByteArray &) "{00002ada-0000-1000-8000-00805f9b34fb}" 2 " << " "02 01"
seg. ago. 3 19:32:50 2026 1785796370940 Debug:   Characteristic change notification "{00001826-0000-1000-8000-00805f9b34fb}" 32 "010f"
seg. ago. 3 19:32:50 2026 1785796370941 Debug: devices/ftmsbike/ftmsbike.cpp void ftmsbike::characteristicChanged(const QLowEnergyCharacteristic &, const QByteArray &) "{00002ad3-0000-1000-8000-00805f9b34fb}" 2 " << " "01 0f"
seg. ago. 3 19:32:50 2026 1785796370980 Debug: virtualdevices/virtualbike.cpp void virtualbike::bikeProvider() "bikeProvider" 0 2000 true
seg. ago. 3 19:32:50 2026 1785796370982 Debug: virtualdevices/virtualbike.cpp void virtualbike::bikeProvider() "virtual bike connected"
seg. ago. 3 19:32:50 2026 1785796370984 Debug: virtualdevices/virtualbike.cpp void virtualbike::writeCharacteristic(QLowEnergyService *, const QLowEnergyCharacteristic &, const QByteArray &) "virtualbike::writeCharacteristic Unknown Service  64 02 28 04 5a 00 01 00 26 00 00 00"
seg. ago. 3 19:32:50 2026 1785796370985 Debug:   Write server characteristic with handle  9 "640228045a00010026000000" (service: "{00001826-0000-1000-8000-00805f9b34fb}"
seg. ago. 3 19:32:50 2026 1785796370987 Debug: virtualdevices/virtualbike.cpp void virtualbike::writeCharacteristic(QLowEnergyService *, const QLowEnergyCharacteristic &, const QByteArray &) "virtualbike::writeCharacteristic Heart Rate Heart Rate Measurement 00 00"
seg. ago. 3 19:32:50 2026 1785796370988 Debug:   Write server characteristic with handle  19 "0000" (service: "{0000180d-0000-1000-8000-00805f9b34fb}"
seg. ago. 3 19:32:51 2026 1785796371012 Debug: virtualdevices/virtualbike.cpp void virtualbike::bikeProvider() "bikeProvider" 0 2000 true
seg. ago. 3 19:32:51 2026 1785796371014 Debug: virtualdevices/virtualbike.cpp void virtualbike::bikeProvider() "virtual bike connected"
seg. ago. 3 19:32:51 2026 1785796371018 Debug: virtualdevices/virtualbike.cpp void virtualbike::writeCharacteristic(QLowEnergyService *, const QLowEnergyCharacteristic &, const QByteArray &) "virtualbike::writeCharacteristic Unknown Service  64 02 28 04 5a 00 01 00 26 00 00 00"
seg. ago. 3 19:32:51 2026 1785796371020 Debug:   Write server characteristic with handle  9 "640228045a00010026000000" (service: "{00001826-0000-1000-8000-00805f9b34fb}"
seg. ago. 3 19:32:51 2026 1785796371023 Debug: virtualdevices/virtualbike.cpp void virtualbike::writeCharacteristic(QLowEnergyService *, const QLowEnergyCharacteristic &, const QByteArray &) "virtualbike::writeCharacteristic Heart Rate Heart Rate Measurement 00 00"
seg. ago. 3 19:32:51 2026 1785796371024 Debug:   Write server characteristic with handle  19 "0000" (service: "{0000180d-0000-1000-8000-00805f9b34fb}"
seg. ago. 3 19:32:51 2026 1785796371077 Debug: virtualdevices/virtualbike.cpp void virtualbike::bikeProvider() "bikeProvider" 0 2000 true
seg. ago. 3 19:32:51 2026 1785796371080 Debug: virtualdevices/virtualbike.cpp void virtualbike::bikeProvider() "virtual bike connected"
seg. ago. 3 19:32:51 2026 1785796371082 Debug: virtualdevices/virtualbike.cpp void virtualbike::writeCharacteristic(QLowEnergyService *, const QLowEnergyCharacteristic &, const QByteArray &) "virtualbike::writeCharacteristic Unknown Service  64 02 28 04 5a 00 01 00 26 00 00 00"
seg. ago. 3 19:32:51 2026 1785796371083 Debug:   Write server characteristic with handle  9 "640228045a00010026000000" (service: "{00001826-0000-1000-8000-00805f9b34fb}"
seg. ago. 3 19:32:51 2026 1785796371085 Debug: virtualdevices/virtualbike.cpp void virtualbike::writeCharacteristic(QLowEnergyService *, const QLowEnergyCharacteristic &, const QByteArray &) "virtualbike::writeCharacteristic Heart Rate Heart Rate Measurement 00 00"
seg. ago. 3 19:32:51 2026 1785796371085 Debug:   Write server characteristic with handle  19 "0000" (service: "{0000180d-0000-1000-8000-00805f9b34fb}"
seg. ago. 3 19:32:51 2026 1785796371114 Debug: virtualdevices/virtualbike.cpp void virtualbike::bikeProvider() "bikeProvider" 0 2000 true
seg. ago. 3 19:32:51 2026 1785796371115 Debug: virtualdevices/virtualbike.cpp void virtualbike::bikeProvider() "virtual bike connected"
seg. ago. 3 19:32:51 2026 1785796371117 Debug: virtualdevices/virtualbike.cpp void virtualbike::writeCharacteristic(QLowEnergyService *, const QLowEnergyCharacteristic &, const QByteArray &) "virtualbike::writeCharacteristic Unknown Service  64 02 28 04 5a 00 01 00 26 00 00 00"
seg. ago. 3 19:32:51 2026 1785796371118 Debug:   Write server characteristic with handle  9 "640228045a00010026000000" (service: "{00001826-0000-1000-8000-00805f9b34fb}"
seg. ago. 3 19:32:51 2026 1785796371121 Debug: virtualdevices/virtualbike.cpp void virtualbike::writeCharacteristic(QLowEnergyService *, const QLowEnergyCharacteristic &, const QByteArray &) "virtualbike::writeCharacteristic Heart Rate Heart Rate Measurement 00 00"
seg. ago. 3 19:32:51 2026 1785796371122 Debug:   Write server characteristic with handle  19 "0000" (service: "{0000180d-0000-1000-8000-00805f9b34fb}"
seg. ago. 3 19:32:51 2026 1785796371163 Debug: virtualdevices/virtualbike.cpp void virtualbike::bikeProvider() "bikeProvider" 0 2000 true
seg. ago. 3 19:32:51 2026 1785796371164 Debug: virtualdevices/virtualbike.cpp void virtualbike::bikeProvider() "virtual bike connected"
seg. ago. 3 19:32:51 2026 1785796371165 Debug: virtualdevices/virtualbike.cpp void virtualbike::writeCharacteristic(QLowEnergyService *, const QLowEnergyCharacteristic &, const QByteArray &) "virtualbike::writeCharacteristic Unknown Service  64 02 28 04 5a 00 01 00 26 00 00 00"
seg. ago. 3 19:32:51 2026 1785796371166 Debug:   Write server characteristic with handle  9 "640228045a00010026000000" (service: "{00001826-0000-1000-8000-00805f9b34fb}"
seg. ago. 3 19:32:51 2026 1785796371168 Debug: virtualdevices/virtualbike.cpp void virtualbike::writeCharacteristic(QLowEnergyService *, const QLowEnergyCharacteristic &, const QByteArray &) "virtualbike::writeCharacteristic Heart Rate Heart Rate Measurement 00 00"
seg. ago. 3 19:32:51 2026 1785796371168 Debug:   Write server characteristic with handle  19 "0000" (service: "{0000180d-0000-1000-8000-00805f9b34fb}"
seg. ago. 3 19:32:51 2026 1785796371211 Debug: virtualdevices/virtualbike.cpp void virtualbike::bikeProvider() "bikeProvider" 0 2000 true
seg. ago. 3 19:32:51 2026 1785796371212 Debug: virtualdevices/virtualbike.cpp void virtualbike::bikeProvider() "virtual bike connected"
seg. ago. 3 19:32:51 2026 1785796371215 Debug: virtualdevices/virtualbike.cpp void virtualbike::writeCharacteristic(QLowEnergyService *, const QLowEnergyCharacteristic &, const QByteArray &) "virtualbike::writeCharacteristic Unknown Service  64 02 28 04 5a 00 01 00 26 00 00 00"
seg. ago. 3 19:32:51 2026 1785796371216 Debug:   Write server characteristic with handle  9 "640228045a00010026000000" (service: "{00001826-0000-1000-8000-00805f9b34fb}"
seg. ago. 3 19:32:51 2026 1785796371217 Debug: virtualdevices/virtualbike.cpp void virtualbike::writeCharacteristic(QLowEnergyService *, const QLowEnergyCharacteristic &, const QByteArray &) "virtualbike::writeCharacteristic Heart Rate Heart Rate Measurement 00 00"
seg. ago. 3 19:32:51 2026 1785796371218 Debug:   Write server characteristic with handle  19 "0000" (service: "{0000180d-0000-1000-8000-00805f9b34fb}"
seg. ago. 3 19:32:51 2026 1785796371265 Debug: templateinfosender.cpp bool TemplateInfoSender::update(QJSEngine *) "eval res " "{\"msg\":\"workout\",\"content\":{\"BIKE_TYPE\":2,\"ELLIPTICAL_TYPE\":4,\"ROWING_TYPE\":3,\"TREADMILL_TYPE\":1,\"UNKNOWN_TYPE\":0,\"deviceId\":\"B8:F8:62:6D:A8:D6\",\"deviceName\":\"YPBM001264\",\"deviceRSSI\":-39,\"deviceType\":2,\"deviceConnected\":true,\"devicePaused\":false,\"elapsed_s\":4,\"elapsed_m\":0,\"elapsed_h\":0,\"lapelapsed_s\":4,\"lapelapsed_m\":0,\"lapelapsed_h\":0,\"pace_s\":38,\"pace_m\":5,\"pace_h\":0,\"pace_color\":\"white\",\"avgpace_s\":5,\"avgpace_m\":7,\"avgpace_h\":0,\"maxpace_s\":38,\"maxpace_m\":5,\"maxpace_h\":0,\"moving_s\":4,\"moving_m\":0,\"moving_h\":0,\"speed\":10.638625519946682,\"speed_avg\":8.467700663405912,\"speed_color\":\"white\",\"speed_lapavg\":8.467700663405912,\"speed_lapmax\":10.638625519946682,\"calories\":0.555447879,\"distance\":0.00888271467494218,\"heart\":0,\"heart_color\":\"lightsteelblue\",\"heart_avg\":0,\"heart_lapavg\":0,\"heart_max\":0,\"heart_lapmax\":0,\"target_heart_above\":0,\"target_heart_below\":0,\"jouls\":173.26099999999997,\"elevation\":0,\"difficult\":1,\"watts\":38,\"watts_avg\":41,\"watts_color\":\"white\",\"watts_lapavg\":41,\"watts_max\":45,\"watts_lapmax\":45,\"kgwatts\":0.4523809523809524,\"kgwatts_avg\":0.4920634920634919,\"kgwatts_max\":0.5357142857142857,\"workoutName\":\"Ride\",\"workoutStartDate\":\"seg. ago. 3 19:32:44 2026\",\"instructorName\":\"\",\"latitude\":null,\"longitude\":null,\"altitude\":null,\"peloton_offset\":0,\"peloton_ask_start\":false,\"autoresistance\":true,\"nextrow\":\"N/A\",\"training_row_index\":0,\"training_row_elapsed\":0,\"training_row_open_ended\":false,\"training_row_wait_for_lap\":false,\"row_remaining_time_s\":0,\"row_remaining_time_m\":0,\"row_remaining_time_h\":0,\"remaining_time_s\":0,\"remaining_time_m\":0,\"remaining_time_h\":0,\"nickName\":\"N/A\",\"gears\":0,\"target_resistance\":0,\"target_peloton_resistance\":0,\"target_cadence\":0,\"target_power\":0,\"power_zone\":1.3482142857142856,\"power_zone_lapavg\":1.2130102040816324,\"power_zone_lapmax\":1.4017857142857144,\"target_power_zone\":1,\"power_zone_color\":\"white\",\"target_power_zone_color\":\"white\",\"peloton_resistance\":39.15969175488792,\"peloton_resistance_avg\":39.04328654045018,\"peloton_resistance_color\":\"white\",\"peloton_resistance_lapavg\":39.04328654045018,\"peloton_resistance_lapmax\":39.8448465371043,\"peloton_req_resistance\":0,\"cadence\":45,\"cadence_color\":\"white\",\"cadence_avg\":47.6,\"cadence_lapavg\":47.6,\"cadence_lapmax\":51,\"resistance\":1,\"resistance_avg\":1,\"resistance_lapavg\":1,\"resistance_lapmax\":1,\"cranks\":10,\"cranktime\":12928,\"req_power\":0,\"req_cadence\":0,\"req_resistance\":0,\"inclination\":0,\"inclination_avg\":0}}"
seg. ago. 3 19:32:51 2026 1785796371272 Debug: homeform.cpp void homeform::update() homeform::update fired! elapsed: 989 jitter: -127
seg. ago. 3 19:32:51 2026 1785796371282 Debug: homeform.cpp void homeform::update() homeform::update tiles updated!
seg. ago. 3 19:32:51 2026 1785796371283 Debug: homeform.cpp void homeform::update() Current Distance 1s: 0.0117607 10.6386 38
seg. ago. 3 19:32:51 2026 1785796371289 Debug: virtualdevices/virtualbike.cpp void virtualbike::bikeProvider() "bikeProvider" 0 2000 true
seg. ago. 3 19:32:51 2026 1785796371290 Debug: virtualdevices/virtualbike.cpp void virtualbike::bikeProvider() "virtual bike connected"
seg. ago. 3 19:32:51 2026 1785796371291 Debug: virtualdevices/virtualbike.cpp void virtualbike::writeCharacteristic(QLowEnergyService *, const QLowEnergyCharacteristic &, const QByteArray &) "virtualbike::writeCharacteristic Unknown Service  64 02 28 04 5a 00 01 00 26 00 00 00"
seg. ago. 3 19:32:51 2026 1785796371292 Debug:   Write server characteristic with handle  9 "640228045a00010026000000" (service: "{00001826-0000-1000-8000-00805f9b34fb}"
seg. ago. 3 19:32:51 2026 1785796371293 Debug: virtualdevices/virtualbike.cpp void virtualbike::writeCharacteristic(QLowEnergyService *, const QLowEnergyCharacteristic &, const QByteArray &) "virtualbike::writeCharacteristic Heart Rate Heart Rate Measurement 00 00"
seg. ago. 3 19:32:51 2026 1785796371294 Debug:   Write server characteristic with handle  19 "0000" (service: "{0000180d-0000-1000-8000-00805f9b34fb}"
seg. ago. 3 19:32:51 2026 1785796371311 Debug: virtualdevices/virtualbike.cpp void virtualbike::bikeProvider() "bikeProvider" 0 2000 true
seg. ago. 3 19:32:51 2026 1785796371312 Debug: virtualdevices/virtualbike.cpp void virtualbike::bikeProvider() "virtual bike connected"
seg. ago. 3 19:32:51 2026 1785796371313 Debug: virtualdevices/virtualbike.cpp void virtualbike::writeCharacteristic(QLowEnergyService *, const QLowEnergyCharacteristic &, const QByteArray &) "virtualbike::writeCharacteristic Unknown Service  64 02 28 04 5a 00 01 00 26 00 00 00"
seg. ago. 3 19:32:51 2026 1785796371314 Debug:   Write server characteristic with handle  9 "640228045a00010026000000" (service: "{00001826-0000-1000-8000-00805f9b34fb}"
seg. ago. 3 19:32:51 2026 1785796371316 Debug: virtualdevices/virtualbike.cpp void virtualbike::writeCharacteristic(QLowEnergyService *, const QLowEnergyCharacteristic &, const QByteArray &) "virtualbike::writeCharacteristic Heart Rate Heart Rate Measurement 00 00"
seg. ago. 3 19:32:51 2026 1785796371317 Debug:   Write server characteristic with handle  19 "0000" (service: "{0000180d-0000-1000-8000-00805f9b34fb}"
seg. ago. 3 19:32:51 2026 1785796371361 Debug: virtualdevices/virtualbike.cpp void virtualbike::bikeProvider() "bikeProvider" 0 2000 true
seg. ago. 3 19:32:51 2026 1785796371362 Debug: virtualdevices/virtualbike.cpp void virtualbike::bikeProvider() "virtual bike connected"
seg. ago. 3 19:32:51 2026 1785796371364 Debug: virtualdevices/virtualbike.cpp void virtualbike::writeCharacteristic(QLowEnergyService *, const QLowEnergyCharacteristic &, const QByteArray &) "virtualbike::writeCharacteristic Unknown Service  64 02 28 04 5a 00 01 00 26 00 00 00"
seg. ago. 3 19:32:51 2026 1785796371365 Debug:   Write server characteristic with handle  9 "640228045a00010026000000" (service: "{00001826-0000-1000-8000-00805f9b34fb}"
seg. ago. 3 19:32:51 2026 1785796371366 Debug: virtualdevices/virtualbike.cpp void virtualbike::writeCharacteristic(QLowEnergyService *, const QLowEnergyCharacteristic &, const QByteArray &) "virtualbike::writeCharacteristic Heart Rate Heart Rate Measurement 00 00"
seg. ago. 3 19:32:51 2026 1785796371367 Debug:   Write server characteristic with handle  19 "0000" (service: "{0000180d-0000-1000-8000-00805f9b34fb}"
seg. ago. 3 19:32:51 2026 1785796371412 Debug: virtualdevices/virtualbike.cpp void virtualbike::bikeProvider() "bikeProvider" 0 2000 true
seg. ago. 3 19:32:51 2026 1785796371413 Debug: virtualdevices/virtualbike.cpp void virtualbike::bikeProvider() "virtual bike connected"
seg. ago. 3 19:32:51 2026 1785796371414 Debug: virtualdevices/virtualbike.cpp void virtualbike::writeCharacteristic(QLowEnergyService *, const QLowEnergyCharacteristic &, const QByteArray &) "virtualbike::writeCharacteristic Unknown Service  64 02 28 04 5a 00 01 00 26 00 00 00"
seg. ago. 3 19:32:51 2026 1785796371415 Debug:   Write server characteristic with handle  9 "640228045a00010026000000" (service: "{00001826-0000-1000-8000-00805f9b34fb}"
seg. ago. 3 19:32:51 2026 1785796371417 Debug: virtualdevices/virtualbike.cpp void virtualbike::writeCharacteristic(QLowEnergyService *, const QLowEnergyCharacteristic &, const QByteArray &) "virtualbike::writeCharacteristic Heart Rate Heart Rate Measurement 00 00"
seg. ago. 3 19:32:51 2026 1785796371418 Debug:   Write server characteristic with handle  19 "0000" (service: "{0000180d-0000-1000-8000-00805f9b34fb}"
seg. ago. 3 19:32:51 2026 1785796371465 Debug: virtualdevices/virtualbike.cpp void virtualbike::bikeProvider() "bikeProvider" 0 2000 true
seg. ago. 3 19:32:51 2026 1785796371466 Debug: virtualdevices/virtualbike.cpp void virtualbike::bikeProvider() "virtual bike connected"
seg. ago. 3 19:32:51 2026 1785796371468 Debug: virtualdevices/virtualbike.cpp void virtualbike::writeCharacteristic(QLowEnergyService *, const QLowEnergyCharacteristic &, const QByteArray &) "virtualbike::writeCharacteristic Unknown Service  64 02 28 04 5a 00 01 00 26 00 00 00"
seg. ago. 3 19:32:51 2026 1785796371470 Debug:   Write server characteristic with handle  9 "640228045a00010026000000" (service: "{00001826-0000-1000-8000-00805f9b34fb}"
seg. ago. 3 19:32:51 2026 1785796371472 Debug: virtualdevices/virtualbike.cpp void virtualbike::writeCharacteristic(QLowEnergyService *, const QLowEnergyCharacteristic &, const QByteArray &) "virtualbike::writeCharacteristic Heart Rate Heart Rate Measurement 00 00"
seg. ago. 3 19:32:51 2026 1785796371473 Debug:   Write server characteristic with handle  19 "0000" (service: "{0000180d-0000-1000-8000-00805f9b34fb}"
seg. ago. 3 19:32:51 2026 1785796371511 Debug: virtualdevices/virtualbike.cpp void virtualbike::bikeProvider() "bikeProvider" 0 2000 true
seg. ago. 3 19:32:51 2026 1785796371512 Debug: virtualdevices/virtualbike.cpp void virtualbike::bikeProvider() "virtual bike connected"
seg. ago. 3 19:32:51 2026 1785796371514 Debug: virtualdevices/virtualbike.cpp void virtualbike::writeCharacteristic(QLowEnergyService *, const QLowEnergyCharacteristic &, const QByteArray &) "virtualbike::writeCharacteristic Unknown Service  64 02 28 04 5a 00 01 00 26 00 00 00"
seg. ago. 3 19:32:51 2026 1785796371515 Debug:   Write server characteristic with handle  9 "640228045a00010026000000" (service: "{00001826-0000-1000-8000-00805f9b34fb}"
seg. ago. 3 19:32:51 2026 1785796371516 Debug: virtualdevices/virtualbike.cpp void virtualbike::writeCharacteristic(QLowEnergyService *, const QLowEnergyCharacteristic &, const QByteArray &) "virtualbike::writeCharacteristic Heart Rate Heart Rate Measurement 00 00"
seg. ago. 3 19:32:51 2026 1785796371517 Debug:   Write server characteristic with handle  19 "0000" (service: "{0000180d-0000-1000-8000-00805f9b34fb}"
seg. ago. 3 19:32:51 2026 1785796371561 Debug: virtualdevices/virtualbike.cpp void virtualbike::bikeProvider() "bikeProvider" 0 2000 true
seg. ago. 3 19:32:51 2026 1785796371562 Debug: virtualdevices/virtualbike.cpp void virtualbike::bikeProvider() "virtual bike connected"
seg. ago. 3 19:32:51 2026 1785796371564 Debug: virtualdevices/virtualbike.cpp void virtualbike::writeCharacteristic(QLowEnergyService *, const QLowEnergyCharacteristic &, const QByteArray &) "virtualbike::writeCharacteristic Unknown Service  64 02 28 04 5a 00 01 00 26 00 00 00"
seg. ago. 3 19:32:51 2026 1785796371565 Debug:   Write server characteristic with handle  9 "640228045a00010026000000" (service: "{00001826-0000-1000-8000-00805f9b34fb}"
seg. ago. 3 19:32:51 2026 1785796371566 Debug: virtualdevices/virtualbike.cpp void virtualbike::writeCharacteristic(QLowEnergyService *, const QLowEnergyCharacteristic &, const QByteArray &) "virtualbike::writeCharacteristic Heart Rate Heart Rate Measurement 00 00"
seg. ago. 3 19:32:51 2026 1785796371567 Debug:   Write server characteristic with handle  19 "0000" (service: "{0000180d-0000-1000-8000-00805f9b34fb}"
seg. ago. 3 19:32:51 2026 1785796371610 Debug: virtualdevices/virtualbike.cpp void virtualbike::bikeProvider() "bikeProvider" 0 2000 true
seg. ago. 3 19:32:51 2026 1785796371611 Debug: virtualdevices/virtualbike.cpp void virtualbike::bikeProvider() "virtual bike connected"
seg. ago. 3 19:32:51 2026 1785796371613 Debug: virtualdevices/virtualbike.cpp void virtualbike::writeCharacteristic(QLowEnergyService *, const QLowEnergyCharacteristic &, const QByteArray &) "virtualbike::writeCharacteristic Unknown Service  64 02 28 04 5a 00 01 00 26 00 00 00"
seg. ago. 3 19:32:51 2026 1785796371613 Debug:   Write server characteristic with handle  9 "640228045a00010026000000" (service: "{00001826-0000-1000-8000-00805f9b34fb}"
seg. ago. 3 19:32:51 2026 1785796371615 Debug: virtualdevices/virtualbike.cpp void virtualbike::writeCharacteristic(QLowEnergyService *, const QLowEnergyCharacteristic &, const QByteArray &) "virtualbike::writeCharacteristic Heart Rate Heart Rate Measurement 00 00"
seg. ago. 3 19:32:51 2026 1785796371615 Debug:   Write server characteristic with handle  19 "0000" (service: "{0000180d-0000-1000-8000-00805f9b34fb}"
seg. ago. 3 19:32:51 2026 1785796371665 Debug: virtualdevices/virtualbike.cpp void virtualbike::bikeProvider() "bikeProvider" 0 2000 true
seg. ago. 3 19:32:51 2026 1785796371666 Debug: virtualdevices/virtualbike.cpp void virtualbike::bikeProvider() "virtual bike connected"
seg. ago. 3 19:32:51 2026 1785796371668 Debug: virtualdevices/virtualbike.cpp void virtualbike::writeCharacteristic(QLowEnergyService *, const QLowEnergyCharacteristic &, const QByteArray &) "virtualbike::writeCharacteristic Unknown Service  64 02 28 04 5a 00 01 00 26 00 00 00"
seg. ago. 3 19:32:51 2026 1785796371668 Debug:   Write server characteristic with handle  9 "640228045a00010026000000" (service: "{00001826-0000-1000-8000-00805f9b34fb}"
seg. ago. 3 19:32:51 2026 1785796371670 Debug: virtualdevices/virtualbike.cpp void virtualbike::writeCharacteristic(QLowEnergyService *, const QLowEnergyCharacteristic &, const QByteArray &) "virtualbike::writeCharacteristic Heart Rate Heart Rate Measurement 00 00"
seg. ago. 3 19:32:51 2026 1785796371671 Debug:   Write server characteristic with handle  19 "0000" (service: "{0000180d-0000-1000-8000-00805f9b34fb}"
seg. ago. 3 19:32:51 2026 1785796371711 Debug: virtualdevices/virtualbike.cpp void virtualbike::bikeProvider() "bikeProvider" 0 2000 true
seg. ago. 3 19:32:51 2026 1785796371712 Debug: virtualdevices/virtualbike.cpp void virtualbike::bikeProvider() "virtual bike connected"
seg. ago. 3 19:32:51 2026 1785796371714 Debug: virtualdevices/virtualbike.cpp void virtualbike::writeCharacteristic(QLowEnergyService *, const QLowEnergyCharacteristic &, const QByteArray &) "virtualbike::writeCharacteristic Unknown Service  64 02 28 04 5a 00 01 00 26 00 00 00"
seg. ago. 3 19:32:51 2026 1785796371715 Debug:   Write server characteristic with handle  9 "640228045a00010026000000" (service: "{00001826-0000-1000-8000-00805f9b34fb}"
seg. ago. 3 19:32:51 2026 1785796371716 Debug: virtualdevices/virtualbike.cpp void virtualbike::writeCharacteristic(QLowEnergyService *, const QLowEnergyCharacteristic &, const QByteArray &) "virtualbike::writeCharacteristic Heart Rate Heart Rate Measurement 00 00"
seg. ago. 3 19:32:51 2026 1785796371717 Debug:   Write server characteristic with handle  19 "0000" (service: "{0000180d-0000-1000-8000-00805f9b34fb}"
seg. ago. 3 19:32:51 2026 1785796371762 Debug: virtualdevices/virtualbike.cpp void virtualbike::bikeProvider() "bikeProvider" 0 2000 true
seg. ago. 3 19:32:51 2026 1785796371763 Debug: virtualdevices/virtualbike.cpp void virtualbike::bikeProvider() "virtual bike connected"
seg. ago. 3 19:32:51 2026 1785796371765 Debug: virtualdevices/virtualbike.cpp void virtualbike::writeCharacteristic(QLowEnergyService *, const QLowEnergyCharacteristic &, const QByteArray &) "virtualbike::writeCharacteristic Unknown Service  64 02 28 04 5a 00 01 00 26 00 00 00"
seg. ago. 3 19:32:51 2026 1785796371766 Debug:   Write server characteristic with handle  9 "640228045a00010026000000" (service: "{00001826-0000-1000-8000-00805f9b34fb}"
seg. ago. 3 19:32:51 2026 1785796371768 Debug: virtualdevices/virtualbike.cpp void virtualbike::writeCharacteristic(QLowEnergyService *, const QLowEnergyCharacteristic &, const QByteArray &) "virtualbike::writeCharacteristic Heart Rate Heart Rate Measurement 00 00"
seg. ago. 3 19:32:51 2026 1785796371769 Debug:   Write server characteristic with handle  19 "0000" (service: "{0000180d-0000-1000-8000-00805f9b34fb}"
seg. ago. 3 19:32:51 2026 1785796371812 Debug: virtualdevices/virtualbike.cpp void virtualbike::bikeProvider() "bikeProvider" 0 2000 true
seg. ago. 3 19:32:51 2026 1785796371813 Debug: virtualdevices/virtualbike.cpp void virtualbike::bikeProvider() "virtual bike connected"
seg. ago. 3 19:32:51 2026 1785796371815 Debug: virtualdevices/virtualbike.cpp void virtualbike::writeCharacteristic(QLowEnergyService *, const QLowEnergyCharacteristic &, const QByteArray &) "virtualbike::writeCharacteristic Unknown Service  64 02 28 04 5a 00 01 00 26 00 00 00"
seg. ago. 3 19:32:51 2026 1785796371817 Debug:   Write server characteristic with handle  9 "640228045a00010026000000" (service: "{00001826-0000-1000-8000-00805f9b34fb}"
seg. ago. 3 19:32:51 2026 1785796371819 Debug: virtualdevices/virtualbike.cpp void virtualbike::writeCharacteristic(QLowEnergyService *, const QLowEnergyCharacteristic &, const QByteArray &) "virtualbike::writeCharacteristic Heart Rate Heart Rate Measurement 00 00"
seg. ago. 3 19:32:51 2026 1785796371821 Debug:   Write server characteristic with handle  19 "0000" (service: "{0000180d-0000-1000-8000-00805f9b34fb}"
seg. ago. 3 19:32:51 2026 1785796371848 Debug:   Characteristic change notification "{00001826-0000-1000-8000-00805f9b34fb}" 47 "f50100000000000100000000000000ffffff"
seg. ago. 3 19:32:51 2026 1785796371850 Debug: devices/ftmsbike/ftmsbike.cpp void ftmsbike::characteristicChanged(const QLowEnergyCharacteristic &, const QByteArray &) "{00002ad2-0000-1000-8000-00805f9b34fb}" 18 " << " "f5 01 00 00 00 00 00 01 00 00 00 00 00 00 00 ff ff ff"
seg. ago. 3 19:32:51 2026 1785796371851 Debug: devices/bluetooth.cpp void bluetooth::debug(const QString &) "Current Cadence: 0"
seg. ago. 3 19:32:51 2026 1785796371853 Debug: devices/bluetooth.cpp void bluetooth::debug(const QString &) "Current Distance: 0.0117256"
seg. ago. 3 19:32:51 2026 1785796371854 Debug: devices/bluetooth.cpp void bluetooth::debug(const QString &) "Current Resistance: 1"
seg. ago. 3 19:32:51 2026 1785796371856 Debug: devices/bluetooth.cpp void bluetooth::debug(const QString &) "Current Watt: 0"
seg. ago. 3 19:32:51 2026 1785796371858 Debug: devices/bluetooth.cpp void bluetooth::debug(const QString &) "Current Average Watt: 0"
seg. ago. 3 19:32:51 2026 1785796371859 Debug: devices/bluetooth.cpp void bluetooth::debug(const QString &) "Current KCal: 0.555448"
seg. ago. 3 19:32:51 2026 1785796371861 Debug: devices/bluetoothdevice.cpp void bluetoothdevice::update_hr_from_external() WearOS Companion Heart: 0
seg. ago. 3 19:32:51 2026 1785796371862 Debug: ./inclinationresistancetable.h void inclinationResistanceTable::collectData(double, uint16_t, double) Skipping invalid data point: Incl: 0 Res: 1 Watt: 0
seg. ago. 3 19:32:51 2026 1785796371863 Debug: devices/bluetooth.cpp void bluetooth::debug(const QString &) "Current CrankRevs: 10"
seg. ago. 3 19:32:51 2026 1785796371866 Debug: devices/bluetooth.cpp void bluetooth::debug(const QString &) "Last CrankEventTime: 12928"
seg. ago. 3 19:32:51 2026 1785796371866 Debug:   Characteristic change notification "{00001826-0000-1000-8000-00805f9b34fb}" 47 "002a0000000000000000"
seg. ago. 3 19:32:51 2026 1785796371867 Debug: devices/ftmsbike/ftmsbike.cpp void ftmsbike::characteristicChanged(const QLowEnergyCharacteristic &, const QByteArray &) "{00002ad2-0000-1000-8000-00805f9b34fb}" 10 " << " "00 2a 00 00 00 00 00 00 00 00"
seg. ago. 3 19:32:51 2026 1785796371869 Debug: devices/bluetooth.cpp void bluetooth::debug(const QString &) "Current Speed: 9.84441"
seg. ago. 3 19:32:51 2026 1785796371870 Debug: devices/bluetooth.cpp void bluetooth::debug(const QString &) "Current Distance: 0.0117748"
seg. ago. 3 19:32:51 2026 1785796371871 Debug: devices/bluetooth.cpp void bluetooth::debug(const QString &) "Current KCal: 0.555448"
seg. ago. 3 19:32:51 2026 1785796371872 Debug: devices/bluetooth.cpp void bluetooth::debug(const QString &) "Current Heart: 0"
seg. ago. 3 19:32:51 2026 1785796371873 Debug: devices/bluetoothdevice.cpp void bluetoothdevice::update_hr_from_external() WearOS Companion Heart: 0
seg. ago. 3 19:32:51 2026 1785796371874 Debug: ./inclinationresistancetable.h void inclinationResistanceTable::collectData(double, uint16_t, double) Skipping invalid data point: Incl: 0 Res: 1 Watt: 0
seg. ago. 3 19:32:51 2026 1785796371875 Debug: devices/bluetooth.cpp void bluetooth::debug(const QString &) "Current CrankRevs: 10"
seg. ago. 3 19:32:51 2026 1785796371875 Debug: devices/bluetooth.cpp void bluetooth::debug(const QString &) "Last CrankEventTime: 12928"
seg. ago. 3 19:32:51 2026 1785796371881 Debug: virtualdevices/virtualbike.cpp void virtualbike::bikeProvider() "bikeProvider" 0 2000 true
seg. ago. 3 19:32:51 2026 1785796371882 Debug: virtualdevices/virtualbike.cpp void virtualbike::bikeProvider() "virtual bike connected"
seg. ago. 3 19:32:51 2026 1785796371884 Debug: virtualdevices/virtualbike.cpp void virtualbike::writeCharacteristic(QLowEnergyService *, const QLowEnergyCharacteristic &, const QByteArray &) "virtualbike::writeCharacteristic Unknown Service  64 02 d8 03 00 00 01 00 00 00 00 00"
seg. ago. 3 19:32:51 2026 1785796371884 Debug:   Write server characteristic with handle  9 "6402d8030000010000000000" (service: "{00001826-0000-1000-8000-00805f9b34fb}"
seg. ago. 3 19:32:51 2026 1785796371886 Debug: virtualdevices/virtualbike.cpp void virtualbike::writeCharacteristic(QLowEnergyService *, const QLowEnergyCharacteristic &, const QByteArray &) "virtualbike::writeCharacteristic Heart Rate Heart Rate Measurement 00 00"
seg. ago. 3 19:32:51 2026 1785796371887 Debug:   Write server characteristic with handle  19 "0000" (service: "{0000180d-0000-1000-8000-00805f9b34fb}"
seg. ago. 3 19:32:51 2026 1785796371916 Debug: virtualdevices/virtualbike.cpp void virtualbike::bikeProvider() "bikeProvider" 0 2000 true
seg. ago. 3 19:32:51 2026 1785796371917 Debug: virtualdevices/virtualbike.cpp void virtualbike::bikeProvider() "virtual bike connected"
seg. ago. 3 19:32:51 2026 1785796371918 Debug: virtualdevices/virtualbike.cpp void virtualbike::writeCharacteristic(QLowEnergyService *, const QLowEnergyCharacteristic &, const QByteArray &) "virtualbike::writeCharacteristic Unknown Service  64 02 d8 03 00 00 01 00 00 00 00 00"
seg. ago. 3 19:32:51 2026 1785796371919 Debug:   Write server characteristic with handle  9 "6402d8030000010000000000" (service: "{00001826-0000-1000-8000-00805f9b34fb}"
seg. ago. 3 19:32:51 2026 1785796371920 Debug: virtualdevices/virtualbike.cpp void virtualbike::writeCharacteristic(QLowEnergyService *, const QLowEnergyCharacteristic &, const QByteArray &) "virtualbike::writeCharacteristic Heart Rate Heart Rate Measurement 00 00"
seg. ago. 3 19:32:51 2026 1785796371921 Debug:   Write server characteristic with handle  19 "0000" (service: "{0000180d-0000-1000-8000-00805f9b34fb}"
seg. ago. 3 19:32:51 2026 1785796371964 Debug: virtualdevices/virtualbike.cpp void virtualbike::bikeProvider() "bikeProvider" 0 2000 true
seg. ago. 3 19:32:51 2026 1785796371965 Debug: virtualdevices/virtualbike.cpp void virtualbike::bikeProvider() "virtual bike connected"
seg. ago. 3 19:32:51 2026 1785796371968 Debug: virtualdevices/virtualbike.cpp void virtualbike::writeCharacteristic(QLowEnergyService *, const QLowEnergyCharacteristic &, const QByteArray &) "virtualbike::writeCharacteristic Unknown Service  64 02 d8 03 00 00 01 00 00 00 00 00"
seg. ago. 3 19:32:51 2026 1785796371969 Debug:   Write server characteristic with handle  9 "6402d8030000010000000000" (service: "{00001826-0000-1000-8000-00805f9b34fb}"
seg. ago. 3 19:32:51 2026 1785796371976 Debug: virtualdevices/virtualbike.cpp void virtualbike::writeCharacteristic(QLowEnergyService *, const QLowEnergyCharacteristic &, const QByteArray &) "virtualbike::writeCharacteristic Heart Rate Heart Rate Measurement 00 00"
seg. ago. 3 19:32:51 2026 1785796371977 Debug:   Write server characteristic with handle  19 "0000" (service: "{0000180d-0000-1000-8000-00805f9b34fb}"
seg. ago. 3 19:32:52 2026 1785796372011 Debug: virtualdevices/virtualbike.cpp void virtualbike::bikeProvider() "bikeProvider" 0 2000 true
seg. ago. 3 19:32:52 2026 1785796372013 Debug: virtualdevices/virtualbike.cpp void virtualbike::bikeProvider() "virtual bike connected"
seg. ago. 3 19:32:52 2026 1785796372015 Debug: virtualdevices/virtualbike.cpp void virtualbike::writeCharacteristic(QLowEnergyService *, const QLowEnergyCharacteristic &, const QByteArray &) "virtualbike::writeCharacteristic Unknown Service  64 02 d8 03 00 00 01 00 00 00 00 00"
seg. ago. 3 19:32:52 2026 1785796372016 Debug:   Write server characteristic with handle  9 "6402d8030000010000000000" (service: "{00001826-0000-1000-8000-00805f9b34fb}"
seg. ago. 3 19:32:52 2026 1785796372018 Debug: virtualdevices/virtualbike.cpp void virtualbike::writeCharacteristic(QLowEnergyService *, const QLowEnergyCharacteristic &, const QByteArray &) "virtualbike::writeCharacteristic Heart Rate Heart Rate Measurement 00 00"
seg. ago. 3 19:32:52 2026 1785796372019 Debug:   Write server characteristic with handle  19 "0000" (service: "{0000180d-0000-1000-8000-00805f9b34fb}"
seg. ago. 3 19:32:52 2026 1785796372067 Debug: virtualdevices/virtualbike.cpp void virtualbike::bikeProvider() "bikeProvider" 0 2000 true
seg. ago. 3 19:32:52 2026 1785796372068 Debug: virtualdevices/virtualbike.cpp void virtualbike::bikeProvider() "virtual bike connected"
seg. ago. 3 19:32:52 2026 1785796372070 Debug: virtualdevices/virtualbike.cpp void virtualbike::writeCharacteristic(QLowEnergyService *, const QLowEnergyCharacteristic &, const QByteArray &) "virtualbike::writeCharacteristic Unknown Service  64 02 d8 03 00 00 01 00 00 00 00 00"
seg. ago. 3 19:32:52 2026 1785796372071 Debug:   Write server characteristic with handle  9 "6402d8030000010000000000" (service: "{00001826-0000-1000-8000-00805f9b34fb}"
seg. ago. 3 19:32:52 2026 1785796372073 Debug: virtualdevices/virtualbike.cpp void virtualbike::writeCharacteristic(QLowEnergyService *, const QLowEnergyCharacteristic &, const QByteArray &) "virtualbike::writeCharacteristic Heart Rate Heart Rate Measurement 00 00"
seg. ago. 3 19:32:52 2026 1785796372074 Debug:   Write server characteristic with handle  19 "0000" (service: "{0000180d-0000-1000-8000-00805f9b34fb}"
seg. ago. 3 19:32:52 2026 1785796372113 Debug: virtualdevices/virtualbike.cpp void virtualbike::bikeProvider() "bikeProvider" 0 2000 true
seg. ago. 3 19:32:52 2026 1785796372114 Debug: virtualdevices/virtualbike.cpp void virtualbike::bikeProvider() "virtual bike connected"
seg. ago. 3 19:32:52 2026 1785796372116 Debug: virtualdevices/virtualbike.cpp void virtualbike::writeCharacteristic(QLowEnergyService *, const QLowEnergyCharacteristic &, const QByteArray &) "virtualbike::writeCharacteristic Unknown Service  64 02 d8 03 00 00 01 00 00 00 00 00"
seg. ago. 3 19:32:52 2026 1785796372117 Debug:   Write server characteristic with handle  9 "6402d8030000010000000000" (service: "{00001826-0000-1000-8000-00805f9b34fb}"
seg. ago. 3 19:32:52 2026 1785796372119 Debug: virtualdevices/virtualbike.cpp void virtualbike::writeCharacteristic(QLowEnergyService *, const QLowEnergyCharacteristic &, const QByteArray &) "virtualbike::writeCharacteristic Heart Rate Heart Rate Measurement 00 00"
seg. ago. 3 19:32:52 2026 1785796372121 Debug:   Write server characteristic with handle  19 "0000" (service: "{0000180d-0000-1000-8000-00805f9b34fb}"
seg. ago. 3 19:32:52 2026 1785796372162 Debug: virtualdevices/virtualbike.cpp void virtualbike::bikeProvider() "bikeProvider" 0 2000 true
seg. ago. 3 19:32:52 2026 1785796372164 Debug: virtualdevices/virtualbike.cpp void virtualbike::bikeProvider() "virtual bike connected"
seg. ago. 3 19:32:52 2026 1785796372166 Debug: virtualdevices/virtualbike.cpp void virtualbike::writeCharacteristic(QLowEnergyService *, const QLowEnergyCharacteristic &, const QByteArray &) "virtualbike::writeCharacteristic Unknown Service  64 02 d8 03 00 00 01 00 00 00 00 00"
seg. ago. 3 19:32:52 2026 1785796372168 Debug:   Write server characteristic with handle  9 "6402d8030000010000000000" (service: "{00001826-0000-1000-8000-00805f9b34fb}"
seg. ago. 3 19:32:52 2026 1785796372170 Debug: virtualdevices/virtualbike.cpp void virtualbike::writeCharacteristic(QLowEnergyService *, const QLowEnergyCharacteristic &, const QByteArray &) "virtualbike::writeCharacteristic Heart Rate Heart Rate Measurement 00 00"
seg. ago. 3 19:32:52 2026 1785796372172 Debug:   Write server characteristic with handle  19 "0000" (service: "{0000180d-0000-1000-8000-00805f9b34fb}"
seg. ago. 3 19:32:52 2026 1785796372213 Debug: virtualdevices/virtualbike.cpp void virtualbike::bikeProvider() "bikeProvider" 0 2000 true
seg. ago. 3 19:32:52 2026 1785796372214 Debug: virtualdevices/virtualbike.cpp void virtualbike::bikeProvider() "virtual bike connected"
seg. ago. 3 19:32:52 2026 1785796372217 Debug: virtualdevices/virtualbike.cpp void virtualbike::writeCharacteristic(QLowEnergyService *, const QLowEnergyCharacteristic &, const QByteArray &) "virtualbike::writeCharacteristic Unknown Service  64 02 d8 03 00 00 01 00 00 00 00 00"
seg. ago. 3 19:32:52 2026 1785796372218 Debug:   Write server characteristic with handle  9 "6402d8030000010000000000" (service: "{00001826-0000-1000-8000-00805f9b34fb}"
seg. ago. 3 19:32:52 2026 1785796372220 Debug: virtualdevices/virtualbike.cpp void virtualbike::writeCharacteristic(QLowEnergyService *, const QLowEnergyCharacteristic &, const QByteArray &) "virtualbike::writeCharacteristic Heart Rate Heart Rate Measurement 00 00"
seg. ago. 3 19:32:52 2026 1785796372222 Debug:   Write server characteristic with handle  19 "0000" (service: "{0000180d-0000-1000-8000-00805f9b34fb}"
seg. ago. 3 19:32:52 2026 1785796372269 Debug: templateinfosender.cpp bool TemplateInfoSender::update(QJSEngine *) "eval res " "{\"msg\":\"workout\",\"content\":{\"BIKE_TYPE\":2,\"ELLIPTICAL_TYPE\":4,\"ROWING_TYPE\":3,\"TREADMILL_TYPE\":1,\"UNKNOWN_TYPE\":0,\"deviceId\":\"B8:F8:62:6D:A8:D6\",\"deviceName\":\"YPBM001264\",\"deviceRSSI\":-39,\"deviceType\":2,\"deviceConnected\":true,\"devicePaused\":false,\"elapsed_s\":5,\"elapsed_m\":0,\"elapsed_h\":0,\"lapelapsed_s\":5,\"lapelapsed_m\":0,\"lapelapsed_h\":0,\"pace_s\":5,\"pace_m\":6,\"pace_h\":0,\"pace_color\":\"white\",\"avgpace_s\":53,\"avgpace_m\":6,\"avgpace_h\":0,\"maxpace_s\":38,\"maxpace_m\":5,\"maxpace_h\":0,\"moving_s\":5,\"moving_m\":0,\"moving_h\":0,\"speed\":9.844405013514065,\"speed_avg\":8.697151388423938,\"speed_color\":\"white\",\"speed_lapavg\":8.697151388423938,\"speed_lapmax\":10.638625519946682,\"calories\":0.555447879,\"distance\":0.011774813852839948,\"heart\":0,\"heart_color\":\"lightsteelblue\",\"heart_avg\":0,\"heart_lapavg\":0,\"heart_max\":0,\"heart_lapmax\":0,\"target_heart_above\":0,\"target_heart_below\":0,\"jouls\":195.68099999999995,\"elevation\":0,\"difficult\":1,\"watts\":0,\"watts_avg\":41,\"watts_color\":\"white\",\"watts_lapavg\":41,\"watts_max\":45,\"watts_lapmax\":45,\"kgwatts\":0,\"kgwatts_avg\":0.4871031746031745,\"kgwatts_max\":0.5357142857142857,\"workoutName\":\"Ride\",\"workoutStartDate\":\"seg. ago. 3 19:32:44 2026\",\"instructorName\":\"\",\"latitude\":null,\"longitude\":null,\"altitude\":null,\"peloton_offset\":0,\"peloton_ask_start\":false,\"autoresistance\":true,\"nextrow\":\"N/A\",\"training_row_index\":0,\"training_row_elapsed\":0,\"training_row_open_ended\":false,\"training_row_wait_for_lap\":false,\"row_remaining_time_s\":0,\"row_remaining_time_m\":0,\"row_remaining_time_h\":0,\"remaining_time_s\":0,\"remaining_time_m\":0,\"remaining_time_h\":0,\"nickName\":\"N/A\",\"gears\":0,\"target_resistance\":0,\"target_peloton_resistance\":0,\"target_cadence\":0,\"target_power\":0,\"power_zone\":1.3392857142857144,\"power_zone_lapavg\":1.2287946428571428,\"power_zone_lapmax\":1.4017857142857144,\"target_power_zone\":1,\"power_zone_color\":\"white\",\"target_power_zone_color\":\"white\",\"peloton_resistance\":39.15969175488792,\"peloton_resistance_avg\":39.04328654045018,\"peloton_resistance_color\":\"white\",\"peloton_resistance_lapavg\":39.04328654045018,\"peloton_resistance_lapmax\":39.8448465371043,\"peloton_req_resistance\":0,\"cadence\":0,\"cadence_color\":\"white\",\"cadence_avg\":47.6,\"cadence_lapavg\":47.6,\"cadence_lapmax\":51,\"resistance\":1,\"resistance_avg\":1,\"resistance_lapavg\":1,\"resistance_lapmax\":1,\"cranks\":10,\"cranktime\":12928,\"req_power\":0,\"req_cadence\":0,\"req_resistance\":0,\"inclination\":0,\"inclination_avg\":0}}"
seg. ago. 3 19:32:52 2026 1785796372280 Debug: homeform.cpp void homeform::update() homeform::update fired! elapsed: 1008 jitter: -119
seg. ago. 3 19:32:52 2026 1785796372293 Debug: homeform.cpp void homeform::update() homeform::update tiles updated!
seg. ago. 3 19:32:52 2026 1785796372295 Debug: homeform.cpp void homeform::update() Current Distance 1s: 0.0144953 9.84441 0
seg. ago. 3 19:32:52 2026 1785796372305 Debug: virtualdevices/virtualbike.cpp void virtualbike::bikeProvider() "bikeProvider" 0 2000 true
seg. ago. 3 19:32:52 2026 1785796372307 Debug: virtualdevices/virtualbike.cpp void virtualbike::bikeProvider() "virtual bike connected"
seg. ago. 3 19:32:52 2026 1785796372309 Debug: virtualdevices/virtualbike.cpp void virtualbike::writeCharacteristic(QLowEnergyService *, const QLowEnergyCharacteristic &, const QByteArray &) "virtualbike::writeCharacteristic Unknown Service  64 02 d8 03 00 00 01 00 00 00 00 00"
seg. ago. 3 19:32:52 2026 1785796372310 Debug:   Write server characteristic with handle  9 "6402d8030000010000000000" (service: "{00001826-0000-1000-8000-00805f9b34fb}"
seg. ago. 3 19:32:52 2026 1785796372312 Debug: virtualdevices/virtualbike.cpp void virtualbike::writeCharacteristic(QLowEnergyService *, const QLowEnergyCharacteristic &, const QByteArray &) "virtualbike::writeCharacteristic Heart Rate Heart Rate Measurement 00 00"
seg. ago. 3 19:32:52 2026 1785796372313 Debug:   Write server characteristic with handle  19 "0000" (service: "{0000180d-0000-1000-8000-00805f9b34fb}"
seg. ago. 3 19:32:52 2026 1785796372328 Debug: virtualdevices/virtualbike.cpp void virtualbike::bikeProvider() "bikeProvider" 0 2000 true
seg. ago. 3 19:32:52 2026 1785796372329 Debug: virtualdevices/virtualbike.cpp void virtualbike::bikeProvider() "virtual bike connected"
seg. ago. 3 19:32:52 2026 1785796372331 Debug: virtualdevices/virtualbike.cpp void virtualbike::writeCharacteristic(QLowEnergyService *, const QLowEnergyCharacteristic &, const QByteArray &) "virtualbike::writeCharacteristic Unknown Service  64 02 d8 03 00 00 01 00 00 00 00 00"
seg. ago. 3 19:32:52 2026 1785796372332 Debug:   Write server characteristic with handle  9 "6402d8030000010000000000" (service: "{00001826-0000-1000-8000-00805f9b34fb}"
seg. ago. 3 19:32:52 2026 1785796372334 Debug: virtualdevices/virtualbike.cpp void virtualbike::writeCharacteristic(QLowEnergyService *, const QLowEnergyCharacteristic &, const QByteArray &) "virtualbike::writeCharacteristic Heart Rate Heart Rate Measurement 00 00"
seg. ago. 3 19:32:52 2026 1785796372334 Debug:   Write server characteristic with handle  19 "0000" (service: "{0000180d-0000-1000-8000-00805f9b34fb}"
seg. ago. 3 19:32:52 2026 1785796372344 Debug:   Characteristic change notification "{00001826-0000-1000-8000-00805f9b34fb}" 32 "0101"
seg. ago. 3 19:32:52 2026 1785796372345 Debug: devices/ftmsbike/ftmsbike.cpp void ftmsbike::characteristicChanged(const QLowEnergyCharacteristic &, const QByteArray &) "{00002ad3-0000-1000-8000-00805f9b34fb}" 2 " << " "01 01"
seg. ago. 3 19:32:52 2026 1785796372361 Debug: virtualdevices/virtualbike.cpp void virtualbike::bikeProvider() "bikeProvider" 0 2000 true
seg. ago. 3 19:32:52 2026 1785796372361 Debug: virtualdevices/virtualbike.cpp void virtualbike::bikeProvider() "virtual bike connected"
seg. ago. 3 19:32:52 2026 1785796372363 Debug: virtualdevices/virtualbike.cpp void virtualbike::writeCharacteristic(QLowEnergyService *, const QLowEnergyCharacteristic &, const QByteArray &) "virtualbike::writeCharacteristic Unknown Service  64 02 d8 03 00 00 01 00 00 00 00 00"
seg. ago. 3 19:32:52 2026 1785796372363 Debug:   Write server characteristic with handle  9 "6402d8030000010000000000" (service: "{00001826-0000-1000-8000-00805f9b34fb}"
seg. ago. 3 19:32:52 2026 1785796372365 Debug: virtualdevices/virtualbike.cpp void virtualbike::writeCharacteristic(QLowEnergyService *, const QLowEnergyCharacteristic &, const QByteArray &) "virtualbike::writeCharacteristic Heart Rate Heart Rate Measurement 00 00"
seg. ago. 3 19:32:52 2026 1785796372366 Debug:   Write server characteristic with handle  19 "0000" (service: "{0000180d-0000-1000-8000-00805f9b34fb}"
seg. ago. 3 19:32:52 2026 1785796372412 Debug: virtualdevices/virtualbike.cpp void virtualbike::bikeProvider() "bikeProvider" 0 2000 true
seg. ago. 3 19:32:52 2026 1785796372413 Debug: virtualdevices/virtualbike.cpp void virtualbike::bikeProvider() "virtual bike connected"
seg. ago. 3 19:32:52 2026 1785796372415 Debug: virtualdevices/virtualbike.cpp void virtualbike::writeCharacteristic(QLowEnergyService *, const QLowEnergyCharacteristic &, const QByteArray &) "virtualbike::writeCharacteristic Unknown Service  64 02 d8 03 00 00 01 00 00 00 00 00"
seg. ago. 3 19:32:52 2026 1785796372416 Debug:   Write server characteristic with handle  9 "6402d8030000010000000000" (service: "{00001826-0000-1000-8000-00805f9b34fb}"
seg. ago. 3 19:32:52 2026 1785796372418 Debug: virtualdevices/virtualbike.cpp void virtualbike::writeCharacteristic(QLowEnergyService *, const QLowEnergyCharacteristic &, const QByteArray &) "virtualbike::writeCharacteristic Heart Rate Heart Rate Measurement 00 00"
seg. ago. 3 19:32:52 2026 1785796372419 Debug:   Write server characteristic with handle  19 "0000" (service: "{0000180d-0000-1000-8000-00805f9b34fb}"
seg. ago. 3 19:32:52 2026 1785796372468 Debug: virtualdevices/virtualbike.cpp void virtualbike::bikeProvider() "bikeProvider" 0 2000 true
seg. ago. 3 19:32:52 2026 1785796372468 Debug: virtualdevices/virtualbike.cpp void virtualbike::bikeProvider() "virtual bike connected"
seg. ago. 3 19:32:52 2026 1785796372470 Debug: virtualdevices/virtualbike.cpp void virtualbike::writeCharacteristic(QLowEnergyService *, const QLowEnergyCharacteristic &, const QByteArray &) "virtualbike::writeCharacteristic Unknown Service  64 02 d8 03 00 00 01 00 00 00 00 00"
seg. ago. 3 19:32:52 2026 1785796372471 Debug:   Write server characteristic with handle  9 "6402d8030000010000000000" (service: "{00001826-0000-1000-8000-00805f9b34fb}"
seg. ago. 3 19:32:52 2026 1785796372472 Debug: virtualdevices/virtualbike.cpp void virtualbike::writeCharacteristic(QLowEnergyService *, const QLowEnergyCharacteristic &, const QByteArray &) "virtualbike::writeCharacteristic Heart Rate Heart Rate Measurement 00 00"
seg. ago. 3 19:32:52 2026 1785796372474 Debug:   Write server characteristic with handle  19 "0000" (service: "{0000180d-0000-1000-8000-00805f9b34fb}"
seg. ago. 3 19:32:52 2026 1785796372512 Debug: virtualdevices/virtualbike.cpp void virtualbike::bikeProvider() "bikeProvider" 0 2000 true
seg. ago. 3 19:32:52 2026 1785796372513 Debug: virtualdevices/virtualbike.cpp void virtualbike::bikeProvider() "virtual bike connected"
seg. ago. 3 19:32:52 2026 1785796372516 Debug: virtualdevices/virtualbike.cpp void virtualbike::writeCharacteristic(QLowEnergyService *, const QLowEnergyCharacteristic &, const QByteArray &) "virtualbike::writeCharacteristic Unknown Service  64 02 d8 03 00 00 01 00 00 00 00 00"
seg. ago. 3 19:32:52 2026 1785796372517 Debug:   Write server characteristic with handle  9 "6402d8030000010000000000" (service: "{00001826-0000-1000-8000-00805f9b34fb}"
seg. ago. 3 19:32:52 2026 1785796372518 Debug: virtualdevices/virtualbike.cpp void virtualbike::writeCharacteristic(QLowEnergyService *, const QLowEnergyCharacteristic &, const QByteArray &) "virtualbike::writeCharacteristic Heart Rate Heart Rate Measurement 00 00"
seg. ago. 3 19:32:52 2026 1785796372519 Debug:   Write server characteristic with handle  19 "0000" (service: "{0000180d-0000-1000-8000-00805f9b34fb}"
seg. ago. 3 19:32:52 2026 1785796372561 Debug: virtualdevices/virtualbike.cpp void virtualbike::bikeProvider() "bikeProvider" 0 2000 true
seg. ago. 3 19:32:52 2026 1785796372563 Debug: virtualdevices/virtualbike.cpp void virtualbike::bikeProvider() "virtual bike connected"
seg. ago. 3 19:32:52 2026 1785796372564 Debug: virtualdevices/virtualbike.cpp void virtualbike::writeCharacteristic(QLowEnergyService *, const QLowEnergyCharacteristic &, const QByteArray &) "virtualbike::writeCharacteristic Unknown Service  64 02 d8 03 00 00 01 00 00 00 00 00"
seg. ago. 3 19:32:52 2026 1785796372565 Debug:   Write server characteristic with handle  9 "6402d8030000010000000000" (service: "{00001826-0000-1000-8000-00805f9b34fb}"
seg. ago. 3 19:32:52 2026 1785796372567 Debug: virtualdevices/virtualbike.cpp void virtualbike::writeCharacteristic(QLowEnergyService *, const QLowEnergyCharacteristic &, const QByteArray &) "virtualbike::writeCharacteristic Heart Rate Heart Rate Measurement 00 00"
seg. ago. 3 19:32:52 2026 1785796372569 Debug:   Write server characteristic with handle  19 "0000" (service: "{0000180d-0000-1000-8000-00805f9b34fb}"
seg. ago. 3 19:32:52 2026 1785796372611 Debug: virtualdevices/virtualbike.cpp void virtualbike::bikeProvider() "bikeProvider" 0 2000 true
seg. ago. 3 19:32:52 2026 1785796372612 Debug: virtualdevices/virtualbike.cpp void virtualbike::bikeProvider() "virtual bike connected"
seg. ago. 3 19:32:52 2026 1785796372615 Debug: virtualdevices/virtualbike.cpp void virtualbike::writeCharacteristic(QLowEnergyService *, const QLowEnergyCharacteristic &, const QByteArray &) "virtualbike::writeCharacteristic Unknown Service  64 02 d8 03 00 00 01 00 00 00 00 00"
seg. ago. 3 19:32:52 2026 1785796372617 Debug:   Write server characteristic with handle  9 "6402d8030000010000000000" (service: "{00001826-0000-1000-8000-00805f9b34fb}"
seg. ago. 3 19:32:52 2026 1785796372620 Debug: virtualdevices/virtualbike.cpp void virtualbike::writeCharacteristic(QLowEnergyService *, const QLowEnergyCharacteristic &, const QByteArray &) "virtualbike::writeCharacteristic Heart Rate Heart Rate Measurement 00 00"
seg. ago. 3 19:32:52 2026 1785796372622 Debug:   Write server characteristic with handle  19 "0000" (service: "{0000180d-0000-1000-8000-00805f9b34fb}"
seg. ago. 3 19:32:52 2026 1785796372665 Debug: virtualdevices/virtualbike.cpp void virtualbike::bikeProvider() "bikeProvider" 0 2000 true
seg. ago. 3 19:32:52 2026 1785796372666 Debug: virtualdevices/virtualbike.cpp void virtualbike::bikeProvider() "virtual bike connected"
seg. ago. 3 19:32:52 2026 1785796372667 Debug: virtualdevices/virtualbike.cpp void virtualbike::writeCharacteristic(QLowEnergyService *, const QLowEnergyCharacteristic &, const QByteArray &) "virtualbike::writeCharacteristic Unknown Service  64 02 d8 03 00 00 01 00 00 00 00 00"
seg. ago. 3 19:32:52 2026 1785796372668 Debug:   Write server characteristic with handle  9 "6402d8030000010000000000" (service: "{00001826-0000-1000-8000-00805f9b34fb}"
seg. ago. 3 19:32:52 2026 1785796372669 Debug: virtualdevices/virtualbike.cpp void virtualbike::writeCharacteristic(QLowEnergyService *, const QLowEnergyCharacteristic &, const QByteArray &) "virtualbike::writeCharacteristic Heart Rate Heart Rate Measurement 00 00"
seg. ago. 3 19:32:52 2026 1785796372670 Debug:   Write server characteristic with handle  19 "0000" (service: "{0000180d-0000-1000-8000-00805f9b34fb}"
seg. ago. 3 19:32:52 2026 1785796372710 Debug: virtualdevices/virtualbike.cpp void virtualbike::bikeProvider() "bikeProvider" 0 2000 true
seg. ago. 3 19:32:52 2026 1785796372711 Debug: virtualdevices/virtualbike.cpp void virtualbike::bikeProvider() "virtual bike connected"
seg. ago. 3 19:32:52 2026 1785796372713 Debug: virtualdevices/virtualbike.cpp void virtualbike::writeCharacteristic(QLowEnergyService *, const QLowEnergyCharacteristic &, const QByteArray &) "virtualbike::writeCharacteristic Unknown Service  64 02 d8 03 00 00 01 00 00 00 00 00"
seg. ago. 3 19:32:52 2026 1785796372714 Debug:   Write server characteristic with handle  9 "6402d8030000010000000000" (service: "{00001826-0000-1000-8000-00805f9b34fb}"
seg. ago. 3 19:32:52 2026 1785796372715 Debug: virtualdevices/virtualbike.cpp void virtualbike::writeCharacteristic(QLowEnergyService *, const QLowEnergyCharacteristic &, const QByteArray &) "virtualbike::writeCharacteristic Heart Rate Heart Rate Measurement 00 00"
seg. ago. 3 19:32:52 2026 1785796372716 Debug:   Write server characteristic with handle  19 "0000" (service: "{0000180d-0000-1000-8000-00805f9b34fb}"
seg. ago. 3 19:32:52 2026 1785796372762 Debug: virtualdevices/virtualbike.cpp void virtualbike::bikeProvider() "bikeProvider" 0 2000 true
seg. ago. 3 19:32:52 2026 1785796372764 Debug: virtualdevices/virtualbike.cpp void virtualbike::bikeProvider() "virtual bike connected"
seg. ago. 3 19:32:52 2026 1785796372766 Debug: virtualdevices/virtualbike.cpp void virtualbike::writeCharacteristic(QLowEnergyService *, const QLowEnergyCharacteristic &, const QByteArray &) "virtualbike::writeCharacteristic Unknown Service  64 02 d8 03 00 00 01 00 00 00 00 00"
seg. ago. 3 19:32:52 2026 1785796372767 Debug:   Write server characteristic with handle  9 "6402d8030000010000000000" (service: "{00001826-0000-1000-8000-00805f9b34fb}"
seg. ago. 3 19:32:52 2026 1785796372770 Debug: virtualdevices/virtualbike.cpp void virtualbike::writeCharacteristic(QLowEnergyService *, const QLowEnergyCharacteristic &, const QByteArray &) "virtualbike::writeCharacteristic Heart Rate Heart Rate Measurement 00 00"
seg. ago. 3 19:32:52 2026 1785796372771 Debug:   Write server characteristic with handle  19 "0000" (service: "{0000180d-0000-1000-8000-00805f9b34fb}"
seg. ago. 3 19:32:52 2026 1785796372811 Debug: virtualdevices/virtualbike.cpp void virtualbike::bikeProvider() "bikeProvider" 0 2000 true
seg. ago. 3 19:32:52 2026 1785796372812 Debug: virtualdevices/virtualbike.cpp void virtualbike::bikeProvider() "virtual bike connected"
seg. ago. 3 19:32:52 2026 1785796372813 Debug: virtualdevices/virtualbike.cpp void virtualbike::writeCharacteristic(QLowEnergyService *, const QLowEnergyCharacteristic &, const QByteArray &) "virtualbike::writeCharacteristic Unknown Service  64 02 d8 03 00 00 01 00 00 00 00 00"
seg. ago. 3 19:32:52 2026 1785796372814 Debug:   Write server characteristic with handle  9 "6402d8030000010000000000" (service: "{00001826-0000-1000-8000-00805f9b34fb}"
seg. ago. 3 19:32:52 2026 1785796372815 Debug: virtualdevices/virtualbike.cpp void virtualbike::writeCharacteristic(QLowEnergyService *, const QLowEnergyCharacteristic &, const QByteArray &) "virtualbike::writeCharacteristic Heart Rate Heart Rate Measurement 00 00"
seg. ago. 3 19:32:52 2026 1785796372816 Debug:   Write server characteristic with handle  19 "0000" (service: "{0000180d-0000-1000-8000-00805f9b34fb}"
seg. ago. 3 19:32:52 2026 1785796372851 Debug:   Characteristic change notification "{00001826-0000-1000-8000-00805f9b34fb}" 47 "f50100000000000100000000000000ffffff"
seg. ago. 3 19:32:52 2026 1785796372852 Debug: devices/ftmsbike/ftmsbike.cpp void ftmsbike::characteristicChanged(const QLowEnergyCharacteristic &, const QByteArray &) "{00002ad2-0000-1000-8000-00805f9b34fb}" 18 " << " "f5 01 00 00 00 00 00 01 00 00 00 00 00 00 00 ff ff ff"
seg. ago. 3 19:32:52 2026 1785796372853 Debug: devices/bluetooth.cpp void bluetooth::debug(const QString &) "Current Cadence: 0"
seg. ago. 3 19:32:52 2026 1785796372854 Debug: devices/bluetooth.cpp void bluetooth::debug(const QString &) "Current Distance: 0.0144684"
seg. ago. 3 19:32:52 2026 1785796372855 Debug: devices/bluetooth.cpp void bluetooth::debug(const QString &) "Current Resistance: 1"
seg. ago. 3 19:32:52 2026 1785796372856 Debug: devices/bluetooth.cpp void bluetooth::debug(const QString &) "Current Watt: 0"
seg. ago. 3 19:32:52 2026 1785796372857 Debug: devices/bluetooth.cpp void bluetooth::debug(const QString &) "Current Average Watt: 0"
seg. ago. 3 19:32:52 2026 1785796372858 Debug: devices/bluetooth.cpp void bluetooth::debug(const QString &) "Current KCal: 0.555448"
seg. ago. 3 19:32:52 2026 1785796372859 Debug: devices/bluetoothdevice.cpp void bluetoothdevice::update_hr_from_external() WearOS Companion Heart: 0
seg. ago. 3 19:32:52 2026 1785796372860 Debug: ./inclinationresistancetable.h void inclinationResistanceTable::collectData(double, uint16_t, double) Skipping invalid data point: Incl: 0 Res: 1 Watt: 0
seg. ago. 3 19:32:52 2026 1785796372861 Debug: devices/bluetooth.cpp void bluetooth::debug(const QString &) "Current CrankRevs: 10"
seg. ago. 3 19:32:52 2026 1785796372862 Debug: devices/bluetooth.cpp void bluetooth::debug(const QString &) "Last CrankEventTime: 12928"
seg. ago. 3 19:32:52 2026 1785796372869 Debug: virtualdevices/virtualbike.cpp void virtualbike::bikeProvider() "bikeProvider" 0 2000 true
seg. ago. 3 19:32:52 2026 1785796372871 Debug: virtualdevices/virtualbike.cpp void virtualbike::bikeProvider() "virtual bike connected"
seg. ago. 3 19:32:52 2026 1785796372873 Debug: virtualdevices/virtualbike.cpp void virtualbike::writeCharacteristic(QLowEnergyService *, const QLowEnergyCharacteristic &, const QByteArray &) "virtualbike::writeCharacteristic Unknown Service  64 02 d8 03 00 00 01 00 00 00 00 00"
seg. ago. 3 19:32:52 2026 1785796372874 Debug:   Write server characteristic with handle  9 "6402d8030000010000000000" (service: "{00001826-0000-1000-8000-00805f9b34fb}"
seg. ago. 3 19:32:52 2026 1785796372876 Debug: virtualdevices/virtualbike.cpp void virtualbike::writeCharacteristic(QLowEnergyService *, const QLowEnergyCharacteristic &, const QByteArray &) "virtualbike::writeCharacteristic Heart Rate Heart Rate Measurement 00 00"
seg. ago. 3 19:32:52 2026 1785796372877 Debug:   Write server characteristic with handle  19 "0000" (service: "{0000180d-0000-1000-8000-00805f9b34fb}"
seg. ago. 3 19:32:52 2026 1785796372886 Debug:   Characteristic change notification "{00001826-0000-1000-8000-00805f9b34fb}" 47 "002a0000000000000000"
seg. ago. 3 19:32:52 2026 1785796372888 Debug: devices/ftmsbike/ftmsbike.cpp void ftmsbike::characteristicChanged(const QLowEnergyCharacteristic &, const QByteArray &) "{00002ad2-0000-1000-8000-00805f9b34fb}" 10 " << " "00 2a 00 00 00 00 00 00 00 00"
seg. ago. 3 19:32:52 2026 1785796372891 Debug: devices/bluetooth.cpp void bluetooth::debug(const QString &) "Current Speed: 9.11441"
seg. ago. 3 19:32:52 2026 1785796372892 Debug: devices/bluetooth.cpp void bluetooth::debug(const QString &) "Current Distance: 0.014557"
seg. ago. 3 19:32:52 2026 1785796372893 Debug: devices/bluetooth.cpp void bluetooth::debug(const QString &) "Current KCal: 0.555448"
seg. ago. 3 19:32:52 2026 1785796372894 Debug: devices/bluetooth.cpp void bluetooth::debug(const QString &) "Current Heart: 0"
seg. ago. 3 19:32:52 2026 1785796372897 Debug: devices/bluetoothdevice.cpp void bluetoothdevice::update_hr_from_external() WearOS Companion Heart: 0
seg. ago. 3 19:32:52 2026 1785796372898 Debug: ./inclinationresistancetable.h void inclinationResistanceTable::collectData(double, uint16_t, double) Skipping invalid data point: Incl: 0 Res: 1 Watt: 0
seg. ago. 3 19:32:52 2026 1785796372899 Debug: devices/bluetooth.cpp void bluetooth::debug(const QString &) "Current CrankRevs: 10"
seg. ago. 3 19:32:52 2026 1785796372900 Debug: devices/bluetooth.cpp void bluetooth::debug(const QString &) "Last CrankEventTime: 12928"
seg. ago. 3 19:32:52 2026 1785796372912 Debug: virtualdevices/virtualbike.cpp void virtualbike::bikeProvider() "bikeProvider" 0 2000 true
seg. ago. 3 19:32:52 2026 1785796372913 Debug: virtualdevices/virtualbike.cpp void virtualbike::bikeProvider() "virtual bike connected"
seg. ago. 3 19:32:52 2026 1785796372914 Debug: virtualdevices/virtualbike.cpp void virtualbike::writeCharacteristic(QLowEnergyService *, const QLowEnergyCharacteristic &, const QByteArray &) "virtualbike::writeCharacteristic Unknown Service  64 02 8f 03 00 00 01 00 00 00 00 00"
seg. ago. 3 19:32:52 2026 1785796372916 Debug:   Write server characteristic with handle  9 "64028f030000010000000000" (service: "{00001826-0000-1000-8000-00805f9b34fb}"
seg. ago. 3 19:32:52 2026 1785796372918 Debug: virtualdevices/virtualbike.cpp void virtualbike::writeCharacteristic(QLowEnergyService *, const QLowEnergyCharacteristic &, const QByteArray &) "virtualbike::writeCharacteristic Heart Rate Heart Rate Measurement 00 00"
seg. ago. 3 19:32:52 2026 1785796372920 Debug:   Write server characteristic with handle  19 "0000" (service: "{0000180d-0000-1000-8000-00805f9b34fb}"
seg. ago. 3 19:32:52 2026 1785796372962 Debug: virtualdevices/virtualbike.cpp void virtualbike::bikeProvider() "bikeProvider" 0 2000 true
seg. ago. 3 19:32:52 2026 1785796372964 Debug: virtualdevices/virtualbike.cpp void virtualbike::bikeProvider() "virtual bike connected"
seg. ago. 3 19:32:52 2026 1785796372965 Debug: virtualdevices/virtualbike.cpp void virtualbike::writeCharacteristic(QLowEnergyService *, const QLowEnergyCharacteristic &, const QByteArray &) "virtualbike::writeCharacteristic Unknown Service  64 02 8f 03 00 00 01 00 00 00 00 00"
seg. ago. 3 19:32:52 2026 1785796372966 Debug:   Write server characteristic with handle  9 "64028f030000010000000000" (service: "{00001826-0000-1000-8000-00805f9b34fb}"
seg. ago. 3 19:32:52 2026 1785796372968 Debug: virtualdevices/virtualbike.cpp void virtualbike::writeCharacteristic(QLowEnergyService *, const QLowEnergyCharacteristic &, const QByteArray &) "virtualbike::writeCharacteristic Heart Rate Heart Rate Measurement 00 00"
seg. ago. 3 19:32:52 2026 1785796372969 Debug:   Write server characteristic with handle  19 "0000" (service: "{0000180d-0000-1000-8000-00805f9b34fb}"
seg. ago. 3 19:32:53 2026 1785796373013 Debug: virtualdevices/virtualbike.cpp void virtualbike::bikeProvider() "bikeProvider" 0 2000 true
seg. ago. 3 19:32:53 2026 1785796373014 Debug: virtualdevices/virtualbike.cpp void virtualbike::bikeProvider() "virtual bike connected"
seg. ago. 3 19:32:53 2026 1785796373016 Debug: virtualdevices/virtualbike.cpp void virtualbike::writeCharacteristic(QLowEnergyService *, const QLowEnergyCharacteristic &, const QByteArray &) "virtualbike::writeCharacteristic Unknown Service  64 02 8f 03 00 00 01 00 00 00 00 00"
seg. ago. 3 19:32:53 2026 1785796373018 Debug:   Write server characteristic with handle  9 "64028f030000010000000000" (service: "{00001826-0000-1000-8000-00805f9b34fb}"
seg. ago. 3 19:32:53 2026 1785796373020 Debug: virtualdevices/virtualbike.cpp void virtualbike::writeCharacteristic(QLowEnergyService *, const QLowEnergyCharacteristic &, const QByteArray &) "virtualbike::writeCharacteristic Heart Rate Heart Rate Measurement 00 00"
seg. ago. 3 19:32:53 2026 1785796373021 Debug:   Write server characteristic with handle  19 "0000" (service: "{0000180d-0000-1000-8000-00805f9b34fb}"
seg. ago. 3 19:32:53 2026 1785796373068 Debug: virtualdevices/virtualbike.cpp void virtualbike::bikeProvider() "bikeProvider" 0 2000 true
seg. ago. 3 19:32:53 2026 1785796373070 Debug: virtualdevices/virtualbike.cpp void virtualbike::bikeProvider() "virtual bike connected"
seg. ago. 3 19:32:53 2026 1785796373072 Debug: virtualdevices/virtualbike.cpp void virtualbike::writeCharacteristic(QLowEnergyService *, const QLowEnergyCharacteristic &, const QByteArray &) "virtualbike::writeCharacteristic Unknown Service  64 02 8f 03 00 00 01 00 00 00 00 00"
seg. ago. 3 19:32:53 2026 1785796373074 Debug:   Write server characteristic with handle  9 "64028f030000010000000000" (service: "{00001826-0000-1000-8000-00805f9b34fb}"
seg. ago. 3 19:32:53 2026 1785796373076 Debug: virtualdevices/virtualbike.cpp void virtualbike::writeCharacteristic(QLowEnergyService *, const QLowEnergyCharacteristic &, const QByteArray &) "virtualbike::writeCharacteristic Heart Rate Heart Rate Measurement 00 00"
seg. ago. 3 19:32:53 2026 1785796373078 Debug:   Write server characteristic with handle  19 "0000" (service: "{0000180d-0000-1000-8000-00805f9b34fb}"
seg. ago. 3 19:32:53 2026 1785796373112 Debug: virtualdevices/virtualbike.cpp void virtualbike::bikeProvider() "bikeProvider" 0 2000 true
seg. ago. 3 19:32:53 2026 1785796373113 Debug: virtualdevices/virtualbike.cpp void virtualbike::bikeProvider() "virtual bike connected"
seg. ago. 3 19:32:53 2026 1785796373115 Debug: virtualdevices/virtualbike.cpp void virtualbike::writeCharacteristic(QLowEnergyService *, const QLowEnergyCharacteristic &, const QByteArray &) "virtualbike::writeCharacteristic Unknown Service  64 02 8f 03 00 00 01 00 00 00 00 00"
seg. ago. 3 19:32:53 2026 1785796373116 Debug:   Write server characteristic with handle  9 "64028f030000010000000000" (service: "{00001826-0000-1000-8000-00805f9b34fb}"
seg. ago. 3 19:32:53 2026 1785796373119 Debug: virtualdevices/virtualbike.cpp void virtualbike::writeCharacteristic(QLowEnergyService *, const QLowEnergyCharacteristic &, const QByteArray &) "virtualbike::writeCharacteristic Heart Rate Heart Rate Measurement 00 00"
seg. ago. 3 19:32:53 2026 1785796373122 Debug:   Write server characteristic with handle  19 "0000" (service: "{0000180d-0000-1000-8000-00805f9b34fb}"
seg. ago. 3 19:32:53 2026 1785796373161 Debug: virtualdevices/virtualbike.cpp void virtualbike::bikeProvider() "bikeProvider" 0 2000 true
seg. ago. 3 19:32:53 2026 1785796373162 Debug: virtualdevices/virtualbike.cpp void virtualbike::bikeProvider() "virtual bike connected"
seg. ago. 3 19:32:53 2026 1785796373164 Debug: virtualdevices/virtualbike.cpp void virtualbike::writeCharacteristic(QLowEnergyService *, const QLowEnergyCharacteristic &, const QByteArray &) "virtualbike::writeCharacteristic Unknown Service  64 02 8f 03 00 00 01 00 00 00 00 00"
